country,year,party_shift,neighbors_conflict,infant_mortality,gdp_growth,gdp_per_capita_ppp,population,inflation,unemployment,democracy_score,anocracy_polity,regime_durability,total_conflict_magnitude,civil_conflict,ethnic_conflict,international_conflict,any_conflict,partial_democracy,regime_openness,tenure_years,infant_mortality_lag1,gdp_growth_lag1,gdp_per_capita_ppp_lag1,inflation_lag1,unemployment_lag1,total_conflict_magnitude_lag1,democracy_score_lag1,gdp_growth_2yr_avg,high_infant_mortality,high_inflation,partial_dem_x_high_mort,partial_dem_x_nbr_conflict,conflict_neighborhood_4plus,conflict_neighborhood_2plus
ARG,1970,0,0,59.3,3.04564331917115,18270.06444120635,23878327.0,5.531981770439344,6.6025,-9.0,0.0,4.0,0.0,0.0,0.0,0.0,0.0,0.5,0.0,0,18.4,3.53620866972961,18109.67372703895,5.66318573909345,6.662,0.0,8.0,3.04564331917115,1.0,0.0,0.5,0.0,0.0,0.0
ARG,1971,0,0,58.7,5.65813108184925,18270.06444120635,24257208.0,5.531981770439344,6.6025,-9.0,0.0,5.0,0.0,0.0,0.0,0.0,0.0,0.5,0.0,1,59.3,3.04564331917115,18109.67372703895,5.66318573909345,6.662,0.0,-9.0,4.3518872005102,1.0,0.0,0.5,0.0,0.0,0.0
ARG,1972,0,0,58.0,1.62841651825939,18270.06444120635,24644328.0,5.531981770439344,6.6025,-9.0,0.0,6.0,0.0,0.0,0.0,0.0,0.0,0.5,0.0,2,58.7,5.65813108184925,18109.67372703895,5.66318573909345,6.662,0.0,-9.0,3.64327380005432,1.0,0.0,0.5,0.0,0.0,0.0
ARG,1973,0,0,56.9,2.81175403849035,18270.06444120635,25046005.0,5.531981770439344,6.6025,6.0,0.0,0.0,0.0,0.0,0.0,0.0,0.0,0.5,0.0,3,58.0,1.62841651825939,18109.67372703895,5.66318573909345,6.662,0.0,-9.0,2.22008527837487,1.0,0.0,0.5,0.0,0.0,0.0
ARG,1974,0,0,55.3,5.5338043957736,18270.06444120635,25461351.0,5.531981770439344,6.6025,6.0,0.0,1.0,0.0,0.0,0.0,0.0,0.0,0.5,0.0,4,56.9,2.81175403849035,18109.67372703895,5.66318573909345,6.662,0.0,6.0,4.172779217131975,1.0,0.0,0.5,0.0,0.0,0.0
ARG,1975,0,0,53.1,-0.0284121037110907,18270.06444120635,25874107.0,5.531981770439344,6.6025,6.0,0.0,2.0,0.0,0.0,0.0,0.0,0.0,0.5,0.0,5,55.3,5.5338043957736,18109.67372703895,5.66318573909345,6.662,0.0,6.0,2.7526961460312545,1.0,0.0,0.5,0.0,0.0,0.0
ARG,1976,0,0,50.3,-2.01825151683394,18270.06444120635,26282283.0,5.531981770439344,6.6025,-9.0,0.0,0.0,3.0,3.0,0.0,0.0,1.0,0.5,0.0,6,53.1,-0.0284121037110907,18109.67372703895,5.66318573909345,6.662,0.0,6.0,-1.0233318102725153,1.0,0.0,0.5,0.0,0.0,0.0
ARG,1977,0,0,47.0,6.93414775653342,18270.06444120635,26701805.0,5.531981770439344,6.6025,-9.0,0.0,1.0,3.0,3.0,0.0,0.0,1.0,0.5,0.0,7,50.3,-2.01825151683394,18109.67372703895,5.66318573909345,6.662,3.0,-9.0,2.45794811984974,1.0,0.0,0.5,0.0,0.0,0.0
ARG,1978,0,0,43.2,-4.50612480201359,18270.06444120635,27132158.0,5.531981770439344,6.6025,-9.0,0.0,2.0,3.0,3.0,0.0,0.0,1.0,0.5,0.0,8,47.0,6.93414775653342,18109.67372703895,5.66318573909345,6.662,3.0,-9.0,1.2140114772599153,1.0,0.0,0.5,0.0,0.0,0.0
ARG,1979,0,0,39.6,10.2227634638681,18270.06444120635,27568895.0,5.531981770439344,6.6025,-9.0,0.0,3.0,3.0,3.0,0.0,0.0,1.0,0.5,0.0,9,43.2,-4.50612480201359,18109.67372703895,5.66318573909345,6.662,3.0,-9.0,2.858319330927255,1.0,0.0,0.5,0.0,0.0,0.0
ARG,1980,0,0,36.3,1.51878394990179,18270.06444120635,28011596.0,5.531981770439344,6.6025,-9.0,0.0,4.0,3.0,3.0,0.0,0.0,1.0,0.5,0.0,10,39.6,10.2227634638681,18109.67372703895,5.66318573909345,6.662,3.0,-9.0,5.870773706884945,1.0,0.0,0.5,0.0,0.0,0.0
ARG,1981,0,0,33.5,-5.18978914135593,18270.06444120635,28463959.0,5.531981770439344,6.6025,-8.0,0.0,5.0,0.0,0.0,0.0,0.0,0.0,0.5,0.0,11,36.3,1.51878394990179,18109.67372703895,5.66318573909345,6.662,3.0,-9.0,-1.8355025957270699,1.0,0.0,0.5,0.0,0.0,0.0
ARG,1982,0,0,31.1,-0.735659159103619,18270.06444120635,28924262.0,5.531981770439344,6.6025,-8.0,0.0,6.0,1.0,0.0,0.0,1.0,1.0,0.5,0.0,12,33.5,-5.18978914135593,18109.67372703895,5.66318573909345,6.662,0.0,-8.0,-2.9627241502297745,1.0,0.0,0.5,0.0,0.0,0.0
ARG,1983,1,0,29.1,4.34909327926756,18270.06444120635,29391332.0,5.531981770439344,6.6025,8.0,0.0,0.0,0.0,0.0,0.0,0.0,0.0,0.5,0.0,13,31.1,-0.735659159103619,18109.67372703895,5.66318573909345,6.662,1.0,-8.0,1.8067170600819704,1.0,0.0,0.5,0.0,0.0,0.0
ARG,1984,0,0,27.4,1.57073870182023,18270.06444120635,29863093.0,5.531981770439344,6.6025,8.0,0.0,1.0,0.0,0.0,0.0,0.0,0.0,0.5,0.0,0,29.1,4.34909327926756,18109.67372703895,5.66318573909345,6.662,0.0,8.0,2.959915990543895,1.0,0.0,0.5,0.0,0.0,0.0
ARG,1985,0,0,26.2,-5.18902435343904,18270.06444120635,30336441.0,5.531981770439344,6.6025,8.0,0.0,2.0,0.0,0.0,0.0,0.0,0.0,0.5,0.0,1,27.4,1.57073870182023,18109.67372703895,5.66318573909345,6.662,0.0,8.0,-1.8091428258094049,1.0,0.0,0.5,0.0,0.0,0.0
ARG,1986,0,0,25.4,6.15337706275693,18270.06444120635,30811980.0,5.531981770439344,6.6025,8.0,0.0,3.0,0.0,0.0,0.0,0.0,0.0,0.5,0.0,2,26.2,-5.18902435343904,18109.67372703895,5.66318573909345,6.662,0.0,8.0,0.48217635465894526,1.0,0.0,0.5,0.0,0.0,0.0
ARG,1987,0,0,25.0,2.70486882770558,18270.06444120635,31291762.0,5.531981770439344,6.6025,8.0,0.0,4.0,0.0,0.0,0.0,0.0,0.0,0.5,0.0,3,25.4,6.15337706275693,18109.67372703895,5.66318573909345,6.662,0.0,8.0,4.429122945231255,1.0,0.0,0.5,0.0,0.0,0.0
ARG,1988,0,0,24.9,-1.08993334133791,18270.06444120635,31780532.0,5.531981770439344,6.6025,8.0,0.0,5.0,0.0,0.0,0.0,0.0,0.0,0.5,0.0,4,25.0,2.70486882770558,18109.67372703895,5.66318573909345,6.662,0.0,8.0,0.807467743183835,1.0,0.0,0.5,0.0,0.0,0.0
ARG,1989,1,0,24.9,-7.15694965597953,18270.06444120635,32270948.0,5.531981770439344,6.6025,7.0,0.0,6.0,0.0,0.0,0.0,0.0,0.0,0.5,0.0,5,24.9,-1.08993334133791,18109.67372703895,5.66318573909345,6.662,0.0,8.0,-4.12344149865872,1.0,0.0,0.5,0.0,0.0,0.0
ARG,1990,0,0,24.8,-2.46721377810472,17007.2844317191,32755901.0,5.531981770439344,6.6025,7.0,0.0,7.0,0.0,0.0,0.0,0.0,0.0,0.5,0.0,0,24.9,-7.15694965597953,18109.67372703895,5.66318573909345,6.662,0.0,7.0,-4.812081717042125,1.0,0.0,0.5,0.0,0.0,0.0
ARG,1991,0,0,24.5,9.13311056738961,18295.6091996812,33230294.0,5.531981770439344,5.44,7.0,0.0,8.0,0.0,0.0,0.0,0.0,0.0,0.5,0.0,1,24.8,-2.46721377810472,17007.2844317191,5.66318573909345,6.662,0.0,7.0,3.3329483946424445,1.0,0.0,0.5,0.0,0.0,0.0
ARG,1992,0,0,23.8,7.93729155643076,19476.2840606477,33693527.0,5.531981770439344,6.36,7.0,0.0,9.0,0.0,0.0,0.0,0.0,0.0,0.5,0.0,2,24.5,9.13311056738961,18295.6091996812,5.66318573909345,5.44,0.0,7.0,8.535201061910184,1.0,0.0,0.5,0.0,0.0,0.0
ARG,1993,0,0,23.0,8.20697907221228,20791.3451479504,34152717.0,5.531981770439344,10.1,7.0,0.0,10.0,0.0,0.0,0.0,0.0,0.0,0.5,0.0,3,23.8,7.93729155643076,19476.2840606477,5.66318573909345,6.36,0.0,7.0,8.072135314321521,1.0,0.0,0.5,0.0,0.0,0.0
ARG,1994,0,0,22.0,5.83620070368526,21711.842788091,34613491.0,5.531981770439344,11.76,7.0,0.0,11.0,0.0,0.0,0.0,0.0,0.0,0.5,0.0,4,23.0,8.20697907221228,20791.3451479504,5.66318573909345,10.1,0.0,7.0,7.021589887948769,1.0,0.0,0.5,0.0,0.0,0.0
ARG,1995,0,0,20.9,-2.84520961057079,20819.4999479903,35070020.0,5.531981770439344,18.8,7.0,0.0,12.0,0.0,0.0,0.0,0.0,0.0,0.5,0.0,5,22.0,5.83620070368526,21711.842788091,5.66318573909345,11.76,0.0,7.0,1.495495546557236,1.0,0.0,0.5,0.0,0.0,0.0
ARG,1996,0,0,19.9,5.52668982715234,21695.5949515372,35513793.0,5.531981770439344,17.11,7.0,0.0,13.0,0.0,0.0,0.0,0.0,0.0,0.5,0.0,6,20.9,-2.84520961057079,20819.4999479903,5.66318573909345,18.8,0.0,7.0,1.3407401082907757,1.0,0.0,0.5,0.0,0.0,0.0
ARG,1997,0,0,18.9,8.1110467707457,23172.1583398342,35947791.0,5.531981770439344,14.82,7.0,0.0,14.0,0.0,0.0,0.0,0.0,0.0,0.5,0.0,7,19.9,5.52668982715234,21695.5949515372,5.66318573909345,17.11,0.0,7.0,6.81886829894902,1.0,0.0,0.5,0.0,0.0,0.0
ARG,1998,0,0,18.0,3.85017885156228,23783.1017185449,36372860.0,5.531981770439344,12.65,7.0,0.0,15.0,0.0,0.0,0.0,0.0,0.0,0.5,0.0,8,18.9,8.1110467707457,23172.1583398342,5.66318573909345,14.82,0.0,7.0,5.980612811153992,0.0,0.0,0.0,0.0,0.0,0.0
ARG,1999,1,0,17.3,-3.38545704063269,22714.5111302701,36794682.0,5.531981770439344,14.05,8.0,0.0,16.0,0.0,0.0,0.0,0.0,0.0,0.5,0.0,9,18.0,3.85017885156228,23783.1017185449,5.66318573909345,12.65,0.0,7.0,0.23236090546479593,0.0,0.0,0.0,0.0,0.0,0.0
ARG,2000,0,0,16.7,-0.78899893905691,22281.3814299958,37213984.0,5.531981770439344,15.0,8.0,0.0,17.0,0.0,0.0,0.0,0.0,0.0,0.5,0.0,0,17.3,-3.38545704063269,22714.5111302701,5.66318573909345,14.05,0.0,8.0,-2.087227989844799,0.0,0.0,0.0,0.0,0.0,0.0
ARG,2001,0,0,16.2,-4.40883968258557,21066.4581290433,37624825.0,5.531981770439344,17.32,8.0,0.0,18.0,0.0,0.0,0.0,0.0,0.0,0.5,0.0,1,16.7,-0.78899893905691,22281.3814299958,5.66318573909345,15.0,0.0,8.0,-2.598919310821239,0.0,0.0,0.0,0.0,0.0,0.0
ARG,2002,0,0,15.8,-10.8944848285903,18571.7020471274,38029349.0,5.531981770439344,19.59,8.0,0.0,19.0,0.0,0.0,0.0,0.0,0.0,0.5,0.0,2,16.2,-4.40883968258557,21066.4581290433,5.66318573909345,17.32,0.0,8.0,-7.651662255587935,0.0,0.0,0.0,0.0,0.0,0.0
ARG,2003,1,0,15.3,8.83704079576924,20005.1385113465,38424282.0,5.531981770439344,15.36,8.0,0.0,20.0,0.0,0.0,0.0,0.0,0.0,0.5,0.0,3,15.8,-10.8944848285903,18571.7020471274,5.66318573909345,19.59,0.0,8.0,-1.02872201641053,0.0,0.0,0.0,0.0,0.0,0.0
ARG,2004,0,0,14.9,9.02957330068152,21591.449396517,38815916.0,5.531981770439344,13.522,8.0,0.0,21.0,0.0,0.0,0.0,0.0,0.0,0.5,0.0,0,15.3,8.83704079576924,20005.1385113465,5.66318573909345,15.36,0.0,8.0,8.93330704822538,0.0,0.0,0.0,0.0,0.0,0.0
ARG,2005,0,0,14.4,8.85165992013437,23262.4075792816,39216789.0,5.531981770439344,11.506,8.0,0.0,22.0,0.0,0.0,0.0,0.0,0.0,0.5,0.0,1,14.9,9.02957330068152,21591.449396517,5.66318573909345,13.522,0.0,8.0,8.940616610407945,0.0,0.0,0.0,0.0,0.0,0.0
ARG,2006,0,0,14.0,8.04715150043027,24877.2493922296,39622115.0,5.531981770439344,10.078,8.0,0.0,23.0,0.0,0.0,0.0,0.0,0.0,0.5,0.0,2,14.4,8.85165992013437,23262.4075792816,5.66318573909345,11.506,0.0,8.0,8.44940571028232,0.0,0.0,0.0,0.0,0.0,0.0
ARG,2007,0,0,13.6,9.00765087504757,26850.6645932771,40016763.0,5.531981770439344,8.47,8.0,0.0,24.0,0.0,0.0,0.0,0.0,0.0,0.5,0.0,3,14.0,8.04715150043027,24877.2493922296,5.66318573909345,10.078,0.0,8.0,8.52740118773892,0.0,0.0,0.0,0.0,0.0,0.0
ARG,2008,0,0,13.2,4.05723310346406,27658.4853446831,40424148.0,5.531981770439344,7.837,8.0,0.0,25.0,0.0,0.0,0.0,0.0,0.0,0.5,0.0,4,13.6,9.00765087504757,26850.6645932771,5.66318573909345,8.47,0.0,8.0,6.532441989255815,0.0,0.0,0.0,0.0,0.0,0.0
ARG,2009,0,0,12.8,-5.91852507634947,25747.1976809995,40854831.0,5.531981770439344,8.645,8.0,0.0,26.0,0.0,0.0,0.0,0.0,0.0,0.5,0.0,5,13.2,4.05723310346406,27658.4853446831,5.66318573909345,7.837,0.0,8.0,-0.930645986442705,0.0,0.0,0.0,0.0,0.0,0.0
ARG,2010,0,0,12.4,10.1253981561002,28056.2570212342,41288694.0,5.531981770439344,7.714,8.0,0.0,27.0,0.0,0.0,0.0,0.0,0.0,0.5,0.0,6,12.8,-5.91852507634947,25747.1976809995,5.66318573909345,8.645,0.0,8.0,2.103436539875365,0.0,0.0,0.0,0.0,0.0,0.0
ARG,2011,0,0,11.9,6.00395169280579,29425.7593876084,41730660.0,5.531981770439344,7.18,8.0,0.0,28.0,0.0,0.0,0.0,0.0,0.0,0.5,0.0,7,12.4,10.1253981561002,28056.2570212342,5.66318573909345,7.714,0.0,8.0,8.064674924452994,0.0,0.0,0.0,0.0,0.0,0.0
ARG,2012,0,0,11.4,-1.0264204544321,28825.9666865361,42161721.0,5.531981770439344,7.217,8.0,0.0,29.0,0.0,0.0,0.0,0.0,0.0,0.5,0.0,8,11.9,6.00395169280579,29425.7593876084,5.66318573909345,7.18,0.0,8.0,2.4887656191868452,0.0,0.0,0.0,0.0,0.0,0.0
ARG,2013,0,0,10.9,2.40532378079436,29227.6601818437,42582455.0,5.531981770439344,7.1,8.0,0.0,30.0,0.0,0.0,0.0,0.0,0.0,0.5,0.0,9,11.4,-1.0264204544321,28825.9666865361,5.66318573909345,7.217,0.0,8.0,0.68945166318113,0.0,0.0,0.0,0.0,0.0,0.0
ARG,2014,0,0,10.4,-2.51261532081394,28200.8152571318,43024071.0,5.531981770439344,7.268,8.0,0.0,31.0,0.0,0.0,0.0,0.0,0.0,0.5,0.0,10,10.9,2.40532378079436,29227.6601818437,5.66318573909345,7.1,0.0,8.0,-0.053645770009790095,0.0,0.0,0.0,0.0,0.0,0.0
ARG,2015,1,0,10.0,2.73115982828944,28669.2061336796,43477012.0,5.531981770439344,7.577,9.0,0.0,32.0,0.0,0.0,0.0,0.0,0.0,0.5,0.0,11,10.4,-2.51261532081394,28200.8152571318,5.66318573909345,7.268,0.0,8.0,0.10927225373774996,0.0,0.0,0.0,0.0,0.0,0.0
ARG,2016,0,0,9.7,-2.08032784377811,27802.1057201498,43900313.0,5.531981770439344,8.088,9.0,0.0,33.0,0.0,0.0,0.0,0.0,0.0,0.5,0.0,0,10.0,2.73115982828944,28669.2061336796,5.66318573909345,7.577,0.0,9.0,0.325415992255665,0.0,0.0,0.0,0.0,0.0,0.0
ARG,2017,0,0,9.4,2.81850297775918,28334.904184742,44288894.0,5.531981770439344,8.347,9.0,0.0,34.0,0.0,0.0,0.0,0.0,0.0,0.5,0.0,1,9.7,-2.08032784377811,27802.1057201498,5.66318573909345,8.088,0.0,9.0,0.3690875669905349,0.0,0.0,0.0,0.0,0.0,0.0
ARG,2018,0,0,9.1,-2.61739646282038,27367.115094108,44654882.0,34.2772237131003,9.22,9.0,0.0,35.0,0.0,0.0,0.0,0.0,0.0,0.5,0.0,2,9.4,2.81850297775918,28334.904184742,5.66318573909345,8.347,0.0,9.0,0.10055325746939991,0.0,1.0,0.0,0.0,0.0,0.0
ARG,2019,1,0,8.9,-2.00086100285785,26629.5529419501,44973465.0,53.5483043492339,9.843,9.0,0.0,35.0,0.0,0.0,0.0,0.0,0.0,0.5,0.0,3,9.1,-2.61739646282038,27367.115094108,34.2772237131003,9.22,0.0,9.0,-2.309128732839115,0.0,1.0,0.0,0.0,0.0,0.0
ARG,2020,0,0,8.7,-9.9004848136464,23877.0931404855,45191965.0,42.0150947376509,11.461,9.0,0.0,35.0,0.0,0.0,0.0,0.0,0.0,0.5,0.0,0,8.9,-2.00086100285785,26629.5529419501,53.5483043492339,9.843,0.0,9.0,-5.950672908252125,0.0,1.0,0.0,0.0,0.0,0.0
ARG,2021,0,0,8.5,10.4418119882506,26300.274261175,45312281.0,48.4093786255199,8.736,9.0,0.0,35.0,0.0,0.0,0.0,0.0,0.0,0.5,0.0,1,8.7,-9.9004848136464,23877.0931404855,42.0150947376509,11.461,0.0,9.0,0.27066358730210016,0.0,1.0,0.0,0.0,0.0,0.0
ARG,2022,0,0,8.4,6.02074537534855,27825.0273492567,45407904.0,72.430757531824,6.805,9.0,0.0,35.0,0.0,0.0,0.0,0.0,0.0,0.5,0.0,2,8.5,10.4418119882506,26300.274261175,48.4093786255199,8.736,0.0,9.0,8.231278681799576,0.0,1.0,0.0,0.0,0.0,0.0
ARG,2023,1,0,8.2,-1.85578803046339,27230.3968496682,45538401.0,133.488935594175,6.139,9.0,0.0,35.0,0.0,0.0,0.0,0.0,0.0,0.5,0.0,3,8.4,6.02074537534855,27825.0273492567,72.430757531824,6.805,0.0,9.0,2.08247867244258,0.0,1.0,0.0,0.0,0.0,0.0
ARG,2024,0,0,8.0,-1.34293072157739,26771.9657650571,45696159.0,219.883929014578,7.15,9.0,0.0,35.0,0.0,0.0,0.0,0.0,0.0,0.5,0.0,0,8.2,-1.85578803046339,27230.3968496682,133.488935594175,6.139,0.0,9.0,-1.5993593760203901,0.0,1.0,0.0,0.0,0.0,0.0
AUS,1970,0,0,17.9,7.17469983682571,18270.06444120635,12507000.0,3.43915186655203,6.6025,10.0,0.0,69.0,0.0,0.0,0.0,0.0,0.0,0.5,0.0,0,18.4,3.53620866972961,18109.67372703895,5.66318573909345,6.662,0.0,8.0,7.17469983682571,0.0,0.0,0.0,0.0,0.0,0.0
AUS,1971,0,0,17.5,4.0009865700372,18270.06444120635,12937000.0,6.13810838730341,6.6025,10.0,0.0,70.0,0.0,0.0,0.0,0.0,0.0,0.5,0.0,1,17.9,7.17469983682571,18109.67372703895,3.43915186655203,6.662,0.0,10.0,5.587843203431455,0.0,0.0,0.0,0.0,0.0,0.0
AUS,1972,1,0,16.9,3.90697856876663,18270.06444120635,13177000.0,6.02410407984535,6.6025,10.0,0.0,71.0,0.0,0.0,0.0,0.0,0.0,0.5,0.0,2,17.5,4.0009865700372,18109.67372703895,6.13810838730341,6.662,0.0,10.0,3.953982569401915,0.0,0.0,0.0,0.0,0.0,0.0
AUS,1973,0,0,16.2,2.6185458738897,18270.06444120635,13380000.0,9.09090432931634,6.6025,10.0,0.0,72.0,0.0,0.0,0.0,0.0,0.0,0.5,0.0,0,16.9,3.90697856876663,18109.67372703895,6.02410407984535,6.662,0.0,10.0,3.262762221328165,0.0,0.0,0.0,0.0,0.0,0.0
AUS,1974,0,0,15.3,4.10661101328289,18270.06444120635,13723000.0,15.4166772694776,6.6025,10.0,0.0,73.0,0.0,0.0,0.0,0.0,0.0,0.5,0.0,1,16.2,2.6185458738897,18109.67372703895,9.09090432931634,6.662,0.0,10.0,3.3625784435862953,0.0,1.0,0.0,0.0,0.0,0.0
AUS,1975,1,0,14.4,1.33870055771159,18270.06444120635,13893000.0,15.1624202011615,6.6025,10.0,0.0,74.0,0.0,0.0,0.0,0.0,0.0,0.5,0.0,2,15.3,4.10661101328289,18109.67372703895,15.4166772694776,6.662,0.0,10.0,2.72265578549724,0.0,1.0,0.0,0.0,0.0,0.0
AUS,1976,0,0,13.5,2.58782205117312,18270.06444120635,14033000.0,13.3229029796495,6.6025,10.0,0.0,75.0,0.0,0.0,0.0,0.0,0.0,0.5,0.0,0,14.4,1.33870055771159,18109.67372703895,15.1624202011615,6.662,0.0,10.0,1.963261304442355,0.0,1.0,0.0,0.0,0.0,0.0
AUS,1977,0,0,12.7,3.59237581967973,18270.06444120635,14192000.0,12.3098267517375,6.6025,10.0,0.0,76.0,0.0,0.0,0.0,0.0,0.0,0.5,0.0,1,13.5,2.58782205117312,18109.67372703895,13.3229029796495,6.662,0.0,10.0,3.090098935426425,0.0,1.0,0.0,0.0,0.0,0.0
AUS,1978,0,0,11.9,0.895363440295682,18270.06444120635,14358000.0,8.00490439376775,6.6025,10.0,0.0,77.0,0.0,0.0,0.0,0.0,0.0,0.5,0.0,2,12.7,3.59237581967973,18109.67372703895,12.3098267517375,6.662,0.0,10.0,2.243869629987706,0.0,0.0,0.0,0.0,0.0,0.0
AUS,1979,0,0,11.3,4.05155094854514,18270.06444120635,14514000.0,9.12202056872265,6.6025,10.0,0.0,78.0,0.0,0.0,0.0,0.0,0.0,0.5,0.0,3,11.9,0.895363440295682,18109.67372703895,8.00490439376775,6.662,0.0,10.0,2.473457194420411,0.0,0.0,0.0,0.0,0.0,0.0
AUS,1980,0,0,10.8,3.03453508064058,18270.06444120635,14692000.0,10.1358489396034,6.6025,10.0,0.0,79.0,0.0,0.0,0.0,0.0,0.0,0.5,0.0,4,11.3,4.05155094854514,18109.67372703895,9.12202056872265,6.662,0.0,10.0,3.54304301459286,0.0,1.0,0.0,0.0,0.0,0.0
AUS,1981,0,0,10.4,3.34242019351289,18270.06444120635,14923260.0,9.48766136649872,6.6025,10.0,0.0,80.0,0.0,0.0,0.0,0.0,0.0,0.5,0.0,5,10.8,3.03453508064058,18109.67372703895,10.1358489396034,6.662,0.0,10.0,3.188477637076735,0.0,0.0,0.0,0.0,0.0,0.0
AUS,1982,0,0,10.1,3.32864998005238,18270.06444120635,15184247.0,11.3518321308515,6.6025,10.0,0.0,81.0,0.0,0.0,0.0,0.0,0.0,0.5,0.0,6,10.4,3.34242019351289,18109.67372703895,9.48766136649872,6.662,0.0,10.0,3.335535086782635,0.0,1.0,0.0,0.0,0.0,0.0
AUS,1983,1,0,9.8,-2.22582353017135,18270.06444120635,15393472.0,10.0389003957519,6.6025,10.0,0.0,82.0,0.0,0.0,0.0,0.0,0.0,0.5,0.0,7,10.1,3.32864998005238,18109.67372703895,11.3518321308515,6.662,0.0,10.0,0.551413224940515,0.0,1.0,0.0,0.0,0.0,0.0
AUS,1984,0,0,9.6,4.5644786594345,18270.06444120635,15579391.0,3.96040844503847,6.6025,10.0,0.0,83.0,0.0,0.0,0.0,0.0,0.0,0.5,0.0,0,9.8,-2.22582353017135,18109.67372703895,10.0389003957519,6.662,0.0,10.0,1.169327564631575,0.0,0.0,0.0,0.0,0.0,0.0
AUS,1985,0,0,9.3,5.28169814609451,18270.06444120635,15788312.0,6.73468599874501,6.6025,10.0,0.0,84.0,0.0,0.0,0.0,0.0,0.0,0.5,0.0,1,9.6,4.5644786594345,18109.67372703895,3.96040844503847,6.662,0.0,10.0,4.923088402764505,0.0,0.0,0.0,0.0,0.0,0.0
AUS,1986,0,0,9.1,3.96976309787884,18270.06444120635,16018350.0,9.05035323321654,6.6025,10.0,0.0,85.0,0.0,0.0,0.0,0.0,0.0,0.5,0.0,2,9.3,5.28169814609451,18109.67372703895,6.73468599874501,6.662,0.0,10.0,4.625730621986675,0.0,0.0,0.0,0.0,0.0,0.0
AUS,1987,0,0,8.7,2.5567680273608,18270.06444120635,16263874.0,8.53300355802082,6.6025,10.0,0.0,86.0,0.0,0.0,0.0,0.0,0.0,0.5,0.0,3,9.1,3.96976309787884,18109.67372703895,9.05035323321654,6.662,0.0,10.0,3.26326556261982,0.0,0.0,0.0,0.0,0.0,0.0
AUS,1988,0,0,8.4,5.76137011855324,18270.06444120635,16532164.0,7.2159571679871,6.6025,10.0,0.0,87.0,0.0,0.0,0.0,0.0,0.0,0.5,0.0,4,8.7,2.5567680273608,18109.67372703895,8.53300355802082,6.662,0.0,10.0,4.1590690729570206,0.0,0.0,0.0,0.0,0.0,0.0
AUS,1989,0,0,8.0,3.87901779350344,18270.06444120635,16814416.0,7.53389852824955,6.6025,10.0,0.0,88.0,0.0,0.0,0.0,0.0,0.0,0.5,0.0,5,8.4,5.76137011855324,18109.67372703895,7.2159571679871,6.662,0.0,10.0,4.820193956028341,0.0,0.0,0.0,0.0,0.0,0.0
AUS,1990,0,0,7.6,3.57297569098456,36267.7410592234,17065128.0,7.33302368375269,6.6025,10.0,0.0,89.0,0.0,0.0,0.0,0.0,0.0,0.5,0.0,6,8.0,3.87901779350344,18109.67372703895,7.53389852824955,6.662,0.0,10.0,3.7259967422439995,0.0,0.0,0.0,0.0,0.0,0.0
AUS,1991,0,0,7.1,-0.384631357046658,35670.6678637309,17284036.0,3.17666872277308,9.586,10.0,0.0,90.0,0.0,0.0,0.0,0.0,0.0,0.5,0.0,7,7.6,3.57297569098456,36267.7410592234,7.33302368375269,6.662,0.0,10.0,1.5941721669689504,0.0,0.0,0.0,0.0,0.0,0.0
AUS,1992,0,0,6.7,0.433065864126704,35426.2848289008,17478635.0,1.01222824105977,10.733,10.0,0.0,91.0,0.0,0.0,0.0,0.0,0.0,0.5,0.0,8,7.1,-0.384631357046658,35670.6678637309,3.17666872277308,9.586,0.0,10.0,0.02421725354002255,0.0,0.0,0.0,0.0,0.0,0.0
AUS,1993,0,0,6.3,4.04583374101011,36533.1468283451,17634808.0,1.75365751770527,10.879,10.0,0.0,92.0,0.0,0.0,0.0,0.0,0.0,0.5,0.0,9,6.7,0.433065864126704,35426.2848289008,1.01222824105977,10.733,0.0,10.0,2.239449802568407,0.0,0.0,0.0,0.0,0.0,0.0
AUS,1994,0,0,6.0,3.97884434177331,37622.6524772939,17805468.0,1.96963507094102,9.724,10.0,0.0,93.0,0.0,0.0,0.0,0.0,0.0,0.5,0.0,10,6.3,4.04583374101011,36533.1468283451,1.75365751770527,10.879,0.0,10.0,4.01233904139171,0.0,0.0,0.0,0.0,0.0,0.0
AUS,1995,0,0,5.7,3.89017188961647,38653.3366778657,18004882.0,4.62776445368168,8.473,10.0,0.0,94.0,0.0,0.0,0.0,0.0,0.0,0.5,0.0,11,6.0,3.97884434177331,37622.6524772939,1.96963507094102,9.724,0.0,10.0,3.9345081156948902,0.0,0.0,0.0,0.0,0.0,0.0
AUS,1996,1,0,5.6,3.86567479160071,39663.1617728168,18224767.0,2.61537902431631,8.509,10.0,0.0,95.0,0.0,0.0,0.0,0.0,0.0,0.5,0.0,12,5.7,3.89017188961647,38653.3366778657,4.62776445368168,8.473,0.0,10.0,3.8779233406085902,0.0,0.0,0.0,0.0,0.0,0.0
AUS,1997,0,0,5.4,3.91795814771731,40773.5660516518,18423037.0,0.224895027032537,8.367,10.0,0.0,96.0,0.0,0.0,0.0,0.0,0.0,0.5,0.0,0,5.6,3.86567479160071,39663.1617728168,2.61537902431631,8.509,0.0,10.0,3.89181646965901,0.0,0.0,0.0,0.0,0.0,0.0
AUS,1998,0,0,5.3,4.67681373479508,42257.1718122395,18607584.0,0.860129922016289,7.684,10.0,0.0,97.0,0.0,0.0,0.0,0.0,0.0,0.5,0.0,1,5.4,3.91795814771731,40773.5660516518,0.224895027032537,8.367,0.0,10.0,4.297385941256195,0.0,0.0,0.0,0.0,0.0,0.0
AUS,1999,0,0,5.2,5.02822035850596,43899.073794405,18812264.0,1.48313946657267,6.876,10.0,0.0,98.0,0.0,0.0,0.0,0.0,0.0,0.5,0.0,2,5.3,4.67681373479508,42257.1718122395,0.860129922016289,7.684,0.0,10.0,4.8525170466505205,0.0,0.0,0.0,0.0,0.0,0.0
AUS,2000,0,0,5.1,3.9160574881715,45099.0752097084,19028802.0,4.45743705920869,6.288,10.0,0.0,99.0,0.0,0.0,0.0,0.0,0.0,0.5,0.0,3,5.2,5.02822035850596,43899.073794405,1.48313946657267,6.876,0.0,10.0,4.47213892333873,0.0,0.0,0.0,0.0,0.0,0.0
AUS,2001,0,0,5.0,2.03145880248898,45428.2000837579,19274701.0,4.40712998561533,6.747,10.0,0.0,100.0,0.0,0.0,0.0,0.0,0.0,0.5,0.0,4,5.1,3.9160574881715,45099.0752097084,4.45743705920869,6.288,0.0,10.0,2.97375814533024,0.0,0.0,0.0,0.0,0.0,0.0
AUS,2002,0,0,4.9,3.94980535772942,46688.3947760633,19495210.0,2.98157117047457,6.375,10.0,0.0,101.0,0.0,0.0,0.0,0.0,0.0,0.5,0.0,5,5.0,2.03145880248898,45428.2000837579,4.40712998561533,6.747,0.0,10.0,2.9906320801092,0.0,0.0,0.0,0.0,0.0,0.0
AUS,2003,0,0,4.9,3.0912800997751,47581.2285345879,19720737.0,2.73259754838937,5.933,10.0,0.0,102.0,0.0,0.0,0.0,0.0,0.0,0.5,0.0,6,4.9,3.94980535772942,46688.3947760633,2.98157117047457,6.375,0.0,10.0,3.52054272875226,0.0,0.0,0.0,0.0,0.0,0.0
AUS,2004,0,0,4.8,4.21894147547516,49061.2761503925,19932722.0,2.34325687131265,5.399,10.0,0.0,103.0,0.0,0.0,0.0,0.0,0.0,0.5,0.0,7,4.9,3.0912800997751,47581.2285345879,2.73259754838937,5.933,0.0,10.0,3.6551107876251296,0.0,0.0,0.0,0.0,0.0,0.0
AUS,2005,0,0,4.8,3.15548121323168,49997.0664953941,20176844.0,2.69182949622197,5.036,10.0,0.0,104.0,0.0,0.0,0.0,0.0,0.0,0.5,0.0,8,4.8,4.21894147547516,49061.2761503925,2.34325687131265,5.399,0.0,10.0,3.687211344353419,0.0,0.0,0.0,0.0,0.0,0.0
AUS,2006,0,0,4.7,2.7709261737475,50693.7248649798,20450966.0,3.55528696972984,4.785,10.0,0.0,105.0,0.0,0.0,0.0,0.0,0.0,0.5,0.0,9,4.8,3.15548121323168,49997.0664953941,2.69182949622197,5.036,0.0,10.0,2.9632036934895902,0.0,0.0,0.0,0.0,0.0,0.0
AUS,2007,1,0,4.5,3.78947119882653,51663.2403953881,20827622.0,2.32761442623159,4.381,10.0,0.0,106.0,0.0,0.0,0.0,0.0,0.0,0.5,0.0,10,4.7,2.7709261737475,50693.7248649798,3.55528696972984,4.785,0.0,10.0,3.280198686287015,0.0,0.0,0.0,0.0,0.0,0.0
AUS,2008,0,0,4.4,3.62398503565633,52473.3819160773,21249199.0,4.35029726664093,4.242,10.0,0.0,107.0,0.0,0.0,0.0,0.0,0.0,0.5,0.0,0,4.5,3.78947119882653,51663.2403953881,2.32761442623159,4.381,0.0,10.0,3.70672811724143,0.0,0.0,0.0,0.0,0.0,0.0
AUS,2009,0,0,4.2,1.95484826298522,52407.9115378584,21691653.0,1.77112025681656,5.565,10.0,0.0,108.0,0.0,0.0,0.0,0.0,0.0,0.5,0.0,1,4.4,3.62398503565633,52473.3819160773,4.35029726664093,4.242,0.0,10.0,2.789416649320775,0.0,0.0,0.0,0.0,0.0,0.0
AUS,2010,0,0,4.0,2.21004795300735,52739.2681556133,22031750.0,2.9183370211222,5.214,10.0,0.0,109.0,0.0,0.0,0.0,0.0,0.0,0.5,0.0,2,4.2,1.95484826298522,52407.9115378584,1.77112025681656,5.565,0.0,10.0,2.082448107996285,0.0,0.0,0.0,0.0,0.0,0.0
AUS,2011,0,0,3.8,2.39473494330615,53257.0473237603,22340024.0,3.30384784681081,5.083,10.0,0.0,110.0,0.0,0.0,0.0,0.0,0.0,0.5,0.0,3,4.0,2.21004795300735,52739.2681556133,2.9183370211222,5.214,0.0,10.0,2.30239144815675,0.0,0.0,0.0,0.0,0.0,0.0
AUS,2012,0,0,3.6,3.95247138119184,54403.8836902433,22733465.0,1.76278299052228,5.225,10.0,0.0,111.0,0.0,0.0,0.0,0.0,0.0,0.5,0.0,4,3.8,2.39473494330615,53257.0473237603,3.30384784681081,5.083,0.0,10.0,3.173603162248995,0.0,0.0,0.0,0.0,0.0,0.0
AUS,2013,1,0,3.5,2.65445302592404,54895.0052588984,23128129.0,2.44988248109259,5.663,10.0,0.0,112.0,0.0,0.0,0.0,0.0,0.0,0.5,0.0,5,3.6,3.95247138119184,54403.8836902433,1.76278299052228,5.225,0.0,10.0,3.30346220355794,0.0,0.0,0.0,0.0,0.0,0.0
AUS,2014,0,0,3.4,2.60118978187332,55489.068844146,23475686.0,2.48792932080492,6.078,10.0,0.0,113.0,0.0,0.0,0.0,0.0,0.0,0.5,0.0,0,3.5,2.65445302592404,54895.0052588984,2.44988248109259,5.663,0.0,10.0,2.62782140389868,0.0,0.0,0.0,0.0,0.0,0.0
AUS,2015,0,0,3.3,2.16434780647852,55879.9958817103,23815995.0,1.50836803138463,6.055,10.0,0.0,114.0,0.0,0.0,0.0,0.0,0.0,0.5,0.0,1,3.4,2.60118978187332,55489.068844146,2.48792932080492,6.078,0.0,10.0,2.38276879417592,0.0,0.0,0.0,0.0,0.0,0.0
AUS,2016,0,0,3.2,2.75564065529868,56529.951824687,24190907.0,1.27699365720306,5.711,10.0,0.0,115.0,0.0,0.0,0.0,0.0,0.0,0.5,0.0,2,3.3,2.16434780647852,55879.9958817103,1.50836803138463,6.055,0.0,10.0,2.4599942308886,0.0,0.0,0.0,0.0,0.0,0.0
AUS,2017,0,0,3.2,2.29331030192918,56881.8569859104,24592588.0,1.94864309065653,5.592,10.0,0.0,116.0,0.0,0.0,0.0,0.0,0.0,0.5,0.0,3,3.2,2.75564065529868,56529.951824687,1.27699365720306,5.711,0.0,10.0,2.5244754786139296,0.0,0.0,0.0,0.0,0.0,0.0
AUS,2018,0,0,3.2,2.87417039499501,57647.8455068105,24963258.0,1.91140002818579,5.345,10.0,0.0,117.0,0.0,0.0,0.0,0.0,0.0,0.5,0.0,4,3.2,2.29331030192918,56881.8569859104,1.94864309065653,5.592,0.0,10.0,2.583740348462095,0.0,0.0,0.0,0.0,0.0,0.0
AUS,2019,0,0,3.2,2.19401703622717,58048.6188420831,25334826.0,1.610770929127,5.143,10.0,0.0,117.0,0.0,0.0,0.0,0.0,0.0,0.5,0.0,5,3.2,2.87417039499501,57647.8455068105,1.91140002818579,5.345,0.0,10.0,2.53409371561109,0.0,0.0,0.0,0.0,0.0,0.0
AUS,2020,0,0,3.2,-0.133531904304775,57260.4650530108,25649248.0,0.846900734607273,6.394,10.0,0.0,117.0,0.0,0.0,0.0,0.0,0.0,0.5,0.0,6,3.2,2.19401703622717,58048.6188420831,1.610770929127,5.143,0.0,10.0,1.0302425659611973,0.0,0.0,0.0,0.0,0.0,0.0
AUS,2021,0,0,3.2,2.00694844335034,58327.4146842325,25685412.0,2.86391284709318,5.022,10.0,0.0,117.0,0.0,0.0,0.0,0.0,0.0,0.5,0.0,7,3.2,-0.133531904304775,57260.4650530108,0.846900734607273,6.394,0.0,10.0,0.9367082695227824,0.0,0.0,0.0,0.0,0.0,0.0
AUS,2022,1,0,3.2,4.25304559238732,60029.1329190733,26018721.0,6.59409658717841,3.728,10.0,0.0,117.0,0.0,0.0,0.0,0.0,0.0,0.5,0.0,8,3.2,2.00694844335034,58327.4146842325,2.86391284709318,5.022,0.0,10.0,3.12999701786883,0.0,0.0,0.0,0.0,0.0,0.0
AUS,2023,0,0,3.1,3.58382100798981,60684.9596204883,26659922.0,5.59701792296707,3.668,10.0,0.0,117.0,0.0,0.0,0.0,0.0,0.0,0.5,0.0,0,3.2,4.25304559238732,60029.1329190733,6.59409658717841,3.728,0.0,10.0,3.918433300188565,0.0,0.0,0.0,0.0,0.0,0.0
AUS,2024,0,0,3.1,1.37340773365975,60309.5831772339,27194286.0,3.16656665428797,3.942,10.0,0.0,117.0,0.0,0.0,0.0,0.0,0.0,0.5,0.0,1,3.1,3.58382100798981,60684.9596204883,5.59701792296707,3.668,0.0,10.0,2.47861437082478,0.0,0.0,0.0,0.0,0.0,0.0
AUT,1970,1,0,25.2,7.12287566074039,18270.06444120635,7467086.0,4.37282441582134,6.6025,10.0,0.0,24.0,0.0,0.0,0.0,0.0,0.0,0.5,0.0,0,18.4,3.53620866972961,18109.67372703895,5.66318573909345,6.662,0.0,8.0,7.12287566074039,1.0,0.0,0.5,0.0,0.0,0.0
AUT,1971,0,0,24.8,5.11496844003607,18270.06444120635,7500482.0,4.70425813828696,6.6025,10.0,0.0,25.0,0.0,0.0,0.0,0.0,0.0,0.5,0.0,0,25.2,7.12287566074039,18109.67372703895,4.37282441582134,6.662,0.0,10.0,6.11892205038823,1.0,0.0,0.5,0.0,0.0,0.0
AUT,1972,0,0,24.1,6.20786057271572,18270.06444120635,7544201.0,6.35514612686787,6.6025,10.0,0.0,26.0,0.0,0.0,0.0,0.0,0.0,0.5,0.0,1,24.8,5.11496844003607,18109.67372703895,4.70425813828696,6.662,0.0,10.0,5.661414506375895,1.0,0.0,0.5,0.0,0.0,0.0
AUT,1973,0,0,23.1,4.89043598428583,18270.06444120635,7586115.0,7.5310780382712,6.6025,10.0,0.0,27.0,0.0,0.0,0.0,0.0,0.0,0.5,0.0,2,24.1,6.20786057271572,18109.67372703895,6.35514612686787,6.662,0.0,10.0,5.549148278500775,1.0,0.0,0.5,0.0,0.0,0.0
AUT,1974,0,0,21.6,3.94213819626765,18270.06444120635,7599038.0,9.52178819742244,6.6025,10.0,0.0,28.0,0.0,0.0,0.0,0.0,0.0,0.5,0.0,3,23.1,4.89043598428583,18109.67372703895,7.5310780382712,6.662,0.0,10.0,4.4162870902767395,1.0,0.0,0.5,0.0,0.0,0.0
AUT,1975,0,0,19.9,-0.363735781670002,18270.06444120635,7578903.0,8.44525863917964,6.6025,10.0,0.0,29.0,0.0,0.0,0.0,0.0,0.0,0.5,0.0,4,21.6,3.94213819626765,18109.67372703895,9.52178819742244,6.662,0.0,10.0,1.7892012072988241,1.0,0.0,0.5,0.0,0.0,0.0
AUT,1976,0,0,18.2,4.57844491490252,18270.06444120635,7565525.0,7.31868545106923,6.6025,10.0,0.0,30.0,0.0,0.0,0.0,0.0,0.0,0.5,0.0,5,19.9,-0.363735781670002,18109.67372703895,8.44525863917964,6.662,0.0,10.0,2.107354566616259,1.0,0.0,0.5,0.0,0.0,0.0
AUT,1977,0,0,16.7,5.0799812066944,18270.06444120635,7568430.0,5.49461568127671,6.6025,10.0,0.0,31.0,0.0,0.0,0.0,0.0,0.0,0.5,0.0,6,18.2,4.57844491490252,18109.67372703895,7.31868545106923,6.662,0.0,10.0,4.829213060798461,0.0,0.0,0.0,0.0,0.0,0.0
AUT,1978,0,0,15.5,-0.21065365212003,18270.06444120635,7562305.0,3.57431857551213,6.6025,10.0,0.0,32.0,0.0,0.0,0.0,0.0,0.0,0.5,0.0,7,16.7,5.0799812066944,18109.67372703895,5.49461568127671,6.662,0.0,10.0,2.4346637772871853,0.0,0.0,0.0,0.0,0.0,0.0
AUT,1979,0,0,14.6,5.35669993923946,18270.06444120635,7549425.0,3.70740096353414,6.6025,10.0,0.0,33.0,0.0,0.0,0.0,0.0,0.0,0.5,0.0,8,15.5,-0.21065365212003,18109.67372703895,3.57431857551213,6.662,0.0,10.0,2.5730231435597153,0.0,0.0,0.0,0.0,0.0,0.0
AUT,1980,0,0,13.9,1.731485495966,18270.06444120635,7549433.0,6.32832536226104,6.6025,10.0,0.0,34.0,0.0,0.0,0.0,0.0,0.0,0.5,0.0,9,14.6,5.35669993923946,18109.67372703895,3.70740096353414,6.662,0.0,10.0,3.54409271760273,0.0,0.0,0.0,0.0,0.0,0.0
AUT,1981,0,0,13.2,-0.144294731083647,18270.06444120635,7568710.0,6.80304177599254,6.6025,10.0,0.0,35.0,0.0,0.0,0.0,0.0,0.0,0.5,0.0,10,13.9,1.731485495966,18109.67372703895,6.32832536226104,6.662,0.0,10.0,0.7935953824411766,0.0,0.0,0.0,0.0,0.0,0.0
AUT,1982,0,0,12.5,2.01125455462991,18270.06444120635,7574140.0,5.43603082512851,6.6025,10.0,0.0,36.0,0.0,0.0,0.0,0.0,0.0,0.5,0.0,11,13.2,-0.144294731083647,18109.67372703895,6.80304177599254,6.662,0.0,10.0,0.9334799117731316,0.0,0.0,0.0,0.0,0.0,0.0
AUT,1983,1,0,11.9,2.97308783817583,18270.06444120635,7561910.0,3.33916453409536,6.6025,10.0,0.0,37.0,0.0,0.0,0.0,0.0,0.0,0.5,0.0,12,12.5,2.01125455462991,18109.67372703895,5.43603082512851,6.662,0.0,10.0,2.49217119640287,0.0,0.0,0.0,0.0,0.0,0.0
AUT,1984,0,0,11.3,0.0512751573205321,18270.06444120635,7561434.0,5.66318573909345,6.6025,10.0,0.0,38.0,0.0,0.0,0.0,0.0,0.0,0.5,0.0,0,11.9,2.97308783817583,18109.67372703895,3.33916453409536,6.662,0.0,10.0,1.5121814977481811,0.0,0.0,0.0,0.0,0.0,0.0
AUT,1985,0,0,10.7,2.49867884980837,18270.06444120635,7564985.0,3.18951681805195,6.6025,10.0,0.0,39.0,0.0,0.0,0.0,0.0,0.0,0.5,0.0,1,11.3,0.0512751573205321,18109.67372703895,5.66318573909345,6.662,0.0,10.0,1.274977003564451,0.0,0.0,0.0,0.0,0.0,0.0
AUT,1986,1,0,10.0,2.30139279474186,18270.06444120635,7569794.0,1.70544456731966,6.6025,10.0,0.0,40.0,0.0,0.0,0.0,0.0,0.0,0.5,0.0,2,10.7,2.49867884980837,18109.67372703895,3.18951681805195,6.662,0.0,10.0,2.400035822275115,0.0,0.0,0.0,0.0,0.0,0.0
AUT,1987,0,0,9.4,1.35716799468845,18270.06444120635,7574586.0,1.40195271783983,6.6025,10.0,0.0,41.0,0.0,0.0,0.0,0.0,0.0,0.5,0.0,0,10.0,2.30139279474186,18109.67372703895,1.70544456731966,6.662,0.0,10.0,1.829280394715155,0.0,0.0,0.0,0.0,0.0,0.0
AUT,1988,0,0,8.8,3.2958798164712,18270.06444120635,7585317.0,1.91571684671249,6.6025,10.0,0.0,42.0,0.0,0.0,0.0,0.0,0.0,0.5,0.0,1,9.4,1.35716799468845,18109.67372703895,1.40195271783983,6.662,0.0,10.0,2.3265239055798252,0.0,0.0,0.0,0.0,0.0,0.0
AUT,1989,0,0,8.4,3.88707478685015,18270.06444120635,7619567.0,2.56834829029372,6.6025,10.0,0.0,43.0,0.0,0.0,0.0,0.0,0.0,0.5,0.0,2,8.8,3.2958798164712,18109.67372703895,1.91571684671249,6.662,0.0,10.0,3.591477301660675,0.0,0.0,0.0,0.0,0.0,0.0
AUT,1990,0,0,8.0,4.34564183768971,43258.1144095785,7677850.0,3.26187231878573,6.6025,10.0,0.0,44.0,0.0,0.0,0.0,0.0,0.0,0.5,0.0,3,8.4,3.88707478685015,18109.67372703895,2.56834829029372,6.662,0.0,10.0,4.11635831226993,0.0,0.0,0.0,0.0,0.0,0.0
AUT,1991,0,0,7.5,3.44162748808654,44302.3593080223,7754891.0,3.33742703474792,3.42,10.0,0.0,45.0,0.0,0.0,0.0,0.0,0.0,0.5,0.0,4,8.0,4.34564183768971,43258.1144095785,3.26187231878573,6.662,0.0,10.0,3.8936346628881253,0.0,0.0,0.0,0.0,0.0,0.0
AUT,1992,0,0,7.1,2.0935244262602,44734.7911157679,7840709.0,4.02084780038554,3.59,10.0,0.0,46.0,0.0,0.0,0.0,0.0,0.0,0.5,0.0,5,7.5,3.44162748808654,44302.3593080223,3.33742703474792,3.42,0.0,10.0,2.76757595717337,0.0,0.0,0.0,0.0,0.0,0.0
AUT,1993,0,0,6.6,0.526809769496765,44601.1442274518,7905633.0,3.6317852494318,4.25,10.0,0.0,47.0,0.0,0.0,0.0,0.0,0.0,0.5,0.0,6,7.1,2.0935244262602,44734.7911157679,4.02084780038554,3.59,0.0,10.0,1.3101670978784825,0.0,0.0,0.0,0.0,0.0,0.0
AUT,1994,0,0,6.1,2.40211843259056,45497.074754296,7936118.0,2.95340936761081,3.535,10.0,0.0,48.0,0.0,0.0,0.0,0.0,0.0,0.5,0.0,7,6.6,0.526809769496765,44601.1442274518,3.6317852494318,4.25,0.0,10.0,1.4644641010436625,0.0,0.0,0.0,0.0,0.0,0.0
AUT,1995,0,0,5.7,2.66798388882503,46639.4667421613,7948278.0,2.24336631500898,4.345,10.0,0.0,49.0,0.0,0.0,0.0,0.0,0.0,0.5,0.0,8,6.1,2.40211843259056,45497.074754296,2.95340936761081,3.535,0.0,10.0,2.535051160707795,0.0,0.0,0.0,0.0,0.0,0.0
AUT,1996,0,0,5.3,2.21576713087359,47608.5642962955,7959017.0,1.86097115760437,5.282,10.0,0.0,50.0,0.0,0.0,0.0,0.0,0.0,0.5,0.0,9,5.7,2.66798388882503,46639.4667421613,2.24336631500898,4.345,0.0,10.0,2.44187550984931,0.0,0.0,0.0,0.0,0.0,0.0
AUT,1997,0,0,5.0,2.1458350552646,48575.090714407,7968041.0,1.30597857227691,5.15,10.0,0.0,51.0,0.0,0.0,0.0,0.0,0.0,0.5,0.0,10,5.3,2.21576713087359,47608.5642962955,1.86097115760437,5.282,0.0,10.0,2.180801093069095,0.0,0.0,0.0,0.0,0.0,0.0
AUT,1998,0,0,4.8,3.49288002962309,50216.6282284105,7976789.0,0.922467196680849,5.483,10.0,0.0,52.0,0.0,0.0,0.0,0.0,0.0,0.5,0.0,11,5.0,2.1458350552646,48575.090714407,1.30597857227691,5.15,0.0,10.0,2.819357542443845,0.0,0.0,0.0,0.0,0.0,0.0
AUT,1999,0,0,4.7,3.76192435190464,52004.459782806,7992324.0,0.568993765885531,4.699,10.0,0.0,53.0,0.0,0.0,0.0,0.0,0.0,0.5,0.0,12,4.8,3.49288002962309,50216.6282284105,0.922467196680849,5.483,0.0,10.0,3.627402190763865,0.0,0.0,0.0,0.0,0.0,0.0
AUT,2000,1,0,4.6,3.18952292988787,53534.2669894259,8011566.0,2.34486285357281,4.687,10.0,0.0,54.0,0.0,0.0,0.0,0.0,0.0,0.5,0.0,13,4.7,3.76192435190464,52004.459782806,0.568993765885531,4.699,0.0,10.0,3.475723640896255,0.0,0.0,0.0,0.0,0.0,0.0
AUT,2001,0,0,4.5,1.31698749571339,54032.075746659,8042293.0,2.65000077279529,4.007,10.0,0.0,55.0,0.0,0.0,0.0,0.0,0.0,0.5,0.0,0,4.6,3.18952292988787,53534.2669894259,2.34486285357281,4.687,0.0,10.0,2.25325521280063,0.0,0.0,0.0,0.0,0.0,0.0
AUT,2002,0,0,4.4,1.48436877605324,54565.0004227482,8081957.0,1.81035787764129,4.852,10.0,0.0,56.0,0.0,0.0,0.0,0.0,0.0,0.5,0.0,1,4.5,1.31698749571339,54032.075746659,2.65000077279529,4.007,0.0,10.0,1.400678135883315,0.0,0.0,0.0,0.0,0.0,0.0
AUT,2003,0,0,4.3,1.14156504542775,54919.7101911513,8121423.0,1.35555370896445,4.779,10.0,0.0,57.0,0.0,0.0,0.0,0.0,0.0,0.5,0.0,2,4.4,1.48436877605324,54565.0004227482,1.81035787764129,4.852,0.0,10.0,1.3129669107404949,0.0,0.0,0.0,0.0,0.0,0.0
AUT,2004,0,0,4.2,2.56525534067859,55980.1531665622,8171966.0,2.0612061803287,5.969,10.0,0.0,58.0,0.0,0.0,0.0,0.0,0.0,0.5,0.0,3,4.3,1.14156504542775,54919.7101911513,1.35555370896445,4.779,0.0,10.0,1.8534101930531697,0.0,0.0,0.0,0.0,0.0,0.0
AUT,2005,0,0,4.1,2.32036514266782,56890.1996184204,8227829.0,2.29913785639286,5.682,10.0,0.0,59.0,0.0,0.0,0.0,0.0,0.0,0.5,0.0,4,4.2,2.56525534067859,55980.1531665622,2.0612061803287,5.969,0.0,10.0,2.4428102416732047,0.0,0.0,0.0,0.0,0.0,0.0
AUT,2006,1,0,4.0,3.26933601506059,58460.1550504163,8268641.0,1.44154851119017,5.32,10.0,0.0,60.0,0.0,0.0,0.0,0.0,0.0,0.5,0.0,5,4.1,2.32036514266782,56890.1996184204,2.29913785639286,5.682,0.0,10.0,2.794850578864205,0.0,0.0,0.0,0.0,0.0,0.0
AUT,2007,0,0,3.9,3.77522468729185,60470.825141587,8295487.0,2.16855528800757,4.909,10.0,0.0,61.0,0.0,0.0,0.0,0.0,0.0,0.5,0.0,0,4.0,3.26933601506059,58460.1550504163,1.44154851119017,5.32,0.0,10.0,3.52228035117622,0.0,0.0,0.0,0.0,0.0,0.0
AUT,2008,1,0,3.8,1.45330562142114,61157.9014974191,8321496.0,3.2159503323988,4.198,10.0,0.0,62.0,0.0,0.0,0.0,0.0,0.0,0.5,0.0,1,3.9,3.77522468729185,60470.825141587,2.16855528800757,4.909,0.0,10.0,2.6142651543564948,0.0,0.0,0.0,0.0,0.0,0.0
AUT,2009,0,0,3.7,-3.58626472551299,58810.3596828696,8343323.0,0.506308827696504,5.371,10.0,0.0,63.0,0.0,0.0,0.0,0.0,0.0,0.5,0.0,0,3.8,1.45330562142114,61157.9014974191,3.2159503323988,4.198,0.0,10.0,-1.0664795520459251,0.0,0.0,0.0,0.0,0.0,0.0
AUT,2010,0,0,3.6,1.80898243043663,59730.4673903053,8363404.0,1.81353438995062,4.883,10.0,0.0,64.0,0.0,0.0,0.0,0.0,0.0,0.5,0.0,1,3.7,-3.58626472551299,58810.3596828696,0.506308827696504,5.371,0.0,10.0,-0.88864114753818,0.0,0.0,0.0,0.0,0.0,0.0
AUT,2011,0,0,3.5,2.92746800169145,61272.1724662899,8391643.0,3.2865791487538,4.637,10.0,0.0,65.0,0.0,0.0,0.0,0.0,0.0,0.5,0.0,2,3.6,1.80898243043663,59730.4673903053,1.81353438995062,4.883,0.0,10.0,2.36822521606404,0.0,0.0,0.0,0.0,0.0,0.0
AUT,2012,0,0,3.4,0.628246239479637,61376.6345930428,8429991.0,2.48567562177015,4.909,10.0,0.0,66.0,0.0,0.0,0.0,0.0,0.0,0.5,0.0,3,3.5,2.92746800169145,61272.1724662899,3.2865791487538,4.637,0.0,10.0,1.7778571205855433,0.0,0.0,0.0,0.0,0.0,0.0
AUT,2013,0,0,3.3,-0.250726423318454,60862.9693673785,8479823.0,2.00015616900597,5.367,10.0,0.0,67.0,0.0,0.0,0.0,0.0,0.0,0.5,0.0,4,3.4,0.628246239479637,61376.6345930428,2.48567562177015,4.909,0.0,10.0,0.18875990808059148,0.0,0.0,0.0,0.0,0.0,0.0
AUT,2014,0,0,3.2,0.755798850316665,60845.5743980711,8546356.0,1.60581182954474,5.674,10.0,0.0,68.0,0.0,0.0,0.0,0.0,0.0,0.5,0.0,5,3.3,-0.250726423318454,60862.9693673785,2.00015616900597,5.367,0.0,10.0,0.2525362134991055,0.0,0.0,0.0,0.0,0.0,0.0
AUT,2015,0,0,3.1,1.30352331826198,60951.6037273662,8642699.0,0.89656333526032,5.802,10.0,0.0,69.0,0.0,0.0,0.0,0.0,0.0,0.5,0.0,6,3.2,0.755798850316665,60845.5743980711,1.60581182954474,5.674,0.0,10.0,1.0296610842893226,0.0,0.0,0.0,0.0,0.0,0.0
AUT,2016,0,0,3.0,2.11721964494312,61572.6257402404,8736668.0,0.891591752655362,6.064,10.0,0.0,70.0,0.0,0.0,0.0,0.0,0.0,0.5,0.0,7,3.1,1.30352331826198,60951.6037273662,0.89656333526032,5.802,0.0,10.0,1.7103714816025501,0.0,0.0,0.0,0.0,0.0,0.0
AUT,2017,1,0,3.0,2.27224992038207,62535.8105711345,8797566.0,2.08126911385587,5.561,10.0,0.0,71.0,0.0,0.0,0.0,0.0,0.0,0.5,0.0,8,3.0,2.11721964494312,61572.6257402404,0.891591752655362,6.064,0.0,10.0,2.194734782662595,0.0,0.0,0.0,0.0,0.0,0.0
AUT,2018,0,0,2.9,2.48422114080024,63777.9362157476,8840521.0,1.99837981429549,4.933,10.0,0.0,72.0,0.0,0.0,0.0,0.0,0.0,0.5,0.0,0,3.0,2.27224992038207,62535.8105711345,2.08126911385587,5.561,0.0,10.0,2.378235530591155,0.0,0.0,0.0,0.0,0.0,0.0
AUT,2019,0,0,2.9,1.75497619649288,64609.2836396895,8879920.0,1.53089564152644,4.56,10.0,0.0,72.0,0.0,0.0,0.0,0.0,0.0,0.5,0.0,1,2.9,2.48422114080024,63777.9362157476,1.99837981429549,4.933,0.0,10.0,2.11959866864656,0.0,0.0,0.0,0.0,0.0,0.0
AUT,2020,1,0,2.9,-6.31825509209936,60276.3307697326,8916864.0,1.38191063351854,5.201,10.0,0.0,72.0,0.0,0.0,0.0,0.0,0.0,0.5,0.0,2,2.9,1.75497619649288,64609.2836396895,1.53089564152644,4.56,0.0,10.0,-2.28163944780324,0.0,0.0,0.0,0.0,0.0,0.0
AUT,2021,0,0,2.8,4.92309171717903,62968.8538770186,8955797.0,2.7666666666667,6.459,10.0,0.0,72.0,0.0,0.0,0.0,0.0,0.0,0.5,0.0,0,2.9,-6.31825509209936,60276.3307697326,1.38191063351854,5.201,0.0,10.0,-0.6975816874601648,0.0,0.0,0.0,0.0,0.0,0.0
AUT,2022,0,0,2.8,5.33096379400371,65694.4591501468,9041851.0,8.54686993188458,4.992,10.0,0.0,72.0,0.0,0.0,0.0,0.0,0.0,0.5,0.0,1,2.8,4.92309171717903,62968.8538770186,2.7666666666667,6.459,0.0,10.0,5.12702775559137,0.0,0.0,0.0,0.0,0.0,0.0
AUT,2023,0,0,2.8,-0.786244288594673,64536.2076307547,9131761.0,7.81413417002831,5.264,10.0,0.0,72.0,0.0,0.0,0.0,0.0,0.0,0.5,0.0,2,2.8,5.33096379400371,65694.4591501468,8.54686993188458,4.992,0.0,10.0,2.272359752704518,0.0,0.0,0.0,0.0,0.0,0.0
AUT,2024,0,0,2.8,-0.659089573171372,63787.9891749462,9177982.0,2.93791574279376,5.2,10.0,0.0,72.0,0.0,0.0,0.0,0.0,0.0,0.5,0.0,3,2.8,-0.786244288594673,64536.2076307547,7.81413417002831,5.264,0.0,10.0,-0.7226669308830225,0.0,0.0,0.0,0.0,0.0,0.0
BEL,1970,0,0,20.5,6.35267229121293,18270.06444120635,9655549.0,3.90847238471905,6.6025,10.0,0.0,26.0,0.0,0.0,0.0,0.0,0.0,0.5,0.0,0,18.4,3.53620866972961,18109.67372703895,5.66318573909345,6.662,0.0,8.0,6.35267229121293,1.0,0.0,0.5,0.0,0.0,0.0
BEL,1971,0,0,19.6,3.98582719666759,18270.06444120635,9673162.0,4.34362854612101,6.6025,10.0,0.0,27.0,0.0,0.0,0.0,0.0,0.0,0.5,0.0,1,20.5,6.35267229121293,18109.67372703895,3.90847238471905,6.662,0.0,10.0,5.16924974394026,1.0,0.0,0.5,0.0,0.0,0.0
BEL,1972,0,0,18.6,5.29560467072521,18270.06444120635,9711115.0,5.44843128438075,6.6025,10.0,0.0,28.0,0.0,0.0,0.0,0.0,0.0,0.5,0.0,2,19.6,3.98582719666759,18109.67372703895,4.34362854612101,6.662,0.0,10.0,4.6407159336964,1.0,0.0,0.5,0.0,0.0,0.0
BEL,1973,0,0,17.6,6.38170179993882,18270.06444120635,9741720.0,6.95528008719914,6.6025,10.0,0.0,29.0,0.0,0.0,0.0,0.0,0.0,0.5,0.0,3,18.6,5.29560467072521,18109.67372703895,5.44843128438075,6.662,0.0,10.0,5.838653235332014,0.0,0.0,0.0,0.0,0.0,0.0
BEL,1974,0,0,16.6,4.56525850850306,18270.06444120635,9772419.0,12.6778877513451,6.6025,10.0,0.0,30.0,0.0,0.0,0.0,0.0,0.0,0.5,0.0,4,17.6,6.38170179993882,18109.67372703895,6.95528008719914,6.662,0.0,10.0,5.47348015422094,0.0,1.0,0.0,0.0,0.0,0.0
BEL,1975,0,0,15.7,-1.96594188277651,18270.06444120635,9800700.0,12.7681985920516,6.6025,10.0,0.0,31.0,0.0,0.0,0.0,0.0,0.0,0.5,0.0,5,16.6,4.56525850850306,18109.67372703895,12.6778877513451,6.662,0.0,10.0,1.299658312863275,0.0,1.0,0.0,0.0,0.0,0.0
BEL,1976,0,0,14.9,5.65274606308233,18270.06444120635,9818227.0,9.06860981054961,6.6025,10.0,0.0,32.0,0.0,0.0,0.0,0.0,0.0,0.5,0.0,6,15.7,-1.96594188277651,18109.67372703895,12.7681985920516,6.662,0.0,10.0,1.84340209015291,0.0,0.0,0.0,0.0,0.0,0.0
BEL,1977,0,0,14.1,0.626154572057786,18270.06444120635,9830358.0,7.09600059132598,6.6025,10.0,0.0,33.0,0.0,0.0,0.0,0.0,0.0,0.5,0.0,7,14.9,5.65274606308233,18109.67372703895,9.06860981054961,6.662,0.0,10.0,3.139450317570058,0.0,0.0,0.0,0.0,0.0,0.0
BEL,1978,0,0,13.4,2.84189681697329,18270.06444120635,9839534.0,4.47059331592944,6.6025,10.0,0.0,34.0,0.0,0.0,0.0,0.0,0.0,0.5,0.0,8,14.1,0.626154572057786,18109.67372703895,7.09600059132598,6.662,0.0,10.0,1.7340256945155381,0.0,0.0,0.0,0.0,0.0,0.0
BEL,1979,0,0,12.7,2.34107304540791,18270.06444120635,9848382.0,4.46908394900487,6.6025,10.0,0.0,35.0,0.0,0.0,0.0,0.0,0.0,0.5,0.0,9,13.4,2.84189681697329,18109.67372703895,4.47059331592944,6.662,0.0,10.0,2.5914849311906,0.0,0.0,0.0,0.0,0.0,0.0
BEL,1980,0,0,12.2,4.44405389248001,18270.06444120635,9859242.0,6.64868829655353,6.6025,10.0,0.0,36.0,0.0,0.0,0.0,0.0,0.0,0.5,0.0,10,12.7,2.34107304540791,18109.67372703895,4.46908394900487,6.662,0.0,10.0,3.39256346894396,0.0,0.0,0.0,0.0,0.0,0.0
BEL,1981,0,0,11.6,-0.279283585394069,18270.06444120635,9858982.0,7.62748656814271,6.6025,10.0,0.0,37.0,0.0,0.0,0.0,0.0,0.0,0.5,0.0,11,12.2,4.44405389248001,18109.67372703895,6.64868829655353,6.662,0.0,10.0,2.0823851535429707,0.0,0.0,0.0,0.0,0.0,0.0
BEL,1982,0,0,11.1,0.594986767578831,18270.06444120635,9856303.0,8.72654906555471,6.6025,10.0,0.0,38.0,0.0,0.0,0.0,0.0,0.0,0.5,0.0,12,11.6,-0.279283585394069,18109.67372703895,7.62748656814271,6.662,0.0,10.0,0.157851591092381,0.0,0.0,0.0,0.0,0.0,0.0
BEL,1983,0,0,10.6,0.311843009473307,18270.06444120635,9855520.0,7.66160983743883,6.6025,10.0,0.0,39.0,0.0,0.0,0.0,0.0,0.0,0.5,0.0,13,11.1,0.594986767578831,18109.67372703895,8.72654906555471,6.662,0.0,10.0,0.453414888526069,0.0,0.0,0.0,0.0,0.0,0.0
BEL,1984,0,0,10.2,2.46638245146747,18270.06444120635,9855372.0,6.34177491009128,6.6025,10.0,0.0,40.0,0.0,0.0,0.0,0.0,0.0,0.5,0.0,14,10.6,0.311843009473307,18109.67372703895,7.66160983743883,6.662,0.0,10.0,1.3891127304703885,0.0,0.0,0.0,0.0,0.0,0.0
BEL,1985,0,0,9.8,1.65179297063331,18270.06444120635,9858308.0,4.8687339949694,6.6025,10.0,0.0,41.0,0.0,0.0,0.0,0.0,0.0,0.5,0.0,15,10.2,2.46638245146747,18109.67372703895,6.34177491009128,6.662,0.0,10.0,2.05908771105039,0.0,0.0,0.0,0.0,0.0,0.0
BEL,1986,0,0,9.5,1.82276203316596,18270.06444120635,9861823.0,1.2943681910248,6.6025,10.0,0.0,42.0,0.0,0.0,0.0,0.0,0.0,0.5,0.0,16,9.8,1.65179297063331,18109.67372703895,4.8687339949694,6.662,0.0,10.0,1.737277501899635,0.0,0.0,0.0,0.0,0.0,0.0
BEL,1987,0,0,9.2,2.30665968936027,18270.06444120635,9870234.0,1.55338261314945,6.6025,10.0,0.0,43.0,0.0,0.0,0.0,0.0,0.0,0.5,0.0,17,9.5,1.82276203316596,18109.67372703895,1.2943681910248,6.662,0.0,10.0,2.064710861263115,0.0,0.0,0.0,0.0,0.0,0.0
BEL,1988,0,0,8.9,4.72320872854138,18270.06444120635,9901664.0,1.16093493415331,6.6025,10.0,0.0,44.0,0.0,0.0,0.0,0.0,0.0,0.5,0.0,18,9.2,2.30665968936027,18109.67372703895,1.55338261314945,6.662,0.0,10.0,3.514934208950825,0.0,0.0,0.0,0.0,0.0,0.0
BEL,1989,0,0,8.6,3.46916697570174,18270.06444120635,9937697.0,3.10705065111094,6.6025,10.0,0.0,45.0,0.0,0.0,0.0,0.0,0.0,0.5,0.0,19,8.9,4.72320872854138,18109.67372703895,1.16093493415331,6.662,0.0,10.0,4.09618785212156,0.0,0.0,0.0,0.0,0.0,0.0
BEL,1990,0,0,8.3,3.13740221731629,41640.0583572134,9967379.0,3.44831217961808,6.6025,10.0,0.0,46.0,0.0,0.0,0.0,0.0,0.0,0.5,0.0,20,8.6,3.46916697570174,18109.67372703895,3.10705065111094,6.662,0.0,10.0,3.303284596509015,0.0,0.0,0.0,0.0,0.0,0.0
BEL,1991,0,0,8.0,1.83307441343001,42246.0760496851,10004486.0,3.2153106926081,6.984,10.0,0.0,47.0,0.0,0.0,0.0,0.0,0.0,0.5,0.0,21,8.3,3.13740221731629,41640.0583572134,3.44831217961808,6.662,0.0,10.0,2.48523831537315,0.0,0.0,0.0,0.0,0.0,0.0
BEL,1992,0,0,7.7,1.53065475142162,42719.0486134247,10045158.0,2.42795567164615,6.702,10.0,0.0,48.0,0.0,0.0,0.0,0.0,0.0,0.5,0.0,22,8.0,1.83307441343001,42246.0760496851,3.2153106926081,6.984,0.0,10.0,1.6818645824258152,0.0,0.0,0.0,0.0,0.0,0.0
BEL,1993,0,0,7.3,-0.961873076923027,42143.1960612051,10084475.0,2.75442643473462,8.078,10.0,0.0,49.0,0.0,0.0,0.0,0.0,0.0,0.5,0.0,23,7.7,1.53065475142162,42719.0486134247,2.42795567164615,6.702,0.0,10.0,0.2843908372492965,0.0,0.0,0.0,0.0,0.0,0.0
BEL,1994,0,0,6.8,3.22697145426247,43369.275944431,10115603.0,2.377540844764,9.645,10.0,0.0,50.0,0.0,0.0,0.0,0.0,0.0,0.5,0.0,24,7.3,-0.961873076923027,42143.1960612051,2.75442643473462,8.078,0.0,10.0,1.1325491886697217,0.0,0.0,0.0,0.0,0.0,0.0
BEL,1995,0,0,6.4,2.38475724870135,44310.6278688276,10136811.0,1.46796699090272,9.337,10.0,0.0,51.0,0.0,0.0,0.0,0.0,0.0,0.5,0.0,25,6.8,3.22697145426247,43369.275944431,2.377540844764,9.645,0.0,10.0,2.80586435148191,0.0,0.0,0.0,0.0,0.0,0.0
BEL,1996,0,0,5.9,1.32143214432601,44808.5243580352,10156637.0,2.07702107350675,9.483,10.0,0.0,52.0,0.0,0.0,0.0,0.0,0.0,0.5,0.0,26,6.4,2.38475724870135,44310.6278688276,1.46796699090272,9.337,0.0,10.0,1.85309469651368,0.0,0.0,0.0,0.0,0.0,0.0
BEL,1997,0,0,5.6,3.79367165541437,46396.0021283995,10181245.0,1.62816049512954,8.95,10.0,0.0,53.0,0.0,0.0,0.0,0.0,0.0,0.5,0.0,27,5.9,1.32143214432601,44808.5243580352,2.07702107350675,9.483,0.0,10.0,2.55755189987019,0.0,0.0,0.0,0.0,0.0,0.0
BEL,1998,0,0,5.3,1.96183240455609,47205.3098527355,10203008.0,0.94925028835061,9.322,10.0,0.0,54.0,0.0,0.0,0.0,0.0,0.0,0.5,0.0,28,5.6,3.79367165541437,46396.0021283995,1.62816049512954,8.95,0.0,10.0,2.87775202998523,0.0,0.0,0.0,0.0,0.0,0.0
BEL,1999,1,0,5.0,3.54271798823922,48765.7668571998,10226419.0,1.12084823417847,8.649,10.0,0.0,55.0,0.0,0.0,0.0,0.0,0.0,0.5,0.0,29,5.3,1.96183240455609,47205.3098527355,0.94925028835061,9.322,0.0,10.0,2.7522751963976546,0.0,0.0,0.0,0.0,0.0,0.0
BEL,2000,0,0,4.8,3.71670510672588,50455.7338920674,10251250.0,2.544517761909,6.586,10.0,0.0,56.0,0.0,0.0,0.0,0.0,0.0,0.5,0.0,0,5.0,3.54271798823922,48765.7668571998,1.12084823417847,8.649,0.0,10.0,3.6297115474825494,0.0,0.0,0.0,0.0,0.0,0.0
BEL,2001,0,0,4.7,1.09960362419645,50835.3969916063,10286570.0,2.46925823086083,6.178,10.0,0.0,57.0,0.0,0.0,0.0,0.0,0.0,0.5,0.0,1,4.8,3.71670510672588,50455.7338920674,2.544517761909,6.586,0.0,10.0,2.4081543654611646,0.0,0.0,0.0,0.0,0.0,0.0
BEL,2002,0,0,4.5,1.70689430349601,51471.8532550934,10332785.0,1.64521436175361,6.91,10.0,0.0,58.0,0.0,0.0,0.0,0.0,0.0,0.5,0.0,2,4.7,1.09960362419645,50835.3969916063,2.46925823086083,6.178,0.0,10.0,1.4032489638462298,0.0,0.0,0.0,0.0,0.0,0.0
BEL,2003,0,0,4.4,1.03795518162204,51788.8439641975,10376133.0,1.58896399970372,7.68,10.0,0.0,59.0,0.0,0.0,0.0,0.0,0.0,0.5,0.0,3,4.5,1.70689430349601,51471.8532550934,1.64521436175361,6.91,0.0,10.0,1.3724247425590248,0.0,0.0,0.0,0.0,0.0,0.0
BEL,2004,0,0,4.2,3.57120671942319,53406.6918625203,10421137.0,2.09728311239316,7.363,10.0,0.0,60.0,0.0,0.0,0.0,0.0,0.0,0.5,0.0,4,4.4,1.03795518162204,51788.8439641975,1.58896399970372,7.68,0.0,10.0,2.304580950522615,0.0,0.0,0.0,0.0,0.0,0.0
BEL,2005,0,0,4.1,2.32173792911834,54346.8934219288,10478617.0,2.78143263670029,8.44,10.0,0.0,61.0,0.0,0.0,0.0,0.0,0.0,0.5,0.0,5,4.2,3.57120671942319,53406.6918625203,2.09728311239316,7.363,0.0,10.0,2.946472324270765,0.0,0.0,0.0,0.0,0.0,0.0
BEL,2006,0,0,4.0,2.55234087322462,55367.6227467909,10547958.0,1.79120770070454,8.246,10.0,0.0,62.0,0.0,0.0,0.0,0.0,0.0,0.5,0.0,6,4.1,2.32173792911834,54346.8934219288,2.78143263670029,8.44,0.0,10.0,2.43703940117148,0.0,0.0,0.0,0.0,0.0,0.0
BEL,2007,1,0,3.9,3.67692462515802,56983.4612170064,10625700.0,1.8230563002681,7.459,8.0,0.0,63.0,0.0,0.0,0.0,0.0,0.0,0.5,0.0,7,4.0,2.55234087322462,55367.6227467909,1.79120770070454,8.246,0.0,10.0,3.11463274919132,0.0,0.0,0.0,0.0,0.0,0.0
BEL,2008,0,0,3.8,0.446905130727231,56787.7366257416,10709973.0,4.48944420508404,6.976,8.0,0.0,64.0,0.0,0.0,0.0,0.0,0.0,0.5,0.0,0,3.9,3.67692462515802,56983.4612170064,1.8230563002681,7.459,0.0,8.0,2.0619148779426255,0.0,0.0,0.0,0.0,0.0,0.0
BEL,2009,0,0,3.8,-1.90644105515335,55258.7071019668,10796493.0,-0.0531456741254177,7.908,8.0,0.0,65.0,0.0,0.0,0.0,0.0,0.0,0.5,0.0,1,3.8,0.446905130727231,56787.7366257416,4.48944420508404,6.976,0.0,8.0,-0.7297679622130597,0.0,0.0,0.0,0.0,0.0,0.0
BEL,2010,0,0,3.7,2.71031150254662,56240.2030936241,10895586.0,2.18929920422458,8.293,8.0,0.0,66.0,0.0,0.0,0.0,0.0,0.0,0.5,0.0,2,3.8,-1.90644105515335,55258.7071019668,-0.0531456741254177,7.908,0.0,8.0,0.4019352236966347,0.0,0.0,0.0,0.0,0.0,0.0
BEL,2011,1,0,3.6,1.93115502411325,56585.302500068,11038264.0,3.5320821072274,7.14,8.0,0.0,67.0,0.0,0.0,0.0,0.0,0.0,0.5,0.0,3,3.7,2.71031150254662,56240.2030936241,2.18929920422458,8.293,0.0,8.0,2.3207332633299345,0.0,0.0,0.0,0.0,0.0,0.0
BEL,2012,0,0,3.5,0.215803612089744,56356.8251292137,11106932.0,2.83966343445899,7.542,8.0,0.0,68.0,0.0,0.0,0.0,0.0,0.0,0.5,0.0,0,3.6,1.93115502411325,56585.302500068,3.5320821072274,7.14,0.0,8.0,1.0734793181014968,0.0,0.0,0.0,0.0,0.0,0.0
BEL,2013,0,0,3.5,0.305494549070232,56263.175267967,11159407.0,1.1130959402754,8.425,8.0,0.0,69.0,0.0,0.0,0.0,0.0,0.0,0.5,0.0,1,3.5,0.215803612089744,56356.8251292137,2.83966343445899,7.542,0.0,8.0,0.26064908057998776,0.0,0.0,0.0,0.0,0.0,0.0
BEL,2014,1,0,3.4,1.76554038149924,57002.9092185206,11209057.0,0.340002833356922,8.523,8.0,0.0,70.0,0.0,0.0,0.0,0.0,0.0,0.5,0.0,2,3.5,0.305494549070232,56263.175267967,1.1130959402754,8.425,0.0,8.0,1.0355174652847359,0.0,0.0,0.0,0.0,0.0,0.0
BEL,2015,0,0,3.4,1.47416433731927,57509.0245728704,11274196.0,0.561429152790158,8.482,8.0,0.0,71.0,0.0,0.0,0.0,0.0,0.0,0.5,0.0,0,3.4,1.76554038149924,57002.9092185206,0.340002833356922,8.523,0.0,8.0,1.6198523594092549,0.0,0.0,0.0,0.0,0.0,0.0
BEL,2016,0,0,3.4,1.19350273007754,57901.497690315,11331422.0,1.97385264653163,7.83,8.0,0.0,72.0,0.0,0.0,0.0,0.0,0.0,0.5,0.0,1,3.4,1.47416433731927,57509.0245728704,0.561429152790158,8.482,0.0,8.0,1.3338335336984048,0.0,0.0,0.0,0.0,0.0,0.0
BEL,2017,0,0,3.3,1.47446761556785,58529.3302957537,11375158.0,2.12597086002616,7.09,8.0,0.0,73.0,0.0,0.0,0.0,0.0,0.0,0.5,0.0,2,3.4,1.19350273007754,57901.497690315,1.97385264653163,7.83,0.0,8.0,1.3339851728226946,0.0,0.0,0.0,0.0,0.0,0.0
BEL,2018,0,0,3.3,1.87796847383565,59357.6896884396,11427054.0,2.05316499865178,5.941,8.0,0.0,74.0,0.0,0.0,0.0,0.0,0.0,0.5,0.0,3,3.3,1.47446761556785,58529.3302957537,2.12597086002616,7.09,0.0,8.0,1.6762180447017496,0.0,0.0,0.0,0.0,0.0,0.0
BEL,2019,0,0,3.3,2.4428900448156,60479.9769955469,11488980.0,1.43681956996438,5.364,8.0,0.0,74.0,0.0,0.0,0.0,0.0,0.0,0.5,0.0,4,3.3,1.87796847383565,59357.6896884396,2.05316499865178,5.941,0.0,8.0,2.1604292593256247,0.0,0.0,0.0,0.0,0.0,0.0
BEL,2020,1,0,3.2,-4.7929839083518,57333.5424137924,11538604.0,0.740791812220344,5.545,8.0,0.0,74.0,0.0,0.0,0.0,0.0,0.0,0.5,0.0,5,3.3,2.4428900448156,60479.9769955469,1.43681956996438,5.364,0.0,8.0,-1.1750469317681005,0.0,0.0,0.0,0.0,0.0,0.0
BEL,2021,0,0,3.2,6.25445686466593,60669.2137746534,11586195.0,2.44024851144084,6.248,8.0,0.0,74.0,0.0,0.0,0.0,0.0,0.0,0.5,0.0,0,3.2,-4.7929839083518,57333.5424137924,0.740791812220344,5.545,0.0,8.0,0.7307364781570649,0.0,0.0,0.0,0.0,0.0,0.0
BEL,2022,0,0,3.2,4.02460852835887,62602.9270469765,11680210.0,9.597511728725,5.57,8.0,0.0,74.0,0.0,0.0,0.0,0.0,0.0,0.5,0.0,1,3.2,6.25445686466593,60669.2137746534,2.44024851144084,6.248,0.0,8.0,5.139532696512401,0.0,0.0,0.0,0.0,0.0,0.0
BEL,2023,0,0,3.2,1.56125539542029,63042.0099876309,11779946.0,4.04901077613941,5.547,8.0,0.0,74.0,0.0,0.0,0.0,0.0,0.0,0.5,0.0,2,3.2,4.02460852835887,62602.9270469765,9.597511728725,5.57,0.0,8.0,2.79293196188958,0.0,0.0,0.0,0.0,0.0,0.0
BEL,2024,0,0,3.1,1.09775383828703,63311.2766917178,11858610.0,3.14349136500041,5.7,8.0,0.0,74.0,0.0,0.0,0.0,0.0,0.0,0.5,0.0,3,3.2,1.56125539542029,63042.0099876309,4.04901077613941,5.547,0.0,8.0,1.32950461685366,0.0,0.0,0.0,0.0,0.0,0.0
BOL,1970,0,0,155.4,5.23102930423347,18270.06444120635,4590010.0,3.95550921099769,6.6025,-5.0,1.0,0.0,0.0,0.0,0.0,0.0,0.0,0.5,0.0,0,18.4,3.53620866972961,18109.67372703895,5.66318573909345,6.662,0.0,8.0,5.23102930423347,1.0,0.0,0.5,0.0,0.0,0.0
BOL,1971,0,0,151.7,5.06333643861974,18270.06444120635,4694342.0,3.67461430575032,6.6025,-7.0,0.0,0.0,0.0,0.0,0.0,0.0,0.0,0.5,0.0,1,155.4,5.23102930423347,18109.67372703895,3.95550921099769,6.662,0.0,-5.0,5.147182871426605,1.0,0.0,0.5,0.0,0.0,0.0
BOL,1972,0,0,147.9,7.967485209709,18270.06444120635,4800978.0,6.5115440115437,6.6025,-7.0,0.0,1.0,0.0,0.0,0.0,0.0,0.0,0.5,0.0,2,151.7,5.06333643861974,18109.67372703895,3.67461430575032,6.662,0.0,-7.0,6.51541082416437,1.0,0.0,0.5,0.0,0.0,0.0
BOL,1973,0,0,144.0,5.73916152572539,18270.06444120635,4910200.0,31.4860287891618,6.6025,-7.0,0.0,2.0,0.0,0.0,0.0,0.0,0.0,0.5,0.0,3,147.9,7.967485209709,18109.67372703895,6.5115440115437,6.662,0.0,-7.0,6.853323367717195,1.0,1.0,0.5,0.0,0.0,0.0
BOL,1974,0,0,140.0,2.93956780827851,18270.06444120635,5022475.0,62.8360756029239,6.6025,-7.0,0.0,3.0,0.0,0.0,0.0,0.0,0.0,0.5,0.0,4,144.0,5.73916152572539,18109.67372703895,31.4860287891618,6.662,0.0,-7.0,4.33936466700195,1.0,1.0,0.5,0.0,0.0,0.0
BOL,1975,0,0,135.9,7.31101773140004,18270.06444120635,5137539.0,7.97674602546866,6.6025,-7.0,0.0,4.0,0.0,0.0,0.0,0.0,0.0,0.5,0.0,5,140.0,2.93956780827851,18109.67372703895,62.8360756029239,6.662,0.0,-7.0,5.125292769839275,1.0,0.0,0.5,0.0,0.0,0.0
BOL,1976,0,0,132.0,4.6145674859863,18270.06444120635,5256496.0,4.49401164707216,6.6025,-7.0,0.0,5.0,0.0,0.0,0.0,0.0,0.0,0.5,0.0,6,135.9,7.31101773140004,18109.67372703895,7.97674602546866,6.662,0.0,-7.0,5.96279260869317,1.0,0.0,0.5,0.0,0.0,0.0
BOL,1977,0,0,128.2,4.97121565700287,18270.06444120635,5379166.0,8.10725552050415,6.6025,-7.0,0.0,6.0,0.0,0.0,0.0,0.0,0.0,0.5,0.0,7,132.0,4.6145674859863,18109.67372703895,4.49401164707216,6.662,0.0,-7.0,4.792891571494585,1.0,0.0,0.5,0.0,0.0,0.0
BOL,1978,0,0,124.6,2.05269456633248,18270.06444120635,5504123.0,10.3556722757191,6.6025,-4.0,1.0,0.0,0.0,0.0,0.0,0.0,0.0,0.5,0.0,8,128.2,4.97121565700287,18109.67372703895,8.10725552050415,6.662,0.0,-7.0,3.5119551116676746,1.0,1.0,0.5,0.0,0.0,0.0
BOL,1979,0,0,121.3,0.133344047803448,18270.06444120635,5630849.0,19.7197167787999,6.6025,-4.0,1.0,1.0,0.0,0.0,0.0,0.0,0.0,0.5,0.0,9,124.6,2.05269456633248,18109.67372703895,10.3556722757191,6.662,0.0,-4.0,1.093019307067964,1.0,1.0,0.5,0.0,0.0,0.0
BOL,1980,0,0,118.3,-1.37177291052787,18270.06444120635,5758900.0,47.2416501018426,6.6025,-7.0,0.0,0.0,0.0,0.0,0.0,0.0,0.0,0.5,0.0,10,121.3,0.133344047803448,18109.67372703895,19.7197167787999,6.662,0.0,-4.0,-0.619214431362211,1.0,1.0,0.5,0.0,0.0,0.0
BOL,1981,0,0,115.5,0.275616372775957,18270.06444120635,5888109.0,32.1336011133424,6.6025,-7.0,0.0,1.0,0.0,0.0,0.0,0.0,0.0,0.5,0.0,11,118.3,-1.37177291052787,18109.67372703895,47.2416501018426,6.662,0.0,-7.0,-0.5480782688759565,1.0,1.0,0.5,0.0,0.0,0.0
BOL,1982,0,0,112.8,-3.93873792499589,18270.06444120635,6018088.0,123.535718565329,6.6025,7.0,0.0,0.0,0.0,0.0,0.0,0.0,0.0,0.5,0.0,12,115.5,0.275616372775957,18109.67372703895,32.1336011133424,6.662,0.0,-7.0,-1.8315607761099664,1.0,1.0,0.5,0.0,0.0,0.0
BOL,1983,0,0,110.1,-4.04212140271022,18270.06444120635,6149060.0,275.586283560362,6.6025,7.0,0.0,0.0,0.0,0.0,0.0,0.0,0.0,0.5,0.0,13,112.8,-3.93873792499589,18109.67372703895,123.535718565329,6.662,0.0,7.0,-3.990429663853055,1.0,1.0,0.5,0.0,0.0,0.0
BOL,1984,0,0,107.4,-0.200665696939325,18270.06444120635,6281868.0,1281.34994174486,6.6025,7.0,0.0,0.0,0.0,0.0,0.0,0.0,0.0,0.5,0.0,14,110.1,-4.04212140271022,18109.67372703895,275.586283560362,6.662,0.0,7.0,-2.1213935498247722,1.0,1.0,0.5,0.0,0.0,0.0
BOL,1985,0,0,104.5,-1.67638978272157,18270.06444120635,6416185.0,11749.6396321438,6.6025,9.0,0.0,0.0,0.0,0.0,0.0,0.0,0.0,0.5,0.0,15,107.4,-0.200665696939325,18109.67372703895,1281.34994174486,6.662,0.0,7.0,-0.938527739830447,1.0,1.0,0.5,0.0,0.0,0.0
BOL,1986,0,0,101.5,-2.57388420056624,18270.06444120635,6552479.0,276.335967563202,6.6025,9.0,0.0,1.0,0.0,0.0,0.0,0.0,0.0,0.5,0.0,16,104.5,-1.67638978272157,18109.67372703895,11749.6396321438,6.662,0.0,9.0,-2.1251369916439047,1.0,1.0,0.5,0.0,0.0,0.0
BOL,1987,0,0,98.5,2.46348461969905,18270.06444120635,6692162.0,14.5786984489191,6.6025,9.0,0.0,2.0,0.0,0.0,0.0,0.0,0.0,0.5,0.0,17,101.5,-2.57388420056624,18109.67372703895,276.335967563202,6.662,0.0,9.0,-0.055199790433594575,1.0,1.0,0.5,0.0,0.0,0.0
BOL,1988,0,0,95.3,2.90949796034215,18270.06444120635,6835508.0,16.0020910549391,6.6025,9.0,0.0,3.0,0.0,0.0,0.0,0.0,0.0,0.5,0.0,18,98.5,2.46348461969905,18109.67372703895,14.5786984489191,6.662,0.0,9.0,2.6864912900206006,1.0,1.0,0.5,0.0,0.0,0.0
BOL,1989,0,0,92.1,3.79013096203738,18270.06444120635,6981766.0,15.1734681125732,6.6025,9.0,0.0,4.0,0.0,0.0,0.0,0.0,0.0,0.5,0.0,19,95.3,2.90949796034215,18109.67372703895,16.0020910549391,6.662,0.0,9.0,3.349814461189766,1.0,1.0,0.5,0.0,0.0,0.0
BOL,1990,0,0,89.0,4.63578742813344,6247.10446615403,7130142.0,17.1187746048239,6.6025,9.0,0.0,5.0,0.0,0.0,0.0,0.0,0.0,0.5,0.0,20,92.1,3.79013096203738,18109.67372703895,15.1734681125732,6.662,0.0,9.0,4.212959195085411,1.0,1.0,0.5,0.0,0.0,0.0
BOL,1991,0,0,85.9,5.26652663501228,6440.48571428318,7280289.0,21.4470698171141,2.935,9.0,0.0,6.0,0.0,0.0,0.0,0.0,0.0,0.5,0.0,21,89.0,4.63578742813344,6247.10446615403,17.1187746048239,6.662,0.0,9.0,4.951157031572861,1.0,1.0,0.5,0.0,0.0,0.0
BOL,1992,0,0,82.8,1.64649821845634,6414.32866825436,7430336.0,12.060323601829,3.03,9.0,0.0,7.0,0.0,0.0,0.0,0.0,0.0,0.5,0.0,22,85.9,5.26652663501228,6440.48571428318,21.4470698171141,2.935,0.0,9.0,3.456512426734311,1.0,1.0,0.5,0.0,0.0,0.0
BOL,1993,0,0,79.7,4.26929615211904,6556.81640551449,7579195.0,8.52787695688003,3.05,9.0,0.0,8.0,0.0,0.0,0.0,0.0,0.0,0.5,0.0,23,82.8,1.64649821845634,6414.32866825436,12.060323601829,3.03,0.0,9.0,2.957897185287691,1.0,0.0,0.5,0.0,0.0,0.0
BOL,1994,0,0,76.7,4.66726507417057,6731.28487501595,7727322.0,7.87404421467434,3.08,9.0,0.0,9.0,0.0,0.0,0.0,0.0,0.0,0.5,0.0,24,79.7,4.26929615211904,6556.81640551449,8.52787695688003,3.05,0.0,9.0,4.468280613144806,1.0,0.0,0.5,0.0,0.0,0.0
BOL,1995,0,0,73.6,4.67827659737812,6914.34189614304,7874676.0,10.1932067630745,2.664,9.0,0.0,10.0,0.0,0.0,0.0,0.0,0.0,0.5,0.0,25,76.7,4.66726507417057,6731.28487501595,7.87404421467434,3.08,0.0,9.0,4.672770835774346,1.0,1.0,0.5,0.0,0.0,0.0
BOL,1996,0,0,70.4,4.36134197138718,7083.6131331083,8021736.0,12.4254866180049,2.375,9.0,0.0,11.0,0.0,0.0,0.0,0.0,0.0,0.5,0.0,26,73.6,4.67827659737812,6914.34189614304,10.1932067630745,2.664,0.0,9.0,4.519809284382651,1.0,1.0,0.5,0.0,0.0,0.0
BOL,1997,0,0,67.1,4.95420873383996,7301.50935861496,8167900.0,4.70844436028193,2.08,9.0,0.0,12.0,0.0,0.0,0.0,0.0,0.0,0.5,0.0,27,70.4,4.36134197138718,7083.6131331083,12.4254866180049,2.375,0.0,9.0,4.657775352613571,1.0,0.0,0.5,0.0,0.0,0.0
BOL,1998,0,0,63.8,5.02935475584462,7534.51656369605,8313394.0,7.67322895675083,2.121,9.0,0.0,13.0,0.0,0.0,0.0,0.0,0.0,0.5,0.0,28,67.1,4.95420873383996,7301.50935861496,4.70844436028193,2.08,0.0,9.0,4.9917817448422905,1.0,0.0,0.5,0.0,0.0,0.0
BOL,1999,0,0,60.5,0.426885378297442,7435.72544286949,8459806.0,2.15951626835598,2.299,9.0,0.0,14.0,0.0,0.0,0.0,0.0,0.0,0.5,0.0,29,63.8,5.02935475584462,7534.51656369605,7.67322895675083,2.121,0.0,9.0,2.728120067071032,1.0,0.0,0.5,0.0,0.0,0.0
BOL,2000,0,0,57.2,2.50781081484664,7492.4338168091,8606326.0,4.60822998872598,2.439,9.0,0.0,15.0,0.0,0.0,0.0,0.0,0.0,0.5,0.0,30,60.5,0.426885378297442,7435.72544286949,2.15951626835598,2.299,0.0,9.0,1.4673480965720418,1.0,0.0,0.5,0.0,0.0,0.0
BOL,2001,0,0,54.0,1.68379914527159,7491.15257765571,8752736.0,1.58965377879568,2.623,9.0,0.0,16.0,0.0,0.0,0.0,0.0,0.0,0.5,0.0,31,57.2,2.50781081484664,7492.4338168091,4.60822998872598,2.439,0.0,9.0,2.095804980059116,1.0,0.0,0.5,0.0,0.0,0.0
BOL,2002,0,0,50.9,2.48556576601922,7550.01554645092,8900355.0,0.92825885161107,2.603,9.0,0.0,17.0,0.0,0.0,0.0,0.0,0.0,0.5,0.0,32,54.0,1.68379914527159,7491.15257765571,1.58965377879568,2.623,0.0,9.0,2.0846824556454058,1.0,0.0,0.5,0.0,0.0,0.0
BOL,2003,0,0,48.0,2.7113398065361,7625.90515918892,9050700.0,3.33727499671534,2.654,8.0,0.0,18.0,0.0,0.0,0.0,0.0,0.0,0.5,0.0,33,50.9,2.48556576601922,7550.01554645092,0.92825885161107,2.603,0.0,9.0,2.5984527862776607,1.0,0.0,0.5,0.0,0.0,0.0
BOL,2004,0,0,45.2,4.1732955905708,7811.59684093936,9204287.0,4.43738080101725,2.615,8.0,0.0,19.0,0.0,0.0,0.0,0.0,0.0,0.5,0.0,34,48.0,2.7113398065361,7625.90515918892,3.33727499671534,2.654,0.0,8.0,3.4423176985534507,1.0,0.0,0.5,0.0,0.0,0.0
BOL,2005,1,0,42.6,4.42143313550196,8020.63568834793,9360754.0,5.39323106890663,2.598,8.0,0.0,20.0,0.0,0.0,0.0,0.0,0.0,0.5,0.0,35,45.2,4.1732955905708,7811.59684093936,4.43738080101725,2.615,0.0,8.0,4.297364363036381,1.0,0.0,0.5,0.0,0.0,0.0
BOL,2006,0,0,40.1,4.79700881067477,8263.31896853691,9521689.0,4.28239604802561,2.575,8.0,0.0,21.0,0.0,0.0,0.0,0.0,0.0,0.5,0.0,0,42.6,4.42143313550196,8020.63568834793,5.39323106890663,2.598,0.0,8.0,4.609220973088366,1.0,0.0,0.5,0.0,0.0,0.0
BOL,2007,0,0,37.7,4.56438425143126,8493.94848212653,9685960.0,8.70560923578869,2.614,8.0,0.0,22.0,0.0,0.0,0.0,0.0,0.0,0.5,0.0,1,40.1,4.79700881067477,8263.31896853691,4.28239604802561,2.575,0.0,8.0,4.680696531053016,1.0,0.0,0.5,0.0,0.0,0.0
BOL,2008,0,0,35.5,6.14849787777658,8865.27246616683,9850858.0,14.0068107702519,2.603,8.0,0.0,23.0,0.0,0.0,0.0,0.0,0.0,0.5,0.0,2,37.7,4.56438425143126,8493.94848212653,8.70560923578869,2.614,0.0,8.0,5.356441064603921,1.0,1.0,0.5,0.0,0.0,0.0
BOL,2009,0,0,33.4,3.35699958346049,9011.55629873547,10016275.0,3.34645420142014,2.973,7.0,0.0,24.0,0.0,0.0,0.0,0.0,0.0,0.5,0.0,3,35.5,6.14849787777658,8865.27246616683,14.0068107702519,2.603,0.0,8.0,4.752748730618536,1.0,0.0,0.5,0.0,0.0,0.0
BOL,2010,0,0,31.5,4.12672258996274,9230.3980801466,10182345.0,2.50327605844241,2.609,7.0,0.0,25.0,0.0,0.0,0.0,0.0,0.0,0.5,0.0,4,33.4,3.35699958346049,9011.55629873547,3.34645420142014,2.973,0.0,7.0,3.741861086711616,1.0,0.0,0.5,0.0,0.0,0.0
BOL,2011,0,0,29.7,5.20409245282328,9554.44502513,10348929.0,9.88446419823883,2.255,7.0,0.0,26.0,0.0,0.0,0.0,0.0,0.0,0.5,0.0,5,31.5,4.12672258996274,9230.3980801466,2.50327605844241,2.609,0.0,7.0,4.6654075213930115,1.0,0.0,0.5,0.0,0.0,0.0
BOL,2012,0,0,28.0,5.12227560125973,9884.46163594645,10515807.0,4.51560291399376,2.066,7.0,0.0,27.0,0.0,0.0,0.0,0.0,0.0,0.5,0.0,6,29.7,5.20409245282328,9554.44502513,9.88446419823883,2.255,0.0,7.0,5.163184027041506,1.0,0.0,0.5,0.0,0.0,0.0
BOL,2013,0,0,26.4,6.79601141268498,10391.3833756917,10682608.0,5.73640023719607,2.437,7.0,0.0,28.0,0.0,0.0,0.0,0.0,0.0,0.5,0.0,7,28.0,5.12227560125973,9884.46163594645,4.51560291399376,2.066,0.0,7.0,5.959143506972357,1.0,0.0,0.5,0.0,0.0,0.0
BOL,2014,0,0,24.9,5.46056949136766,10790.8472887528,10848888.0,5.76660074579144,2.021,7.0,0.0,29.0,0.0,0.0,0.0,0.0,0.0,0.5,0.0,8,26.4,6.79601141268498,10391.3833756917,5.73640023719607,2.437,0.0,7.0,6.128290452026321,1.0,0.0,0.5,0.0,0.0,0.0
BOL,2015,0,0,23.5,4.85718718508603,11144.6415720641,11014705.0,4.05961041135645,3.111,7.0,0.0,30.0,0.0,0.0,0.0,0.0,0.0,0.5,0.0,9,24.9,5.46056949136766,10790.8472887528,5.76660074579144,2.021,0.0,7.0,5.158878338226845,1.0,0.0,0.5,0.0,0.0,0.0
BOL,2016,0,0,22.1,4.26392086992173,11448.02180322,11180020.0,3.62321431764138,3.498,7.0,0.0,31.0,0.0,0.0,0.0,0.0,0.0,0.5,0.0,10,23.5,4.85718718508603,11144.6415720641,4.05961041135645,3.111,0.0,7.0,4.560554027503881,1.0,0.0,0.5,0.0,0.0,0.0
BOL,2017,0,0,20.8,4.19520633364647,11755.2556195885,11344587.0,2.8227580554717,3.655,7.0,0.0,32.0,0.0,0.0,0.0,0.0,0.0,0.5,0.0,11,22.1,4.26392086992173,11448.02180322,3.62321431764138,3.498,0.0,7.0,4.2295636017841005,1.0,0.0,0.5,0.0,0.0,0.0
BOL,2018,0,0,19.6,2.86808404814794,11920.3135079645,11508368.0,2.27205987230155,3.519,7.0,0.0,33.0,0.0,0.0,0.0,0.0,0.0,0.5,0.0,12,20.8,4.19520633364647,11755.2556195885,2.8227580554717,3.655,0.0,7.0,3.5316451908972057,1.0,0.0,0.5,0.0,0.0,0.0
BOL,2019,1,0,18.4,1.50672102666863,11930.9159145918,11671386.0,1.83954504969026,3.682,7.0,0.0,33.0,0.0,0.0,0.0,0.0,0.0,0.5,0.0,13,19.6,2.86808404814794,11920.3135079645,2.27205987230155,3.519,0.0,7.0,2.187402537408286,1.0,0.0,0.5,0.0,0.0,0.0
BOL,2020,1,0,17.4,-12.7194690092717,10285.6590750222,11816299.0,0.940742153381849,7.903,7.0,0.0,33.0,0.0,0.0,0.0,0.0,0.0,0.5,0.0,0,18.4,1.50672102666863,11930.9159145918,1.83954504969026,3.682,0.0,7.0,-5.606373991301534,0.0,0.0,0.0,0.0,0.0,0.0
BOL,2021,0,0,16.4,10.0290488827886,11202.4409836707,11937360.0,0.737383721452275,5.089,7.0,0.0,33.0,0.0,0.0,0.0,0.0,0.0,0.5,0.0,0,17.4,-12.7194690092717,10285.6590750222,0.940742153381849,7.903,0.0,7.0,-1.3452100632415487,0.0,0.0,0.0,0.0,0.0,0.0
BOL,2022,0,0,15.6,3.74741781241461,11487.7148799194,12077154.0,1.74632872945969,3.552,7.0,0.0,33.0,0.0,0.0,0.0,0.0,0.0,0.5,0.0,1,16.4,10.0290488827886,11202.4409836707,0.737383721452275,5.089,0.0,7.0,6.888233347601606,0.0,0.0,0.0,0.0,0.0,0.0
BOL,2023,0,0,14.9,2.51636590154891,11616.1575595159,12244159.0,2.57688800489192,3.024,7.0,0.0,33.0,0.0,0.0,0.0,0.0,0.0,0.5,0.0,2,15.6,3.74741781241461,11487.7148799194,1.74632872945969,3.552,0.0,7.0,3.1318918569817606,0.0,0.0,0.0,0.0,0.0,0.0
BOL,2024,0,0,14.2,-1.12335595517212,11329.1518061536,12413315.0,5.09976568317427,3.274,7.0,0.0,33.0,0.0,0.0,0.0,0.0,0.0,0.5,0.0,3,14.9,2.51636590154891,11616.1575595159,2.57688800489192,3.024,0.0,7.0,0.696504973188396,0.0,0.0,0.0,0.0,0.0,0.0
BRA,1970,0,1,102.2,10.4,18270.06444120635,95375651.0,5.531981770439344,6.6025,-9.0,0.0,5.0,0.0,0.0,0.0,0.0,0.0,0.5,0.0,0,18.4,3.53620866972961,18109.67372703895,5.66318573909345,6.662,0.0,8.0,10.4,1.0,0.0,0.5,0.5,0.0,0.0
BRA,1971,0,1,100.1,11.3429219931908,18270.06444120635,97739273.0,5.531981770439344,6.6025,-9.0,0.0,6.0,0.0,0.0,0.0,0.0,0.0,0.5,0.0,1,102.2,10.4,18109.67372703895,5.66318573909345,6.662,0.0,-9.0,10.871460996595399,1.0,0.0,0.5,0.5,0.0,0.0
BRA,1972,0,1,97.9,11.9403481162508,18270.06444120635,100146797.0,5.531981770439344,6.6025,-9.0,0.0,7.0,0.0,0.0,0.0,0.0,0.0,0.5,0.0,2,100.1,11.3429219931908,18109.67372703895,5.66318573909345,6.662,0.0,-9.0,11.6416350547208,1.0,0.0,0.5,0.5,0.0,0.0
BRA,1973,0,1,95.6,13.9687217796782,18270.06444120635,102600976.0,5.531981770439344,6.6025,-9.0,0.0,8.0,0.0,0.0,0.0,0.0,0.0,0.5,0.0,3,97.9,11.9403481162508,18109.67372703895,5.66318573909345,6.662,0.0,-9.0,12.9545349479645,1.0,0.0,0.5,0.5,0.0,0.0
BRA,1974,0,1,93.3,8.15393868457201,18270.06444120635,105089675.0,5.531981770439344,6.6025,-4.0,1.0,0.0,0.0,0.0,0.0,0.0,0.0,0.5,0.0,4,95.6,13.9687217796782,18109.67372703895,5.66318573909345,6.662,0.0,-9.0,11.061330232125105,1.0,0.0,0.5,0.5,0.0,0.0
BRA,1975,0,1,90.9,5.16664908406321,18270.06444120635,107619565.0,5.531981770439344,6.6025,-4.0,1.0,1.0,0.0,0.0,0.0,0.0,0.0,0.5,0.0,5,93.3,8.15393868457201,18109.67372703895,5.66318573909345,6.662,0.0,-4.0,6.6602938843176105,1.0,0.0,0.5,0.5,0.0,0.0
BRA,1976,0,1,88.4,10.2571295347867,18270.06444120635,110213349.0,5.531981770439344,6.6025,-4.0,1.0,2.0,0.0,0.0,0.0,0.0,0.0,0.5,0.0,6,90.9,5.16664908406321,18109.67372703895,5.66318573909345,6.662,0.0,-4.0,7.711889309424955,1.0,0.0,0.5,0.5,0.0,0.0
BRA,1977,0,1,85.7,4.93432806978961,18270.06444120635,112875292.0,5.531981770439344,6.6025,-4.0,1.0,3.0,0.0,0.0,0.0,0.0,0.0,0.5,0.0,7,88.4,10.2571295347867,18109.67372703895,5.66318573909345,6.662,0.0,-4.0,7.595728802288155,1.0,0.0,0.5,0.5,0.0,0.0
BRA,1978,0,1,82.9,4.96989768924738,18270.06444120635,115600942.0,5.531981770439344,6.6025,-4.0,1.0,4.0,0.0,0.0,0.0,0.0,0.0,0.5,0.0,8,85.7,4.93432806978961,18109.67372703895,5.66318573909345,6.662,0.0,-4.0,4.952112879518495,1.0,0.0,0.5,0.5,0.0,0.0
BRA,1979,0,1,79.9,6.7595601220408,18270.06444120635,118380821.0,5.531981770439344,6.6025,-4.0,1.0,5.0,0.0,0.0,0.0,0.0,0.0,0.5,0.0,9,82.9,4.96989768924738,18109.67372703895,5.66318573909345,6.662,0.0,-4.0,5.86472890564409,1.0,0.0,0.5,0.5,0.0,0.0
BRA,1980,0,1,76.7,9.19999999999976,18270.06444120635,121207461.0,5.531981770439344,6.6025,-4.0,1.0,6.0,1.0,1.0,0.0,0.0,1.0,0.5,0.0,10,79.9,6.7595601220408,18109.67372703895,5.66318573909345,6.662,0.0,-4.0,7.97978006102028,1.0,0.0,0.5,0.5,0.0,0.0
BRA,1981,0,1,73.6,-4.24999999999956,18270.06444120635,124063109.0,101.725072957927,6.6025,-4.0,1.0,7.0,0.0,0.0,0.0,0.0,0.0,0.5,0.0,11,76.7,9.19999999999976,18109.67372703895,5.66318573909345,6.662,1.0,-4.0,2.4750000000000996,1.0,1.0,0.5,0.5,0.0,0.0
BRA,1982,0,1,70.4,0.829999999999529,18270.06444120635,126923155.0,100.54335919485,6.6025,-3.0,1.0,8.0,0.0,0.0,0.0,0.0,0.0,0.5,0.0,12,73.6,-4.24999999999956,18109.67372703895,101.725072957927,6.662,0.0,-4.0,-1.7100000000000166,1.0,1.0,0.5,0.5,0.0,0.0
BRA,1983,0,1,67.4,-2.92999999999996,18270.06444120635,129790077.0,135.027682230473,6.6025,-3.0,1.0,9.0,0.0,0.0,0.0,0.0,0.0,0.5,0.0,13,70.4,0.829999999999529,18109.67372703895,100.54335919485,6.662,0.0,-3.0,-1.0500000000002165,1.0,1.0,0.5,0.5,0.0,0.0
BRA,1984,0,1,64.8,5.39999999999988,18270.06444120635,132658864.0,192.121733132051,6.6025,-3.0,1.0,10.0,0.0,0.0,0.0,0.0,0.0,0.5,0.0,14,67.4,-2.92999999999996,18109.67372703895,135.027682230473,6.662,0.0,-3.0,1.2349999999999588,1.0,1.0,0.5,0.5,0.0,0.0
BRA,1985,0,1,62.3,7.85000000000042,18270.06444120635,135515595.0,225.989665211895,6.6025,7.0,0.0,0.0,0.0,0.0,0.0,0.0,0.0,0.5,0.0,15,64.8,5.39999999999988,18109.67372703895,192.121733132051,6.662,0.0,-3.0,6.625000000000149,1.0,1.0,0.5,0.5,0.0,0.0
BRA,1986,0,1,60.1,7.48999999999982,18270.06444120635,138336370.0,147.142826237604,6.6025,7.0,0.0,1.0,0.0,0.0,0.0,0.0,0.0,0.5,0.0,16,62.3,7.85000000000042,18109.67372703895,225.989665211895,6.662,0.0,7.0,7.670000000000119,1.0,1.0,0.5,0.5,0.0,0.0
BRA,1987,0,1,58.1,3.52999999999983,18270.06444120635,141104944.0,228.336162575513,6.6025,7.0,0.0,2.0,0.0,0.0,0.0,0.0,0.0,0.5,0.0,17,60.1,7.48999999999982,18109.67372703895,147.142826237604,6.662,0.0,7.0,5.509999999999824,1.0,1.0,0.5,0.5,0.0,0.0
BRA,1988,0,1,56.0,-0.059999999999917,18270.06444120635,143826357.0,629.114509120897,6.6025,8.0,0.0,3.0,0.0,0.0,0.0,0.0,0.0,0.5,0.0,18,58.1,3.52999999999983,18109.67372703895,228.336162575513,6.662,0.0,7.0,1.7349999999999557,1.0,1.0,0.5,0.5,0.0,0.0
BRA,1989,0,1,54.0,3.16000000000032,18270.06444120635,146502972.0,1430.7237251472,6.6025,8.0,0.0,4.0,0.0,0.0,0.0,0.0,0.0,0.5,0.0,19,56.0,-0.059999999999917,18109.67372703895,629.114509120897,6.662,0.0,8.0,1.5500000000002006,1.0,1.0,0.5,0.5,0.0,0.0
BRA,1990,0,1,51.9,-4.35000000000022,12633.2884560597,149143223.0,2947.732772483,6.6025,8.0,0.0,5.0,0.0,0.0,0.0,0.0,0.0,0.5,0.0,20,54.0,3.16000000000032,18109.67372703895,1430.7237251472,6.662,0.0,8.0,-0.5949999999999509,1.0,1.0,0.5,0.5,0.0,0.0
BRA,1991,0,1,49.8,1.03218958549303,12546.5605005559,151724256.0,432.786661926461,6.887,8.0,0.0,6.0,0.0,0.0,0.0,0.0,0.0,0.5,0.0,21,51.9,-4.35000000000022,12633.2884560597,2947.732772483,6.662,0.0,8.0,-1.658905207253596,1.0,1.0,0.5,0.5,0.0,0.0
BRA,1992,0,1,47.4,-0.54407204977727,12271.9788478727,154275079.0,951.962053052818,7.086,8.0,0.0,7.0,0.0,0.0,0.0,0.0,0.0,0.5,0.0,22,49.8,1.03218958549303,12546.5605005559,432.786661926461,6.887,0.0,8.0,0.24405876785787917,1.0,1.0,0.5,0.5,0.0,0.0
BRA,1993,0,1,44.9,4.9246900037071,12669.4287209749,156794577.0,1927.38079016026,6.03,8.0,0.0,8.0,0.0,0.0,0.0,0.0,0.0,0.5,0.0,23,47.4,-0.54407204977727,12271.9788478727,951.962053052818,7.086,0.0,8.0,2.1903089769649142,1.0,1.0,0.5,0.5,0.0,0.0
BRA,1994,1,1,42.4,5.85287036219013,13202.9308011881,159265006.0,2075.88839757325,6.579,8.0,0.0,9.0,0.0,0.0,0.0,0.0,0.0,0.5,0.0,24,44.9,4.9246900037071,12669.4287209749,1927.38079016026,6.03,0.0,8.0,5.388780182948614,1.0,1.0,0.5,0.5,0.0,0.0
BRA,1995,0,1,39.9,4.22379363350413,13550.4393735843,161735073.0,66.0070335542481,7.092,8.0,0.0,10.0,0.0,0.0,0.0,0.0,0.0,0.5,0.0,0,42.4,5.85287036219013,13202.9308011881,2075.88839757325,6.579,0.0,8.0,5.038331997847129,1.0,1.0,0.5,0.5,0.0,0.0
BRA,1996,0,1,37.5,2.20886405039022,13641.6295995961,164202549.0,15.7576656002606,8.035,8.0,0.0,11.0,0.0,0.0,0.0,0.0,0.0,0.5,0.0,1,39.9,4.22379363350413,13550.4393735843,66.0070335542481,7.092,0.0,8.0,3.216328841947174,1.0,1.0,0.5,0.5,0.0,0.0
BRA,1997,0,1,35.2,3.39484598630671,13896.6249901072,166661659.0,6.92671251629154,9.003,8.0,0.0,12.0,0.0,0.0,0.0,0.0,0.0,0.5,0.0,2,37.5,2.20886405039022,13641.6295995961,15.7576656002606,8.035,0.0,8.0,2.8018550183484643,1.0,0.0,0.5,0.5,0.0,0.0
BRA,1998,0,1,33.1,0.338097901207306,13737.7026433556,169159655.0,3.19507629280052,10.15,8.0,0.0,13.0,0.0,0.0,0.0,0.0,0.0,0.5,0.0,3,35.2,3.39484598630671,13896.6249901072,6.92671251629154,9.003,0.0,8.0,1.8664719437570072,1.0,0.0,0.5,0.5,0.0,0.0
BRA,1999,0,1,31.1,0.467937566477133,13602.4137067874,171641543.0,4.85844749902667,11.125,8.0,0.0,14.0,0.0,0.0,0.0,0.0,0.0,0.5,0.0,4,33.1,0.338097901207306,13737.7026433556,3.19507629280052,10.15,0.0,8.0,0.4030177338422186,1.0,0.0,0.5,0.5,0.0,0.0
BRA,2000,0,1,29.1,4.38794944745618,14005.3471874231,174018282.0,7.04414105947266,10.889,8.0,0.0,15.0,0.0,0.0,0.0,0.0,0.0,0.5,0.0,5,31.1,0.467937566477133,13602.4137067874,4.85844749902667,11.125,0.0,8.0,2.4279435069666557,1.0,0.0,0.5,0.5,0.0,0.0
BRA,2001,0,1,27.3,1.38989640095637,14016.1313772236,176301203.0,6.84035902487523,10.649,8.0,0.0,16.0,0.0,0.0,0.0,0.0,0.0,0.5,0.0,6,29.1,4.38794944745618,14005.3471874231,7.04414105947266,10.889,0.0,8.0,2.888922924206274,1.0,0.0,0.5,0.5,0.0,0.0
BRA,2002,1,1,25.6,3.05346185909312,14265.9048770292,178503484.0,8.45016437708331,10.641,8.0,0.0,17.0,0.0,0.0,0.0,0.0,0.0,0.5,0.0,7,27.3,1.38989640095637,14016.1313772236,6.84035902487523,10.649,0.0,8.0,2.2216791300247443,1.0,0.0,0.5,0.5,0.0,0.0
BRA,2003,0,1,24.0,1.14082899824888,14259.3664089322,180622688.0,14.7149197228147,11.168,8.0,0.0,18.0,0.0,0.0,0.0,0.0,0.0,0.5,0.0,0,25.6,3.05346185909312,14265.9048770292,8.45016437708331,10.641,0.0,8.0,2.0971454286709994,1.0,1.0,0.5,0.5,0.0,0.0
BRA,2004,0,1,22.4,5.75996463670954,14911.2609608592,182675143.0,6.59718509985963,10.072,8.0,0.0,19.0,0.0,0.0,0.0,0.0,0.0,0.5,0.0,1,24.0,1.14082899824888,14259.3664089322,14.7149197228147,11.168,0.0,8.0,3.4503968174792092,1.0,0.0,0.5,0.5,0.0,0.0
BRA,2005,0,1,21.0,3.20213206130431,15221.0138281541,184688101.0,6.86953720898964,10.551,8.0,0.0,20.0,0.0,0.0,0.0,0.0,0.0,0.5,0.0,2,22.4,5.75996463670954,14911.2609608592,6.59718509985963,10.072,0.0,8.0,4.481048349006924,1.0,0.0,0.5,0.5,0.0,0.0
BRA,2006,0,1,19.7,3.96198871122617,15657.4795716983,186653106.0,4.18356812896909,9.692,8.0,0.0,21.0,0.0,0.0,0.0,0.0,0.0,0.5,0.0,3,21.0,3.20213206130431,15221.0138281541,6.86953720898964,10.551,0.0,8.0,3.5820603862652387,1.0,0.0,0.5,0.5,0.0,0.0
BRA,2007,0,1,18.6,6.06987060678338,16440.583740032,188552320.0,3.64127299102652,9.28,8.0,0.0,22.0,0.0,0.0,0.0,0.0,0.0,0.5,0.0,4,19.7,3.96198871122617,15657.4795716983,4.18356812896909,9.692,0.0,8.0,5.015929659004774,1.0,0.0,0.5,0.5,0.0,0.0
BRA,2008,0,1,17.6,5.09419544658736,17113.3679822643,190367302.0,5.67859390284168,8.268,8.0,0.0,23.0,0.0,0.0,0.0,0.0,0.0,0.5,0.0,5,18.6,6.06987060678338,16440.583740032,3.64127299102652,9.28,0.0,8.0,5.5820330266853695,0.0,0.0,0.0,0.5,0.0,0.0
BRA,2009,0,1,16.7,-0.125812002161169,16939.4407810328,192079951.0,4.88803479876799,9.419,8.0,0.0,24.0,0.0,0.0,0.0,0.0,0.0,0.5,0.0,6,17.6,5.09419544658736,17113.3679822643,5.67859390284168,8.268,0.0,8.0,2.4841917222130947,0.0,0.0,0.0,0.5,0.0,0.0
BRA,2010,1,1,16.0,7.52822581815364,18062.1581103659,193701929.0,5.03872690108075,8.42,8.0,0.0,25.0,0.0,0.0,0.0,0.0,0.0,0.5,0.0,7,16.7,-0.125812002161169,16939.4407810328,4.88803479876799,9.419,0.0,8.0,3.7012069079962346,0.0,0.0,0.0,0.5,0.0,0.0
BRA,2011,0,1,15.3,3.97442307944702,18627.8104529397,195284734.0,6.6364496221309,7.578,8.0,0.0,26.0,0.0,0.0,0.0,0.0,0.0,0.5,0.0,0,16.0,7.52822581815364,18062.1581103659,5.03872690108075,8.42,0.0,8.0,5.751324448800329,0.0,0.0,0.0,0.5,0.0,0.0
BRA,2012,0,1,14.8,1.92117598576537,18832.2195527075,196876111.0,5.40349914036997,7.251,8.0,0.0,27.0,0.0,0.0,0.0,0.0,0.0,0.5,0.0,1,15.3,3.97442307944702,18627.8104529397,6.6364496221309,7.578,0.0,8.0,2.947799532606194,0.0,0.0,0.0,0.5,0.0,0.0
BRA,2013,0,1,14.4,3.00482266944432,19241.5059815726,198478299.0,6.20431066640101,7.071,8.0,0.0,28.0,0.0,0.0,0.0,0.0,0.0,0.5,0.0,2,14.8,1.92117598576537,18832.2195527075,5.40349914036997,7.251,0.0,8.0,2.462999327604844,0.0,0.0,0.0,0.5,0.0,0.0
BRA,2014,0,1,14.0,0.503955740242247,19183.172744636,200085127.0,6.32904015516139,6.755,8.0,0.0,29.0,0.0,0.0,0.0,0.0,0.0,0.5,0.0,3,14.4,3.00482266944432,19241.5059815726,6.20431066640101,7.071,0.0,8.0,1.7543892048432825,0.0,0.0,0.0,0.5,0.0,0.0
BRA,2015,0,1,13.7,-3.54576339269425,18357.0690617991,201675532.0,9.02990102416136,8.538,8.0,0.0,30.0,0.0,0.0,0.0,0.0,0.0,0.5,0.0,4,14.0,0.503955740242247,19183.172744636,6.32904015516139,6.755,0.0,8.0,-1.5209038262260024,0.0,0.0,0.0,0.5,0.0,0.0
BRA,2016,1,1,14.6,-3.27591690782192,17620.9272434136,203218114.0,8.73914352329393,11.58,8.0,0.0,31.0,0.0,0.0,0.0,0.0,0.0,0.5,0.0,5,13.7,-3.54576339269425,18357.0690617991,9.02990102416136,8.538,0.0,8.0,-3.410840150258086,0.0,0.0,0.0,0.5,0.0,0.0
BRA,2017,0,0,13.3,1.32286905404399,17724.4799577784,204703445.0,3.44637335032669,12.792,8.0,0.0,32.0,0.0,0.0,0.0,0.0,0.0,0.5,0.0,0,14.6,-3.27591690782192,17620.9272434136,8.73914352329393,11.58,0.0,8.0,-0.9765239268889658,0.0,0.0,0.0,0.0,0.0,0.0
BRA,2018,1,0,13.1,1.783666761634,17917.7492123359,206107261.0,3.66485028376729,12.329,8.0,0.0,33.0,0.0,0.0,0.0,0.0,0.0,0.5,0.0,1,13.3,1.32286905404399,17724.4799577784,3.44637335032669,12.792,0.0,8.0,1.5532679078389942,0.0,0.0,0.0,0.0,0.0,0.0
BRA,2019,0,0,12.9,1.22077782360842,18018.6209151518,207455459.0,3.73297621216894,11.936,8.0,0.0,33.0,0.0,0.0,0.0,0.0,0.0,0.5,0.0,0,13.1,1.783666761634,17917.7492123359,3.66485028376729,12.329,0.0,8.0,1.5022222926212092,0.0,0.0,0.0,0.0,0.0,0.0
BRA,2020,0,0,12.8,-3.2767587964736,17327.5157249466,208660842.0,3.21176803803376,13.697,8.0,0.0,33.0,0.0,0.0,0.0,0.0,0.0,0.5,0.0,1,12.9,1.22077782360842,18018.6209151518,3.73297621216894,11.936,0.0,8.0,-1.0279904864325908,0.0,0.0,0.0,0.0,0.0,0.0
BRA,2021,0,0,12.7,4.76260437908608,18075.7060049068,209550294.0,8.30165975585673,13.158,8.0,0.0,33.0,0.0,0.0,0.0,0.0,0.0,0.5,0.0,2,12.8,-3.2767587964736,17327.5157249466,3.21176803803376,13.697,0.0,8.0,0.7429227913062393,0.0,0.0,0.0,0.0,0.0,0.0
BRA,2022,1,0,12.6,3.01669435393015,18554.0461828566,210306415.0,9.28010608956873,9.231,8.0,0.0,33.0,0.0,0.0,0.0,0.0,0.0,0.5,0.0,3,12.7,4.76260437908608,18075.7060049068,8.30165975585673,13.158,0.0,8.0,3.889649366508114,0.0,0.0,0.0,0.0,0.0,0.0
BRA,2023,0,0,12.4,3.24165532906981,19079.8122134028,211140729.0,4.59356282283204,7.947,8.0,0.0,33.0,0.0,0.0,0.0,0.0,0.0,0.5,0.0,0,12.6,3.01669435393015,18554.0461828566,9.28010608956873,9.231,0.0,8.0,3.129174841499979,0.0,0.0,0.0,0.0,0.0,0.0
BRA,2024,0,0,12.3,3.41931516501906,19652.365499171,211998573.0,4.36746407652337,6.801,8.0,0.0,33.0,0.0,0.0,0.0,0.0,0.0,0.5,0.0,1,12.4,3.24165532906981,19079.8122134028,4.59356282283204,7.947,0.0,8.0,3.330485247044434,0.0,0.0,0.0,0.0,0.0,0.0
BWA,1970,0,0,95.2,17.120267669479,18270.06444120635,590334.0,5.531981770439344,6.6025,6.0,0.0,4.0,0.0,0.0,0.0,0.0,0.0,0.5,0.0,0,18.4,3.53620866972961,18109.67372703895,5.66318573909345,6.662,0.0,8.0,17.120267669479,1.0,0.0,0.5,0.0,0.0,0.0
BWA,1971,0,0,92.3,25.8211072044697,18270.06444120635,600481.0,5.531981770439344,6.6025,6.0,0.0,5.0,0.0,0.0,0.0,0.0,0.0,0.5,0.0,1,95.2,17.120267669479,18109.67372703895,5.66318573909345,6.662,0.0,6.0,21.47068743697435,1.0,0.0,0.5,0.0,0.0,0.0
BWA,1972,0,0,89.4,26.3619409491731,18270.06444120635,622407.0,5.531981770439344,6.6025,6.0,0.0,6.0,0.0,0.0,0.0,0.0,0.0,0.5,0.0,2,92.3,25.8211072044697,18109.67372703895,5.66318573909345,6.662,0.0,6.0,26.0915240768214,1.0,0.0,0.5,0.0,0.0,0.0
BWA,1973,0,0,86.3,21.3031840989689,18270.06444120635,652408.0,5.531981770439344,6.6025,6.0,0.0,7.0,0.0,0.0,0.0,0.0,0.0,0.5,0.0,3,89.4,26.3619409491731,18109.67372703895,5.66318573909345,6.662,0.0,6.0,23.832562524071,1.0,0.0,0.5,0.0,0.0,0.0
BWA,1974,0,0,82.9,8.79779521286324,18270.06444120635,685448.0,5.531981770439344,6.6025,6.0,0.0,8.0,0.0,0.0,0.0,0.0,0.0,0.5,0.0,4,86.3,21.3031840989689,18109.67372703895,5.66318573909345,6.662,0.0,6.0,15.05048965591607,1.0,0.0,0.5,0.0,0.0,0.0
BWA,1975,0,0,79.2,8.44625037668546,18270.06444120635,720380.0,11.9747550240953,6.6025,6.0,0.0,9.0,0.0,0.0,0.0,0.0,0.0,0.5,0.0,5,82.9,8.79779521286324,18109.67372703895,5.66318573909345,6.662,0.0,6.0,8.62202279477435,1.0,1.0,0.5,0.0,0.0,0.0
BWA,1976,0,0,75.4,10.647376709045,18270.06444120635,758508.0,11.732423613642,6.6025,6.0,0.0,10.0,0.0,0.0,0.0,0.0,0.0,0.5,0.0,6,79.2,8.44625037668546,18109.67372703895,11.9747550240953,6.662,0.0,6.0,9.54681354286523,1.0,1.0,0.5,0.0,0.0,0.0
BWA,1977,0,0,71.2,12.0120400942666,18270.06444120635,799574.0,13.1687242801079,6.6025,6.0,0.0,11.0,0.0,0.0,0.0,0.0,0.0,0.5,0.0,7,75.4,10.647376709045,18109.67372703895,11.732423613642,6.662,0.0,6.0,11.3297084016558,1.0,1.0,0.5,0.0,0.0,0.0
BWA,1978,0,0,67.3,14.3328015865318,18270.06444120635,849239.0,9.04398827010362,6.6025,6.0,0.0,12.0,0.0,0.0,0.0,0.0,0.0,0.5,0.0,8,71.2,12.0120400942666,18109.67372703895,13.1687242801079,6.662,0.0,6.0,13.172420840399202,1.0,0.0,0.5,0.0,0.0,0.0
BWA,1979,0,0,63.5,12.148588922855,18270.06444120635,901742.0,11.7362306367885,6.6025,6.0,0.0,13.0,0.0,0.0,0.0,0.0,0.0,0.5,0.0,9,67.3,14.3328015865318,18109.67372703895,9.04398827010362,6.662,0.0,6.0,13.2406952546934,1.0,1.0,0.5,0.0,0.0,0.0
BWA,1980,0,0,60.0,11.9869013821421,18270.06444120635,937485.0,13.6324251470895,6.6025,6.0,0.0,14.0,0.0,0.0,0.0,0.0,0.0,0.5,0.0,10,63.5,12.148588922855,18109.67372703895,11.7362306367885,6.662,0.0,6.0,12.06774515249855,1.0,1.0,0.5,0.0,0.0,0.0
BWA,1981,0,0,56.9,9.06485746523946,18270.06444120635,969996.0,16.4280267725712,6.6025,6.0,0.0,15.0,0.0,0.0,0.0,0.0,0.0,0.5,0.0,11,60.0,11.9869013821421,18109.67372703895,13.6324251470895,6.662,0.0,6.0,10.52587942369078,1.0,1.0,0.5,0.0,0.0,0.0
BWA,1982,0,0,54.0,12.1655318563009,18270.06444120635,1009269.0,11.1372064274689,6.6025,6.0,0.0,16.0,0.0,0.0,0.0,0.0,0.0,0.5,0.0,12,56.9,9.06485746523946,18109.67372703895,16.4280267725712,6.662,0.0,6.0,10.615194660770179,1.0,1.0,0.5,0.0,0.0,0.0
BWA,1983,0,0,51.6,13.1467290489757,18270.06444120635,1046137.0,10.4771438105237,6.6025,6.0,0.0,17.0,0.0,0.0,0.0,0.0,0.0,0.5,0.0,13,54.0,12.1655318563009,18109.67372703895,11.1372064274689,6.662,0.0,6.0,12.656130452638301,1.0,1.0,0.5,0.0,0.0,0.0
BWA,1984,0,0,49.5,8.5453836397444,18270.06444120635,1083660.0,8.57746904251906,6.6025,6.0,0.0,18.0,0.0,0.0,0.0,0.0,0.0,0.5,0.0,14,51.6,13.1467290489757,18109.67372703895,10.4771438105237,6.662,0.0,6.0,10.84605634436005,1.0,0.0,0.5,0.0,0.0,0.0
BWA,1985,0,0,47.5,7.12527126873714,18270.06444120635,1121945.0,8.09457579975941,6.6025,6.0,0.0,19.0,0.0,0.0,0.0,0.0,0.0,0.5,0.0,15,49.5,8.5453836397444,18109.67372703895,8.57746904251906,6.662,0.0,6.0,7.835327454240771,1.0,0.0,0.5,0.0,0.0,0.0
BWA,1986,0,0,45.4,8.17292433112134,18270.06444120635,1160650.0,10.0017155606022,6.6025,6.0,0.0,20.0,0.0,0.0,0.0,0.0,0.0,0.5,0.0,16,47.5,7.12527126873714,18109.67372703895,8.09457579975941,6.662,0.0,6.0,7.64909779992924,1.0,1.0,0.5,0.0,0.0,0.0
BWA,1987,0,0,43.4,11.8819281370865,18270.06444120635,1199167.0,9.80193387398675,6.6025,7.0,0.0,21.0,0.0,0.0,0.0,0.0,0.0,0.5,0.0,17,45.4,8.17292433112134,18109.67372703895,10.0017155606022,6.662,0.0,6.0,10.02742623410392,1.0,0.0,0.5,0.0,0.0,0.0
BWA,1988,0,0,41.6,19.4499695097307,18270.06444120635,1235476.0,8.35167956821219,6.6025,7.0,0.0,22.0,0.0,0.0,0.0,0.0,0.0,0.5,0.0,18,43.4,11.8819281370865,18109.67372703895,9.80193387398675,6.662,0.0,7.0,15.6659488234086,1.0,0.0,0.5,0.0,0.0,0.0
BWA,1989,0,0,40.5,13.0594058858571,18270.06444120635,1270274.0,11.5750147473285,6.6025,7.0,0.0,23.0,0.0,0.0,0.0,0.0,0.0,0.5,0.0,19,41.6,19.4499695097307,18109.67372703895,8.35167956821219,6.662,0.0,7.0,16.254687697793898,1.0,1.0,0.5,0.0,0.0,0.0
BWA,1990,0,0,40.0,6.77282195004784,10520.9183978405,1305696.0,11.3963461199556,6.6025,7.0,0.0,24.0,0.0,0.0,0.0,0.0,0.0,0.5,0.0,20,40.5,13.0594058858571,18109.67372703895,11.5750147473285,6.662,0.0,7.0,9.916113917952469,1.0,1.0,0.5,0.0,0.0,0.0
BWA,1991,0,0,39.8,7.45870921940397,11001.8013588128,1341756.0,11.7650160839535,13.82,7.0,0.0,25.0,0.0,0.0,0.0,0.0,0.0,0.5,0.0,21,40.0,6.77282195004784,10520.9183978405,11.3963461199556,6.662,0.0,7.0,7.115765584725905,1.0,1.0,0.5,0.0,0.0,0.0
BWA,1992,0,0,40.5,2.91707018751026,11008.6810214184,1380033.0,16.1676123963339,16.33,7.0,0.0,26.0,0.0,0.0,0.0,0.0,0.0,0.5,0.0,22,39.8,7.45870921940397,11001.8013588128,11.7650160839535,13.82,0.0,7.0,5.187889703457115,1.0,1.0,0.5,0.0,0.0,0.0
BWA,1993,0,0,41.2,1.9161070518754,10902.9512774946,1420115.0,14.3308033365888,18.761,7.0,0.0,27.0,0.0,0.0,0.0,0.0,0.0,0.5,0.0,23,40.5,2.91707018751026,11008.6810214184,16.1676123963339,16.33,0.0,7.0,2.41658861969283,1.0,1.0,0.5,0.0,0.0,0.0
BWA,1994,0,0,42.0,3.62791615172975,10989.6700551057,1460023.0,10.5429209938218,21.2,7.0,0.0,28.0,0.0,0.0,0.0,0.0,0.0,0.5,0.0,24,41.2,1.9161070518754,10902.9512774946,14.3308033365888,18.761,0.0,7.0,2.772011601802575,1.0,1.0,0.5,0.0,0.0,0.0
BWA,1995,0,0,40.6,7.03041024834083,11457.6994362472,1498836.0,10.512546081579,21.394,7.0,0.0,29.0,0.0,0.0,0.0,0.0,0.0,0.5,0.0,25,42.0,3.62791615172975,10989.6700551057,10.5429209938218,21.2,0.0,7.0,5.32916320003529,1.0,1.0,0.5,0.0,0.0,0.0
BWA,1996,0,0,40.7,5.82980001379714,11832.9387782379,1535914.0,10.0828580652108,21.593,7.0,0.0,30.0,0.0,0.0,0.0,0.0,0.0,0.5,0.0,26,40.6,7.03041024834083,11457.6994362472,10.512546081579,21.394,0.0,7.0,6.430105131068985,1.0,1.0,0.5,0.0,0.0,0.0
BWA,1997,0,0,40.4,8.32589088396591,12526.352236393,1571691.0,8.71993127147747,21.031,8.0,0.0,31.0,0.0,0.0,0.0,0.0,0.0,0.5,0.0,27,40.7,5.82980001379714,11832.9387782379,10.0828580652108,21.593,0.0,7.0,7.077845448881525,1.0,0.0,0.5,0.0,0.0,0.0
BWA,1998,0,0,39.8,0.443663586075374,12306.250477233,1606899.0,6.66139865665752,20.86,8.0,0.0,32.0,0.0,0.0,0.0,0.0,0.0,0.5,0.0,28,40.4,8.32589088396591,12526.352236393,8.71993127147747,21.031,0.0,8.0,4.384777235020642,1.0,0.0,0.5,0.0,0.0,0.0
BWA,1999,0,0,39.9,9.66724070276106,13207.447346512,1641997.0,7.74929619202848,18.224,8.0,0.0,33.0,0.0,0.0,0.0,0.0,0.0,0.5,0.0,29,39.8,0.443663586075374,12306.250477233,6.66139865665752,20.86,0.0,8.0,5.055452144418217,1.0,0.0,0.5,0.0,0.0,0.0
BWA,2000,0,0,39.4,1.98769583378552,13185.8171514278,1677382.0,8.60148514851491,15.88,8.0,0.0,34.0,0.0,0.0,0.0,0.0,0.0,0.5,0.0,30,39.9,9.66724070276106,13207.447346512,7.74929619202848,18.224,0.0,8.0,5.8274682682732895,1.0,0.0,0.5,0.0,0.0,0.0
BWA,2001,0,0,39.0,0.250573949689084,12949.6403104655,1712254.0,6.55903767014862,18.54,8.0,0.0,35.0,0.0,0.0,0.0,0.0,0.0,0.5,0.0,31,39.4,1.98769583378552,13185.8171514278,8.60148514851491,15.88,0.0,8.0,1.119134891737302,1.0,0.0,0.5,0.0,0.0,0.0
BWA,2002,0,0,39.7,6.06953087648317,13479.6960719923,1744763.0,8.03279662527486,21.277,8.0,0.0,36.0,0.0,0.0,0.0,0.0,0.0,0.5,0.0,32,39.0,0.250573949689084,12949.6403104655,6.55903767014862,18.54,0.0,8.0,3.160052413086127,1.0,0.0,0.5,0.0,0.0,0.0
BWA,2003,0,0,41.4,4.62589474959299,13857.2588264737,1775736.0,9.18990265632739,23.8,8.0,0.0,37.0,0.0,0.0,0.0,0.0,0.0,0.5,0.0,33,39.7,6.06953087648317,13479.6960719923,8.03279662527486,21.277,0.0,8.0,5.34771281303808,1.0,0.0,0.5,0.0,0.0,0.0
BWA,2004,0,0,44.0,2.70582170611173,13984.8415112641,1807146.0,6.94570363654675,21.755,8.0,0.0,38.0,0.0,0.0,0.0,0.0,0.0,0.5,0.0,34,41.4,4.62589474959299,13857.2588264737,9.18990265632739,23.8,0.0,8.0,3.66585822785236,1.0,0.0,0.5,0.0,0.0,0.0
BWA,2005,0,0,43.6,4.55664565323181,14361.9576327759,1839877.0,8.6102252854644,19.852,8.0,0.0,39.0,0.0,0.0,0.0,0.0,0.0,0.5,0.0,35,44.0,2.70582170611173,13984.8415112641,6.94570363654675,21.755,0.0,8.0,3.63123367967177,1.0,0.0,0.5,0.0,0.0,0.0
BWA,2006,0,0,45.8,8.36387109282306,15275.5828811117,1874516.0,11.5552187914379,17.782,8.0,0.0,40.0,0.0,0.0,0.0,0.0,0.0,0.5,0.0,36,43.6,4.55664565323181,14361.9576327759,8.6102252854644,19.852,0.0,8.0,6.460258373027435,1.0,1.0,0.5,0.0,0.0,0.0
BWA,2007,0,0,50.3,5.79255577727118,15850.2343496231,1911201.0,7.08099847172693,16.976,8.0,0.0,41.0,0.0,0.0,0.0,0.0,0.0,0.5,0.0,37,45.8,8.36387109282306,15275.5828811117,11.5552187914379,17.782,0.0,8.0,7.07821343504712,1.0,0.0,0.5,0.0,0.0,0.0
BWA,2008,0,0,52.8,3.25207295796832,16040.3153236098,1949970.0,12.7021883920076,16.293,8.0,0.0,42.0,0.0,0.0,0.0,0.0,0.0,0.5,0.0,38,50.3,5.79255577727118,15850.2343496231,7.08099847172693,16.976,0.0,8.0,4.5223143676197495,1.0,1.0,0.5,0.0,0.0,0.0
BWA,2009,0,0,52.5,-14.1442346163423,13489.9509168296,1990673.0,8.02729703109582,16.169,8.0,0.0,43.0,0.0,0.0,0.0,0.0,0.0,0.5,0.0,39,52.8,3.25207295796832,16040.3153236098,12.7021883920076,16.293,0.0,8.0,-5.4460808291869895,1.0,0.0,0.5,0.0,0.0,0.0
BWA,2010,0,0,53.3,10.119723322694,14545.0198074427,2033111.0,6.94887658743103,17.86,8.0,0.0,44.0,0.0,0.0,0.0,0.0,0.0,0.5,0.0,40,52.5,-14.1442346163423,13489.9509168296,8.02729703109582,16.169,0.0,8.0,-2.0122556468241495,1.0,0.0,0.5,0.0,0.0,0.0
BWA,2011,0,0,54.3,6.83841052493574,15236.7188843522,2073535.0,8.45987233408583,18.049,8.0,0.0,45.0,0.0,0.0,0.0,0.0,0.0,0.5,0.0,41,53.3,10.119723322694,14545.0198074427,6.94887658743103,17.86,0.0,8.0,8.479066923814871,1.0,0.0,0.5,0.0,0.0,0.0
BWA,2012,0,0,49.5,-0.170857099335691,14957.6189142932,2108617.0,7.53690261091916,17.916,8.0,0.0,46.0,0.0,0.0,0.0,0.0,0.0,0.5,0.0,42,54.3,6.83841052493574,15236.7188843522,8.45987233408583,18.049,0.0,8.0,3.3337767128000255,1.0,0.0,0.5,0.0,0.0,0.0
BWA,2013,0,0,47.0,11.1029068737822,16369.4252971454,2140682.0,5.88460707056817,18.167,8.0,0.0,47.0,0.0,0.0,0.0,0.0,0.0,0.5,0.0,43,49.5,-0.170857099335691,14957.6189142932,7.53690261091916,17.916,0.0,8.0,5.466024887223256,1.0,0.0,0.5,0.0,0.0,0.0
BWA,2014,0,0,46.2,5.69714422072884,17052.1924105361,2172044.0,4.40225309243427,18.484,8.0,0.0,48.0,0.0,0.0,0.0,0.0,0.0,0.5,0.0,44,47.0,11.1029068737822,16369.4252971454,5.88460707056817,18.167,0.0,8.0,8.400025547255522,1.0,0.0,0.5,0.0,0.0,0.0
BWA,2015,0,0,44.2,-4.85132507409779,15994.9643042101,2203273.0,3.06203169580558,18.915,8.0,0.0,49.0,0.0,0.0,0.0,0.0,0.0,0.5,0.0,45,46.2,5.69714422072884,17052.1924105361,4.40225309243427,18.484,0.0,8.0,0.4229095733155268,1.0,0.0,0.5,0.0,0.0,0.0
BWA,2016,0,0,42.8,7.20442475914267,16905.588740873,2234776.0,2.81495791361944,19.328,8.0,0.0,50.0,0.0,0.0,0.0,0.0,0.0,0.5,0.0,46,44.2,-4.85132507409779,15994.9643042101,3.06203169580558,18.915,0.0,8.0,1.1765498425224417,1.0,0.0,0.5,0.0,0.0,0.0
BWA,2017,0,0,40.0,4.11437856445083,17352.8958451454,2266747.0,3.30828076768219,19.671,8.0,0.0,51.0,0.0,0.0,0.0,0.0,0.0,0.5,0.0,47,42.8,7.20442475914267,16905.588740873,2.81495791361944,19.328,0.0,8.0,5.6594016617967515,1.0,0.0,0.5,0.0,0.0,0.0
BWA,2018,0,0,38.7,4.18869237159223,17825.018569213,2299141.0,3.23801558947715,19.665,8.0,0.0,52.0,0.0,0.0,0.0,0.0,0.0,0.5,0.0,48,40.0,4.11437856445083,17352.8958451454,3.30828076768219,19.671,0.0,8.0,4.151535468021532,1.0,0.0,0.5,0.0,0.0,0.0
BWA,2019,0,0,37.4,3.0317733945467,18106.0105471124,2332083.0,2.77286442863321,20.094,8.0,0.0,52.0,0.0,0.0,0.0,0.0,0.0,0.5,0.0,49,38.7,4.18869237159223,17825.018569213,3.23801558947715,19.665,0.0,8.0,3.610232883069467,1.0,0.0,0.5,0.0,0.0,0.0
BWA,2020,0,0,36.5,-8.72888243996397,16289.3913582645,2365894.0,1.8903591682421,21.017,8.0,0.0,52.0,0.0,0.0,0.0,0.0,0.0,0.5,0.0,50,37.4,3.0317733945467,18106.0105471124,2.77286442863321,20.094,0.0,8.0,-2.848554522708633,1.0,0.0,0.5,0.0,0.0,0.0
BWA,2021,0,0,35.4,11.9162724376008,17960.6254447437,2401441.0,7.24097765588442,23.106,8.0,0.0,52.0,0.0,0.0,0.0,0.0,0.0,0.5,0.0,51,36.5,-8.72888243996397,16289.3913582645,1.8903591682421,21.017,0.0,8.0,1.5936949988184166,1.0,0.0,0.5,0.0,0.0,0.0
BWA,2022,0,0,34.3,5.48601706446772,18647.3734588832,2439892.0,11.665567478802,23.615,8.0,0.0,52.0,0.0,0.0,0.0,0.0,0.0,0.5,0.0,52,35.4,11.9162724376008,17960.6254447437,7.24097765588442,23.106,0.0,8.0,8.701144751034262,1.0,1.0,0.5,0.0,0.0,0.0
BWA,2023,0,0,33.3,3.20806812224438,18932.4802712334,2480244.0,5.0676154934383,23.381,8.0,0.0,52.0,0.0,0.0,0.0,0.0,0.0,0.5,0.0,53,34.3,5.48601706446772,18647.3734588832,11.665567478802,23.615,0.0,8.0,4.347042593356052,1.0,0.0,0.5,0.0,0.0,0.0
BWA,2024,0,0,32.1,-2.77988981666252,18107.614452913,2521139.0,2.81835131676251,23.81,8.0,0.0,52.0,0.0,0.0,0.0,0.0,0.0,0.5,0.0,54,33.3,3.20806812224438,18932.4802712334,5.0676154934383,23.381,0.0,8.0,0.21408915279093166,1.0,0.0,0.5,0.0,0.0,0.0
CAN,1970,0,0,18.5,2.91871305007516,18270.06444120635,21324000.0,3.34603981363832,6.6025,10.0,0.0,82.0,0.0,0.0,0.0,0.0,0.0,0.5,0.0,0,18.4,3.53620866972961,18109.67372703895,5.66318573909345,6.662,0.0,8.0,2.91871305007516,1.0,0.0,0.5,0.0,0.0,0.0
CAN,1971,0,0,17.6,4.01884505535331,18270.06444120635,21962032.0,2.70491803278685,6.6025,10.0,0.0,83.0,0.0,0.0,0.0,0.0,0.0,0.5,0.0,1,18.5,2.91871305007516,18109.67372703895,3.34603981363832,6.662,0.0,10.0,3.4687790527142353,0.0,0.0,0.0,0.0,0.0,0.0
CAN,1972,0,0,16.7,5.51966992842571,18270.06444120635,22218463.0,4.98802873104551,6.6025,10.0,0.0,84.0,0.0,0.0,0.0,0.0,0.0,0.5,0.0,2,17.6,4.01884505535331,18109.67372703895,2.70491803278685,6.662,0.0,10.0,4.76925749188951,0.0,0.0,0.0,0.0,0.0,0.0
CAN,1973,0,0,15.9,6.72864152445543,18270.06444120635,22491777.0,7.48764728240211,6.6025,10.0,0.0,85.0,0.0,0.0,0.0,0.0,0.0,0.5,0.0,3,16.7,5.51966992842571,18109.67372703895,4.98802873104551,6.662,0.0,10.0,6.12415572644057,0.0,0.0,0.0,0.0,0.0,0.0
CAN,1974,0,0,15.0,3.35777594002199,18270.06444120635,22807969.0,10.997171145686,6.6025,10.0,0.0,86.0,0.0,0.0,0.0,0.0,0.0,0.5,0.0,4,15.9,6.72864152445543,18109.67372703895,7.48764728240211,6.662,0.0,10.0,5.0432087322387105,0.0,1.0,0.0,0.0,0.0,0.0
CAN,1975,0,0,14.1,1.5454033371204,18270.06444120635,23143275.0,10.672188595094,6.6025,10.0,0.0,87.0,0.0,0.0,0.0,0.0,0.0,0.5,0.0,5,15.0,3.35777594002199,18109.67372703895,10.997171145686,6.662,0.0,10.0,2.4515896385711953,0.0,1.0,0.0,0.0,0.0,0.0
CAN,1976,0,0,13.3,5.88927591475903,18270.06444120635,23449808.0,7.54173862982148,6.6025,10.0,0.0,88.0,0.0,0.0,0.0,0.0,0.0,0.5,0.0,6,14.1,1.5454033371204,18109.67372703895,10.672188595094,6.662,0.0,10.0,3.7173396259397147,0.0,0.0,0.0,0.0,0.0,0.0
CAN,1977,0,0,12.5,3.53482658557137,18270.06444120635,23725843.0,7.9764453961457,6.6025,10.0,0.0,89.0,0.0,0.0,0.0,0.0,0.0,0.5,0.0,7,13.3,5.88927591475903,18109.67372703895,7.54173862982148,6.662,0.0,10.0,4.712051250165199,0.0,0.0,0.0,0.0,0.0,0.0
CAN,1978,0,0,11.7,3.73597640512338,18270.06444120635,23963203.0,8.97372335151214,6.6025,10.0,0.0,90.0,0.0,0.0,0.0,0.0,0.0,0.5,0.0,8,12.5,3.53482658557137,18109.67372703895,7.9764453961457,6.662,0.0,10.0,3.635401495347375,0.0,0.0,0.0,0.0,0.0,0.0
CAN,1979,1,0,11.0,3.72519945403704,18270.06444120635,24201544.0,9.14467697907181,6.6025,10.0,0.0,91.0,0.0,0.0,0.0,0.0,0.0,0.5,0.0,9,11.7,3.73597640512338,18109.67372703895,8.97372335151214,6.662,0.0,10.0,3.73058792958021,0.0,0.0,0.0,0.0,0.0,0.0
CAN,1980,1,0,10.3,2.17719922747995,18270.06444120635,24515667.0,10.1292205085453,6.6025,10.0,0.0,92.0,0.0,0.0,0.0,0.0,0.0,0.5,0.0,0,11.0,3.72519945403704,18109.67372703895,9.14467697907181,6.662,0.0,10.0,2.951199340758495,0.0,1.0,0.0,0.0,0.0,0.0
CAN,1981,0,0,9.7,3.41506517464589,18270.06444120635,24819915.0,12.4716124148372,6.6025,10.0,0.0,93.0,0.0,0.0,0.0,0.0,0.0,0.5,0.0,0,10.3,2.17719922747995,18109.67372703895,10.1292205085453,6.662,0.0,10.0,2.79613220106292,0.0,1.0,0.0,0.0,0.0,0.0
CAN,1982,0,0,9.2,-3.16615029457148,18270.06444120635,25116942.0,10.7689718997139,6.6025,10.0,0.0,94.0,0.0,0.0,0.0,0.0,0.0,0.5,0.0,1,9.7,3.41506517464589,18109.67372703895,12.4716124148372,6.662,0.0,10.0,0.12445744003720494,0.0,1.0,0.0,0.0,0.0,0.0
CAN,1983,0,0,8.7,2.56225365883793,18270.06444120635,25366451.0,5.86358802977368,6.6025,10.0,0.0,95.0,0.0,0.0,0.0,0.0,0.0,0.5,0.0,2,9.2,-3.16615029457148,18109.67372703895,10.7689718997139,6.662,0.0,10.0,-0.301948317866775,0.0,0.0,0.0,0.0,0.0,0.0
CAN,1984,1,0,8.3,5.89856946503677,18270.06444120635,25607053.0,4.30477830391737,6.6025,10.0,0.0,96.0,0.0,0.0,0.0,0.0,0.0,0.5,0.0,3,8.7,2.56225365883793,18109.67372703895,5.86358802977368,6.662,0.0,10.0,4.23041156193735,0.0,0.0,0.0,0.0,0.0,0.0
CAN,1985,0,0,8.0,4.73768071614444,18270.06444120635,25842116.0,3.96203054065205,6.6025,10.0,0.0,97.0,0.0,0.0,0.0,0.0,0.0,0.5,0.0,0,8.3,5.89856946503677,18109.67372703895,4.30477830391737,6.662,0.0,10.0,5.3181250905906055,0.0,0.0,0.0,0.0,0.0,0.0
CAN,1986,0,0,7.7,2.12148088392294,18270.06444120635,26100278.0,4.19478629085621,6.6025,10.0,0.0,98.0,0.0,0.0,0.0,0.0,0.0,0.5,0.0,1,8.0,4.73768071614444,18109.67372703895,3.96203054065205,6.662,0.0,10.0,3.42958080003369,0.0,0.0,0.0,0.0,0.0,0.0
CAN,1987,0,0,7.5,4.07201567327779,18270.06444120635,26446601.0,4.3561087122174,6.6025,10.0,0.0,99.0,0.0,0.0,0.0,0.0,0.0,0.5,0.0,2,7.7,2.12148088392294,18109.67372703895,4.19478629085621,6.662,0.0,10.0,3.0967482786003653,0.0,0.0,0.0,0.0,0.0,0.0
CAN,1988,0,0,7.3,4.41083906453277,18270.06444120635,26791747.0,4.02823414871611,6.6025,10.0,0.0,100.0,0.0,0.0,0.0,0.0,0.0,0.5,0.0,3,7.5,4.07201567327779,18109.67372703895,4.3561087122174,6.662,0.0,10.0,4.24142736890528,0.0,0.0,0.0,0.0,0.0,0.0
CAN,1989,0,0,7.0,2.33732982035617,18270.06444120635,27276781.0,4.98362189985958,6.6025,10.0,0.0,101.0,0.0,0.0,0.0,0.0,0.0,0.5,0.0,4,7.3,4.41083906453277,18109.67372703895,4.02823414871611,6.662,0.0,10.0,3.3740844424444703,0.0,0.0,0.0,0.0,0.0,0.0
CAN,1990,0,0,6.8,0.202947848289654,40475.096436631,27691138.0,4.78047693336304,6.6025,10.0,0.0,102.0,0.0,0.0,0.0,0.0,0.0,0.5,0.0,5,7.0,2.33732982035617,18109.67372703895,4.98362189985958,6.662,0.0,10.0,1.270138834322912,0.0,0.0,0.0,0.0,0.0,0.0
CAN,1991,0,0,6.6,-2.09105516498515,39139.2968301857,28037420.0,5.62586408593005,10.316,10.0,0.0,103.0,0.0,0.0,0.0,0.0,0.0,0.5,0.0,6,6.8,0.202947848289654,40475.096436631,4.78047693336304,6.662,0.0,10.0,-0.9440536583477479,0.0,0.0,0.0,0.0,0.0,0.0
CAN,1992,0,0,6.4,0.890466243956382,39023.1668132004,28371264.0,1.49013290374545,11.197,10.0,0.0,104.0,0.0,0.0,0.0,0.0,0.0,0.5,0.0,7,6.6,-2.09105516498515,39139.2968301857,5.62586408593005,10.316,0.0,10.0,-0.600294460514384,0.0,0.0,0.0,0.0,0.0,0.0
CAN,1993,1,0,6.2,2.65770683842972,39622.4634110923,28684764.0,1.86507936507939,11.377,10.0,0.0,105.0,0.0,0.0,0.0,0.0,0.0,0.5,0.0,8,6.4,0.890466243956382,39023.1668132004,1.49013290374545,11.197,0.0,10.0,1.7740865411930509,0.0,0.0,0.0,0.0,0.0,0.0
CAN,1994,0,0,6.0,4.49404933882288,40952.1197737093,29000663.0,0.165562913907291,10.395,10.0,0.0,106.0,0.0,0.0,0.0,0.0,0.0,0.5,0.0,0,6.2,2.65770683842972,39622.4634110923,1.86507936507939,11.377,0.0,10.0,3.5758780886263004,0.0,0.0,0.0,0.0,0.0,0.0
CAN,1995,0,0,5.8,2.68232826962129,41617.706919569,29302311.0,2.14876033057849,9.489,10.0,0.0,107.0,0.0,0.0,0.0,0.0,0.0,0.5,0.0,1,6.0,4.49404933882288,40952.1197737093,0.165562913907291,10.395,0.0,10.0,3.5881888042220855,0.0,0.0,0.0,0.0,0.0,0.0
CAN,1996,0,0,5.6,1.68896122145787,41880.535589577,29610218.0,1.57053112507138,9.62,10.0,0.0,108.0,0.0,0.0,0.0,0.0,0.0,0.5,0.0,2,5.8,2.68232826962129,41617.706919569,2.14876033057849,9.489,0.0,10.0,2.18564474553958,0.0,0.0,0.0,0.0,0.0,0.0
CAN,1997,0,0,5.5,4.28016680422402,43241.2236471729,29905948.0,1.62121638084531,9.1,10.0,0.0,109.0,0.0,0.0,0.0,0.0,0.0,0.5,0.0,3,5.6,1.68896122145787,41880.535589577,1.57053112507138,9.62,0.0,10.0,2.9845640128409454,0.0,0.0,0.0,0.0,0.0,0.0
CAN,1998,0,0,5.4,3.89288658501088,44553.2651715658,30155173.0,0.99594245665802,8.278,10.0,0.0,110.0,0.0,0.0,0.0,0.0,0.0,0.5,0.0,4,5.5,4.28016680422402,43241.2236471729,1.62121638084531,9.1,0.0,10.0,4.086526694617451,0.0,0.0,0.0,0.0,0.0,0.0
CAN,1999,0,0,5.3,5.14100348449622,46464.5274488374,30401286.0,1.73484295105918,7.583,10.0,0.0,111.0,0.0,0.0,0.0,0.0,0.0,0.5,0.0,5,5.4,3.89288658501088,44553.2651715658,0.99594245665802,8.278,0.0,10.0,4.51694503475355,0.0,0.0,0.0,0.0,0.0,0.0
CAN,2000,0,0,5.3,5.13853918994158,48399.2864445547,30685730.0,2.71943995691976,6.829,10.0,0.0,112.0,0.0,0.0,0.0,0.0,0.0,0.5,0.0,6,5.3,5.14100348449622,46464.5274488374,1.73484295105918,7.583,0.0,10.0,5.1397713372189004,0.0,0.0,0.0,0.0,0.0,0.0
CAN,2001,0,0,5.3,1.87509813099847,48774.1483226516,31020855.0,2.52512013979906,7.219,10.0,0.0,113.0,0.0,0.0,0.0,0.0,0.0,0.5,0.0,7,5.3,5.13853918994158,48399.2864445547,2.71943995691976,6.829,0.0,10.0,3.5068186604700253,0.0,0.0,0.0,0.0,0.0,0.0
CAN,2002,0,0,5.3,2.99925533832644,49694.9870914363,31359199.0,2.25839440940855,7.665,10.0,0.0,114.0,0.0,0.0,0.0,0.0,0.0,0.5,0.0,8,5.3,1.87509813099847,48774.1483226516,2.52512013979906,7.219,0.0,10.0,2.437176734662455,0.0,0.0,0.0,0.0,0.0,0.0
CAN,2003,0,0,5.3,1.8063851195103,50139.7664579994,31642461.0,2.75856321360112,7.574,10.0,0.0,115.0,0.0,0.0,0.0,0.0,0.0,0.5,0.0,9,5.3,2.99925533832644,49694.9870914363,2.25839440940855,7.665,0.0,10.0,2.4028202289183698,0.0,0.0,0.0,0.0,0.0,0.0
CAN,2004,0,0,5.3,3.09236381038156,51210.6593966138,31938807.0,1.85725871857256,7.185,10.0,0.0,116.0,0.0,0.0,0.0,0.0,0.0,0.5,0.0,10,5.3,1.8063851195103,50139.7664579994,2.75856321360112,7.574,0.0,10.0,2.44937446494593,0.0,0.0,0.0,0.0,0.0,0.0
CAN,2005,0,0,5.2,3.21045441502793,52356.5371486354,32242732.0,2.21355203439767,6.758,10.0,0.0,117.0,0.0,0.0,0.0,0.0,0.0,0.5,0.0,11,5.3,3.09236381038156,51210.6593966138,1.85725871857256,7.185,0.0,10.0,3.151409112704745,0.0,0.0,0.0,0.0,0.0,0.0
CAN,2006,1,0,5.2,2.63794375302722,53195.7608573851,32571193.0,2.00202539534161,6.484,10.0,0.0,118.0,0.0,0.0,0.0,0.0,0.0,0.5,0.0,12,5.2,3.21045441502793,52356.5371486354,2.21355203439767,6.758,0.0,10.0,2.924199084027575,0.0,0.0,0.0,0.0,0.0,0.0
CAN,2007,0,0,5.2,2.04990459443619,53761.8407991685,32888886.0,2.13838399266837,6.156,10.0,0.0,119.0,0.0,0.0,0.0,0.0,0.0,0.5,0.0,0,5.2,2.63794375302722,53195.7608573851,2.00202539534161,6.484,0.0,10.0,2.343924173731705,0.0,0.0,0.0,0.0,0.0,0.0
CAN,2008,0,0,5.1,0.995406371264522,53711.6580329654,33247298.0,2.37027067444299,6.284,10.0,0.0,120.0,0.0,0.0,0.0,0.0,0.0,0.5,0.0,1,5.2,2.04990459443619,53761.8407991685,2.13838399266837,6.156,0.0,10.0,1.522655482850356,0.0,0.0,0.0,0.0,0.0,0.0
CAN,2009,0,0,5.0,-2.91508627059555,51552.4020321975,33630069.0,0.299466803009299,8.46,10.0,0.0,121.0,0.0,0.0,0.0,0.0,0.0,0.5,0.0,2,5.1,0.995406371264522,53711.6580329654,2.37027067444299,6.284,0.0,10.0,-0.9598399496655141,0.0,0.0,0.0,0.0,0.0,0.0
CAN,2010,0,0,5.0,3.09080633744851,52558.4200617806,34005902.0,1.77687154092627,8.178,10.0,0.0,122.0,0.0,0.0,0.0,0.0,0.0,0.5,0.0,3,5.0,-2.91508627059555,51552.4020321975,0.299466803009299,8.46,0.0,10.0,0.08786003342648008,0.0,0.0,0.0,0.0,0.0,0.0
CAN,2011,0,0,4.9,3.1371944343876,53681.1084809345,34339221.0,2.91213508872351,7.637,10.0,0.0,123.0,0.0,0.0,0.0,0.0,0.0,0.5,0.0,4,5.0,3.09080633744851,52558.4200617806,1.77687154092627,8.178,0.0,10.0,3.114000385918055,0.0,0.0,0.0,0.0,0.0,0.0
CAN,2012,0,0,4.8,1.75566133205234,54034.7821680318,34713395.0,1.51567823124517,7.392,10.0,0.0,124.0,0.0,0.0,0.0,0.0,0.0,0.5,0.0,5,4.9,3.1371944343876,53681.1084809345,2.91213508872351,7.637,0.0,10.0,2.44642788321997,0.0,0.0,0.0,0.0,0.0,0.0
CAN,2013,0,0,4.8,2.32581356612762,54712.1568593677,35080992.0,0.938291897815317,7.143,10.0,0.0,125.0,0.0,0.0,0.0,0.0,0.0,0.5,0.0,6,4.8,1.75566133205234,54034.7821680318,1.51567823124517,7.392,0.0,10.0,2.0407374490899803,0.0,0.0,0.0,0.0,0.0,0.0
CAN,2014,0,0,4.7,2.87346675579731,55723.4615652506,35434066.0,1.90663590717861,7.023,10.0,0.0,126.0,0.0,0.0,0.0,0.0,0.0,0.5,0.0,7,4.8,2.32581356612762,54712.1568593677,0.938291897815317,7.143,0.0,10.0,2.599640160962465,0.0,0.0,0.0,0.0,0.0,0.0
CAN,2015,1,0,4.6,0.64997101491096,55660.8455840759,35704498.0,1.12524136094277,6.945,10.0,0.0,127.0,0.0,0.0,0.0,0.0,0.0,0.5,0.0,8,4.7,2.87346675579731,55723.4615652506,1.90663590717861,7.023,0.0,10.0,1.7617188853541352,0.0,0.0,0.0,0.0,0.0,0.0
CAN,2016,0,0,4.6,1.03855091989323,55606.1329948184,36110803.0,1.42875954701085,7.038,10.0,0.0,128.0,0.0,0.0,0.0,0.0,0.0,0.5,0.0,0,4.6,0.64997101491096,55660.8455840759,1.12524136094277,6.945,0.0,10.0,0.8442609674020951,0.0,0.0,0.0,0.0,0.0,0.0
CAN,2017,0,0,4.5,3.03383491841392,56612.3062191777,36545075.0,1.59688412852977,6.426,10.0,0.0,129.0,0.0,0.0,0.0,0.0,0.0,0.5,0.0,1,4.6,1.03855091989323,55606.1329948184,1.42875954701085,7.038,0.0,10.0,2.0361929191535753,0.0,0.0,0.0,0.0,0.0,0.0
CAN,2018,0,0,4.5,2.74296341402246,57337.4682870033,37072620.0,2.26822567248103,5.837,10.0,0.0,130.0,0.0,0.0,0.0,0.0,0.0,0.5,0.0,2,4.5,3.03383491841392,56612.3062191777,1.59688412852977,6.426,0.0,10.0,2.88839916621819,0.0,0.0,0.0,0.0,0.0,0.0
CAN,2019,0,0,4.5,1.90843193887251,57583.8230739204,37618495.0,1.94926902411593,5.69,10.0,0.0,130.0,0.0,0.0,0.0,0.0,0.0,0.5,0.0,3,4.5,2.74296341402246,57337.4682870033,2.26822567248103,5.837,0.0,10.0,2.325697676447485,0.0,0.0,0.0,0.0,0.0,0.0
CAN,2020,0,0,4.5,-5.03823342794087,54092.8576890836,38028638.0,0.716999632307827,9.657,10.0,0.0,130.0,0.0,0.0,0.0,0.0,0.0,0.5,0.0,4,4.5,1.90843193887251,57583.8230739204,1.94926902411593,5.69,0.0,10.0,-1.56490074453418,0.0,0.0,0.0,0.0,0.0,0.0
CAN,2021,0,0,4.6,5.95052804984759,56995.0952020711,38239864.0,3.39519318527528,7.527,10.0,0.0,130.0,0.0,0.0,0.0,0.0,0.0,0.5,0.0,5,4.5,-5.03823342794087,54092.8576890836,0.716999632307827,9.657,0.0,10.0,0.45614731095336003,0.0,0.0,0.0,0.0,0.0,0.0
CAN,2022,0,0,4.6,4.69541985045903,58583.1299860138,38950132.0,6.80280115341613,5.279,10.0,0.0,130.0,0.0,0.0,0.0,0.0,0.0,0.5,0.0,6,4.6,5.95052804984759,56995.0952020711,3.39519318527528,7.527,0.0,10.0,5.32297395015331,0.0,0.0,0.0,0.0,0.0,0.0
CAN,2023,0,0,4.7,1.95308552199025,58088.3778077995,40049088.0,3.87900159788426,5.415,10.0,0.0,130.0,0.0,0.0,0.0,0.0,0.0,0.5,0.0,7,4.6,4.69541985045903,58583.1299860138,6.80280115341613,5.279,0.0,10.0,3.3242526862246398,0.0,0.0,0.0,0.0,0.0,0.0
CAN,2024,0,0,4.7,2.04626605401701,57534.0915185335,41262329.0,2.38158383281173,6.351,10.0,0.0,130.0,0.0,0.0,0.0,0.0,0.0,0.5,0.0,8,4.7,1.95308552199025,58088.3778077995,3.87900159788426,5.415,0.0,10.0,1.9996757880036302,0.0,0.0,0.0,0.0,0.0,0.0
CHE,1970,0,0,15.0,6.47367386674536,18270.06444120635,6180877.0,3.61598678629524,6.6025,10.0,0.0,122.0,0.0,0.0,0.0,0.0,0.0,0.5,0.0,0,18.4,3.53620866972961,18109.67372703895,5.66318573909345,6.662,0.0,8.0,6.47367386674536,0.0,0.0,0.0,0.0,0.0,0.0
CHE,1971,0,0,14.3,0.944646267325481,18270.06444120635,6213399.0,6.57322111925785,6.6025,10.0,0.0,123.0,0.0,0.0,0.0,0.0,0.0,0.5,0.0,1,15.0,6.47367386674536,18109.67372703895,3.61598678629524,6.662,0.0,10.0,3.7091600670354206,0.0,0.0,0.0,0.0,0.0,0.0
CHE,1972,0,0,13.6,2.28873880124212,18270.06444120635,6260956.0,6.66000704160245,6.6025,10.0,0.0,124.0,0.0,0.0,0.0,0.0,0.0,0.5,0.0,2,14.3,0.944646267325481,18109.67372703895,6.57322111925785,6.662,0.0,10.0,1.6166925342838006,0.0,0.0,0.0,0.0,0.0,0.0
CHE,1973,0,0,12.8,3.96798105498392,18270.06444120635,6307347.0,8.75467033024633,6.6025,10.0,0.0,125.0,0.0,0.0,0.0,0.0,0.0,0.5,0.0,3,13.6,2.28873880124212,18109.67372703895,6.66000704160245,6.662,0.0,10.0,3.12835992811302,0.0,0.0,0.0,0.0,0.0,0.0
CHE,1974,0,0,12.0,3.19819566983648,18270.06444120635,6341405.0,9.76741431913027,6.6025,10.0,0.0,126.0,0.0,0.0,0.0,0.0,0.0,0.5,0.0,4,12.8,3.96798105498392,18109.67372703895,8.75467033024633,6.662,0.0,10.0,3.5830883624102,0.0,0.0,0.0,0.0,0.0,0.0
CHE,1975,0,0,11.2,2.55286257007239,18270.06444120635,6338632.0,6.69659522507839,6.6025,10.0,0.0,127.0,0.0,0.0,0.0,0.0,0.0,0.5,0.0,5,12.0,3.19819566983648,18109.67372703895,9.76741431913027,6.662,0.0,10.0,2.875529119954435,0.0,0.0,0.0,0.0,0.0,0.0
CHE,1976,0,0,10.5,1.05810474369396,18270.06444120635,6302504.0,1.71547632285653,6.6025,10.0,0.0,128.0,0.0,0.0,0.0,0.0,0.0,0.5,0.0,6,11.2,2.55286257007239,18109.67372703895,6.69659522507839,6.662,0.0,10.0,1.805483656883175,0.0,0.0,0.0,0.0,0.0,0.0
CHE,1977,0,0,9.8,-1.59625851921649,18270.06444120635,6281174.0,1.29599916278313,6.6025,10.0,0.0,129.0,0.0,0.0,0.0,0.0,0.0,0.5,0.0,7,10.5,1.05810474369396,18109.67372703895,1.71547632285653,6.662,0.0,10.0,-0.26907688776126504,0.0,0.0,0.0,0.0,0.0,0.0
CHE,1978,0,0,9.2,1.75154796226502,18270.06444120635,6281738.0,1.0287928948743,6.6025,10.0,0.0,130.0,0.0,0.0,0.0,0.0,0.0,0.5,0.0,8,9.8,-1.59625851921649,18109.67372703895,1.29599916278313,6.662,0.0,10.0,0.07764472152426505,0.0,0.0,0.0,0.0,0.0,0.0
CHE,1979,0,0,8.7,3.84000338120771,18270.06444120635,6294365.0,3.64764010558783,6.6025,10.0,0.0,131.0,0.0,0.0,0.0,0.0,0.0,0.5,0.0,9,9.2,1.75154796226502,18109.67372703895,1.0287928948743,6.662,0.0,10.0,2.795775671736365,0.0,0.0,0.0,0.0,0.0,0.0
CHE,1980,0,0,8.4,1.69997141281395,18270.06444120635,6319408.0,4.0225008483901,6.6025,10.0,0.0,132.0,0.0,0.0,0.0,0.0,0.0,0.5,0.0,10,8.7,3.84000338120771,18109.67372703895,3.64764010558783,6.662,0.0,10.0,2.76998739701083,0.0,0.0,0.0,0.0,0.0,0.0
CHE,1981,0,0,8.0,0.454830406055848,18270.06444120635,6354074.0,6.49030964005718,6.6025,10.0,0.0,133.0,0.0,0.0,0.0,0.0,0.0,0.5,0.0,11,8.4,1.69997141281395,18109.67372703895,4.0225008483901,6.662,0.0,10.0,1.077400909434899,0.0,0.0,0.0,0.0,0.0,0.0
CHE,1982,0,0,7.8,1.24866463987856,18270.06444120635,6391309.0,5.65510182392342,6.6025,10.0,0.0,134.0,0.0,0.0,0.0,0.0,0.0,0.5,0.0,12,8.0,0.454830406055848,18109.67372703895,6.49030964005718,6.662,0.0,10.0,0.8517475229672039,0.0,0.0,0.0,0.0,0.0,0.0
CHE,1983,0,0,7.6,1.90063878642042,18270.06444120635,6418773.0,2.94979443545725,6.6025,10.0,0.0,135.0,0.0,0.0,0.0,0.0,0.0,0.5,0.0,13,7.8,1.24866463987856,18109.67372703895,5.65510182392342,6.662,0.0,10.0,1.57465171314949,0.0,0.0,0.0,0.0,0.0,0.0
CHE,1984,0,0,7.4,4.22953538456656,18270.06444120635,6441865.0,2.93145669136624,6.6025,10.0,0.0,136.0,0.0,0.0,0.0,0.0,0.0,0.5,0.0,14,7.6,1.90063878642042,18109.67372703895,2.94979443545725,6.662,0.0,10.0,3.06508708549349,0.0,0.0,0.0,0.0,0.0,0.0
CHE,1985,0,0,7.3,2.16037367780808,18270.06444120635,6470365.0,3.43539935298266,6.6025,10.0,0.0,137.0,0.0,0.0,0.0,0.0,0.0,0.5,0.0,15,7.4,4.22953538456656,18109.67372703895,2.93145669136624,6.662,0.0,10.0,3.19495453118732,0.0,0.0,0.0,0.0,0.0,0.0
CHE,1986,0,0,7.2,2.69132308579346,18270.06444120635,6504124.0,0.750309839410828,6.6025,10.0,0.0,138.0,0.0,0.0,0.0,0.0,0.0,0.5,0.0,16,7.3,2.16037367780808,18109.67372703895,3.43539935298266,6.662,0.0,10.0,2.42584838180077,0.0,0.0,0.0,0.0,0.0,0.0
CHE,1987,0,0,7.1,3.35384287267485,18270.06444120635,6545106.0,1.44032188041723,6.6025,10.0,0.0,139.0,0.0,0.0,0.0,0.0,0.0,0.5,0.0,17,7.2,2.69132308579346,18109.67372703895,0.750309839410828,6.662,0.0,10.0,3.022582979234155,0.0,0.0,0.0,0.0,0.0,0.0
CHE,1988,0,0,7.0,2.55903865202789,18270.06444120635,6593386.0,1.87246859731867,6.6025,10.0,0.0,140.0,0.0,0.0,0.0,0.0,0.0,0.5,0.0,18,7.1,3.35384287267485,18109.67372703895,1.44032188041723,6.662,0.0,10.0,2.95644076235137,0.0,0.0,0.0,0.0,0.0,0.0
CHE,1989,0,0,6.8,2.65480684650132,18270.06444120635,6646912.0,3.15526979710909,6.6025,10.0,0.0,141.0,0.0,0.0,0.0,0.0,0.0,0.5,0.0,19,7.0,2.55903865202789,18109.67372703895,1.87246859731867,6.662,0.0,10.0,2.606922749264605,0.0,0.0,0.0,0.0,0.0,0.0
CHE,1990,0,0,6.6,0.754674850871268,63921.4227334201,6715519.0,5.40395909218937,6.6025,10.0,0.0,142.0,0.0,0.0,0.0,0.0,0.0,0.5,0.0,20,6.8,2.65480684650132,18109.67372703895,3.15526979710909,6.662,0.0,10.0,1.7047408486862938,0.0,0.0,0.0,0.0,0.0,0.0
CHE,1991,0,0,6.4,-1.14597481735849,62404.0627797363,6799978.0,5.85959663468677,1.818,10.0,0.0,143.0,0.0,0.0,0.0,0.0,0.0,0.5,0.0,21,6.6,0.754674850871268,63921.4227334201,5.40395909218937,6.662,0.0,10.0,-0.19564998324361105,0.0,0.0,0.0,0.0,0.0,0.0
CHE,1992,0,0,6.1,-1.15859267203984,61004.7423539695,6875364.0,4.0370302077874,2.344,10.0,0.0,144.0,0.0,0.0,0.0,0.0,0.0,0.5,0.0,22,6.4,-1.14597481735849,62404.0627797363,5.85959663468677,1.818,0.0,10.0,-1.1522837446991652,0.0,0.0,0.0,0.0,0.0,0.0
CHE,1993,0,0,5.8,-2.06561631523785,59202.9850165162,6938265.0,3.29262180313607,3.551,10.0,0.0,145.0,0.0,0.0,0.0,0.0,0.0,0.5,0.0,23,6.1,-1.15859267203984,61004.7423539695,4.0370302077874,2.344,0.0,10.0,-1.612104493638845,0.0,0.0,0.0,0.0,0.0,0.0
CHE,1994,0,0,5.5,4.01576592867781,61091.4960852373,6993795.0,0.852116995120664,3.58,10.0,0.0,146.0,0.0,0.0,0.0,0.0,0.0,0.5,0.0,24,5.8,-2.06561631523785,59202.9850165162,3.29262180313607,3.551,0.0,10.0,0.9750748067199804,0.0,0.0,0.0,0.0,0.0,0.0
CHE,1995,0,0,5.2,4.09438994746239,63169.2827232412,7040687.0,1.7998277686715,3.094,10.0,0.0,147.0,0.0,0.0,0.0,0.0,0.0,0.5,0.0,25,5.5,4.01576592867781,61091.4960852373,0.852116995120664,3.58,0.0,10.0,4.0550779380701005,0.0,0.0,0.0,0.0,0.0,0.0
CHE,1996,0,0,5.0,0.560166924751584,63243.2134310286,7071850.0,0.811634064628187,3.684,10.0,0.0,148.0,0.0,0.0,0.0,0.0,0.0,0.5,0.0,26,5.2,4.09438994746239,63169.2827232412,1.7998277686715,3.094,0.0,10.0,2.327278436106987,0.0,0.0,0.0,0.0,0.0,0.0
CHE,1997,0,0,4.9,2.09761680316545,64414.4578915682,7088906.0,0.52022542273664,4.127,10.0,0.0,149.0,0.0,0.0,0.0,0.0,0.0,0.5,0.0,27,5.0,0.560166924751584,63243.2134310286,0.811634064628187,3.684,0.0,10.0,1.328891863958517,0.0,0.0,0.0,0.0,0.0,0.0
CHE,1998,0,0,4.8,2.77611373648112,66006.2566369566,7110001.0,0.0179384378439321,3.568,10.0,0.0,150.0,0.0,0.0,0.0,0.0,0.0,0.5,0.0,28,4.9,2.09761680316545,64414.4578915682,0.52022542273664,4.127,0.0,10.0,2.436865269823285,0.0,0.0,0.0,0.0,0.0,0.0
CHE,1999,0,0,4.7,1.68007571116809,66795.8879655155,7143991.0,0.806444380959459,3.053,10.0,0.0,151.0,0.0,0.0,0.0,0.0,0.0,0.5,0.0,29,4.8,2.77611373648112,66006.2566369566,0.0179384378439321,3.568,0.0,10.0,2.228094723824605,0.0,0.0,0.0,0.0,0.0,0.0
CHE,2000,0,0,4.7,3.63321673470911,68834.8179906591,7184250.0,1.55852919679008,2.658,10.0,0.0,152.0,0.0,0.0,0.0,0.0,0.0,0.5,0.0,30,4.7,1.68007571116809,66795.8879655155,0.806444380959459,3.053,0.0,10.0,2.6566462229386,0.0,0.0,0.0,0.0,0.0,0.0
CHE,2001,0,0,4.6,1.59219781357001,69489.6995050103,7229854.0,0.989020329832545,2.49,10.0,0.0,153.0,0.0,0.0,0.0,0.0,0.0,0.5,0.0,31,4.7,3.63321673470911,68834.8179906591,1.55852919679008,2.658,0.0,10.0,2.61270727413956,0.0,0.0,0.0,0.0,0.0,0.0
CHE,2002,0,0,4.5,0.380410134195273,69228.3683320733,7284753.0,0.642711506543278,2.924,10.0,0.0,154.0,0.0,0.0,0.0,0.0,0.0,0.5,0.0,32,4.6,1.59219781357001,69489.6995050103,0.989020329832545,2.49,0.0,10.0,0.9863039738826415,0.0,0.0,0.0,0.0,0.0,0.0
CHE,2003,0,0,4.5,-0.284222357857615,68521.3420292943,7339001.0,0.63827293088719,4.117,10.0,0.0,155.0,0.0,0.0,0.0,0.0,0.0,0.5,0.0,33,4.5,0.380410134195273,69228.3683320733,0.642711506543278,2.924,0.0,10.0,0.04809388816882898,0.0,0.0,0.0,0.0,0.0,0.0
CHE,2004,0,0,4.4,2.58692895529093,69812.378758031,7389625.0,0.802908730955226,4.316,10.0,0.0,156.0,0.0,0.0,0.0,0.0,0.0,0.5,0.0,34,4.5,-0.284222357857615,68521.3420292943,0.63827293088719,4.117,0.0,10.0,1.1513532987166575,0.0,0.0,0.0,0.0,0.0,0.0
CHE,2005,0,0,4.3,2.95208487460334,71414.3495582368,7437115.0,1.17195420333703,4.437,10.0,0.0,157.0,0.0,0.0,0.0,0.0,0.0,0.5,0.0,35,4.4,2.58692895529093,69812.378758031,0.802908730955226,4.316,0.0,10.0,2.7695069149471347,0.0,0.0,0.0,0.0,0.0,0.0
CHE,2006,0,0,4.2,4.13432251467916,73901.6149628577,7483934.0,1.05950928324805,3.995,10.0,0.0,158.0,0.0,0.0,0.0,0.0,0.0,0.5,0.0,36,4.3,2.95208487460334,71414.3495582368,1.17195420333703,4.437,0.0,10.0,3.5432036946412504,0.0,0.0,0.0,0.0,0.0,0.0
CHE,2007,0,0,4.1,3.98319384807056,76161.5600232116,7551117.0,0.732350603122236,3.641,10.0,0.0,159.0,0.0,0.0,0.0,0.0,0.0,0.5,0.0,37,4.2,4.13432251467916,73901.6149628577,1.05950928324805,3.995,0.0,10.0,4.05875818137486,0.0,0.0,0.0,0.0,0.0,0.0
CHE,2008,0,0,4.0,2.53159615417233,77103.7188320632,7647675.0,2.42604117060157,3.35,10.0,0.0,160.0,0.0,0.0,0.0,0.0,0.0,0.5,0.0,38,4.1,3.98319384807056,76161.5600232116,0.732350603122236,3.641,0.0,10.0,3.2573950011214454,0.0,0.0,0.0,0.0,0.0,0.0
CHE,2009,0,0,4.0,-1.93490944903913,74672.9512725807,7743831.0,-0.480481936423305,4.109,10.0,0.0,161.0,0.0,0.0,0.0,0.0,0.0,0.5,0.0,39,4.0,2.53159615417233,77103.7188320632,2.42604117060157,3.35,0.0,10.0,0.2983433525666004,0.0,0.0,0.0,0.0,0.0,0.0
CHE,2010,0,0,3.9,3.26063082122047,76308.8064520802,7824909.0,0.688238707219975,4.808,10.0,0.0,162.0,0.0,0.0,0.0,0.0,0.0,0.5,0.0,40,4.0,-1.93490944903913,74672.9512725807,-0.480481936423305,4.109,0.0,10.0,0.6628606860906705,0.0,0.0,0.0,0.0,0.0,0.0
CHE,2011,0,0,3.9,1.40766067483813,76527.3361539945,7912398.0,0.2313492076509,4.409,10.0,0.0,163.0,0.0,0.0,0.0,0.0,0.0,0.5,0.0,41,3.9,3.26063082122047,76308.8064520802,0.688238707219975,4.808,0.0,10.0,2.3341457480293006,0.0,0.0,0.0,0.0,0.0,0.0
CHE,2012,0,0,3.8,1.12413575027705,76570.2378987121,7996861.0,-0.692552018105163,4.491,10.0,0.0,164.0,0.0,0.0,0.0,0.0,0.0,0.5,0.0,42,3.9,1.40766067483813,76527.3361539945,0.2313492076509,4.409,0.0,10.0,1.2658982125575904,0.0,0.0,0.0,0.0,0.0,0.0
CHE,2013,0,0,3.8,1.83612392927999,77084.6656456739,8089346.0,-0.217323155115673,4.747,10.0,0.0,165.0,0.0,0.0,0.0,0.0,0.0,0.5,0.0,43,3.8,1.12413575027705,76570.2378987121,-0.692552018105163,4.491,0.0,10.0,1.4801298397785203,0.0,0.0,0.0,0.0,0.0,0.0
CHE,2014,0,0,3.8,2.54342347675991,78086.6805249841,8188649.0,-0.0132025387515946,4.826,10.0,0.0,166.0,0.0,0.0,0.0,0.0,0.0,0.5,0.0,44,3.8,1.83612392927999,77084.6656456739,-0.217323155115673,4.747,0.0,10.0,2.1897737030199504,0.0,0.0,0.0,0.0,0.0,0.0
CHE,2015,0,0,3.7,1.45450336491099,78325.7487417695,8282396.0,-1.14390867228178,4.801,10.0,0.0,167.0,0.0,0.0,0.0,0.0,0.0,0.5,0.0,45,3.8,2.54342347675991,78086.6805249841,-0.0132025387515946,4.826,0.0,10.0,1.9989634208354503,0.0,0.0,0.0,0.0,0.0,0.0
CHE,2016,0,0,3.7,1.91159094214852,78956.0667315042,8373338.0,-0.434618664285815,4.918,10.0,0.0,168.0,0.0,0.0,0.0,0.0,0.0,0.5,0.0,46,3.7,1.45450336491099,78325.7487417695,-1.14390867228178,4.801,0.0,10.0,1.6830471535297553,0.0,0.0,0.0,0.0,0.0,0.0
CHE,2017,0,0,3.6,1.42034612231261,79333.7437810881,8451840.0,0.533787839825876,4.797,10.0,0.0,169.0,0.0,0.0,0.0,0.0,0.0,0.5,0.0,47,3.7,1.91159094214852,78956.0667315042,-0.434618664285815,4.918,0.0,10.0,1.6659685322305653,0.0,0.0,0.0,0.0,0.0,0.0
CHE,2018,0,0,3.6,3.32743256101493,81371.8944120855,8514329.0,0.936335464113572,4.713,10.0,0.0,170.0,0.0,0.0,0.0,0.0,0.0,0.5,0.0,48,3.6,1.42034612231261,79333.7437810881,0.533787839825876,4.797,0.0,10.0,2.3738893416637703,0.0,0.0,0.0,0.0,0.0,0.0
CHE,2019,0,0,3.5,1.11532187197474,81694.630652314,8575280.0,0.362886179940674,4.394,10.0,0.0,170.0,0.0,0.0,0.0,0.0,0.0,0.5,0.0,49,3.6,3.32743256101493,81371.8944120855,0.936335464113572,4.713,0.0,10.0,2.2213772164948353,0.0,0.0,0.0,0.0,0.0,0.0
CHE,2020,0,0,3.5,-2.2552579425106,79270.8713687141,8638167.0,-0.725874933313403,4.817,10.0,0.0,170.0,0.0,0.0,0.0,0.0,0.0,0.5,0.0,50,3.5,1.11532187197474,81694.630652314,0.362886179940674,4.394,0.0,10.0,-0.5699680352679293,0.0,0.0,0.0,0.0,0.0,0.0
CHE,2021,0,0,3.5,6.17622836050151,83524.9832880195,8704546.0,0.581814168489856,5.013,10.0,0.0,170.0,0.0,0.0,0.0,0.0,0.0,0.5,0.0,51,3.5,-2.2552579425106,79270.8713687141,-0.725874933313403,4.817,0.0,10.0,1.9604852089954554,0.0,0.0,0.0,0.0,0.0,0.0
CHE,2022,0,0,3.5,3.53430286842426,85762.2829174304,8777088.0,2.83502798644451,4.122,10.0,0.0,170.0,0.0,0.0,0.0,0.0,0.0,0.5,0.0,52,3.5,6.17622836050151,83524.9832880195,0.581814168489856,5.013,0.0,10.0,4.855265614462885,0.0,0.0,0.0,0.0,0.0,0.0
CHE,2023,0,0,3.4,0.825560934124624,85383.3564504008,8888822.0,2.13540088016387,4.043,10.0,0.0,170.0,0.0,0.0,0.0,0.0,0.0,0.5,0.0,53,3.5,3.53430286842426,85762.2829174304,2.83502798644451,4.122,0.0,10.0,2.179931901274443,0.0,0.0,0.0,0.0,0.0,0.0
CHE,2024,0,0,3.4,1.39033363875791,85448.0585577007,9005582.0,1.06234041976595,4.343,10.0,0.0,170.0,0.0,0.0,0.0,0.0,0.0,0.5,0.0,54,3.4,0.825560934124624,85383.3564504008,2.13540088016387,4.043,0.0,10.0,1.1079472864412678,0.0,0.0,0.0,0.0,0.0,0.0
CHL,1970,0,0,68.5,1.69447257971353,18270.06444120635,9845344.0,5.531981770439344,6.6025,6.0,0.0,12.0,0.0,0.0,0.0,0.0,0.0,0.5,0.0,0,18.4,3.53620866972961,18109.67372703895,5.66318573909345,6.662,0.0,8.0,1.69447257971353,1.0,0.0,0.5,0.0,0.0,0.0
CHL,1971,0,0,67.4,9.57107393842624,18270.06444120635,10009701.0,20.0522312040536,6.6025,6.0,0.0,13.0,0.0,0.0,0.0,0.0,0.0,0.5,0.0,1,68.5,1.69447257971353,18109.67372703895,5.66318573909345,6.662,0.0,6.0,5.632773259069885,1.0,1.0,0.5,0.0,0.0,0.0
CHL,1972,0,0,66.0,-0.712365918422577,18270.06444120635,10174678.0,77.7957404755204,6.6025,6.0,0.0,14.0,0.0,0.0,0.0,0.0,0.0,0.5,0.0,2,67.4,9.57107393842624,18109.67372703895,20.0522312040536,6.662,0.0,6.0,4.429354010001831,1.0,1.0,0.5,0.0,0.0,0.0
CHL,1973,0,0,63.9,-5.03775611682208,18270.06444120635,10340362.0,352.810986573029,6.6025,-7.0,0.0,0.0,2.0,2.0,0.0,0.0,1.0,0.5,0.0,3,66.0,-0.712365918422577,18109.67372703895,77.7957404755204,6.662,0.0,6.0,-2.8750610176223286,1.0,1.0,0.5,0.0,0.0,0.0
CHL,1974,0,0,60.7,1.2495800122858,18270.06444120635,10505817.0,504.738541215978,6.6025,-7.0,0.0,1.0,3.0,3.0,0.0,0.0,1.0,0.5,0.0,4,63.9,-5.03775611682208,18109.67372703895,352.810986573029,6.662,2.0,-7.0,-1.89408805226814,1.0,1.0,0.5,0.0,0.0,0.0
CHL,1975,0,0,55.6,-12.2737621533613,18270.06444120635,10671559.0,374.735274232635,6.6025,-7.0,0.0,2.0,3.0,3.0,0.0,0.0,1.0,0.5,0.0,5,60.7,1.2495800122858,18109.67372703895,504.738541215978,6.662,3.0,-7.0,-5.51209107053775,1.0,1.0,0.5,0.0,0.0,0.0
CHL,1976,0,0,48.6,3.60469484521828,18270.06444120635,10838251.0,211.924302225904,6.6025,-7.0,0.0,3.0,3.0,3.0,0.0,0.0,1.0,0.5,0.0,6,55.6,-12.2737621533613,18109.67372703895,374.735274232635,6.662,3.0,-7.0,-4.33453365407151,1.0,1.0,0.5,0.0,0.0,0.0
CHL,1977,0,0,41.4,11.1491944807539,18270.06444120635,11005519.0,91.9541325565104,6.6025,-7.0,0.0,4.0,0.0,0.0,0.0,0.0,0.0,0.5,0.0,7,48.6,3.60469484521828,18109.67372703895,211.924302225904,6.662,3.0,-7.0,7.37694466298609,1.0,1.0,0.5,0.0,0.0,0.0
CHL,1978,0,0,35.6,8.02682491365691,18270.06444120635,11172695.0,40.0872246313854,6.6025,-7.0,0.0,5.0,0.0,0.0,0.0,0.0,0.0,0.5,0.0,8,41.4,11.1491944807539,18109.67372703895,91.9541325565104,6.662,0.0,-7.0,9.588009697205404,1.0,1.0,0.5,0.0,0.0,0.0
CHL,1979,0,0,31.5,8.43582175738598,18270.06444120635,11339779.0,33.3892190102252,6.6025,-7.0,0.0,6.0,0.0,0.0,0.0,0.0,0.0,0.5,0.0,9,35.6,8.02682491365691,18109.67372703895,40.0872246313854,6.662,0.0,-7.0,8.231323335521445,1.0,1.0,0.5,0.0,0.0,0.0
CHL,1980,0,0,28.3,8.17228334347537,18270.06444120635,11508550.0,35.1383405330485,6.6025,-7.0,0.0,7.0,0.0,0.0,0.0,0.0,0.0,0.5,0.0,10,31.5,8.43582175738598,18109.67372703895,33.3892190102252,6.662,0.0,-7.0,8.304052550430676,1.0,1.0,0.5,0.0,0.0,0.0
CHL,1981,0,0,25.4,6.71863895635887,18270.06444120635,11678717.0,19.6868327084319,6.6025,-7.0,0.0,8.0,0.0,0.0,0.0,0.0,0.0,0.5,0.0,11,28.3,8.17228334347537,18109.67372703895,35.1383405330485,6.662,0.0,-7.0,7.4454611499171195,1.0,1.0,0.5,0.0,0.0,0.0
CHL,1982,0,0,22.8,-11.5020620535762,18270.06444120635,11850214.0,9.94102693041832,6.6025,-7.0,0.0,9.0,0.0,0.0,0.0,0.0,0.0,0.5,0.0,12,25.4,6.71863895635887,18109.67372703895,19.6868327084319,6.662,0.0,-7.0,-2.391711548608665,1.0,0.0,0.5,0.0,0.0,0.0
CHL,1983,0,0,20.9,-4.9352297090374,18270.06444120635,12026138.0,27.2571946726204,6.6025,-6.0,0.0,10.0,0.0,0.0,0.0,0.0,0.0,0.5,0.0,13,22.8,-11.5020620535762,18109.67372703895,9.94102693041832,6.662,0.0,-7.0,-8.2186458813068,1.0,1.0,0.5,0.0,0.0,0.0
CHL,1984,0,0,19.6,3.98371018713553,18270.06444120635,12207733.0,19.8602056602626,6.6025,-6.0,0.0,11.0,0.0,0.0,0.0,0.0,0.0,0.5,0.0,14,20.9,-4.9352297090374,18109.67372703895,27.2571946726204,6.662,0.0,-6.0,-0.475759760950935,1.0,1.0,0.5,0.0,0.0,0.0
CHL,1985,0,0,18.8,3.55239860775048,18270.06444120635,12395274.0,30.7034989096151,6.6025,-6.0,0.0,12.0,0.0,0.0,0.0,0.0,0.0,0.5,0.0,15,19.6,3.98371018713553,18109.67372703895,19.8602056602626,6.662,0.0,-6.0,3.768054397443005,1.0,1.0,0.5,0.0,0.0,0.0
CHL,1986,0,0,18.6,5.40556438635799,18270.06444120635,12588914.0,19.4768379232582,6.6025,-6.0,0.0,13.0,0.0,0.0,0.0,0.0,0.0,0.5,0.0,16,18.8,3.55239860775048,18109.67372703895,30.7034989096151,6.662,0.0,-6.0,4.478981497054235,1.0,1.0,0.5,0.0,0.0,0.0
CHL,1987,0,0,18.4,6.73884253090458,18270.06444120635,12790150.0,19.8808457201905,6.6025,-6.0,0.0,14.0,2.0,2.0,0.0,0.0,1.0,0.5,0.0,17,18.6,5.40556438635799,18109.67372703895,19.4768379232582,6.662,0.0,-6.0,6.072203458631285,1.0,1.0,0.5,0.0,0.0,0.0
CHL,1988,0,0,18.0,7.35081069623416,18270.06444120635,12999424.0,14.684351250082,6.6025,-1.0,1.0,0.0,0.0,0.0,0.0,0.0,0.0,0.5,0.0,18,18.4,6.73884253090458,18109.67372703895,19.8808457201905,6.662,2.0,-6.0,7.04482661356937,0.0,1.0,0.0,0.0,0.0,0.0
CHL,1989,0,0,17.1,10.3583568690228,18270.06444120635,13215005.0,17.0279367308962,6.6025,8.0,0.0,0.0,0.0,0.0,0.0,0.0,0.0,0.5,0.0,19,18.0,7.35081069623416,18109.67372703895,14.684351250082,6.662,0.0,-1.0,8.85458378262848,0.0,1.0,0.0,0.0,0.0,0.0
CHL,1990,1,0,15.9,3.59872304691744,10955.2486481454,13437176.0,26.0364811362364,6.6025,8.0,0.0,1.0,0.0,0.0,0.0,0.0,0.0,0.5,0.0,20,17.1,10.3583568690228,18109.67372703895,17.0279367308962,6.662,0.0,8.0,6.97853995797012,0.0,1.0,0.0,0.0,0.0,0.0
CHL,1991,0,0,14.7,7.75620189312957,11610.2783301649,13662491.0,21.7844124277757,5.23,8.0,0.0,2.0,0.0,0.0,0.0,0.0,0.0,0.5,0.0,0,15.9,3.59872304691744,10955.2486481454,26.0364811362364,6.662,0.0,8.0,5.677462470023505,0.0,1.0,0.0,0.0,0.0,0.0
CHL,1992,0,0,13.6,11.5019314370192,12738.6163157023,13884577.0,15.4258064688928,4.35,8.0,0.0,3.0,0.0,0.0,0.0,0.0,0.0,0.5,0.0,1,14.7,7.75620189312957,11610.2783301649,21.7844124277757,5.23,0.0,8.0,9.629066665074385,0.0,1.0,0.0,0.0,0.0,0.0
CHL,1993,0,0,12.5,6.6855844008042,13380.4722185057,14102276.0,12.7277669490964,4.49,8.0,0.0,4.0,0.0,0.0,0.0,0.0,0.0,0.5,0.0,2,13.6,11.5019314370192,12738.6163157023,15.4258064688928,4.35,0.0,8.0,9.0937579189117,0.0,1.0,0.0,0.0,0.0,0.0
CHL,1994,0,0,11.6,5.07680374667352,13849.6261008096,14316256.0,11.4431196444973,5.87,8.0,0.0,5.0,0.0,0.0,0.0,0.0,0.0,0.5,0.0,3,12.5,6.6855844008042,13380.4722185057,12.7277669490964,4.49,0.0,8.0,5.88119407373886,0.0,1.0,0.0,0.0,0.0,0.0
CHL,1995,0,0,10.9,9.25542757753573,14911.5640742268,14527381.0,8.23263034116114,4.7,8.0,0.0,6.0,0.0,0.0,0.0,0.0,0.0,0.5,0.0,4,11.6,5.07680374667352,13849.6261008096,11.4431196444973,5.87,0.0,8.0,7.166115662104625,0.0,0.0,0.0,0.0,0.0,0.0
CHL,1996,0,0,10.5,7.1148626270751,15748.4653555533,14734046.0,7.35911781788767,7.414,8.0,0.0,7.0,0.0,0.0,0.0,0.0,0.0,0.5,0.0,5,10.9,9.25542757753573,14911.5640742268,8.23263034116114,4.7,0.0,8.0,8.185145102305416,0.0,0.0,0.0,0.0,0.0,0.0
CHL,1997,0,0,10.3,7.3917392684331,16687.855593506,14932434.0,6.13386464357927,7.136,8.0,0.0,8.0,0.0,0.0,0.0,0.0,0.0,0.5,0.0,6,10.5,7.1148626270751,15748.4653555533,7.35911781788767,7.414,0.0,8.0,7.2533009477541,0.0,0.0,0.0,0.0,0.0,0.0
CHL,1998,0,0,10.0,4.18088662700669,17161.0335564475,15127799.0,5.11024954517559,7.307,8.0,0.0,9.0,0.0,0.0,0.0,0.0,0.0,0.5,0.0,7,10.3,7.3917392684331,16687.855593506,6.13386464357927,7.136,0.0,8.0,5.786312947719895,0.0,0.0,0.0,0.0,0.0,0.0
CHL,1999,0,0,9.6,-0.2736313981937,16900.1244018472,15319313.0,3.33687917526023,11.158,8.0,0.0,10.0,0.0,0.0,0.0,0.0,0.0,0.5,0.0,8,10.0,4.18088662700669,17161.0335564475,5.11024954517559,7.307,0.0,8.0,1.953627614406495,0.0,0.0,0.0,0.0,0.0,0.0
CHL,2000,1,0,9.2,4.9716214882971,17529.4205997692,15503635.0,3.84327295706565,10.491,9.0,0.0,11.0,0.0,0.0,0.0,0.0,0.0,0.5,0.0,9,9.6,-0.2736313981937,16900.1244018472,3.33687917526023,11.158,0.0,8.0,2.3489950450517,0.0,0.0,0.0,0.0,0.0,0.0
CHL,2001,0,0,8.7,3.15403492459967,17874.5313866938,15683849.0,3.56910053001467,10.39,9.0,0.0,12.0,0.0,0.0,0.0,0.0,0.0,0.5,0.0,0,9.2,4.9716214882971,17529.4205997692,3.84327295706565,10.491,0.0,9.0,4.062828206448385,0.0,0.0,0.0,0.0,0.0,0.0
CHL,2002,0,0,8.3,3.20279913520113,18244.5196827315,15857925.0,2.48939816650705,10.168,9.0,0.0,13.0,0.0,0.0,0.0,0.0,0.0,0.5,0.0,1,8.7,3.15403492459967,17874.5313866938,3.56910053001467,10.39,0.0,9.0,3.1784170299004,0.0,0.0,0.0,0.0,0.0,0.0
CHL,2003,0,0,8.0,4.72324526861041,18907.3458745755,16024752.0,2.8101787574361,9.765,9.0,0.0,14.0,0.0,0.0,0.0,0.0,0.0,0.5,0.0,2,8.3,3.20279913520113,18244.5196827315,2.48939816650705,10.168,0.0,9.0,3.96302220190577,0.0,0.0,0.0,0.0,0.0,0.0
CHL,2004,0,0,7.8,6.67425416822923,19966.7093106095,16187322.0,1.05473871403517,10.162,9.0,0.0,15.0,0.0,0.0,0.0,0.0,0.0,0.5,0.0,3,8.0,4.72324526861041,18907.3458745755,2.8101787574361,9.765,0.0,9.0,5.69874971841982,0.0,0.0,0.0,0.0,0.0,0.0
CHL,2005,0,0,7.7,5.83704571917758,20923.479756183,16348778.0,3.05257621387849,9.34,9.0,0.0,16.0,0.0,0.0,0.0,0.0,0.0,0.5,0.0,4,7.8,6.67425416822923,19966.7093106095,1.05473871403517,10.162,0.0,9.0,6.255649943703405,0.0,0.0,0.0,0.0,0.0,0.0
CHL,2006,1,0,7.7,6.04999082563968,21973.7382914389,16509195.0,3.39201733699405,9.024,10.0,0.0,17.0,0.0,0.0,0.0,0.0,0.0,0.5,0.0,5,7.7,5.83704571917758,20923.479756183,3.05257621387849,9.34,0.0,9.0,5.94351827240863,0.0,0.0,0.0,0.0,0.0,0.0
CHL,2007,0,0,7.6,5.16823098528431,22884.2997108846,16671581.0,4.40779938398044,8.427,10.0,0.0,18.0,0.0,0.0,0.0,0.0,0.0,0.5,0.0,0,7.7,6.04999082563968,21973.7382914389,3.39201733699405,9.024,0.0,10.0,5.6091109054619945,0.0,0.0,0.0,0.0,0.0,0.0
CHL,2008,0,0,7.6,3.78939280635238,23515.3473178269,16838988.0,8.71626873039607,9.285,10.0,0.0,19.0,0.0,0.0,0.0,0.0,0.0,0.5,0.0,1,7.6,5.16823098528431,22884.2997108846,4.40779938398044,8.427,0.0,10.0,4.478811895818344,0.0,0.0,0.0,0.0,0.0,0.0
CHL,2009,0,0,7.5,-1.11803723642878,23019.0299454094,17009731.0,0.353045178360937,11.313,10.0,0.0,20.0,0.0,0.0,0.0,0.0,0.0,0.5,0.0,2,7.6,3.78939280635238,23515.3473178269,8.71626873039607,9.285,0.0,10.0,1.3356777849618,0.0,0.0,0.0,0.0,0.0,0.0
CHL,2010,1,0,7.5,5.85165102224047,24122.4787924386,17181464.0,1.41071107954321,8.547,10.0,0.0,21.0,0.0,0.0,0.0,0.0,0.0,0.5,0.0,3,7.5,-1.11803723642878,23019.0299454094,0.353045178360937,11.313,0.0,10.0,2.3668068929058452,0.0,0.0,0.0,0.0,0.0,0.0
CHL,2011,0,0,7.4,6.22389678509138,25372.2741480772,17351816.0,3.34121694259302,7.492,10.0,0.0,22.0,0.0,0.0,0.0,0.0,0.0,0.5,0.0,0,7.5,5.85165102224047,24122.4787924386,1.41071107954321,8.547,0.0,10.0,6.037773903665926,0.0,0.0,0.0,0.0,0.0,0.0
CHL,2012,0,0,7.3,6.15534001855494,26676.8110154019,17519119.0,3.00744840213047,6.79,10.0,0.0,23.0,0.0,0.0,0.0,0.0,0.0,0.5,0.0,1,7.4,6.22389678509138,25372.2741480772,3.34121694259302,7.492,0.0,10.0,6.18961840182316,0.0,0.0,0.0,0.0,0.0,0.0
CHL,2013,0,0,7.1,3.30850824710085,27297.8185145366,17687006.0,1.7895555398459,6.361,10.0,0.0,24.0,0.0,0.0,0.0,0.0,0.0,0.5,0.0,2,7.3,6.15534001855494,26676.8110154019,3.00744840213047,6.79,0.0,10.0,4.731924132827895,0.0,0.0,0.0,0.0,0.0,0.0
CHL,2014,1,0,6.9,1.79264947139259,27511.5610030404,17864195.0,4.71867527854672,6.761,10.0,0.0,25.0,0.0,0.0,0.0,0.0,0.0,0.5,0.0,3,7.1,3.30850824710085,27297.8185145366,1.7895555398459,6.361,0.0,10.0,2.55057885924672,0.0,0.0,0.0,0.0,0.0,0.0
CHL,2015,0,0,6.8,2.15194249981184,27817.9584848024,18047625.0,4.34877353217044,6.605,10.0,0.0,26.0,0.0,0.0,0.0,0.0,0.0,0.5,0.0,0,6.9,1.79264947139259,27511.5610030404,4.71867527854672,6.761,0.0,10.0,1.9722959856022149,0.0,0.0,0.0,0.0,0.0,0.0
CHL,2016,0,0,6.7,1.753038749071,27965.3473526831,18267221.0,3.78619355893118,6.926,10.0,0.0,27.0,0.0,0.0,0.0,0.0,0.0,0.5,0.0,1,6.8,2.15194249981184,27817.9584848024,4.34877353217044,6.605,0.0,10.0,1.95249062444142,0.0,0.0,0.0,0.0,0.0,0.0
CHL,2017,0,0,6.5,1.35769537343957,27899.5979777012,18558868.0,2.18271846868519,7.257,10.0,0.0,28.0,0.0,0.0,0.0,0.0,0.0,0.5,0.0,2,6.7,1.753038749071,27965.3473526831,3.78619355893118,6.926,0.0,10.0,1.555367061255285,0.0,0.0,0.0,0.0,0.0,0.0
CHL,2018,1,0,6.3,3.99002947789977,28499.4064000406,18893191.0,2.43488981353057,7.623,10.0,0.0,29.0,0.0,0.0,0.0,0.0,0.0,0.5,0.0,3,6.5,1.35769537343957,27899.5979777012,2.18271846868519,7.257,0.0,10.0,2.67386242566967,0.0,0.0,0.0,0.0,0.0,0.0
CHL,2019,0,0,6.0,0.644223402631923,28227.9790507594,19197744.0,2.55754475703327,7.493,10.0,0.0,29.0,0.0,0.0,0.0,0.0,0.0,0.5,0.0,0,6.3,3.99002947789977,28499.4064000406,2.43488981353057,7.623,0.0,10.0,2.3171264402658465,0.0,0.0,0.0,0.0,0.0,0.0
CHL,2020,0,0,5.8,-6.1396969411886,26258.4038553242,19370624.0,3.04549084804326,10.934,10.0,0.0,29.0,0.0,0.0,0.0,0.0,0.0,0.5,0.0,1,6.0,0.644223402631923,28227.9790507594,2.55754475703327,7.493,0.0,10.0,-2.7477367692783385,0.0,0.0,0.0,0.0,0.0,0.0
CHL,2021,0,0,5.8,11.3374032409913,29106.6356522053,19456334.0,4.52456838259144,9.281,10.0,0.0,29.0,0.0,0.0,0.0,0.0,0.0,0.5,0.0,2,5.8,-6.1396969411886,26258.4038553242,3.04549084804326,10.934,0.0,10.0,2.59885314990135,0.0,0.0,0.0,0.0,0.0,0.0
CHL,2022,1,0,5.9,2.06391864254198,29560.4513805785,19553036.0,11.643866711056,8.249,10.0,0.0,29.0,0.0,0.0,0.0,0.0,0.0,0.5,0.0,3,5.8,11.3374032409913,29106.6356522053,4.52456838259144,9.281,0.0,10.0,6.70066094176664,0.0,1.0,0.0,0.0,0.0,0.0
CHL,2023,0,0,5.9,0.677024831595858,29600.4188613168,19658835.0,7.58168251407962,9.013,10.0,0.0,29.0,0.0,0.0,0.0,0.0,0.0,0.5,0.0,0,5.9,2.06391864254198,29560.4513805785,11.643866711056,8.249,0.0,10.0,1.370471737068919,0.0,0.0,0.0,0.0,0.0,0.0
CHL,2024,0,0,5.8,2.80512637106611,30267.6440919907,19764771.0,4.29763891572524,8.718,10.0,0.0,29.0,0.0,0.0,0.0,0.0,0.0,0.5,0.0,1,5.9,0.677024831595858,29600.4188613168,7.58168251407962,9.013,0.0,10.0,1.7410756013309838,0.0,0.0,0.0,0.0,0.0,0.0
COL,1970,0,0,73.3,6.20779696127698,18270.06444120635,20811782.0,6.90862275848241,6.6025,7.0,0.0,13.0,0.0,0.0,0.0,0.0,0.0,0.5,0.0,0,18.4,3.53620866972961,18109.67372703895,5.66318573909345,6.662,0.0,8.0,6.20779696127698,1.0,0.0,0.5,0.0,0.0,0.0
COL,1971,0,0,71.0,5.9607279462907,18270.06444120635,21319096.0,11.9402616979216,6.6025,7.0,0.0,14.0,0.0,0.0,0.0,0.0,0.0,0.5,0.0,1,73.3,6.20779696127698,18109.67372703895,6.90862275848241,6.662,0.0,7.0,6.08426245378384,1.0,1.0,0.5,0.0,0.0,0.0
COL,1972,0,0,68.5,7.66914754440097,18270.06444120635,21819563.0,12.4444589907729,6.6025,7.0,0.0,15.0,0.0,0.0,0.0,0.0,0.0,0.5,0.0,2,71.0,5.9607279462907,18109.67372703895,11.9402616979216,6.662,0.0,7.0,6.814937745345835,1.0,1.0,0.5,0.0,0.0,0.0
COL,1973,0,0,66.0,6.72295496919133,18270.06444120635,22325374.0,22.5296486781843,6.6025,7.0,0.0,16.0,0.0,0.0,0.0,0.0,0.0,0.5,0.0,3,68.5,7.66914754440097,18109.67372703895,12.4444589907729,6.662,0.0,7.0,7.19605125679615,1.0,1.0,0.5,0.0,0.0,0.0
COL,1974,0,0,63.3,5.74575718912141,18270.06444120635,22833469.0,23.8709573656697,6.6025,8.0,0.0,17.0,0.0,0.0,0.0,0.0,0.0,0.5,0.0,4,66.0,6.72295496919133,18109.67372703895,22.5296486781843,6.662,0.0,7.0,6.23435607915637,1.0,1.0,0.5,0.0,0.0,0.0
COL,1975,0,0,60.5,2.32325528115796,18270.06444120635,23344644.0,23.4375025650554,6.6025,8.0,0.0,18.0,4.0,4.0,0.0,0.0,1.0,0.5,0.0,5,63.3,5.74575718912141,18109.67372703895,23.8709573656697,6.662,0.0,8.0,4.034506235139685,1.0,1.0,0.5,0.0,0.0,0.0
COL,1976,0,0,57.6,4.7283687345395,18270.06444120635,23858810.0,19.8312249167931,6.6025,8.0,0.0,19.0,4.0,4.0,0.0,0.0,1.0,0.5,0.0,6,60.5,2.32325528115796,18109.67372703895,23.4375025650554,6.662,4.0,8.0,3.5258120078487303,1.0,1.0,0.5,0.0,0.0,0.0
COL,1977,0,0,54.7,4.15850545346419,18270.06444120635,24393494.0,33.802818357982,6.6025,8.0,0.0,20.0,4.0,4.0,0.0,0.0,1.0,0.5,0.0,7,57.6,4.7283687345395,18109.67372703895,19.8312249167931,6.662,4.0,8.0,4.443437094001846,1.0,1.0,0.5,0.0,0.0,0.0
COL,1978,0,0,51.8,8.4699008376688,18270.06444120635,24950337.0,17.7631590853462,6.6025,8.0,0.0,21.0,4.0,4.0,0.0,0.0,1.0,0.5,0.0,8,54.7,4.15850545346419,18109.67372703895,33.802818357982,6.662,4.0,8.0,6.314203145566495,1.0,1.0,0.5,0.0,0.0,0.0
COL,1979,0,0,49.0,5.37911898820207,18270.06444120635,25515626.0,24.1340757440455,6.6025,8.0,0.0,22.0,4.0,4.0,0.0,0.0,1.0,0.5,0.0,9,51.8,8.4699008376688,18109.67372703895,17.7631590853462,6.662,4.0,8.0,6.924509912935434,1.0,1.0,0.5,0.0,0.0,0.0
COL,1980,0,0,46.4,4.08735367550767,18270.06444120635,26104498.0,26.5526531495356,6.6025,8.0,0.0,23.0,4.0,4.0,0.0,0.0,1.0,0.5,0.0,10,49.0,5.37911898820207,18109.67372703895,24.1340757440455,6.662,4.0,8.0,4.73323633185487,1.0,1.0,0.5,0.0,0.0,0.0
COL,1981,0,0,43.9,2.27687274512178,18270.06444120635,26713267.0,27.4537624347993,6.6025,8.0,0.0,24.0,4.0,4.0,0.0,0.0,1.0,0.5,0.0,11,46.4,4.08735367550767,18109.67372703895,26.5526531495356,6.662,4.0,8.0,3.182113210314725,1.0,1.0,0.5,0.0,0.0,0.0
COL,1982,0,0,41.5,0.948420786604515,18270.06444120635,27338331.0,24.7209882528585,6.6025,8.0,0.0,25.0,4.0,4.0,0.0,0.0,1.0,0.5,0.0,12,43.9,2.27687274512178,18109.67372703895,27.4537624347993,6.662,4.0,8.0,1.6126467658631474,1.0,1.0,0.5,0.0,0.0,0.0
COL,1983,0,0,39.3,1.57395603843689,18270.06444120635,27988173.0,19.5973170624765,6.6025,8.0,0.0,26.0,4.0,4.0,0.0,0.0,1.0,0.5,0.0,13,41.5,0.948420786604515,18109.67372703895,24.7209882528585,6.662,4.0,8.0,1.2611884125207025,1.0,1.0,0.5,0.0,0.0,0.0
COL,1984,0,0,37.4,3.35068373940706,18270.06444120635,28642690.0,16.1616171361426,6.6025,8.0,0.0,27.0,4.0,4.0,0.0,0.0,1.0,0.5,0.0,14,39.3,1.57395603843689,18109.67372703895,19.5973170624765,6.662,4.0,8.0,2.462319888921975,1.0,1.0,0.5,0.0,0.0,0.0
COL,1985,0,0,37.7,3.1071061957296,18270.06444120635,29268470.0,24.090174368125,6.6025,8.0,0.0,28.0,4.0,4.0,0.0,0.0,1.0,0.5,0.0,15,37.4,3.35068373940706,18109.67372703895,16.1616171361426,6.662,4.0,8.0,3.22889496756833,1.0,1.0,0.5,0.0,0.0,0.0
COL,1986,0,0,34.1,5.82407613745866,18270.06444120635,29879112.0,18.8424631612406,6.6025,8.0,0.0,29.0,4.0,4.0,0.0,0.0,1.0,0.5,0.0,16,37.7,3.1071061957296,18109.67372703895,24.090174368125,6.662,4.0,8.0,4.46559116659413,1.0,1.0,0.5,0.0,0.0,0.0
COL,1987,0,0,32.8,5.36893214821323,18270.06444120635,30499467.0,23.302028364018,6.6025,8.0,0.0,30.0,4.0,4.0,0.0,0.0,1.0,0.5,0.0,17,34.1,5.82407613745866,18109.67372703895,18.8424631612406,6.662,4.0,8.0,5.596504142835945,1.0,1.0,0.5,0.0,0.0,0.0
COL,1988,0,0,31.6,4.06417324490376,18270.06444120635,31130524.0,28.1083969771704,6.6025,8.0,0.0,31.0,4.0,4.0,0.0,0.0,1.0,0.5,0.0,18,32.8,5.36893214821323,18109.67372703895,23.302028364018,6.662,4.0,8.0,4.7165526965584945,1.0,1.0,0.5,0.0,0.0,0.0
COL,1989,0,0,30.6,3.41409610966596,18270.06444120635,31776279.0,25.8675480831988,6.6025,8.0,0.0,32.0,4.0,4.0,0.0,0.0,1.0,0.5,0.0,19,31.6,4.06417324490376,18109.67372703895,28.1083969771704,6.662,4.0,8.0,3.73913467728486,1.0,1.0,0.5,0.0,0.0,0.0
COL,1990,0,0,29.6,4.28199833053058,9998.81069684463,32440069.0,29.1520245976215,6.6025,8.0,0.0,33.0,4.0,4.0,0.0,0.0,1.0,0.5,0.0,20,30.6,3.41409610966596,18109.67372703895,25.8675480831988,6.662,4.0,8.0,3.8480472200982705,1.0,1.0,0.5,0.0,0.0,0.0
COL,1991,0,0,28.8,2.00160759559029,9996.0978604328,33098372.0,30.3878204854436,10.12,9.0,0.0,34.0,4.0,4.0,0.0,0.0,1.0,0.5,0.0,21,29.6,4.28199833053058,9998.81069684463,29.1520245976215,6.662,4.0,8.0,3.141802963060435,1.0,1.0,0.5,0.0,0.0,0.0
COL,1992,0,0,27.9,4.04492943933556,10196.4329707468,33760571.0,27.0106266231361,9.44,9.0,0.0,35.0,4.0,4.0,0.0,0.0,1.0,0.5,0.0,22,28.8,2.00160759559029,9996.0978604328,30.3878204854436,10.12,4.0,9.0,3.023268517462925,1.0,1.0,0.5,0.0,0.0,0.0
COL,1993,0,0,27.0,5.38540993901029,10533.1149561734,34441473.0,22.4424828533275,7.8,9.0,0.0,36.0,4.0,4.0,0.0,0.0,1.0,0.5,0.0,23,27.9,4.04492943933556,10196.4329707468,27.0106266231361,9.44,4.0,9.0,4.7151696891729244,1.0,1.0,0.5,0.0,0.0,0.0
COL,1994,0,0,26.2,5.81466190724336,10927.9389491607,35127410.0,22.8462417553045,8.25,9.0,0.0,37.0,4.0,4.0,0.0,0.0,1.0,0.5,0.0,24,27.0,5.38540993901029,10533.1149561734,22.4424828533275,7.8,4.0,9.0,5.600035923126825,1.0,1.0,0.5,0.0,0.0,0.0
COL,1995,0,0,25.3,5.20243759278655,11279.0004579347,35804662.0,20.8917930194849,8.72,7.0,0.0,38.0,4.0,4.0,0.0,0.0,1.0,0.5,0.0,25,26.2,5.81466190724336,10927.9389491607,22.8462417553045,8.25,4.0,9.0,5.508549750014955,1.0,1.0,0.5,0.0,0.0,0.0
COL,1996,0,0,24.5,2.05585471287195,11303.1308859186,36462745.0,20.7975755127402,11.81,7.0,0.0,39.0,4.0,4.0,0.0,0.0,1.0,0.5,0.0,26,25.3,5.20243759278655,11279.0004579347,20.8917930194849,8.72,4.0,7.0,3.62914615282925,1.0,1.0,0.5,0.0,0.0,0.0
COL,1997,0,0,23.7,3.43029367788374,11483.5050125907,37121149.0,18.4700217119089,12.14,7.0,0.0,40.0,4.0,4.0,0.0,0.0,1.0,0.5,0.0,27,24.5,2.05585471287195,11303.1308859186,20.7975755127402,11.81,4.0,7.0,2.743074195377845,1.0,1.0,0.5,0.0,0.0,0.0
COL,1998,1,0,23.0,0.569784088434517,11343.8799115733,37792165.0,18.6769799276672,15.0,7.0,0.0,41.0,4.0,4.0,0.0,0.0,1.0,0.5,0.0,28,23.7,3.43029367788374,11483.5050125907,18.4700217119089,12.14,4.0,7.0,2.0000388831591285,1.0,1.0,0.5,0.0,0.0,0.0
COL,1999,0,0,22.2,-4.20401524244947,10679.7092686089,38454863.0,10.8736870857471,20.06,7.0,0.0,42.0,4.0,4.0,0.0,0.0,1.0,0.5,0.0,0,23.0,0.569784088434517,11343.8799115733,18.6769799276672,15.0,4.0,7.0,-1.8171155770074767,1.0,1.0,0.5,0.0,0.0,0.0
COL,2000,0,0,21.6,2.92486148176778,10813.4942250011,39089934.0,9.22534818585366,20.52,7.0,0.0,43.0,4.0,4.0,0.0,0.0,1.0,0.5,0.0,1,22.2,-4.20401524244947,10679.7092686089,10.8736870857471,20.06,4.0,7.0,-0.6395768803408453,1.0,0.0,0.5,0.0,0.0,0.0
COL,2001,0,0,21.0,1.67789830787579,10823.4504878807,39709262.0,7.96556090304834,15.04,7.0,0.0,44.0,4.0,4.0,0.0,0.0,1.0,0.5,0.0,2,21.6,2.92486148176778,10813.4942250011,9.22534818585366,20.52,4.0,7.0,2.301379894821785,1.0,0.0,0.5,0.0,0.0,0.0
COL,2002,1,0,20.4,2.50398046659659,10925.1485602082,40324680.0,6.35150728778872,14.481,7.0,0.0,45.0,4.0,4.0,0.0,0.0,1.0,0.5,0.0,3,21.0,1.67789830787579,10823.4504878807,7.96556090304834,15.04,4.0,7.0,2.0909393872361903,1.0,0.0,0.5,0.0,0.0,0.0
COL,2003,0,0,19.8,3.91827190322513,11183.2911819793,40937429.0,7.1297886294186,13.221,7.0,0.0,46.0,4.0,4.0,0.0,0.0,1.0,0.5,0.0,0,20.4,2.50398046659659,10925.1485602082,6.35150728778872,14.481,4.0,7.0,3.21112618491086,1.0,0.0,0.5,0.0,0.0,0.0
COL,2004,0,0,19.3,5.33302206759905,11607.9384935105,41543171.0,5.90402005546502,13.717,7.0,0.0,47.0,4.0,4.0,0.0,0.0,1.0,0.5,0.0,1,19.8,3.91827190322513,11183.2911819793,7.1297886294186,13.221,4.0,7.0,4.625646985412089,1.0,0.0,0.5,0.0,0.0,0.0
COL,2005,0,0,18.7,4.82876110773741,11999.2549591305,42128977.0,5.05101962689696,11.062,7.0,0.0,48.0,4.0,4.0,0.0,0.0,1.0,0.5,0.0,2,19.3,5.33302206759905,11607.9384935105,5.90402005546502,13.717,4.0,7.0,5.08089158766823,1.0,0.0,0.5,0.0,0.0,0.0
COL,2006,0,0,18.2,6.71686869844402,12636.6246577724,42691084.0,4.29342363628927,11.088,7.0,0.0,49.0,4.0,4.0,0.0,0.0,1.0,0.5,0.0,3,18.7,4.82876110773741,11999.2549591305,5.05101962689696,11.062,4.0,7.0,5.772814903090715,1.0,0.0,0.5,0.0,0.0,0.0
COL,2007,0,0,17.7,6.73819469090975,13318.3033138168,43235374.0,5.54438485815156,11.204,7.0,0.0,50.0,4.0,4.0,0.0,0.0,1.0,0.5,0.0,4,18.2,6.71686869844402,12636.6246577724,4.29342363628927,11.088,4.0,7.0,6.727531694676885,0.0,0.0,0.0,0.0,0.0,0.0
COL,2008,0,0,17.2,3.28344618616541,13591.0609028567,43758808.0,6.99688495554511,11.273,7.0,0.0,51.0,4.0,4.0,0.0,0.0,1.0,0.5,0.0,5,17.7,6.73819469090975,13318.3033138168,5.54438485815156,11.204,4.0,7.0,5.01082043853758,0.0,0.0,0.0,0.0,0.0,0.0
COL,2009,0,0,16.7,1.13964864548062,13586.7518430982,44271541.0,4.20251661216482,12.066,7.0,0.0,52.0,4.0,4.0,0.0,0.0,1.0,0.5,0.0,6,17.2,3.28344618616541,13591.0609028567,6.99688495554511,11.273,4.0,7.0,2.211547415823015,0.0,0.0,0.0,0.0,0.0,0.0
COL,2010,1,0,16.2,4.49465897070922,14037.0642668639,44777319.0,2.27200227892008,11.153,7.0,0.0,53.0,4.0,4.0,0.0,0.0,1.0,0.5,0.0,7,16.7,1.13964864548062,13586.7518430982,4.20251661216482,12.066,4.0,7.0,2.81715380809492,0.0,0.0,0.0,0.0,0.0,0.0
COL,2011,0,0,15.7,6.94789198173555,14852.3699513061,45259614.0,3.4150334477625,10.288,7.0,0.0,54.0,4.0,4.0,0.0,0.0,1.0,0.5,0.0,0,16.2,4.49465897070922,14037.0642668639,2.27200227892008,11.153,4.0,7.0,5.7212754762223845,0.0,0.0,0.0,0.0,0.0,0.0
COL,2012,0,0,15.2,3.91263576716115,15279.4790008058,45715810.0,3.16930188840055,9.959,7.0,0.0,55.0,4.0,4.0,0.0,0.0,1.0,0.5,0.0,1,15.7,6.94789198173555,14852.3699513061,3.4150334477625,10.288,4.0,7.0,5.43026387444835,0.0,0.0,0.0,0.0,0.0,0.0
COL,2013,0,0,14.8,5.13399351995672,15912.2471293239,46151584.0,2.01699224310383,9.246,7.0,0.0,56.0,4.0,4.0,0.0,0.0,1.0,0.5,0.0,2,15.2,3.91263576716115,15279.4790008058,3.16930188840055,9.959,4.0,7.0,4.523314643558935,0.0,0.0,0.0,0.0,0.0,0.0
COL,2014,0,0,14.3,4.49903000110972,16480.3631474161,46565429.0,2.89883787761738,8.799,7.0,0.0,57.0,4.0,4.0,0.0,0.0,1.0,0.5,0.0,3,14.8,5.13399351995672,15912.2471293239,2.01699224310383,9.246,4.0,7.0,4.81651176053322,0.0,0.0,0.0,0.0,0.0,0.0
COL,2015,0,0,13.9,2.95590137527523,16821.3801400631,46969940.0,4.9898311584953,8.572,7.0,0.0,58.0,4.0,4.0,0.0,0.0,1.0,0.5,0.0,4,14.3,4.49903000110972,16480.3631474161,2.89883787761738,8.799,4.0,7.0,3.727465688192475,0.0,0.0,0.0,0.0,0.0,0.0
COL,2016,0,0,13.5,2.08738250162794,17003.244366485,47437512.0,7.51346024627675,8.922,7.0,0.0,59.0,4.0,4.0,0.0,0.0,1.0,0.5,0.0,5,13.9,2.95590137527523,16821.3801400631,4.9898311584953,8.572,4.0,7.0,2.5216419384515847,0.0,0.0,0.0,0.0,0.0,0.0
COL,2017,0,0,13.1,1.35936086788746,16986.0334182842,48131078.0,4.31431325695011,9.086,7.0,0.0,60.0,0.0,0.0,0.0,0.0,0.0,0.5,0.0,6,13.5,2.08738250162794,17003.244366485,7.51346024627675,8.922,4.0,7.0,1.7233716847577,0.0,0.0,0.0,0.0,0.0,0.0
COL,2018,1,0,12.7,2.56432428277704,17104.1313545678,49024465.0,3.24056932930569,9.36,7.0,0.0,61.0,0.0,0.0,0.0,0.0,0.0,0.5,0.0,7,13.1,1.35936086788746,16986.0334182842,4.31431325695011,9.086,0.0,7.0,1.9618425753322501,0.0,0.0,0.0,0.0,0.0,0.0
COL,2019,0,0,12.3,3.18685539245533,17336.7716030551,49907985.0,3.52301932741447,10.28,7.0,0.0,61.0,0.0,0.0,0.0,0.0,0.0,0.5,0.0,0,12.7,2.56432428277704,17104.1313545678,3.24056932930569,9.36,0.0,7.0,2.875589837616185,0.0,0.0,0.0,0.0,0.0,0.0
COL,2020,0,0,11.9,-7.18591413760859,15861.4999291295,50629997.0,2.52663500084706,15.983,7.0,0.0,61.0,0.0,0.0,0.0,0.0,0.0,0.5,0.0,1,12.3,3.18685539245533,17336.7716030551,3.52301932741447,10.28,0.0,7.0,-1.9995293725766299,0.0,0.0,0.0,0.0,0.0,0.0
COL,2021,0,0,11.5,10.8011981904878,17383.0901728295,51188173.0,3.49505757399448,13.898,7.0,0.0,61.0,0.0,0.0,0.0,0.0,0.0,0.5,0.0,2,11.9,-7.18591413760859,15861.4999291295,2.52663500084706,15.983,0.0,7.0,1.8076420264396047,0.0,0.0,0.0,0.0,0.0,0.0
COL,2022,1,0,11.2,7.32827729427979,18458.7209460704,51737944.0,10.1772313546166,10.541,7.0,0.0,61.0,0.0,0.0,0.0,0.0,0.0,0.5,0.0,3,11.5,10.8011981904878,17383.0901728295,3.49505757399448,13.898,0.0,7.0,9.064737742383794,0.0,1.0,0.0,0.0,0.0,0.0
COL,2023,0,0,10.8,0.841819555752039,18406.6242338491,52321152.0,11.7359044948689,9.591,7.0,0.0,61.0,0.0,0.0,0.0,0.0,0.0,0.5,0.0,0,11.2,7.32827729427979,18458.7209460704,10.1772313546166,10.541,0.0,7.0,4.0850484250159145,0.0,1.0,0.0,0.0,0.0,0.0
COL,2024,0,0,10.5,1.49330728771066,18481.8374929368,52886363.0,6.60908593728228,9.619,7.0,0.0,61.0,0.0,0.0,0.0,0.0,0.0,0.5,0.0,1,10.8,0.841819555752039,18406.6242338491,11.7359044948689,9.591,0.0,7.0,1.1675634217313495,0.0,0.0,0.0,0.0,0.0,0.0
CRI,1970,0,0,59.6,7.5031343433506,18270.06444120635,1838949.0,4.65229749303154,6.6025,10.0,0.0,21.0,0.0,0.0,0.0,0.0,0.0,0.5,0.0,0,18.4,3.53620866972961,18109.67372703895,5.66318573909345,6.662,0.0,8.0,7.5031343433506,1.0,0.0,0.5,0.0,0.0,0.0
CRI,1971,0,0,56.3,6.77850542642196,18270.06444120635,1888539.0,3.08304841408707,6.6025,10.0,0.0,22.0,0.0,0.0,0.0,0.0,0.0,0.5,0.0,1,59.6,7.5031343433506,18109.67372703895,4.65229749303154,6.662,0.0,10.0,7.14081988488628,1.0,0.0,0.5,0.0,0.0,0.0
CRI,1972,0,0,52.2,8.17804513351513,18270.06444120635,1938248.0,4.60112569280858,6.6025,10.0,0.0,23.0,0.0,0.0,0.0,0.0,0.0,0.5,0.0,2,56.3,6.77850542642196,18109.67372703895,3.08304841408707,6.662,0.0,10.0,7.478275279968546,1.0,0.0,0.5,0.0,0.0,0.0
CRI,1973,0,0,47.5,7.70891581191245,18270.06444120635,1988343.0,15.2140342204182,6.6025,10.0,0.0,24.0,0.0,0.0,0.0,0.0,0.0,0.5,0.0,3,52.2,8.17804513351513,18109.67372703895,4.60112569280858,6.662,0.0,10.0,7.943480472713791,1.0,1.0,0.5,0.0,0.0,0.0
CRI,1974,0,0,42.5,5.54489999097116,18270.06444120635,2039643.0,30.0736292803636,6.6025,10.0,0.0,25.0,0.0,0.0,0.0,0.0,0.0,0.5,0.0,4,47.5,7.70891581191245,18109.67372703895,15.2140342204182,6.662,0.0,10.0,6.626907901441806,1.0,1.0,0.5,0.0,0.0,0.0
CRI,1975,0,0,37.4,2.10007104948495,18270.06444120635,2092719.0,17.3692020226552,6.6025,10.0,0.0,26.0,0.0,0.0,0.0,0.0,0.0,0.5,0.0,5,42.5,5.54489999097116,18109.67372703895,30.0736292803636,6.662,0.0,10.0,3.822485520228056,1.0,1.0,0.5,0.0,0.0,0.0
CRI,1976,0,0,32.4,5.51756440295593,18270.06444120635,2147774.0,3.48583333291706,6.6025,10.0,0.0,27.0,0.0,0.0,0.0,0.0,0.0,0.5,0.0,6,37.4,2.10007104948495,18109.67372703895,17.3692020226552,6.662,0.0,10.0,3.808817726220441,1.0,0.0,0.5,0.0,0.0,0.0
CRI,1977,0,0,28.1,8.90447443155162,18270.06444120635,2205025.0,4.1902404526167,6.6025,10.0,0.0,28.0,0.0,0.0,0.0,0.0,0.0,0.5,0.0,7,32.4,5.51756440295593,18109.67372703895,3.48583333291706,6.662,0.0,10.0,7.211019417253776,1.0,0.0,0.5,0.0,0.0,0.0
CRI,1978,1,0,24.6,6.26768682442558,18270.06444120635,2264510.0,6.00712709994902,6.6025,10.0,0.0,29.0,0.0,0.0,0.0,0.0,0.0,0.5,0.0,8,28.1,8.90447443155162,18109.67372703895,4.1902404526167,6.662,0.0,10.0,7.586080627988601,1.0,0.0,0.5,0.0,0.0,0.0
CRI,1979,0,1,22.1,4.93912395498315,18270.06444120635,2326490.0,9.18841043700977,6.6025,10.0,0.0,30.0,0.0,0.0,0.0,0.0,0.0,0.5,0.0,0,24.6,6.26768682442558,18109.67372703895,6.00712709994902,6.662,0.0,10.0,5.603405389704365,1.0,0.0,0.5,0.5,0.0,0.0
CRI,1980,0,1,20.5,0.751895403326387,18270.06444120635,2390633.0,18.135170796071,6.6025,10.0,0.0,31.0,0.0,0.0,0.0,0.0,0.0,0.5,0.0,1,22.1,4.93912395498315,18109.67372703895,9.18841043700977,6.662,0.0,10.0,2.845509679154769,1.0,1.0,0.5,0.5,0.0,0.0
CRI,1981,0,1,19.6,-2.26165550729671,18270.06444120635,2456637.0,37.0563415239514,6.6025,10.0,0.0,32.0,0.0,0.0,0.0,0.0,0.0,0.5,0.0,2,20.5,0.751895403326387,18109.67372703895,18.135170796071,6.662,0.0,10.0,-0.7548800519851606,1.0,1.0,0.5,0.5,0.0,0.0
CRI,1982,1,1,19.3,-7.28556884666179,18270.06444120635,2524806.0,90.1213328504166,6.6025,10.0,0.0,33.0,0.0,0.0,0.0,0.0,0.0,0.5,0.0,3,19.6,-2.26165550729671,18109.67372703895,37.0563415239514,6.662,0.0,10.0,-4.773612176979249,1.0,1.0,0.5,0.5,0.0,0.0
CRI,1983,0,1,19.2,2.86299270239465,18270.06444120635,2595153.0,32.6237081487831,6.6025,10.0,0.0,34.0,0.0,0.0,0.0,0.0,0.0,0.5,0.0,0,19.3,-7.28556884666179,18109.67372703895,90.1213328504166,6.662,0.0,10.0,-2.211288072133569,1.0,1.0,0.5,0.5,0.0,0.0
CRI,1984,0,1,19.0,8.02410790730326,18270.06444120635,2667595.0,11.9474270118864,6.6025,10.0,0.0,35.0,0.0,0.0,0.0,0.0,0.0,0.5,0.0,1,19.2,2.86299270239465,18109.67372703895,32.6237081487831,6.662,0.0,10.0,5.443550304848956,1.0,1.0,0.5,0.5,0.0,0.0
CRI,1985,0,1,18.6,0.72160172926823,18270.06444120635,2741894.0,15.0574196445756,6.6025,10.0,0.0,36.0,0.0,0.0,0.0,0.0,0.0,0.5,0.0,2,19.0,8.02410790730326,18109.67372703895,11.9474270118864,6.662,0.0,10.0,4.372854818285745,1.0,1.0,0.5,0.5,0.0,0.0
CRI,1986,1,1,17.9,5.53625084315684,18270.06444120635,2817216.0,11.8350618936099,6.6025,10.0,0.0,37.0,0.0,0.0,0.0,0.0,0.0,0.5,0.0,3,18.6,0.72160172926823,18109.67372703895,15.0574196445756,6.662,0.0,10.0,3.1289262862125353,0.0,1.0,0.0,0.5,0.0,0.0
CRI,1987,0,1,17.0,4.76453327969504,18270.06444120635,2892699.0,16.8424201630394,6.6025,10.0,0.0,38.0,0.0,0.0,0.0,0.0,0.0,0.5,0.0,0,17.9,5.53625084315684,18109.67372703895,11.8350618936099,6.662,0.0,10.0,5.15039206142594,0.0,1.0,0.0,0.5,0.0,0.0
CRI,1988,0,1,16.0,3.43214737968852,18270.06444120635,2968103.0,20.8325332309203,6.6025,10.0,0.0,39.0,0.0,0.0,0.0,0.0,0.0,0.5,0.0,1,17.0,4.76453327969504,18109.67372703895,16.8424201630394,6.662,0.0,10.0,4.09834032969178,0.0,1.0,0.0,0.5,0.0,0.0
CRI,1989,0,1,15.2,5.66597554871322,18270.06444120635,3043827.0,16.509808768739,6.6025,10.0,0.0,40.0,0.0,0.0,0.0,0.0,0.0,0.5,0.0,2,16.0,3.43214737968852,18109.67372703895,20.8325332309203,6.662,0.0,10.0,4.54906146420087,0.0,1.0,0.0,0.5,0.0,0.0
CRI,1990,1,0,14.4,3.55306336572279,10979.788113325,3121706.0,19.0397526635649,6.6025,10.0,0.0,41.0,0.0,0.0,0.0,0.0,0.0,0.5,0.0,3,15.2,5.66597554871322,18109.67372703895,16.509808768739,6.662,0.0,10.0,4.609519457218005,0.0,1.0,0.0,0.0,0.0,0.0
CRI,1991,0,0,13.8,2.26565496296189,10946.3811047015,3202176.0,28.7092913706618,5.37,10.0,0.0,42.0,0.0,0.0,0.0,0.0,0.0,0.5,0.0,0,14.4,3.55306336572279,10979.788113325,19.0397526635649,6.662,0.0,10.0,2.9093591643423404,0.0,1.0,0.0,0.0,0.0,0.0
CRI,1992,0,0,13.4,9.20110358278828,11654.8187340805,3284258.0,21.791168790061,3.93,10.0,0.0,43.0,0.0,0.0,0.0,0.0,0.0,0.5,0.0,1,13.8,2.26565496296189,10946.3811047015,28.7092913706618,5.37,0.0,10.0,5.733379272875085,0.0,1.0,0.0,0.0,0.0,0.0
CRI,1993,0,0,13.1,7.09719089594824,12173.6770672722,3367434.0,9.77860078293777,3.95,10.0,0.0,44.0,0.0,0.0,0.0,0.0,0.0,0.5,0.0,2,13.4,9.20110358278828,11654.8187340805,21.791168790061,3.93,0.0,10.0,8.149147239368261,0.0,0.0,0.0,0.0,0.0,0.0
CRI,1994,0,0,12.9,4.51902842051615,12415.2629246683,3451122.0,13.5344687273427,4.05,10.0,0.0,45.0,0.0,0.0,0.0,0.0,0.0,0.5,0.0,3,13.1,7.09719089594824,12173.6770672722,9.77860078293777,3.95,0.0,10.0,5.808109658232196,0.0,1.0,0.0,0.0,0.0,0.0
CRI,1995,0,0,12.7,4.15395329584814,12623.5339424627,3535176.0,23.1864981102567,5.18,10.0,0.0,46.0,0.0,0.0,0.0,0.0,0.0,0.5,0.0,4,12.9,4.51902842051615,12415.2629246683,13.5344687273427,4.05,0.0,10.0,4.336490858182146,0.0,1.0,0.0,0.0,0.0,0.0
CRI,1996,0,0,12.6,1.35045951266757,12497.627359916,3619013.0,17.5114524814591,6.16,10.0,0.0,47.0,0.0,0.0,0.0,0.0,0.0,0.5,0.0,5,12.7,4.15395329584814,12623.5339424627,23.1864981102567,5.18,0.0,10.0,2.752206404257856,0.0,1.0,0.0,0.0,0.0,0.0
CRI,1997,0,0,12.4,5.47616597492105,12887.5255656264,3701711.0,13.2480440791191,5.68,10.0,0.0,48.0,0.0,0.0,0.0,0.0,0.0,0.5,0.0,6,12.6,1.35045951266757,12497.627359916,17.5114524814591,6.16,0.0,10.0,3.413312743794311,0.0,1.0,0.0,0.0,0.0,0.0
CRI,1998,1,0,12.1,7.08853729218445,13505.0840975141,3782838.0,11.6592997742233,5.33,10.0,0.0,49.0,0.0,0.0,0.0,0.0,0.0,0.5,0.0,7,12.4,5.47616597492105,12887.5255656264,13.2480440791191,5.68,0.0,10.0,6.282351633552751,0.0,1.0,0.0,0.0,0.0,0.0
CRI,1999,0,0,11.7,4.147800457203,13776.5829416464,3862101.0,10.0452817292494,5.9,10.0,0.0,50.0,0.0,0.0,0.0,0.0,0.0,0.5,0.0,0,12.1,7.08853729218445,13505.0840975141,11.6592997742233,5.33,0.0,10.0,5.618168874693726,0.0,1.0,0.0,0.0,0.0,0.0
CRI,2000,0,0,11.2,3.80207210664838,14025.6899537485,3937739.0,10.9615496593622,5.08,10.0,0.0,51.0,0.0,0.0,0.0,0.0,0.0,0.5,0.0,1,11.7,4.147800457203,13776.5829416464,10.0452817292494,5.9,0.0,10.0,3.974936281925691,0.0,1.0,0.0,0.0,0.0,0.0
CRI,2001,0,0,10.8,3.49117013515725,14257.525071713,4008947.0,11.2556157091172,6.051,10.0,0.0,52.0,0.0,0.0,0.0,0.0,0.0,0.5,0.0,2,11.2,3.80207210664838,14025.6899537485,10.9615496593622,5.08,0.0,10.0,3.646621120902816,0.0,1.0,0.0,0.0,0.0,0.0
CRI,2002,1,0,10.4,3.41687615891895,14503.176481607,4075705.0,9.16752048509119,6.396,10.0,0.0,53.0,0.0,0.0,0.0,0.0,0.0,0.5,0.0,3,10.8,3.49117013515725,14257.525071713,11.2556157091172,6.051,0.0,10.0,3.454023147038101,0.0,0.0,0.0,0.0,0.0,0.0
CRI,2003,0,0,10.1,4.31718000096654,14898.7197394794,4138784.0,9.44758091616984,6.654,10.0,0.0,54.0,0.0,0.0,0.0,0.0,0.0,0.5,0.0,0,10.4,3.41687615891895,14503.176481607,9.16752048509119,6.396,0.0,10.0,3.8670280799427457,0.0,0.0,0.0,0.0,0.0,0.0
CRI,2004,0,0,9.9,4.42459978667458,15330.8832332948,4200078.0,12.3148150178852,6.445,10.0,0.0,55.0,0.0,0.0,0.0,0.0,0.0,0.5,0.0,1,10.1,4.31718000096654,14898.7197394794,9.44758091616984,6.654,0.0,10.0,4.370889893820561,0.0,1.0,0.0,0.0,0.0,0.0
CRI,2005,0,0,9.7,3.97666631433462,15711.7451335337,4261240.0,13.7982949108987,6.749,10.0,0.0,56.0,0.0,0.0,0.0,0.0,0.0,0.5,0.0,2,9.9,4.42459978667458,15330.8832332948,12.3148150178852,6.445,0.0,10.0,4.200633050504601,0.0,1.0,0.0,0.0,0.0,0.0
CRI,2006,1,0,9.6,7.3266951372695,16628.3723014013,4321340.0,11.4705968149052,5.926,10.0,0.0,57.0,0.0,0.0,0.0,0.0,0.0,0.5,0.0,3,9.7,3.97666631433462,15711.7451335337,13.7982949108987,6.749,0.0,10.0,5.651680725802061,0.0,1.0,0.0,0.0,0.0,0.0
CRI,2007,0,0,9.5,8.21513209207497,17752.4161954513,4380248.0,9.35724456417157,4.557,10.0,0.0,58.0,0.0,0.0,0.0,0.0,0.0,0.5,0.0,0,9.6,7.3266951372695,16628.3723014013,11.4705968149052,5.926,0.0,10.0,7.770913614672236,0.0,0.0,0.0,0.0,0.0,0.0
CRI,2008,0,0,9.4,4.73817511214847,18343.0996854851,4440056.0,13.4244635507284,4.934,10.0,0.0,59.0,0.0,0.0,0.0,0.0,0.0,0.5,0.0,1,9.5,8.21513209207497,17752.4161954513,9.35724456417157,4.557,0.0,10.0,6.476653602111721,0.0,1.0,0.0,0.0,0.0,0.0
CRI,2009,0,0,9.2,-0.87345608994562,17941.5019129465,4499791.0,7.84270167700654,7.824,10.0,0.0,60.0,0.0,0.0,0.0,0.0,0.0,0.5,0.0,2,9.4,4.73817511214847,18343.0996854851,13.4244635507284,4.934,0.0,10.0,1.932359511101426,0.0,0.0,0.0,0.0,0.0,0.0
CRI,2010,1,0,9.0,5.36034347722267,18670.1678827387,4555962.0,5.66275708420021,7.171,10.0,0.0,61.0,0.0,0.0,0.0,0.0,0.0,0.5,0.0,3,9.2,-0.87345608994562,17941.5019129465,7.84270167700654,7.824,0.0,10.0,2.243443693638526,0.0,0.0,0.0,0.0,0.0,0.0
CRI,2011,0,0,8.8,4.40315921836142,19264.4566461776,4609833.0,4.87799830970702,9.518,10.0,0.0,62.0,0.0,0.0,0.0,0.0,0.0,0.5,0.0,0,9.0,5.36034347722267,18670.1678827387,5.66275708420021,7.171,0.0,10.0,4.881751347792045,0.0,0.0,0.0,0.0,0.0,0.0
CRI,2012,0,0,8.5,4.88259252932575,19970.6856013628,4663934.0,4.49545314354605,9.11,10.0,0.0,63.0,0.0,0.0,0.0,0.0,0.0,0.5,0.0,1,8.8,4.40315921836142,19264.4566461776,4.87799830970702,9.518,0.0,10.0,4.642875873843586,0.0,0.0,0.0,0.0,0.0,0.0
CRI,2013,0,0,8.2,2.49476596233289,20242.2938648319,4716147.0,5.23133614174428,8.218,10.0,0.0,64.0,0.0,0.0,0.0,0.0,0.0,0.5,0.0,2,8.5,4.88259252932575,19970.6856013628,4.49545314354605,9.11,0.0,10.0,3.688679245829321,0.0,0.0,0.0,0.0,0.0,0.0
CRI,2014,1,0,8.0,3.54210997703849,20735.1927258406,4767119.0,4.51920098516954,8.499,10.0,0.0,65.0,0.0,0.0,0.0,0.0,0.0,0.5,0.0,3,8.2,2.49476596233289,20242.2938648319,5.23133614174428,8.218,0.0,10.0,3.018437969685691,0.0,0.0,0.0,0.0,0.0,0.0
CRI,2015,0,0,7.8,3.65208093006359,21265.3176336354,4818038.0,0.801982005099623,8.415,10.0,0.0,66.0,0.0,0.0,0.0,0.0,0.0,0.5,0.0,0,8.0,3.54210997703849,20735.1927258406,4.51920098516954,8.499,0.0,10.0,3.5970954535510407,0.0,0.0,0.0,0.0,0.0,0.0
CRI,2016,0,0,7.7,4.20432320775184,21936.4660575366,4866998.0,-0.0174788505908217,8.085,10.0,0.0,67.0,0.0,0.0,0.0,0.0,0.0,0.5,0.0,1,7.8,3.65208093006359,21265.3176336354,0.801982005099623,8.415,0.0,10.0,3.928202068907716,0.0,0.0,0.0,0.0,0.0,0.0
CRI,2017,0,0,7.7,4.15769914676933,22633.7648663302,4913177.0,1.62590692991732,7.729,10.0,0.0,68.0,0.0,0.0,0.0,0.0,0.0,0.5,0.0,2,7.7,4.20432320775184,21936.4660575366,-0.0174788505908217,8.085,0.0,10.0,4.1810111772605865,0.0,0.0,0.0,0.0,0.0,0.0
CRI,2018,1,0,7.8,2.85285959760458,23069.8622241266,4957818.0,2.22111461526581,9.01,10.0,0.0,69.0,0.0,0.0,0.0,0.0,0.0,0.5,0.0,3,7.7,4.15769914676933,22633.7648663302,1.62590692991732,7.729,0.0,10.0,3.5052793721869557,0.0,0.0,0.0,0.0,0.0,0.0
CRI,2019,0,0,7.9,2.70813912948329,23496.8294622995,4999553.0,2.09604635327807,10.807,10.0,0.0,69.0,0.0,0.0,0.0,0.0,0.0,0.5,0.0,0,7.8,2.85285959760458,23069.8622241266,2.22111461526581,9.01,0.0,10.0,2.780499363543936,0.0,0.0,0.0,0.0,0.0,0.0
CRI,2020,0,0,8.1,-4.14159340574358,22368.1378072638,5034320.0,0.724911478131376,16.432,10.0,0.0,69.0,0.0,0.0,0.0,0.0,0.0,0.5,0.0,1,7.9,2.70813912948329,23496.8294622995,2.09604635327807,10.807,0.0,10.0,-0.7167271381301445,0.0,0.0,0.0,0.0,0.0,0.0
CRI,2021,0,0,8.3,8.21817953969082,24083.5988182437,5059988.0,1.72647755109241,15.139,10.0,0.0,69.0,0.0,0.0,0.0,0.0,0.0,0.5,0.0,2,8.1,-4.14159340574358,22368.1378072638,0.724911478131376,16.432,0.0,10.0,2.03829306697362,0.0,0.0,0.0,0.0,0.0,0.0
CRI,2022,1,0,8.6,5.46119455235068,25290.0087466975,5081765.0,8.27477490232654,11.325,10.0,0.0,69.0,0.0,0.0,0.0,0.0,0.0,0.5,0.0,3,8.3,8.21817953969082,24083.5988182437,1.72647755109241,15.139,0.0,10.0,6.83968704602075,0.0,0.0,0.0,0.0,0.0,0.0
CRI,2023,0,0,8.8,4.79187732359398,26378.5409941926,5105525.0,0.525193508693455,8.325,10.0,0.0,69.0,0.0,0.0,0.0,0.0,0.0,0.5,0.0,0,8.6,5.46119455235068,25290.0087466975,8.27477490232654,11.325,0.0,10.0,5.126535937972331,0.0,0.0,0.0,0.0,0.0,0.0
CRI,2024,0,0,9.1,4.08292444182048,27325.0470476503,5129910.0,-0.412853001047069,6.936,10.0,0.0,69.0,0.0,0.0,0.0,0.0,0.0,0.5,0.0,1,8.8,4.79187732359398,26378.5409941926,0.525193508693455,8.325,0.0,10.0,4.437400882707231,0.0,0.0,0.0,0.0,0.0,0.0
CZE,1970,0,0,21.0,3.51652574676669,18270.06444120635,9858071.0,5.531981770439344,6.6025,8.0,0.0,22.0,0.0,0.0,0.0,0.0,0.0,0.5,0.0,0,18.4,3.53620866972961,18109.67372703895,5.66318573909345,6.662,0.0,8.0,3.4147232630745155,1.0,0.0,0.5,0.0,0.0,0.0
CZE,1971,0,0,20.7,3.51652574676669,18270.06444120635,9826815.0,5.531981770439344,6.6025,8.0,0.0,22.0,0.0,0.0,0.0,0.0,0.0,0.5,0.0,1,21.0,3.53620866972961,18109.67372703895,5.66318573909345,6.662,0.0,8.0,3.4147232630745155,1.0,0.0,0.5,0.0,0.0,0.0
CZE,1972,0,0,20.4,3.51652574676669,18270.06444120635,9867632.0,5.531981770439344,6.6025,8.0,0.0,22.0,0.0,0.0,0.0,0.0,0.0,0.5,0.0,2,20.7,3.53620866972961,18109.67372703895,5.66318573909345,6.662,0.0,8.0,3.4147232630745155,1.0,0.0,0.5,0.0,0.0,0.0
CZE,1973,0,0,19.9,3.51652574676669,18270.06444120635,9922266.0,5.531981770439344,6.6025,8.0,0.0,22.0,0.0,0.0,0.0,0.0,0.0,0.5,0.0,3,20.4,3.53620866972961,18109.67372703895,5.66318573909345,6.662,0.0,8.0,3.4147232630745155,1.0,0.0,0.5,0.0,0.0,0.0
CZE,1974,0,0,19.4,3.51652574676669,18270.06444120635,9988459.0,5.531981770439344,6.6025,8.0,0.0,22.0,0.0,0.0,0.0,0.0,0.0,0.5,0.0,4,19.9,3.53620866972961,18109.67372703895,5.66318573909345,6.662,0.0,8.0,3.4147232630745155,1.0,0.0,0.5,0.0,0.0,0.0
CZE,1975,0,0,18.8,3.51652574676669,18270.06444120635,10058620.0,5.531981770439344,6.6025,8.0,0.0,22.0,0.0,0.0,0.0,0.0,0.0,0.5,0.0,5,19.4,3.53620866972961,18109.67372703895,5.66318573909345,6.662,0.0,8.0,3.4147232630745155,1.0,0.0,0.5,0.0,0.0,0.0
CZE,1976,0,0,18.1,3.51652574676669,18270.06444120635,10125939.0,5.531981770439344,6.6025,8.0,0.0,22.0,0.0,0.0,0.0,0.0,0.0,0.5,0.0,6,18.8,3.53620866972961,18109.67372703895,5.66318573909345,6.662,0.0,8.0,3.4147232630745155,0.0,0.0,0.0,0.0,0.0,0.0
CZE,1977,0,0,17.3,3.51652574676669,18270.06444120635,10186755.0,5.531981770439344,6.6025,8.0,0.0,22.0,0.0,0.0,0.0,0.0,0.0,0.5,0.0,7,18.1,3.53620866972961,18109.67372703895,5.66318573909345,6.662,0.0,8.0,3.4147232630745155,0.0,0.0,0.0,0.0,0.0,0.0
CZE,1978,0,0,16.4,3.51652574676669,18270.06444120635,10242098.0,5.531981770439344,6.6025,8.0,0.0,22.0,0.0,0.0,0.0,0.0,0.0,0.5,0.0,8,17.3,3.53620866972961,18109.67372703895,5.66318573909345,6.662,0.0,8.0,3.4147232630745155,0.0,0.0,0.0,0.0,0.0,0.0
CZE,1979,0,0,15.6,3.51652574676669,18270.06444120635,10292341.0,5.531981770439344,6.6025,8.0,0.0,22.0,0.0,0.0,0.0,0.0,0.0,0.5,0.0,9,16.4,3.53620866972961,18109.67372703895,5.66318573909345,6.662,0.0,8.0,3.4147232630745155,0.0,0.0,0.0,0.0,0.0,0.0
CZE,1980,0,0,14.7,3.51652574676669,18270.06444120635,10304193.0,5.531981770439344,6.6025,8.0,0.0,22.0,0.0,0.0,0.0,0.0,0.0,0.5,0.0,10,15.6,3.53620866972961,18109.67372703895,5.66318573909345,6.662,0.0,8.0,3.4147232630745155,0.0,0.0,0.0,0.0,0.0,0.0
CZE,1981,0,0,13.9,3.51652574676669,18270.06444120635,10300591.0,5.531981770439344,6.6025,8.0,0.0,22.0,0.0,0.0,0.0,0.0,0.0,0.5,0.0,11,14.7,3.53620866972961,18109.67372703895,5.66318573909345,6.662,0.0,8.0,3.4147232630745155,0.0,0.0,0.0,0.0,0.0,0.0
CZE,1982,0,0,13.2,3.51652574676669,18270.06444120635,10314826.0,5.531981770439344,6.6025,8.0,0.0,22.0,0.0,0.0,0.0,0.0,0.0,0.5,0.0,12,13.9,3.53620866972961,18109.67372703895,5.66318573909345,6.662,0.0,8.0,3.4147232630745155,0.0,0.0,0.0,0.0,0.0,0.0
CZE,1983,0,0,12.7,3.51652574676669,18270.06444120635,10323856.0,5.531981770439344,6.6025,8.0,0.0,22.0,0.0,0.0,0.0,0.0,0.0,0.5,0.0,13,13.2,3.53620866972961,18109.67372703895,5.66318573909345,6.662,0.0,8.0,3.4147232630745155,0.0,0.0,0.0,0.0,0.0,0.0
CZE,1984,0,0,12.4,3.51652574676669,18270.06444120635,10330213.0,5.531981770439344,6.6025,8.0,0.0,22.0,0.0,0.0,0.0,0.0,0.0,0.5,0.0,14,12.7,3.53620866972961,18109.67372703895,5.66318573909345,6.662,0.0,8.0,3.4147232630745155,0.0,0.0,0.0,0.0,0.0,0.0
CZE,1985,0,0,12.2,3.51652574676669,18270.06444120635,10337118.0,5.531981770439344,6.6025,8.0,0.0,22.0,0.0,0.0,0.0,0.0,0.0,0.5,0.0,15,12.4,3.53620866972961,18109.67372703895,5.66318573909345,6.662,0.0,8.0,3.4147232630745155,0.0,0.0,0.0,0.0,0.0,0.0
CZE,1986,0,0,11.9,3.51652574676669,18270.06444120635,10342227.0,5.531981770439344,6.6025,8.0,0.0,22.0,0.0,0.0,0.0,0.0,0.0,0.5,0.0,16,12.2,3.53620866972961,18109.67372703895,5.66318573909345,6.662,0.0,8.0,3.4147232630745155,0.0,0.0,0.0,0.0,0.0,0.0
CZE,1987,0,0,11.5,3.51652574676669,18270.06444120635,10347318.0,5.531981770439344,6.6025,8.0,0.0,22.0,0.0,0.0,0.0,0.0,0.0,0.5,0.0,17,11.9,3.53620866972961,18109.67372703895,5.66318573909345,6.662,0.0,8.0,3.4147232630745155,0.0,0.0,0.0,0.0,0.0,0.0
CZE,1988,0,0,11.1,3.51652574676669,18270.06444120635,10355276.0,5.531981770439344,6.6025,8.0,0.0,22.0,0.0,0.0,0.0,0.0,0.0,0.5,0.0,18,11.5,3.53620866972961,18109.67372703895,5.66318573909345,6.662,0.0,8.0,3.4147232630745155,0.0,0.0,0.0,0.0,0.0,0.0
CZE,1989,0,0,10.8,3.51652574676669,18270.06444120635,10361068.0,5.531981770439344,6.6025,8.0,0.0,22.0,0.0,0.0,0.0,0.0,0.0,0.5,0.0,19,11.1,3.53620866972961,18109.67372703895,5.66318573909345,6.662,0.0,8.0,3.4147232630745155,0.0,0.0,0.0,0.0,0.0,0.0
CZE,1990,0,0,10.4,3.51652574676669,27918.1375190566,10333355.0,5.531981770439344,6.6025,8.0,0.0,22.0,0.0,0.0,0.0,0.0,0.0,0.5,0.0,20,10.8,3.53620866972961,18109.67372703895,5.66318573909345,6.662,0.0,8.0,3.4147232630745155,0.0,0.0,0.0,0.0,0.0,0.0
CZE,1991,0,0,9.9,-11.6149423646776,24734.7702062546,10308578.0,5.531981770439344,2.27,8.0,0.0,22.0,0.0,0.0,0.0,0.0,0.0,0.5,0.0,21,10.4,3.53620866972961,27918.1375190566,5.66318573909345,6.662,0.0,8.0,-11.6149423646776,0.0,0.0,0.0,0.0,0.0,0.0
CZE,1992,0,0,9.3,-0.506542343116848,24584.3299626051,10319123.0,11.086500072223,2.6,8.0,0.0,22.0,0.0,0.0,0.0,0.0,0.0,0.5,0.0,22,9.9,-11.6149423646776,24734.7702062546,5.66318573909345,2.27,0.0,8.0,-6.060742353897224,0.0,1.0,0.0,0.0,0.0,0.0
CZE,1993,0,0,8.6,0.0619042423607254,24573.9914877529,10329855.0,20.8130295438428,4.349,10.0,0.0,0.0,0.0,0.0,0.0,0.0,0.0,0.5,0.0,23,9.3,-0.506542343116848,24584.3299626051,11.086500072223,2.6,0.0,8.0,-0.2223190503780613,0.0,1.0,0.0,0.0,0.0,0.0
CZE,1994,0,0,7.9,2.90930948412982,25279.7917961729,10333587.0,10.039429835143,4.284,10.0,0.0,1.0,0.0,0.0,0.0,0.0,0.0,0.5,0.0,24,8.6,0.0619042423607254,24573.9914877529,20.8130295438428,4.349,0.0,10.0,1.4856068632452728,0.0,1.0,0.0,0.0,0.0,0.0
CZE,1995,0,0,7.1,6.22140598863832,26869.0197149398,10327253.0,8.99052361478449,4.082,10.0,0.0,2.0,0.0,0.0,0.0,0.0,0.0,0.5,0.0,25,7.9,2.90930948412982,25279.7917961729,10.039429835143,4.284,0.0,10.0,4.565357736384071,0.0,0.0,0.0,0.0,0.0,0.0
CZE,1996,0,0,6.4,4.16858426915319,28021.6704584336,10315241.0,8.75877472878111,3.852,10.0,0.0,3.0,0.0,0.0,0.0,0.0,0.0,0.5,0.0,26,7.1,6.22140598863832,26869.0197149398,8.99052361478449,4.082,0.0,10.0,5.194995128895755,0.0,0.0,0.0,0.0,0.0,0.0
CZE,1997,0,0,5.7,-0.595838414214853,27884.7397585343,10304131.0,8.59615666715564,4.674,10.0,0.0,4.0,0.0,0.0,0.0,0.0,0.0,0.5,0.0,27,6.4,4.16858426915319,28021.6704584336,8.75877472878111,3.852,0.0,10.0,1.7863729274691682,0.0,0.0,0.0,0.0,0.0,0.0
CZE,1998,1,0,5.2,-0.393150193750415,27801.4387801408,10294373.0,10.6983655274888,6.455,10.0,0.0,5.0,0.0,0.0,0.0,0.0,0.0,0.5,0.0,28,5.7,-0.595838414214853,27884.7397585343,8.59615666715564,4.674,0.0,10.0,-0.49449430398263394,0.0,1.0,0.0,0.0,0.0,0.0
CZE,1999,0,0,4.8,1.37836060943835,28213.4555005997,10283860.0,2.1354484441733,8.702,10.0,0.0,6.0,0.0,0.0,0.0,0.0,0.0,0.5,0.0,0,5.2,-0.393150193750415,27801.4387801408,10.6983655274888,6.455,0.0,10.0,0.49260520784396755,0.0,0.0,0.0,0.0,0.0,0.0
CZE,2000,0,0,4.5,4.010669619984,29427.4070011514,10255063.0,3.77538829151729,8.764,10.0,0.0,7.0,0.0,0.0,0.0,0.0,0.0,0.5,0.0,1,4.8,1.37836060943835,28213.4555005997,2.1354484441733,8.702,0.0,10.0,2.694515114711175,0.0,0.0,0.0,0.0,0.0,0.0
CZE,2001,0,0,4.2,2.9172195289956,30399.8730764283,10216605.0,4.66267556988258,8.128,10.0,0.0,8.0,0.0,0.0,0.0,0.0,0.0,0.5,0.0,2,4.5,4.010669619984,29427.4070011514,3.77538829151729,8.764,0.0,10.0,3.4639445744898003,0.0,0.0,0.0,0.0,0.0,0.0
CZE,2002,0,0,4.0,1.51345949139996,30919.5496618702,10196916.0,1.90298097019027,7.28,10.0,0.0,9.0,0.0,0.0,0.0,0.0,0.0,0.5,0.0,3,4.2,2.9172195289956,30399.8730764283,4.66267556988258,8.128,0.0,10.0,2.21533951019778,0.0,0.0,0.0,0.0,0.0,0.0
CZE,2003,0,0,3.9,3.300836832613,31949.2963145034,10193998.0,0.118739205526815,7.777,10.0,0.0,10.0,0.0,0.0,0.0,0.0,0.0,0.5,0.0,4,4.0,1.51345949139996,30919.5496618702,1.90298097019027,7.28,0.0,10.0,2.40714816200648,0.0,0.0,0.0,0.0,0.0,0.0
CZE,2004,0,0,3.7,4.73633969683438,33452.3408000614,10197101.0,2.76010781671153,8.298,10.0,0.0,11.0,0.0,0.0,0.0,0.0,0.0,0.5,0.0,5,3.9,3.300836832613,31949.2963145034,0.118739205526815,7.777,0.0,10.0,4.0185882647236895,0.0,0.0,0.0,0.0,0.0,0.0
CZE,2005,0,0,3.5,6.37502886086791,35535.7479961511,10211216.0,1.85709789109228,7.927,10.0,0.0,12.0,0.0,0.0,0.0,0.0,0.0,0.5,0.0,6,3.7,4.73633969683438,33452.3408000614,2.76010781671153,8.298,0.0,10.0,5.555684278851144,0.0,0.0,0.0,0.0,0.0,0.0
CZE,2006,1,0,3.3,6.62317299177447,37786.8781740905,10238905.0,2.53399258343633,7.141,9.0,0.0,13.0,0.0,0.0,0.0,0.0,0.0,0.5,0.0,7,3.5,6.37502886086791,35535.7479961511,1.85709789109228,7.927,0.0,10.0,6.49910092632119,0.0,0.0,0.0,0.0,0.0,0.0
CZE,2007,0,0,3.2,5.48882595164517,39629.0061324728,10298828.0,2.8531243721117,5.316,9.0,0.0,14.0,0.0,0.0,0.0,0.0,0.0,0.5,0.0,0,3.3,6.62317299177447,37786.8781740905,2.53399258343633,7.141,0.0,9.0,6.05599947170982,0.0,0.0,0.0,0.0,0.0,0.0
CZE,2008,0,0,3.0,2.61226807205139,40328.3426630095,10384603.0,6.3586638015237,4.392,9.0,0.0,15.0,0.0,0.0,0.0,0.0,0.0,0.5,0.0,1,3.2,5.48882595164517,39629.0061324728,2.8531243721117,5.316,0.0,9.0,4.0505470118482805,0.0,0.0,0.0,0.0,0.0,0.0
CZE,2009,0,0,2.9,-4.79832416684926,38175.1422773334,10443936.0,1.0193773532923,6.662,9.0,0.0,16.0,0.0,0.0,0.0,0.0,0.0,0.5,0.0,2,3.0,2.61226807205139,40328.3426630095,6.3586638015237,4.392,0.0,9.0,-1.0930280473989349,0.0,0.0,0.0,0.0,0.0,0.0
CZE,2010,0,0,2.7,2.71466509907701,39097.3886218756,10474410.0,1.47272727272728,7.281,9.0,0.0,17.0,0.0,0.0,0.0,0.0,0.0,0.5,0.0,3,2.9,-4.79832416684926,38175.1422773334,1.0193773532923,6.662,0.0,9.0,-1.041829533886125,0.0,0.0,0.0,0.0,0.0,0.0
CZE,2011,0,0,2.6,1.77238085338473,39708.1626280195,10496088.0,1.9172191363555,6.712,9.0,0.0,18.0,0.0,0.0,0.0,0.0,0.0,0.5,0.0,4,2.7,2.71466509907701,39097.3886218756,1.47272727272728,7.281,0.0,9.0,2.24352297623087,0.0,0.0,0.0,0.0,0.0,0.0
CZE,2012,0,0,2.6,-0.770668190622743,39347.0492956846,10510785.0,3.28762306610411,6.979,9.0,0.0,19.0,0.0,0.0,0.0,0.0,0.0,0.5,0.0,5,2.6,1.77238085338473,39708.1626280195,1.9172191363555,6.712,0.0,9.0,0.5008563313809935,0.0,0.0,0.0,0.0,0.0,0.0
CZE,2013,1,0,2.5,-0.0418124160447491,39317.5535692377,10514272.0,1.4382978723404,6.953,9.0,0.0,20.0,0.0,0.0,0.0,0.0,0.0,0.5,0.0,6,2.6,-0.770668190622743,39347.0492956846,3.28762306610411,6.979,0.0,9.0,-0.40624030333374606,0.0,0.0,0.0,0.0,0.0,0.0
CZE,2014,0,0,2.5,2.24521219862635,40158.0164275735,10525347.0,0.343988589646794,6.108,9.0,0.0,21.0,0.0,0.0,0.0,0.0,0.0,0.5,0.0,0,2.5,-0.0418124160447491,39317.5535692377,1.4382978723404,6.953,0.0,9.0,1.1016998912908005,0.0,0.0,0.0,0.0,0.0,0.0
CZE,2015,0,0,2.6,4.95875848915604,42066.5759800801,10546059.0,0.309364548494975,5.048,9.0,0.0,22.0,0.0,0.0,0.0,0.0,0.0,0.5,0.0,1,2.5,2.24521219862635,40158.0164275735,0.343988589646794,6.108,0.0,9.0,3.6019853438911946,0.0,0.0,0.0,0.0,0.0,0.0
CZE,2016,0,0,2.6,2.58087013921376,43069.4659744727,10566332.0,0.683504209385703,3.952,9.0,0.0,23.0,0.0,0.0,0.0,0.0,0.0,0.5,0.0,2,2.6,4.95875848915604,42066.5759800801,0.309364548494975,5.048,0.0,9.0,3.7698143141848997,0.0,0.0,0.0,0.0,0.0,0.0
CZE,2017,1,0,2.6,5.17356529967881,45177.5226053634,10594438.0,2.4505339846014,2.893,9.0,0.0,24.0,0.0,0.0,0.0,0.0,0.0,0.5,0.0,3,2.6,2.58087013921376,43069.4659744727,0.683504209385703,3.952,0.0,9.0,3.8772177194462847,0.0,0.0,0.0,0.0,0.0,0.0
CZE,2018,0,0,2.5,2.83030588267866,46301.082036029,10629928.0,2.14949494949493,2.246,9.0,0.0,25.0,0.0,0.0,0.0,0.0,0.0,0.5,0.0,0,2.6,5.17356529967881,45177.5226053634,2.4505339846014,2.893,0.0,9.0,4.001935591178735,0.0,0.0,0.0,0.0,0.0,0.0
CZE,2019,0,0,2.4,3.56577658128261,47763.6165520254,10671870.0,2.84787595918041,2.015,9.0,0.0,25.0,0.0,0.0,0.0,0.0,0.0,0.5,0.0,1,2.5,2.83030588267866,46301.082036029,2.14949494949493,2.246,0.0,9.0,3.198041231980635,0.0,0.0,0.0,0.0,0.0,0.0
CZE,2020,0,0,2.4,-5.30487955463876,45119.9387309139,10697858.0,3.1612952849781,2.55,9.0,0.0,25.0,0.0,0.0,0.0,0.0,0.0,0.5,0.0,2,2.4,3.56577658128261,47763.6165520254,2.84787595918041,2.015,0.0,9.0,-0.8695514866780751,0.0,0.0,0.0,0.0,0.0,0.0
CZE,2021,1,0,2.3,4.02901832055149,47796.0337408466,10505772.0,3.83984491500146,2.803,9.0,0.0,25.0,0.0,0.0,0.0,0.0,0.0,0.5,0.0,3,2.4,-5.30487955463876,45119.9387309139,3.1612952849781,2.55,0.0,9.0,-0.6379306170436352,0.0,0.0,0.0,0.0,0.0,0.0
CZE,2022,0,0,2.2,2.8471706583814,48390.661678675,10672118.0,15.1001651468371,2.224,9.0,0.0,25.0,0.0,0.0,0.0,0.0,0.0,0.5,0.0,0,2.3,4.02901832055149,47796.0337408466,3.83984491500146,2.803,0.0,9.0,3.4380944894664447,0.0,1.0,0.0,0.0,0.0,0.0
CZE,2023,0,0,2.1,0.0475803308973752,47558.4106763314,10864042.0,10.6612601372427,2.579,9.0,0.0,25.0,0.0,0.0,0.0,0.0,0.0,0.5,0.0,1,2.2,2.8471706583814,48390.661678675,15.1001651468371,2.224,0.0,9.0,1.4473754946393875,0.0,1.0,0.0,0.0,0.0,0.0
CZE,2024,0,0,2.1,1.25131096245923,47972.53171792,10905028.0,2.43531202435314,2.6,9.0,0.0,25.0,0.0,0.0,0.0,0.0,0.0,0.5,0.0,2,2.1,0.0475803308973752,47558.4106763314,10.6612601372427,2.579,0.0,9.0,0.6494456466783026,0.0,0.0,0.0,0.0,0.0,0.0
DEU,1970,0,0,22.1,5.10314457629295,18270.06444120635,78169289.0,3.45024936360895,6.6025,8.0,0.0,22.0,0.0,0.0,0.0,0.0,0.0,0.5,0.0,0,18.4,3.53620866972961,18109.67372703895,5.66318573909345,6.662,0.0,8.0,5.10314457629295,1.0,0.0,0.5,0.0,0.0,0.0
DEU,1971,0,0,21.4,3.13269976979846,18270.06444120635,78312842.0,5.24097448273094,6.6025,8.0,0.0,22.0,0.0,0.0,0.0,0.0,0.0,0.5,0.0,1,22.1,5.10314457629295,18109.67372703895,3.45024936360895,6.662,0.0,8.0,4.117922173045705,1.0,0.0,0.5,0.0,0.0,0.0
DEU,1972,0,0,20.6,4.30034129247663,18270.06444120635,78688452.0,5.4849331221432,6.6025,8.0,0.0,22.0,0.0,0.0,0.0,0.0,0.0,0.5,0.0,2,21.4,3.13269976979846,18109.67372703895,5.24097448273094,6.662,0.0,8.0,3.716520531137545,1.0,0.0,0.5,0.0,0.0,0.0
DEU,1973,0,0,19.7,4.77748690945469,18270.06444120635,78936666.0,7.03202399303898,6.6025,8.0,0.0,22.0,0.0,0.0,0.0,0.0,0.0,0.5,0.0,3,20.6,4.30034129247663,18109.67372703895,5.4849331221432,6.662,0.0,8.0,4.53891410096566,1.0,0.0,0.5,0.0,0.0,0.0
DEU,1974,0,0,18.8,0.890068699312494,18270.06444120635,78967433.0,6.98643109327497,6.6025,8.0,0.0,22.0,0.0,0.0,0.0,0.0,0.0,0.5,0.0,4,19.7,4.77748690945469,18109.67372703895,7.03202399303898,6.662,0.0,8.0,2.833777804383592,1.0,0.0,0.5,0.0,0.0,0.0
DEU,1975,0,0,17.7,-0.866738936529003,18270.06444120635,78673554.0,5.91033626324104,6.6025,8.0,0.0,22.0,0.0,0.0,0.0,0.0,0.0,0.5,0.0,5,18.8,0.890068699312494,18109.67372703895,6.98643109327497,6.662,0.0,8.0,0.011664881391745485,0.0,0.0,0.0,0.0,0.0,0.0
DEU,1976,0,0,16.6,4.94925843456397,18270.06444120635,78336950.0,4.24663102299209,6.6025,8.0,0.0,22.0,0.0,0.0,0.0,0.0,0.0,0.5,0.0,6,17.7,-0.866738936529003,18109.67372703895,5.91033626324104,6.662,0.0,8.0,2.0412597490174837,0.0,0.0,0.0,0.0,0.0,0.0
DEU,1977,0,0,15.5,3.34721808033223,18270.06444120635,78159814.0,3.73416240635147,6.6025,8.0,0.0,22.0,0.0,0.0,0.0,0.0,0.0,0.5,0.0,7,16.6,4.94925843456397,18109.67372703895,4.24663102299209,6.662,0.0,8.0,4.1482382574481,0.0,0.0,0.0,0.0,0.0,0.0
DEU,1978,0,0,14.4,3.00849288842491,18270.06444120635,78091820.0,2.71869696123339,6.6025,8.0,0.0,22.0,0.0,0.0,0.0,0.0,0.0,0.5,0.0,8,15.5,3.34721808033223,18109.67372703895,3.73416240635147,6.662,0.0,8.0,3.1778554843785694,0.0,0.0,0.0,0.0,0.0,0.0
DEU,1979,0,0,13.5,4.15036333786591,18270.06444120635,78126350.0,4.04362006473399,6.6025,8.0,0.0,22.0,0.0,0.0,0.0,0.0,0.0,0.5,0.0,9,14.4,3.00849288842491,18109.67372703895,2.71869696123339,6.662,0.0,8.0,3.5794281131454095,0.0,0.0,0.0,0.0,0.0,0.0
DEU,1980,0,0,12.6,1.40882864441943,18270.06444120635,78288576.0,5.44105754460347,6.6025,8.0,0.0,22.0,0.0,0.0,0.0,0.0,0.0,0.5,0.0,10,13.5,4.15036333786591,18109.67372703895,4.04362006473399,6.662,0.0,8.0,2.7795959911426698,0.0,0.0,0.0,0.0,0.0,0.0
DEU,1981,0,0,11.8,0.529240541969116,18270.06444120635,78407907.0,6.34424277746325,6.6025,8.0,0.0,22.0,0.0,0.0,0.0,0.0,0.0,0.5,0.0,11,12.6,1.40882864441943,18109.67372703895,5.44105754460347,6.662,0.0,8.0,0.9690345931942725,0.0,0.0,0.0,0.0,0.0,0.0
DEU,1982,1,0,11.0,-0.394840735634787,18270.06444120635,78333366.0,5.24104507228422,6.6025,8.0,0.0,22.0,0.0,0.0,0.0,0.0,0.0,0.5,0.0,12,11.8,0.529240541969116,18109.67372703895,6.34424277746325,6.662,0.0,8.0,0.06719990316716404,0.0,0.0,0.0,0.0,0.0,0.0
DEU,1983,0,0,10.3,1.57241014192158,18270.06444120635,78128282.0,3.29341474302854,6.6025,8.0,0.0,22.0,0.0,0.0,0.0,0.0,0.0,0.5,0.0,0,11.0,-0.394840735634787,18109.67372703895,5.24104507228422,6.662,0.0,8.0,0.588784703143396,0.0,0.0,0.0,0.0,0.0,0.0
DEU,1984,0,0,9.7,2.82294783585535,18270.06444120635,77858685.0,2.4057933993196,6.6025,8.0,0.0,22.0,0.0,0.0,0.0,0.0,0.0,0.5,0.0,1,10.3,1.57241014192158,18109.67372703895,3.29341474302854,6.662,0.0,8.0,2.1976789888884642,0.0,0.0,0.0,0.0,0.0,0.0
DEU,1985,0,0,9.2,2.32793520067574,18270.06444120635,77684873.0,2.0662330121658,6.6025,8.0,0.0,22.0,0.0,0.0,0.0,0.0,0.0,0.5,0.0,2,9.7,2.82294783585535,18109.67372703895,2.4057933993196,6.662,0.0,8.0,2.575441518265545,0.0,0.0,0.0,0.0,0.0,0.0
DEU,1986,0,0,8.7,2.28733925852798,18270.06444120635,77720436.0,-0.129413360854742,6.6025,8.0,0.0,22.0,0.0,0.0,0.0,0.0,0.0,0.5,0.0,3,9.2,2.32793520067574,18109.67372703895,2.0662330121658,6.662,0.0,8.0,2.30763722960186,0.0,0.0,0.0,0.0,0.0,0.0
DEU,1987,0,0,8.3,1.4021515883601,18270.06444120635,77839920.0,0.24990610870503,6.6025,8.0,0.0,22.0,0.0,0.0,0.0,0.0,0.0,0.5,0.0,4,8.7,2.28733925852798,18109.67372703895,-0.129413360854742,6.662,0.0,8.0,1.8447454234440395,0.0,0.0,0.0,0.0,0.0,0.0
DEU,1988,0,0,7.8,3.70723567991882,18270.06444120635,78144619.0,1.27411894006923,6.6025,8.0,0.0,22.0,0.0,0.0,0.0,0.0,0.0,0.5,0.0,5,8.3,1.4021515883601,18109.67372703895,0.24990610870503,6.662,0.0,8.0,2.5546936341394595,0.0,0.0,0.0,0.0,0.0,0.0
DEU,1989,0,0,7.4,3.89655170553733,18270.06444120635,78751283.0,2.78056955569751,6.6025,8.0,0.0,22.0,0.0,0.0,0.0,0.0,0.0,0.5,0.0,6,7.8,3.70723567991882,18109.67372703895,1.27411894006923,6.662,0.0,8.0,3.8018936927280746,0.0,0.0,0.0,0.0,0.0,0.0
DEU,1990,0,0,7.0,5.25500610110028,42355.2860956177,79433029.0,2.69646824292392,6.6025,8.0,0.0,22.0,0.0,0.0,0.0,0.0,0.0,0.5,0.0,7,7.4,3.89655170553733,18109.67372703895,2.78056955569751,6.662,0.0,8.0,4.575778903318804,0.0,0.0,0.0,0.0,0.0,0.0
DEU,1991,0,0,6.6,5.10826150190911,44195.7164731544,80013896.0,4.04703259753466,5.316,8.0,0.0,22.0,0.0,0.0,0.0,0.0,0.0,0.5,0.0,8,7.0,5.25500610110028,42355.2860956177,2.69646824292392,6.662,0.0,8.0,5.181633801504695,0.0,0.0,0.0,0.0,0.0,0.0
DEU,1992,0,0,6.2,2.01361340926105,44744.1399691155,80624598.0,5.05697796731731,6.323,8.0,0.0,22.0,0.0,0.0,0.0,0.0,0.0,0.5,0.0,9,6.6,5.10826150190911,44195.7164731544,4.04703259753466,5.316,0.0,8.0,3.56093745558508,0.0,0.0,0.0,0.0,0.0,0.0
DEU,1993,0,0,5.8,-0.973033082340891,44018.4380932542,81156363.0,4.47457650752808,7.675,8.0,0.0,22.0,0.0,0.0,0.0,0.0,0.0,0.5,0.0,10,6.2,2.01361340926105,44744.1399691155,5.05697796731731,6.323,0.0,8.0,0.520290163460079,0.0,0.0,0.0,0.0,0.0,0.0
DEU,1994,0,0,5.5,2.59685569693275,45005.1589836478,81438348.0,2.69305639854954,8.727,8.0,0.0,22.0,0.0,0.0,0.0,0.0,0.0,0.5,0.0,11,5.8,-0.973033082340891,44018.4380932542,4.47457650752808,7.675,0.0,8.0,0.811911307295929,0.0,0.0,0.0,0.0,0.0,0.0
DEU,1995,0,0,5.3,1.50499384201356,45548.4181139802,81678051.0,1.70616041317076,8.158,8.0,0.0,22.0,0.0,0.0,0.0,0.0,0.0,0.5,0.0,12,5.5,2.59685569693275,45005.1589836478,2.69305639854954,8.727,0.0,8.0,2.0509247694731547,0.0,0.0,0.0,0.0,0.0,0.0
DEU,1996,0,0,5.0,1.0378755674358,45888.1269604813,81914831.0,1.44972701963239,8.822,8.0,0.0,22.0,0.0,0.0,0.0,0.0,0.0,0.5,0.0,13,5.3,1.50499384201356,45548.4181139802,1.70616041317076,8.158,0.0,8.0,1.2714347047246797,0.0,0.0,0.0,0.0,0.0,0.0
DEU,1997,0,0,4.8,1.85432238398302,46670.7053500672,82034771.0,1.93936968221574,9.861,8.0,0.0,22.0,0.0,0.0,0.0,0.0,0.0,0.5,0.0,14,5.0,1.0378755674358,45888.1269604813,1.44972701963239,8.822,0.0,8.0,1.4460989757094096,0.0,0.0,0.0,0.0,0.0,0.0
DEU,1998,1,0,4.7,2.09561231172233,47641.5271845024,82047195.0,0.911184687196224,9.787,8.0,0.0,22.0,0.0,0.0,0.0,0.0,0.0,0.5,0.0,15,4.8,1.85432238398302,46670.7053500672,1.93936968221574,9.861,0.0,8.0,1.9749673478526746,0.0,0.0,0.0,0.0,0.0,0.0
DEU,1999,0,0,4.5,2.12957016297766,48624.6484373602,82100243.0,0.585434192138622,8.854,8.0,0.0,22.0,0.0,0.0,0.0,0.0,0.0,0.5,0.0,0,4.7,2.09561231172233,47641.5271845024,0.911184687196224,9.787,0.0,8.0,2.112591237349995,0.0,0.0,0.0,0.0,0.0,0.0
DEU,2000,0,0,4.4,2.8765231247659,49955.6461286496,82211508.0,1.44026838719741,7.917,8.0,0.0,22.0,0.0,0.0,0.0,0.0,0.0,0.5,0.0,1,4.5,2.12957016297766,48624.6484373602,0.585434192138622,8.854,0.0,8.0,2.5030466438717798,0.0,0.0,0.0,0.0,0.0,0.0
DEU,2001,0,0,4.3,1.63614170690956,50687.6500447924,82349925.0,1.98385731334471,7.773,8.0,0.0,22.0,0.0,0.0,0.0,0.0,0.0,0.5,0.0,2,4.4,2.8765231247659,49955.6461286496,1.44026838719741,7.917,0.0,8.0,2.25633241583773,0.0,0.0,0.0,0.0,0.0,0.0
DEU,2002,0,0,4.2,-0.228255715793637,50486.998248551,82488495.0,1.42080615551526,8.482,8.0,0.0,22.0,0.0,0.0,0.0,0.0,0.0,0.5,0.0,3,4.3,1.63614170690956,50687.6500447924,1.98385731334471,7.773,0.0,8.0,0.7039429955579614,0.0,0.0,0.0,0.0,0.0,0.0
DEU,2003,0,0,4.1,-0.529801394291297,50191.7219389611,82534176.0,1.03422218628562,9.779,8.0,0.0,22.0,0.0,0.0,0.0,0.0,0.0,0.5,0.0,4,4.2,-0.228255715793637,50486.998248551,1.42080615551526,8.482,0.0,8.0,-0.37902855504246724,0.0,0.0,0.0,0.0,0.0,0.0
DEU,2004,0,0,4.0,1.16208684507278,50786.0176463275,82516260.0,1.66573696655992,10.727,8.0,0.0,22.0,0.0,0.0,0.0,0.0,0.0,0.5,0.0,5,4.1,-0.529801394291297,50191.7219389611,1.03422218628562,9.779,0.0,8.0,0.31614272539074123,0.0,0.0,0.0,0.0,0.0,0.0
DEU,2005,1,0,3.9,0.885485292551564,51264.8193748941,82469422.0,1.54691114751328,11.193,8.0,0.0,22.0,0.0,0.0,0.0,0.0,0.0,0.5,0.0,6,4.0,1.16208684507278,50786.0176463275,1.66573696655992,10.727,0.0,8.0,1.0237860688121718,0.0,0.0,0.0,0.0,0.0,0.0
DEU,2006,0,0,3.8,3.86668241523209,53307.1623767517,82376451.0,1.57742642840563,10.277,8.0,0.0,22.0,0.0,0.0,0.0,0.0,0.0,0.5,0.0,0,3.9,0.885485292551564,51264.8193748941,1.54691114751328,11.193,0.0,8.0,2.376083853891827,0.0,0.0,0.0,0.0,0.0,0.0
DEU,2007,0,0,3.7,2.8891174138025,54920.6589299724,82266372.0,2.29834400700951,8.732,8.0,0.0,22.0,0.0,0.0,0.0,0.0,0.0,0.5,0.0,1,3.8,3.86668241523209,53307.1623767517,1.57742642840563,10.277,0.0,8.0,3.377899914517295,0.0,0.0,0.0,0.0,0.0,0.0
DEU,2008,0,0,3.6,0.887902330743628,55513.7558858315,82110097.0,2.62837981637219,7.508,8.0,0.0,22.0,0.0,0.0,0.0,0.0,0.0,0.5,0.0,2,3.7,2.8891174138025,54920.6589299724,2.29834400700951,8.732,0.0,8.0,1.8885098722730638,0.0,0.0,0.0,0.0,0.0,0.0
DEU,2009,0,0,3.5,-5.54455451920674,52568.797424995,81902307.0,0.312739007368447,7.88,8.0,0.0,22.0,0.0,0.0,0.0,0.0,0.0,0.5,0.0,3,3.6,0.887902330743628,55513.7558858315,2.62837981637219,7.508,0.0,8.0,-2.328326094231556,0.0,0.0,0.0,0.0,0.0,0.0
DEU,2010,0,0,3.5,4.13463778522758,54826.255453315,81776930.0,1.1038103778926,7.043,8.0,0.0,22.0,0.0,0.0,0.0,0.0,0.0,0.5,0.0,4,3.5,-5.54455451920674,52568.797424995,0.312739007368447,7.88,0.0,8.0,-0.7049583669895796,0.0,0.0,0.0,0.0,0.0,0.0
DEU,2011,0,0,3.4,3.75796884489337,57950.9589729677,80274983.0,2.07517283735874,5.967,8.0,0.0,22.0,0.0,0.0,0.0,0.0,0.0,0.5,0.0,5,3.5,4.13463778522758,54826.255453315,1.1038103778926,7.043,0.0,8.0,3.946303315060475,0.0,0.0,0.0,0.0,0.0,0.0
DEU,2012,0,0,3.4,0.463512036709204,58110.3768512245,80425823.0,2.00848884782956,5.372,8.0,0.0,22.0,0.0,0.0,0.0,0.0,0.0,0.5,0.0,6,3.4,3.75796884489337,57950.9589729677,2.07517283735874,5.967,0.0,8.0,2.110740440801287,0.0,0.0,0.0,0.0,0.0,0.0
DEU,2013,0,0,3.3,0.396995583779145,58182.0766176953,80645605.0,1.50472330251876,5.316,8.0,0.0,22.0,0.0,0.0,0.0,0.0,0.0,0.5,0.0,7,3.4,0.463512036709204,58110.3768512245,2.00848884782956,5.372,0.0,8.0,0.43025381024417453,0.0,0.0,0.0,0.0,0.0,0.0
DEU,2014,0,0,3.3,2.18018602168017,59203.2340879963,80982500.0,0.906794000434246,4.979,8.0,0.0,22.0,0.0,0.0,0.0,0.0,0.0,0.5,0.0,8,3.3,0.396995583779145,58182.0766176953,1.50472330251876,5.316,0.0,8.0,1.2885908027296575,0.0,0.0,0.0,0.0,0.0,0.0
DEU,2015,0,0,3.3,1.66300602334775,59668.9890355282,81686611.0,0.514426137125456,4.612,8.0,0.0,22.0,0.0,0.0,0.0,0.0,0.0,0.5,0.0,9,3.3,2.18018602168017,59203.2340879963,0.906794000434246,4.979,0.0,8.0,1.9215960225139601,0.0,0.0,0.0,0.0,0.0,0.0
DEU,2016,0,0,3.3,2.22222216259371,60504.5857417161,82348669.0,0.491747008445174,4.104,8.0,0.0,22.0,0.0,0.0,0.0,0.0,0.0,0.5,0.0,10,3.3,1.66300602334775,59668.9890355282,0.514426137125456,4.612,0.0,8.0,1.9426140929707298,0.0,0.0,0.0,0.0,0.0,0.0
DEU,2017,0,0,3.2,2.797906720551,61965.4342904965,82657002.0,1.50949485109628,3.781,8.0,0.0,22.0,0.0,0.0,0.0,0.0,0.0,0.5,0.0,11,3.3,2.22222216259371,60504.5857417161,0.491747008445174,4.104,0.0,8.0,2.5100644415723545,0.0,0.0,0.0,0.0,0.0,0.0
DEU,2018,0,0,3.2,1.13569604599849,62481.1183971045,82905782.0,1.73216879766942,3.384,8.0,0.0,22.0,0.0,0.0,0.0,0.0,0.0,0.5,0.0,12,3.2,2.797906720551,61965.4342904965,1.50949485109628,3.781,0.0,8.0,1.966801383274745,0.0,0.0,0.0,0.0,0.0,0.0
DEU,2019,0,0,3.1,0.977734697038784,62949.8932511855,83092962.0,1.44565976888253,3.163,8.0,0.0,22.0,0.0,0.0,0.0,0.0,0.0,0.5,0.0,13,3.2,1.13569604599849,62481.1183971045,1.73216879766942,3.384,0.0,8.0,1.056715371518637,0.0,0.0,0.0,0.0,0.0,0.0
DEU,2020,0,0,3.1,-4.13191443239947,60299.5767710809,83160871.0,0.144877925813982,3.881,8.0,0.0,22.0,0.0,0.0,0.0,0.0,0.0,0.5,0.0,14,3.1,0.977734697038784,62949.8932511855,1.44565976888253,3.163,0.0,8.0,-1.577089867680343,0.0,0.0,0.0,0.0,0.0,0.0
DEU,2021,1,0,3.1,3.90999994204108,62630.7748127737,83196078.0,3.06666666666673,3.594,8.0,0.0,22.0,0.0,0.0,0.0,0.0,0.0,0.5,0.0,15,3.1,-4.13191443239947,60299.5767710809,0.144877925813982,3.881,0.0,8.0,-0.11095724517919514,0.0,0.0,0.0,0.0,0.0,0.0
DEU,2022,0,0,3.1,1.8092581243061,63777.9291029299,83177813.0,6.87257438551097,3.137,8.0,0.0,22.0,0.0,0.0,0.0,0.0,0.0,0.5,0.0,0,3.1,3.90999994204108,62630.7748127737,3.06666666666673,3.594,0.0,8.0,2.85962903317359,0.0,0.0,0.0,0.0,0.0,0.0
DEU,2023,0,0,3.1,-0.869647578573321,63140.1949099669,83287273.0,5.94643667725823,3.071,8.0,0.0,22.0,0.0,0.0,0.0,0.0,0.0,0.5,0.0,1,3.1,1.8092581243061,63777.9291029299,6.87257438551097,3.137,0.0,8.0,0.46980527286638946,0.0,0.0,0.0,0.0,0.0,0.0
DEU,2024,0,0,3.1,-0.495851897260366,62654.602264023,83516593.0,2.2564981433876,3.4,8.0,0.0,22.0,0.0,0.0,0.0,0.0,0.0,0.5,0.0,2,3.1,-0.869647578573321,63140.1949099669,5.94643667725823,3.071,0.0,8.0,-0.6827497379168435,0.0,0.0,0.0,0.0,0.0,0.0
DNK,1970,0,0,14.0,1.85600172758038,18270.06444120635,4928757.0,6.51484141652988,6.6025,10.0,0.0,25.0,0.0,0.0,0.0,0.0,0.0,0.5,0.0,0,18.4,3.53620866972961,18109.67372703895,5.66318573909345,6.662,0.0,8.0,1.85600172758038,0.0,0.0,0.0,0.0,0.0,0.0
DNK,1971,0,0,13.2,3.17782168196071,18270.06444120635,4963126.0,5.86986959071896,6.6025,10.0,0.0,26.0,0.0,0.0,0.0,0.0,0.0,0.5,0.0,1,14.0,1.85600172758038,18109.67372703895,6.51484141652988,6.662,0.0,10.0,2.516911704770545,0.0,0.0,0.0,0.0,0.0,0.0
DNK,1972,0,0,12.4,3.79759816845579,18270.06444120635,4991596.0,6.56236090256543,6.6025,10.0,0.0,27.0,0.0,0.0,0.0,0.0,0.0,0.5,0.0,2,13.2,3.17782168196071,18109.67372703895,5.86986959071896,6.662,0.0,10.0,3.48770992520825,0.0,0.0,0.0,0.0,0.0,0.0
DNK,1973,0,0,11.6,4.71949291132046,18270.06444120635,5021861.0,9.30338297973667,6.6025,10.0,0.0,28.0,0.0,0.0,0.0,0.0,0.0,0.5,0.0,3,12.4,3.79759816845579,18109.67372703895,6.56236090256543,6.662,0.0,10.0,4.258545539888125,0.0,0.0,0.0,0.0,0.0,0.0
DNK,1974,0,0,10.9,-0.964267384329801,18270.06444120635,5045297.0,15.2752062218395,6.6025,10.0,0.0,29.0,0.0,0.0,0.0,0.0,0.0,0.5,0.0,4,11.6,4.71949291132046,18109.67372703895,9.30338297973667,6.662,0.0,10.0,1.8776127634953295,0.0,1.0,0.0,0.0,0.0,0.0
DNK,1975,0,0,10.2,-1.40989953291778,18270.06444120635,5059862.0,9.60561207538671,6.6025,10.0,0.0,30.0,0.0,0.0,0.0,0.0,0.0,0.5,0.0,5,10.9,-0.964267384329801,18109.67372703895,15.2752062218395,6.662,0.0,10.0,-1.1870834586237904,0.0,0.0,0.0,0.0,0.0,0.0
DNK,1976,0,0,9.6,5.99340195153275,18270.06444120635,5072596.0,9.01029083562224,6.6025,10.0,0.0,31.0,0.0,0.0,0.0,0.0,0.0,0.5,0.0,6,10.2,-1.40989953291778,18109.67372703895,9.60561207538671,6.662,0.0,10.0,2.2917512093074848,0.0,0.0,0.0,0.0,0.0,0.0
DNK,1977,0,0,9.2,1.98543025474245,18270.06444120635,5088419.0,10.9222378100329,6.6025,10.0,0.0,32.0,0.0,0.0,0.0,0.0,0.0,0.5,0.0,7,9.6,5.99340195153275,18109.67372703895,9.01029083562224,6.662,0.0,10.0,3.9894161031376,0.0,1.0,0.0,0.0,0.0,0.0
DNK,1978,0,0,8.8,2.41699354282181,18270.06444120635,5104248.0,10.2136545710405,6.6025,10.0,0.0,33.0,0.0,0.0,0.0,0.0,0.0,0.5,0.0,8,9.2,1.98543025474245,18109.67372703895,10.9222378100329,6.662,0.0,10.0,2.20121189878213,0.0,1.0,0.0,0.0,0.0,0.0
DNK,1979,0,0,8.4,4.05329979126334,18270.06444120635,5116801.0,9.61105037907119,6.6025,10.0,0.0,34.0,0.0,0.0,0.0,0.0,0.0,0.5,0.0,9,8.8,2.41699354282181,18109.67372703895,10.2136545710405,6.662,0.0,10.0,3.235146667042575,0.0,0.0,0.0,0.0,0.0,0.0
DNK,1980,0,0,8.2,-0.751430002361559,18270.06444120635,5123027.0,12.3053240760183,6.6025,10.0,0.0,35.0,0.0,0.0,0.0,0.0,0.0,0.5,0.0,10,8.4,4.05329979126334,18109.67372703895,9.61105037907119,6.662,0.0,10.0,1.6509348944508906,0.0,1.0,0.0,0.0,0.0,0.0
DNK,1981,0,0,8.0,-0.740986389012875,18270.06444120635,5121572.0,11.7673874344181,6.6025,10.0,0.0,36.0,0.0,0.0,0.0,0.0,0.0,0.5,0.0,11,8.2,-0.751430002361559,18109.67372703895,12.3053240760183,6.662,0.0,10.0,-0.746208195687217,0.0,1.0,0.0,0.0,0.0,0.0
DNK,1982,1,0,7.9,3.89211245643591,18270.06444120635,5117810.0,10.1208256779823,6.6025,10.0,0.0,37.0,0.0,0.0,0.0,0.0,0.0,0.5,0.0,12,8.0,-0.740986389012875,18109.67372703895,11.7673874344181,6.662,0.0,10.0,1.5755630337115174,0.0,1.0,0.0,0.0,0.0,0.0
DNK,1983,0,0,7.8,2.65480394401855,18270.06444120635,5114297.0,6.90822881158844,6.6025,10.0,0.0,38.0,0.0,0.0,0.0,0.0,0.0,0.5,0.0,0,7.9,3.89211245643591,18109.67372703895,10.1208256779823,6.662,0.0,10.0,3.27345820022723,0.0,0.0,0.0,0.0,0.0,0.0
DNK,1984,0,0,7.9,4.33934505132922,18270.06444120635,5111619.0,6.29077936023769,6.6025,10.0,0.0,39.0,0.0,0.0,0.0,0.0,0.0,0.5,0.0,1,7.8,2.65480394401855,18109.67372703895,6.90822881158844,6.662,0.0,10.0,3.4970744976738852,0.0,0.0,0.0,0.0,0.0,0.0
DNK,1985,0,0,7.9,4.15308383294486,18270.06444120635,5113691.0,4.67875145183254,6.6025,10.0,0.0,40.0,0.0,0.0,0.0,0.0,0.0,0.5,0.0,2,7.9,4.33934505132922,18109.67372703895,6.29077936023769,6.662,0.0,10.0,4.24621444213704,0.0,0.0,0.0,0.0,0.0,0.0
DNK,1986,0,0,8.0,4.73340611933794,18270.06444120635,5120534.0,3.67818411863452,6.6025,10.0,0.0,41.0,0.0,0.0,0.0,0.0,0.0,0.5,0.0,3,7.9,4.15308383294486,18109.67372703895,4.67875145183254,6.662,0.0,10.0,4.443244976141401,0.0,0.0,0.0,0.0,0.0,0.0
DNK,1987,0,0,8.0,0.462955829960563,18270.06444120635,5127024.0,4.01999345683161,6.6025,10.0,0.0,42.0,0.0,0.0,0.0,0.0,0.0,0.5,0.0,4,8.0,4.73340611933794,18109.67372703895,3.67818411863452,6.662,0.0,10.0,2.598180974649252,0.0,0.0,0.0,0.0,0.0,0.0
DNK,1988,0,0,7.9,0.272951118976223,18270.06444120635,5129516.0,4.53513301015727,6.6025,10.0,0.0,43.0,0.0,0.0,0.0,0.0,0.0,0.5,0.0,5,8.0,0.462955829960563,18109.67372703895,4.01999345683161,6.662,0.0,10.0,0.36795347446839344,0.0,0.0,0.0,0.0,0.0,0.0
DNK,1989,0,0,7.7,0.697173210370437,18270.06444120635,5132594.0,4.77272342435519,6.6025,10.0,0.0,44.0,0.0,0.0,0.0,0.0,0.0,0.5,0.0,6,7.9,0.272951118976223,18109.67372703895,4.53513301015727,6.662,0.0,10.0,0.4850621646733304,0.0,0.0,0.0,0.0,0.0,0.0
DNK,1990,0,0,7.3,1.66026774169177,45943.8875401847,5140939.0,2.64160306382001,6.6025,10.0,0.0,45.0,0.0,0.0,0.0,0.0,0.0,0.5,0.0,7,7.7,0.697173210370437,18109.67372703895,4.77272342435519,6.662,0.0,10.0,1.1787204760311039,0.0,0.0,0.0,0.0,0.0,0.0
DNK,1991,0,0,6.9,1.45818005306188,46493.0175958032,5154298.0,2.39515331724416,9.099,10.0,0.0,46.0,0.0,0.0,0.0,0.0,0.0,0.5,0.0,8,7.3,1.66026774169177,45943.8875401847,2.64160306382001,6.662,0.0,10.0,1.5592238973768255,0.0,0.0,0.0,0.0,0.0,0.0
DNK,1992,0,0,6.4,2.0228112415746,47276.8936589666,5171370.0,2.09604442933214,9.027,10.0,0.0,47.0,0.0,0.0,0.0,0.0,0.0,0.5,0.0,9,6.9,1.45818005306188,46493.0175958032,2.39515331724416,9.099,0.0,10.0,1.7404956473182402,0.0,0.0,0.0,0.0,0.0,0.0
DNK,1993,1,0,6.0,-0.078900412805325,47082.4674371864,5188628.0,1.2578566795326,10.719,10.0,0.0,48.0,0.0,0.0,0.0,0.0,0.0,0.5,0.0,10,6.4,2.0228112415746,47276.8936589666,2.09604442933214,9.027,0.0,10.0,0.9719554143846376,0.0,0.0,0.0,0.0,0.0,0.0
DNK,1994,0,0,5.7,5.29469615156448,49408.2038213767,5206180.0,1.99201463809517,8.036,10.0,0.0,49.0,0.0,0.0,0.0,0.0,0.0,0.5,0.0,0,6.0,-0.078900412805325,47082.4674371864,1.2578566795326,10.719,0.0,10.0,2.607897869379578,0.0,0.0,0.0,0.0,0.0,0.0
DNK,1995,0,0,5.4,3.03802150461165,50644.7074582221,5233373.0,2.08360842382855,6.992,10.0,0.0,50.0,0.0,0.0,0.0,0.0,0.0,0.5,0.0,1,5.7,5.29469615156448,49408.2038213767,1.99201463809517,8.036,0.0,10.0,4.1663588280880655,0.0,0.0,0.0,0.0,0.0,0.0
DNK,1996,0,0,5.1,2.89575069230459,51817.1735416988,5263074.0,2.12629802275577,6.844,10.0,0.0,51.0,0.0,0.0,0.0,0.0,0.0,0.5,0.0,2,5.4,3.03802150461165,50644.7074582221,2.08360842382855,6.992,0.0,10.0,2.9668860984581205,0.0,0.0,0.0,0.0,0.0,0.0
DNK,1997,0,0,5.0,3.16848143784479,53237.2951913962,5284991.0,2.1821667790712,5.4,10.0,0.0,52.0,0.0,0.0,0.0,0.0,0.0,0.5,0.0,3,5.1,2.89575069230459,51817.1735416988,2.12629802275577,6.844,0.0,10.0,3.032116065074691,0.0,0.0,0.0,0.0,0.0,0.0
DNK,1998,0,0,4.8,2.32630274538961,54278.2791190857,5304219.0,1.84565122007883,5.039,10.0,0.0,53.0,0.0,0.0,0.0,0.0,0.0,0.5,0.0,4,5.0,3.16848143784479,53237.2951913962,2.1821667790712,5.4,0.0,10.0,2.7473920916172005,0.0,0.0,0.0,0.0,0.0,0.0
DNK,1999,0,0,4.7,2.96730536257029,55704.2583988925,5321799.0,2.49779544404529,5.141,10.0,0.0,54.0,0.0,0.0,0.0,0.0,0.0,0.5,0.0,5,4.8,2.32630274538961,54278.2791190857,1.84565122007883,5.039,0.0,10.0,2.6468040539799507,0.0,0.0,0.0,0.0,0.0,0.0
DNK,2000,0,0,4.7,3.72400899471576,57585.8965553524,5339616.0,2.90328203236461,4.476,10.0,0.0,55.0,0.0,0.0,0.0,0.0,0.0,0.5,0.0,6,4.7,2.96730536257029,55704.2583988925,2.49779544404529,5.141,0.0,10.0,3.3456571786430254,0.0,0.0,0.0,0.0,0.0,0.0
DNK,2001,1,0,4.6,0.95003224600012,57925.0542954115,5358783.0,2.33787000255263,4.164,10.0,0.0,56.0,0.0,0.0,0.0,0.0,0.0,0.5,0.0,7,4.7,3.72400899471576,57585.8965553524,2.90328203236461,4.476,0.0,10.0,2.3370206203579404,0.0,0.0,0.0,0.0,0.0,0.0
DNK,2002,0,0,4.5,0.456530018779986,58003.8882572641,5375931.0,2.42443661219695,4.274,10.0,0.0,57.0,0.0,0.0,0.0,0.0,0.0,0.5,0.0,0,4.6,0.95003224600012,57925.0542954115,2.33787000255263,4.164,0.0,10.0,0.7032811323900534,0.0,0.0,0.0,0.0,0.0,0.0
DNK,2003,0,0,4.4,0.441091006625101,58101.4809549972,5390574.0,2.07507820646506,5.398,10.0,0.0,58.0,0.0,0.0,0.0,0.0,0.0,0.5,0.0,1,4.5,0.456530018779986,58003.8882572641,2.42443661219695,4.274,0.0,10.0,0.4488105127025439,0.0,0.0,0.0,0.0,0.0,0.0
DNK,2004,0,0,4.2,2.77635180744053,59560.4599503941,5404523.0,1.15435693124934,5.204,10.0,0.0,59.0,0.0,0.0,0.0,0.0,0.0,0.5,0.0,2,4.4,0.441091006625101,58101.4809549972,2.07507820646506,5.398,0.0,10.0,1.608721407032816,0.0,0.0,0.0,0.0,0.0,0.0
DNK,2005,0,0,4.1,2.35960882992528,60798.1351548444,5419432.0,1.81781458291254,4.83,10.0,0.0,60.0,0.0,0.0,0.0,0.0,0.0,0.5,0.0,3,4.2,2.77635180744053,59560.4599503941,1.15435693124934,5.204,0.0,10.0,2.5679803186829053,0.0,0.0,0.0,0.0,0.0,0.0
DNK,2006,0,0,3.9,3.81648769908172,62911.3931382937,5437272.0,1.92422138464584,3.897,10.0,0.0,61.0,0.0,0.0,0.0,0.0,0.0,0.5,0.0,4,4.1,2.35960882992528,60798.1351548444,1.81781458291254,4.83,0.0,10.0,3.0880482645035006,0.0,0.0,0.0,0.0,0.0,0.0
DNK,2007,0,0,3.8,0.987173815945127,63251.3169416725,5461438.0,1.69326586220324,3.801,10.0,0.0,62.0,0.0,0.0,0.0,0.0,0.0,0.5,0.0,5,3.9,3.81648769908172,62911.3931382937,1.92422138464584,3.897,0.0,10.0,2.401830757513424,0.0,0.0,0.0,0.0,0.0,0.0
DNK,2008,0,0,3.7,-0.417178439991005,62618.4499382451,5493621.0,3.41626794258374,3.683,10.0,0.0,63.0,0.0,0.0,0.0,0.0,0.0,0.5,0.0,6,3.8,0.987173815945127,63251.3169416725,1.69326586220324,3.801,0.0,10.0,0.28499768797706143,0.0,0.0,0.0,0.0,0.0,0.0
DNK,2009,0,0,3.6,-4.97447905669058,59185.9677505533,5523095.0,1.30470991024336,6.409,10.0,0.0,64.0,0.0,0.0,0.0,0.0,0.0,0.5,0.0,7,3.7,-0.417178439991005,62618.4499382451,3.41626794258374,3.683,0.0,10.0,-2.695828748340792,0.0,0.0,0.0,0.0,0.0,0.0
DNK,2010,0,0,3.5,1.58289703108802,59856.3490860003,5547683.0,2.31092436974786,7.746,10.0,0.0,65.0,0.0,0.0,0.0,0.0,0.0,0.5,0.0,8,3.6,-4.97447905669058,59185.9677505533,1.30470991024336,6.409,0.0,10.0,-1.6957910128012794,0.0,0.0,0.0,0.0,0.0,0.0
DNK,2011,1,0,3.5,1.3108037609606,60391.7799332206,5570572.0,2.7586822605125,7.769,10.0,0.0,66.0,0.0,0.0,0.0,0.0,0.0,0.5,0.0,9,3.5,1.58289703108802,59856.3490860003,2.31092436974786,7.746,0.0,10.0,1.4468503960243104,0.0,0.0,0.0,0.0,0.0,0.0
DNK,2012,0,0,3.5,-0.00543230161670749,60161.7010660256,5591572.0,2.3979148566464,7.798,10.0,0.0,67.0,0.0,0.0,0.0,0.0,0.0,0.5,0.0,0,3.5,1.3108037609606,60391.7799332206,2.7586822605125,7.769,0.0,10.0,0.6526857296719467,0.0,0.0,0.0,0.0,0.0,0.0
DNK,2013,0,0,3.5,1.39267343161971,60745.7784800252,5614932.0,0.789071780078062,7.384,10.0,0.0,68.0,0.0,0.0,0.0,0.0,0.0,0.5,0.0,1,3.5,-0.00543230161670749,60161.7010660256,2.3979148566464,7.798,0.0,10.0,0.6936205650015017,0.0,0.0,0.0,0.0,0.0,0.0
DNK,2014,0,0,3.5,1.27799983192831,61210.9490922919,5643475.0,0.56402054044954,6.925,10.0,0.0,69.0,0.0,0.0,0.0,0.0,0.0,0.5,0.0,2,3.5,1.39267343161971,60745.7784800252,0.789071780078062,7.384,0.0,10.0,1.3353366317740103,0.0,0.0,0.0,0.0,0.0,0.0
DNK,2015,1,0,3.5,2.10441456445301,62059.1285991721,5683483.0,0.452034153691575,6.278,10.0,0.0,70.0,0.0,0.0,0.0,0.0,0.0,0.5,0.0,3,3.5,1.27799983192831,61210.9490922919,0.56402054044954,6.925,0.0,10.0,1.6912071981906602,0.0,0.0,0.0,0.0,0.0,0.0
DNK,2016,0,0,3.5,3.07304549209093,63468.9888246814,5728010.0,0.250000000000031,5.989,10.0,0.0,71.0,0.0,0.0,0.0,0.0,0.0,0.5,0.0,0,3.5,2.10441456445301,62059.1285991721,0.452034153691575,6.278,0.0,10.0,2.5887300282719705,0.0,0.0,0.0,0.0,0.0,0.0
DNK,2017,0,0,3.4,3.05647723922718,64989.4459872347,5764980.0,1.14713216957602,5.833,10.0,0.0,72.0,0.0,0.0,0.0,0.0,0.0,0.5,0.0,1,3.5,3.07304549209093,63468.9888246814,0.250000000000031,5.989,0.0,10.0,3.0647613656590553,0.0,0.0,0.0,0.0,0.0,0.0
DNK,2018,0,0,3.4,1.8600074900921,65870.8302554341,5793636.0,0.813609467455631,5.131,10.0,0.0,73.0,0.0,0.0,0.0,0.0,0.0,0.5,0.0,2,3.4,3.05647723922718,64989.4459872347,1.14713216957602,5.833,0.0,10.0,2.4582423646596405,0.0,0.0,0.0,0.0,0.0,0.0
DNK,2019,1,0,3.3,1.71140093932736,66758.6323346131,5814422.0,0.75813157251162,5.018,10.0,0.0,73.0,0.0,0.0,0.0,0.0,0.0,0.5,0.0,3,3.4,1.8600074900921,65870.8302554341,0.813609467455631,5.131,0.0,10.0,1.7857042147097304,0.0,0.0,0.0,0.0,0.0,0.0
DNK,2020,0,0,3.3,-1.78010601831291,65379.3066120995,5831404.0,0.420711974110025,5.644,10.0,0.0,73.0,0.0,0.0,0.0,0.0,0.0,0.5,0.0,0,3.3,1.71140093932736,66758.6323346131,0.75813157251162,5.018,0.0,10.0,-0.034352539492774614,0.0,0.0,0.0,0.0,0.0,0.0
DNK,2021,0,0,3.3,6.50025445756295,69327.998216527,5856733.0,1.85304543989689,5.065,10.0,0.0,73.0,0.0,0.0,0.0,0.0,0.0,0.5,0.0,1,3.3,-1.78010601831291,65379.3066120995,0.420711974110025,5.644,0.0,10.0,2.3600742196250204,0.0,0.0,0.0,0.0,0.0,0.0
DNK,2022,0,0,3.3,0.443832614908331,69089.4692492289,5903037.0,7.6965669988926,4.434,10.0,0.0,73.0,0.0,0.0,0.0,0.0,0.0,0.5,0.0,2,3.3,6.50025445756295,69327.998216527,1.85304543989689,5.065,0.0,10.0,3.472043536235641,0.0,0.0,0.0,0.0,0.0,0.0
DNK,2023,0,0,3.4,0.604587766175584,68993.9031100362,5946952.0,3.30517811237606,5.094,10.0,0.0,73.0,0.0,0.0,0.0,0.0,0.0,0.5,0.0,3,3.3,0.443832614908331,69089.4692492289,7.6965669988926,4.434,0.0,10.0,0.5242101905419579,0.0,0.0,0.0,0.0,0.0,0.0
DNK,2024,0,0,3.5,3.47783593140312,71034.5789667138,5976992.0,1.37220049768926,5.358,10.0,0.0,73.0,0.0,0.0,0.0,0.0,0.0,0.5,0.0,4,3.4,0.604587766175584,68993.9031100362,3.30517811237606,5.094,0.0,10.0,2.0412118487893527,0.0,0.0,0.0,0.0,0.0,0.0
DOM,1970,0,0,90.3,18.2266828796502,18270.06444120635,4399290.0,3.81666666641709,6.6025,-3.0,1.0,4.0,0.0,0.0,0.0,0.0,0.0,0.5,0.0,0,18.4,3.53620866972961,18109.67372703895,5.66318573909345,6.662,0.0,8.0,18.2266828796502,1.0,0.0,0.5,0.0,0.0,0.0
DOM,1971,0,0,88.3,10.8714660681825,18270.06444120635,4524234.0,3.58002889678131,6.6025,-3.0,1.0,5.0,0.0,0.0,0.0,0.0,0.0,0.5,0.0,1,90.3,18.2266828796502,18109.67372703895,3.81666666641709,6.662,0.0,-3.0,14.549074473916349,1.0,0.0,0.5,0.0,0.0,0.0
DOM,1972,0,0,86.0,10.3941640767605,18270.06444120635,4651883.0,8.64073155607574,6.6025,-3.0,1.0,6.0,0.0,0.0,0.0,0.0,0.0,0.5,0.0,2,88.3,10.8714660681825,18109.67372703895,3.58002889678131,6.662,0.0,-3.0,10.6328150724715,1.0,0.0,0.5,0.0,0.0,0.0
DOM,1973,0,0,83.5,12.8957637251018,18270.06444120635,4782227.0,15.0795349169139,6.6025,-3.0,1.0,7.0,0.0,0.0,0.0,0.0,0.0,0.5,0.0,3,86.0,10.3941640767605,18109.67372703895,8.64073155607574,6.662,0.0,-3.0,11.644963900931149,1.0,1.0,0.5,0.0,0.0,0.0
DOM,1974,0,0,81.0,6.00190290333001,18270.06444120635,4914197.0,13.1407673714854,6.6025,-3.0,1.0,8.0,0.0,0.0,0.0,0.0,0.0,0.5,0.0,4,83.5,12.8957637251018,18109.67372703895,15.0795349169139,6.662,0.0,-3.0,9.448833314215905,1.0,1.0,0.5,0.0,0.0,0.0
DOM,1975,0,0,78.3,5.19325335716054,18270.06444120635,5046776.0,14.5017257437616,6.6025,-3.0,1.0,9.0,0.0,0.0,0.0,0.0,0.0,0.5,0.0,5,81.0,6.00190290333001,18109.67372703895,13.1407673714854,6.662,0.0,-3.0,5.5975781302452745,1.0,1.0,0.5,0.0,0.0,0.0
DOM,1976,0,0,75.8,6.72812264197154,18270.06444120635,5180404.0,7.76555023925677,6.6025,-3.0,1.0,10.0,0.0,0.0,0.0,0.0,0.0,0.5,0.0,6,78.3,5.19325335716054,18109.67372703895,14.5017257437616,6.662,0.0,-3.0,5.96068799956604,1.0,0.0,0.5,0.0,0.0,0.0
DOM,1977,0,0,73.4,4.98178395087527,18270.06444120635,5315443.0,12.8535275054287,6.6025,-3.0,1.0,11.0,0.0,0.0,0.0,0.0,0.0,0.5,0.0,7,75.8,6.72812264197154,18109.67372703895,7.76555023925677,6.662,0.0,-3.0,5.854953296423405,1.0,1.0,0.5,0.0,0.0,0.0
DOM,1978,0,0,71.0,2.14068467652768,18270.06444120635,5451882.0,3.47785034212178,6.6025,5.0,1.0,0.0,0.0,0.0,0.0,0.0,0.0,0.5,0.0,8,73.4,4.98178395087527,18109.67372703895,12.8535275054287,6.662,0.0,-3.0,3.5612343137014753,1.0,0.0,0.5,0.0,0.0,0.0
DOM,1979,0,0,68.8,4.53139921679188,18270.06444120635,5589690.0,9.17380513351446,6.6025,5.0,1.0,1.0,0.0,0.0,0.0,0.0,0.0,0.5,0.0,9,71.0,2.14068467652768,18109.67372703895,3.47785034212178,6.662,0.0,5.0,3.3360419466597797,1.0,0.0,0.5,0.0,0.0,0.0
DOM,1980,0,0,66.6,7.96873850744203,18270.06444120635,5729037.0,16.7531356897102,6.6025,5.0,1.0,2.0,0.0,0.0,0.0,0.0,0.0,0.5,0.0,10,68.8,4.53139921679188,18109.67372703895,9.17380513351446,6.662,0.0,5.0,6.2500688621169544,1.0,1.0,0.5,0.0,0.0,0.0
DOM,1981,0,0,64.5,4.27986747952673,18270.06444120635,5868453.0,7.51463890696157,6.6025,5.0,1.0,3.0,0.0,0.0,0.0,0.0,0.0,0.5,0.0,11,66.6,7.96873850744203,18109.67372703895,16.7531356897102,6.662,0.0,5.0,6.124302993484379,1.0,0.0,0.5,0.0,0.0,0.0
DOM,1982,0,0,62.5,1.69870863097844,18270.06444120635,6007114.0,7.64624306606148,6.6025,5.0,1.0,4.0,0.0,0.0,0.0,0.0,0.0,0.5,0.0,12,64.5,4.27986747952673,18109.67372703895,7.51463890696157,6.662,0.0,5.0,2.989288055252585,1.0,0.0,0.5,0.0,0.0,0.0
DOM,1983,0,0,60.5,4.62794634845423,18270.06444120635,6147248.0,5.62862329448988,6.6025,5.0,1.0,5.0,0.0,0.0,0.0,0.0,0.0,0.5,0.0,13,62.5,1.69870863097844,18109.67372703895,7.64624306606148,6.662,0.0,5.0,3.163327489716335,1.0,0.0,0.5,0.0,0.0,0.0
DOM,1984,0,0,58.6,1.25289597452468,18270.06444120635,6289040.0,20.1516781053536,6.6025,5.0,1.0,6.0,0.0,0.0,0.0,0.0,0.0,0.5,0.0,14,60.5,4.62794634845423,18109.67372703895,5.62862329448988,6.662,0.0,5.0,2.940421161489455,1.0,1.0,0.5,0.0,0.0,0.0
DOM,1985,0,0,56.8,-2.12253497623708,18270.06444120635,6430404.0,45.3361755532178,6.6025,5.0,1.0,7.0,0.0,0.0,0.0,0.0,0.0,0.5,0.0,15,58.6,1.25289597452468,18109.67372703895,20.1516781053536,6.662,0.0,5.0,-0.43481950085620014,1.0,1.0,0.5,0.0,0.0,0.0
DOM,1986,0,0,55.0,3.52199319901496,18270.06444120635,6571208.0,7.6389726657993,6.6025,5.0,1.0,8.0,0.0,0.0,0.0,0.0,0.0,0.5,0.0,16,56.8,-2.12253497623708,18109.67372703895,45.3361755532178,6.662,0.0,5.0,0.6997291113889399,1.0,0.0,0.5,0.0,0.0,0.0
DOM,1987,0,0,53.2,10.1173673617477,18270.06444120635,6712515.0,13.5507237827822,6.6025,5.0,1.0,9.0,0.0,0.0,0.0,0.0,0.0,0.5,0.0,17,55.0,3.52199319901496,18109.67372703895,7.6389726657993,6.662,0.0,5.0,6.819680280381331,1.0,1.0,0.5,0.0,0.0,0.0
DOM,1988,0,0,51.5,2.15596333107848,18270.06444120635,6855734.0,43.8638323515053,6.6025,5.0,1.0,10.0,0.0,0.0,0.0,0.0,0.0,0.5,0.0,18,53.2,10.1173673617477,18109.67372703895,13.5507237827822,6.662,0.0,5.0,6.13666534641309,1.0,1.0,0.5,0.0,0.0,0.0
DOM,1989,0,0,49.7,4.40053881491089,18270.06444120635,7002295.0,40.6579161175005,6.6025,5.0,1.0,11.0,0.0,0.0,0.0,0.0,0.0,0.5,0.0,19,51.5,2.15596333107848,18109.67372703895,43.8638323515053,6.662,0.0,5.0,3.278251072994685,1.0,1.0,0.5,0.0,0.0,0.0
DOM,1990,0,0,48.0,-5.45431239511254,7327.72670133751,7151166.0,50.4624792378524,6.6025,5.0,1.0,12.0,0.0,0.0,0.0,0.0,0.0,0.5,0.0,20,49.7,4.40053881491089,18109.67372703895,40.6579161175005,6.662,0.0,5.0,-0.526886790100825,1.0,1.0,0.5,0.0,0.0,0.0
DOM,1991,0,0,46.2,0.944138889056532,7246.24670144222,7299853.0,47.079157410536,6.863,5.0,1.0,13.0,0.0,0.0,0.0,0.0,0.0,0.5,0.0,21,48.0,-5.45431239511254,7327.72670133751,50.4624792378524,6.662,0.0,5.0,-2.255086753028004,1.0,1.0,0.5,0.0,0.0,0.0
DOM,1992,0,0,44.5,11.2374641300752,7900.76809265865,7447474.0,4.25902638893392,6.669,5.0,1.0,14.0,0.0,0.0,0.0,0.0,0.0,0.5,0.0,22,46.2,0.944138889056532,7246.24670144222,47.079157410536,6.863,0.0,5.0,6.090801509565866,1.0,0.0,0.5,0.0,0.0,0.0
DOM,1993,0,0,42.7,7.36669526975602,8318.49178576126,7594572.0,5.25033880690971,6.322,5.0,1.0,15.0,0.0,0.0,0.0,0.0,0.0,0.5,0.0,23,44.5,11.2374641300752,7900.76809265865,4.25902638893392,6.669,0.0,5.0,9.302079699915609,1.0,0.0,0.5,0.0,0.0,0.0
DOM,1994,0,0,41.0,2.59378305986246,8372.07169739279,7741694.0,8.26076798575834,6.285,5.0,1.0,16.0,0.0,0.0,0.0,0.0,0.0,0.5,0.0,24,42.7,7.36669526975602,8318.49178576126,5.25033880690971,6.322,0.0,5.0,4.98023916480924,1.0,0.0,0.5,0.0,0.0,0.0
DOM,1995,0,0,39.4,5.69998859173715,8685.01648557062,7888115.0,12.5359594558963,6.439,5.0,1.0,17.0,0.0,0.0,0.0,0.0,0.0,0.5,0.0,25,41.0,2.59378305986246,8372.07169739279,8.26076798575834,6.285,0.0,5.0,4.146885825799805,1.0,1.0,0.5,0.0,0.0,0.0
DOM,1996,1,0,37.9,5.96119319380874,9036.88352149896,8032894.0,5.39929385038922,6.485,8.0,0.0,0.0,0.0,0.0,0.0,0.0,0.0,0.5,0.0,26,39.4,5.69998859173715,8685.01648557062,12.5359594558963,6.439,0.0,5.0,5.830590892772945,1.0,0.0,0.5,0.0,0.0,0.0
DOM,1997,0,0,36.6,8.89955230035797,9671.14817881707,8174078.0,8.29656754792046,6.323,8.0,0.0,1.0,0.0,0.0,0.0,0.0,0.0,0.5,0.0,0,37.9,5.96119319380874,9036.88352149896,5.39929385038922,6.485,0.0,8.0,7.430372747083355,1.0,0.0,0.5,0.0,0.0,0.0
DOM,1998,0,0,35.4,6.70585570778992,10150.4460178993,8310362.0,4.83166558591895,6.304,8.0,0.0,2.0,0.0,0.0,0.0,0.0,0.0,0.5,0.0,1,36.6,8.89955230035797,9671.14817881707,8.29656754792046,6.323,0.0,8.0,7.802704004073945,1.0,0.0,0.5,0.0,0.0,0.0
DOM,1999,0,0,34.3,5.95651024999543,10582.0775939337,8446208.0,6.47054186846928,6.312,8.0,0.0,3.0,0.0,0.0,0.0,0.0,0.0,0.5,0.0,2,35.4,6.70585570778992,10150.4460178993,4.83166558591895,6.304,0.0,8.0,6.331182978892674,1.0,0.0,0.5,0.0,0.0,0.0
DOM,2000,1,0,33.5,4.65172550299128,10896.3184155964,8584190.0,7.72413566181616,6.432,8.0,0.0,4.0,0.0,0.0,0.0,0.0,0.0,0.5,0.0,3,34.3,5.95651024999543,10582.0775939337,6.47054186846928,6.312,0.0,8.0,5.304117876493354,1.0,0.0,0.5,0.0,0.0,0.0
DOM,2001,0,0,32.7,2.46937023763239,10991.1363420488,8720283.0,8.88306848812961,7.262,8.0,0.0,5.0,0.0,0.0,0.0,0.0,0.0,0.5,0.0,0,33.5,4.65172550299128,10896.3184155964,7.72413566181616,6.432,0.0,8.0,3.560547870311834,1.0,0.0,0.5,0.0,0.0,0.0
DOM,2002,0,0,32.1,4.48650367045651,11313.0690271273,8852235.0,5.22336769759447,6.779,8.0,0.0,6.0,0.0,0.0,0.0,0.0,0.0,0.5,0.0,1,32.7,2.46937023763239,10991.1363420488,8.88306848812961,7.262,0.0,8.0,3.477936954044449,1.0,0.0,0.5,0.0,0.0,0.0
DOM,2003,0,0,31.7,-1.34935744782766,11000.8684059352,8980620.0,27.4497127394395,6.938,8.0,0.0,7.0,0.0,0.0,0.0,0.0,0.0,0.5,0.0,2,32.1,4.48650367045651,11313.0690271273,5.22336769759447,6.779,0.0,8.0,1.5685731113144241,1.0,1.0,0.5,0.0,0.0,0.0
DOM,2004,1,0,31.3,2.58556667449577,11131.2709216332,9104892.0,51.4608598338065,6.303,8.0,0.0,8.0,0.0,0.0,0.0,0.0,0.0,0.5,0.0,3,31.7,-1.34935744782766,11000.8684059352,27.4497127394395,6.938,0.0,8.0,0.618104613334054,1.0,1.0,0.5,0.0,0.0,0.0
DOM,2005,0,0,31.0,9.43178931977285,12022.5080544053,9225034.0,4.19020260472056,6.587,8.0,0.0,9.0,0.0,0.0,0.0,0.0,0.0,0.5,0.0,0,31.3,2.58556667449577,11131.2709216332,51.4608598338065,6.303,0.0,8.0,6.008677997134309,1.0,0.0,0.5,0.0,0.0,0.0
DOM,2006,0,0,30.8,9.17120650955299,12961.9183632133,9341183.0,7.57280523853074,5.654,8.0,0.0,10.0,0.0,0.0,0.0,0.0,0.0,0.5,0.0,1,31.0,9.43178931977285,12022.5080544053,4.19020260472056,6.587,0.0,8.0,9.301497914662919,1.0,0.0,0.5,0.0,0.0,0.0
DOM,2007,0,0,30.6,7.41840577774235,13754.9212674095,9455658.0,6.14356655248047,5.158,8.0,0.0,11.0,0.0,0.0,0.0,0.0,0.0,0.5,0.0,2,30.8,9.17120650955299,12961.9183632133,7.57280523853074,5.654,0.0,8.0,8.29480614364767,1.0,0.0,0.5,0.0,0.0,0.0
DOM,2008,0,0,30.5,3.26808671288212,14030.1411084465,9573130.0,10.6446210953712,4.764,8.0,0.0,12.0,0.0,0.0,0.0,0.0,0.0,0.5,0.0,3,30.6,7.41840577774235,13754.9212674095,6.14356655248047,5.158,0.0,8.0,5.343246245312234,1.0,1.0,0.5,0.0,0.0,0.0
DOM,2009,0,0,30.5,1.00345293018719,13992.4103270189,9695265.0,1.44215131834353,5.467,8.0,0.0,13.0,0.0,0.0,0.0,0.0,0.0,0.5,0.0,4,30.5,3.26808671288212,14030.1411084465,10.6446210953712,4.764,0.0,8.0,2.135769821534654,1.0,0.0,0.5,0.0,0.0,0.0
DOM,2010,0,0,30.5,8.40114541209596,14975.0010126958,9820175.0,6.32993220146146,5.212,8.0,0.0,14.0,0.0,0.0,0.0,0.0,0.0,0.5,0.0,5,30.5,1.00345293018719,13992.4103270189,1.44215131834353,5.467,0.0,8.0,4.702299171141574,1.0,0.0,0.5,0.0,0.0,0.0
DOM,2011,0,0,30.6,3.19196227475523,15258.0858148503,9945621.0,5.79676809206533,6.087,8.0,0.0,15.0,0.0,0.0,0.0,0.0,0.0,0.5,0.0,6,30.5,8.40114541209596,14975.0010126958,6.32993220146146,5.212,0.0,8.0,5.796553843425594,1.0,0.0,0.5,0.0,0.0,0.0
DOM,2012,1,0,30.6,2.77567100848816,15487.2776356321,10070411.0,3.69449707884777,6.722,8.0,0.0,16.0,0.0,0.0,0.0,0.0,0.0,0.5,0.0,7,30.6,3.19196227475523,15258.0858148503,5.79676809206533,6.087,0.0,8.0,2.983816641621693,1.0,0.0,0.5,0.0,0.0,0.0
DOM,2013,0,0,30.8,4.93473300709881,16054.7677297656,10193833.0,4.830950967408,7.351,8.0,0.0,17.0,0.0,0.0,0.0,0.0,0.0,0.5,0.0,0,30.6,2.77567100848816,15487.2776356321,3.69449707884777,6.722,0.0,8.0,3.8552020077934834,1.0,0.0,0.5,0.0,0.0,0.0
DOM,2014,0,0,30.9,7.11122629673892,16993.587444403,10315528.0,2.99864226125219,6.719,8.0,0.0,18.0,0.0,0.0,0.0,0.0,0.0,0.5,0.0,1,30.8,4.93473300709881,16054.7677297656,4.830950967408,7.351,0.0,8.0,6.022979651918863,1.0,0.0,0.5,0.0,0.0,0.0
DOM,2015,0,0,31.0,6.98771131236387,17973.1870256815,10434829.0,0.836746346724557,7.605,8.0,0.0,19.0,0.0,0.0,0.0,0.0,0.0,0.5,0.0,2,30.9,7.11122629673892,16993.587444403,2.99864226125219,6.719,0.0,8.0,7.049468804551394,1.0,0.0,0.5,0.0,0.0,0.0
DOM,2016,0,0,31.2,6.71974078681295,18968.9752386179,10551430.0,1.61416607245223,7.284,7.0,0.0,20.0,0.0,0.0,0.0,0.0,0.0,0.5,0.0,3,31.0,6.98771131236387,17973.1870256815,0.836746346724557,7.605,0.0,8.0,6.853726049588408,1.0,0.0,0.5,0.0,0.0,0.0
DOM,2017,0,0,31.2,3.93386176401576,19501.8743054078,10666843.0,3.27955694678546,5.832,7.0,0.0,21.0,0.0,0.0,0.0,0.0,0.0,0.5,0.0,4,31.2,6.71974078681295,18968.9752386179,1.61416607245223,7.284,0.0,7.0,5.326801275414353,1.0,0.0,0.5,0.0,0.0,0.0
DOM,2018,0,0,31.1,7.09751640210159,20662.848586153,10782053.0,3.56443426013508,5.861,7.0,0.0,22.0,0.0,0.0,0.0,0.0,0.0,0.5,0.0,5,31.2,3.93386176401576,19501.8743054078,3.27955694678546,5.832,0.0,7.0,5.515689083058673,1.0,0.0,0.5,0.0,0.0,0.0
DOM,2019,0,0,30.9,4.8940301149584,21451.286441995,10894043.0,1.81060377042959,6.356,7.0,0.0,22.0,0.0,0.0,0.0,0.0,0.0,0.5,0.0,6,31.1,7.09751640210159,20662.848586153,3.56443426013508,5.861,0.0,7.0,5.995773258529994,1.0,0.0,0.5,0.0,0.0,0.0
DOM,2020,1,0,30.4,-7.92905234231061,19545.4099552943,11008300.0,3.78103179915517,6.126,7.0,0.0,22.0,0.0,0.0,0.0,0.0,0.0,0.5,0.0,7,30.9,4.8940301149584,21451.286441995,1.81060377042959,6.356,0.0,7.0,-1.5175111136761061,1.0,0.0,0.5,0.0,0.0,0.0
DOM,2021,0,0,29.8,14.0124289062207,22053.4589869955,11123476.0,8.24300347981809,7.702,7.0,0.0,22.0,0.0,0.0,0.0,0.0,0.0,0.5,0.0,0,30.4,-7.92905234231061,19545.4099552943,3.78103179915517,6.126,0.0,7.0,3.041688281955044,1.0,0.0,0.5,0.0,0.0,0.0
DOM,2022,0,0,29.1,5.23795652902595,22986.95808105,11230734.0,8.81109209279587,5.504,7.0,0.0,22.0,0.0,0.0,0.0,0.0,0.0,0.5,0.0,1,29.8,14.0124289062207,22053.4589869955,8.24300347981809,7.702,0.0,7.0,9.625192717623325,1.0,0.0,0.5,0.0,0.0,0.0
DOM,2023,0,0,28.4,2.19229848237939,23282.4895071054,11331265.0,4.78561281021135,5.555,7.0,0.0,22.0,0.0,0.0,0.0,0.0,0.0,0.5,0.0,2,29.1,5.23795652902595,22986.95808105,8.81109209279587,5.504,0.0,7.0,3.715127505702668,1.0,0.0,0.5,0.0,0.0,0.0
DOM,2024,0,0,27.7,4.95352204492849,24229.8894872915,11427557.0,3.30223338951227,5.312,7.0,0.0,22.0,0.0,0.0,0.0,0.0,0.0,0.5,0.0,3,28.4,2.19229848237939,23282.4895071054,4.78561281021135,5.555,0.0,7.0,3.572910263653938,1.0,0.0,0.5,0.0,0.0,0.0
ECU,1970,0,1,102.9,6.87192932488124,18270.06444120635,6155387.0,5.17127612015708,6.6025,0.0,1.0,0.0,0.0,0.0,0.0,0.0,0.0,0.5,0.0,0,18.4,3.53620866972961,18109.67372703895,5.66318573909345,6.662,0.0,8.0,6.87192932488124,1.0,0.0,0.5,0.5,0.0,0.0
ECU,1971,0,1,100.5,6.29260619739669,18270.06444120635,6340052.0,9.52167078004847,6.6025,0.0,1.0,1.0,0.0,0.0,0.0,0.0,0.0,0.5,0.0,1,102.9,6.87192932488124,18109.67372703895,5.17127612015708,6.662,0.0,0.0,6.582267761138965,1.0,0.0,0.5,0.5,0.0,0.0
ECU,1972,0,1,97.8,5.01764070581541,18270.06444120635,6529034.0,7.52511790034726,6.6025,-5.0,1.0,0.0,0.0,0.0,0.0,0.0,0.0,0.5,0.0,2,100.5,6.29260619739669,18109.67372703895,9.52167078004847,6.662,0.0,0.0,5.65512345160605,1.0,0.0,0.5,0.5,0.0,0.0
ECU,1973,0,1,94.6,13.9506821300277,18270.06444120635,6722033.0,12.1281464590342,6.6025,-5.0,1.0,1.0,0.0,0.0,0.0,0.0,0.0,0.5,0.0,3,97.8,5.01764070581541,18109.67372703895,7.52511790034726,6.662,0.0,-5.0,9.484161417921555,1.0,1.0,0.5,0.5,0.0,0.0
ECU,1974,0,1,91.1,11.208509630308,18270.06444120635,6918573.0,22.7040816226158,6.6025,-5.0,1.0,2.0,0.0,0.0,0.0,0.0,0.0,0.5,0.0,4,94.6,13.9506821300277,18109.67372703895,12.1281464590342,6.662,0.0,-5.0,12.579595880167851,1.0,1.0,0.5,0.5,0.0,0.0
ECU,1975,0,1,87.3,10.9721540022298,18270.06444120635,7118251.0,14.2896742946894,6.6025,-5.0,1.0,3.0,0.0,0.0,0.0,0.0,0.0,0.5,0.0,5,91.1,11.208509630308,18109.67372703895,22.7040816226158,6.662,0.0,-5.0,11.0903318162689,1.0,1.0,0.5,0.5,0.0,0.0
ECU,1976,0,1,83.6,7.39718761871015,18270.06444120635,7320912.0,10.1746301165654,6.6025,-5.0,1.0,4.0,0.0,0.0,0.0,0.0,0.0,0.5,0.0,6,87.3,10.9721540022298,18109.67372703895,14.2896742946894,6.662,0.0,-5.0,9.184670810469974,1.0,1.0,0.5,0.5,0.0,0.0
ECU,1977,0,1,80.1,1.6048421092884,18270.06444120635,7526819.0,12.9444138723701,6.6025,-5.0,1.0,5.0,0.0,0.0,0.0,0.0,0.0,0.5,0.0,7,83.6,7.39718761871015,18109.67372703895,10.1746301165654,6.662,0.0,-5.0,4.501014863999275,1.0,1.0,0.5,0.5,0.0,0.0
ECU,1978,0,1,76.7,5.70682494541619,18270.06444120635,7736167.0,13.098138583854,6.6025,-5.0,1.0,6.0,0.0,0.0,0.0,0.0,0.0,0.5,0.0,8,80.1,1.6048421092884,18109.67372703895,12.9444138723701,6.662,0.0,-5.0,3.655833527352295,1.0,1.0,0.5,0.5,0.0,0.0
ECU,1979,0,1,73.5,3.73404840305636,18270.06444120635,7948869.0,10.1171908690016,6.6025,9.0,0.0,0.0,0.0,0.0,0.0,0.0,0.0,0.5,0.0,9,76.7,5.70682494541619,18109.67372703895,13.098138583854,6.662,0.0,-5.0,4.720436674236275,1.0,1.0,0.5,0.5,0.0,0.0
ECU,1980,0,1,70.3,3.70868296743329,18270.06444120635,8165877.0,11.9092893836134,6.6025,9.0,0.0,1.0,0.0,0.0,0.0,0.0,0.0,0.5,0.0,10,73.5,3.73404840305636,18109.67372703895,10.1171908690016,6.662,0.0,9.0,3.721365685244825,1.0,1.0,0.5,0.5,0.0,0.0
ECU,1981,0,1,67.0,5.61286412023385,18270.06444120635,8386910.0,14.0479686718868,6.6025,9.0,0.0,2.0,0.0,0.0,0.0,0.0,0.0,0.5,0.0,11,70.3,3.70868296743329,18109.67372703895,11.9092893836134,6.662,0.0,9.0,4.66077354383357,1.0,1.0,0.5,0.5,0.0,0.0
ECU,1982,0,1,63.8,0.614845351988635,18270.06444120635,8611298.0,16.2844880461285,6.6025,9.0,0.0,3.0,0.0,0.0,0.0,0.0,0.0,0.5,0.0,12,67.0,5.61286412023385,18109.67372703895,14.0479686718868,6.662,0.0,9.0,3.113854736111242,1.0,1.0,0.5,0.5,0.0,0.0
ECU,1983,0,1,60.6,-0.336868770002951,18270.06444120635,8840417.0,48.4182220804492,6.6025,9.0,0.0,4.0,0.0,0.0,0.0,0.0,0.0,0.5,0.0,13,63.8,0.614845351988635,18109.67372703895,16.2844880461285,6.662,0.0,9.0,0.138988290992842,1.0,1.0,0.5,0.5,0.0,0.0
ECU,1984,0,1,57.3,2.62527326806389,18270.06444120635,9074782.0,31.2195815120372,6.6025,9.0,0.0,5.0,0.0,0.0,0.0,0.0,0.0,0.5,0.0,14,60.6,-0.336868770002951,18109.67372703895,48.4182220804492,6.662,0.0,9.0,1.1442022490304695,1.0,1.0,0.5,0.5,0.0,0.0
ECU,1985,0,1,54.4,3.93500141252335,18270.06444120635,9311154.0,27.9936107429224,6.6025,9.0,0.0,6.0,0.0,0.0,0.0,0.0,0.0,0.5,0.0,15,57.3,2.62527326806389,18109.67372703895,31.2195815120372,6.662,0.0,9.0,3.28013734029362,1.0,1.0,0.5,0.5,0.0,0.0
ECU,1986,0,1,51.6,3.46478251574867,18270.06444120635,9545998.0,23.0302261142618,6.6025,9.0,0.0,7.0,0.0,0.0,0.0,0.0,0.0,0.5,0.0,16,54.4,3.93500141252335,18109.67372703895,27.9936107429224,6.662,0.0,9.0,3.69989196413601,1.0,1.0,0.5,0.5,0.0,0.0
ECU,1987,0,1,49.2,-0.259098708877119,18270.06444120635,9779290.0,29.5039972488395,6.6025,9.0,0.0,8.0,0.0,0.0,0.0,0.0,0.0,0.5,0.0,17,51.6,3.46478251574867,18109.67372703895,23.0302261142618,6.662,0.0,9.0,1.6028419034357755,1.0,1.0,0.5,0.5,0.0,0.0
ECU,1988,0,1,46.9,5.89046729088525,18270.06444120635,10010808.0,58.2162865413938,6.6025,9.0,0.0,9.0,0.0,0.0,0.0,0.0,0.0,0.5,0.0,18,49.2,-0.259098708877119,18109.67372703895,29.5039972488395,6.662,0.0,9.0,2.8156842910040654,1.0,1.0,0.5,0.5,0.0,0.0
ECU,1989,0,1,44.7,1.00577794490313,18270.06444120635,10241852.0,75.6481901026386,6.6025,9.0,0.0,10.0,0.0,0.0,0.0,0.0,0.0,0.5,0.0,19,46.9,5.89046729088525,18109.67372703895,58.2162865413938,6.662,0.0,9.0,3.44812261789419,1.0,1.0,0.5,0.5,0.0,0.0
ECU,1990,0,1,42.7,3.67991405308877,9104.81599790272,10473673.0,48.5191129963729,6.6025,9.0,0.0,11.0,0.0,0.0,0.0,0.0,0.0,0.5,0.0,20,44.7,1.00577794490313,18109.67372703895,75.6481901026386,6.662,0.0,9.0,2.34284599899595,1.0,1.0,0.5,0.5,0.0,0.0
ECU,1991,0,1,40.7,4.29134246404705,9292.61779173762,10702380.0,48.718080675219,4.371,9.0,0.0,12.0,0.0,0.0,0.0,0.0,0.0,0.5,0.0,21,42.7,3.67991405308877,9104.81599790272,48.5191129963729,6.662,0.0,9.0,3.98562825856791,1.0,1.0,0.5,0.5,0.0,0.0
ECU,1992,0,1,38.7,2.11431064978969,9291.3710483042,10930128.0,54.6078215093597,4.333,9.0,0.0,13.0,0.0,0.0,0.0,0.0,0.0,0.5,0.0,22,40.7,4.29134246404705,9292.61779173762,48.718080675219,4.371,0.0,9.0,3.20282655691837,1.0,1.0,0.5,0.5,0.0,0.0
ECU,1993,0,1,36.7,1.97321813678619,9284.31503431235,11154274.0,44.9550537592163,4.403,9.0,0.0,14.0,0.0,0.0,0.0,0.0,0.0,0.5,0.0,23,38.7,2.11431064978969,9291.3710483042,54.6078215093597,4.333,0.0,9.0,2.0437643932879404,1.0,1.0,0.5,0.5,0.0,0.0
ECU,1994,0,1,34.7,4.25825042741626,9494.17506194696,11372197.0,27.3108817940495,4.409,9.0,0.0,15.0,0.0,0.0,0.0,0.0,0.0,0.5,0.0,24,36.7,1.97321813678619,9284.31503431235,44.9550537592163,4.403,0.0,9.0,3.115734282101225,1.0,1.0,0.5,0.5,0.0,0.0
ECU,1995,0,1,32.7,2.25254865225104,9525.17701832407,11590514.0,22.9341344145802,4.408,9.0,0.0,16.0,1.0,0.0,0.0,1.0,1.0,0.5,0.0,25,34.7,4.25825042741626,9494.17506194696,27.3108817940495,4.409,0.0,9.0,3.2553995398336495,1.0,1.0,0.5,0.5,0.0,0.0
ECU,1996,1,1,30.7,1.73174762607862,9509.27540633173,11810950.0,24.4114592150674,4.422,9.0,0.0,17.0,0.0,0.0,0.0,0.0,0.0,0.5,0.0,26,32.7,2.25254865225104,9525.17701832407,22.9341344145802,4.408,1.0,9.0,1.99214813916483,1.0,1.0,0.5,0.5,0.0,0.0
ECU,1997,0,1,28.8,4.32786475767577,9739.26682428016,12031127.0,30.6575675722173,4.424,9.0,0.0,18.0,0.0,0.0,0.0,0.0,0.0,0.5,0.0,0,30.7,1.73174762607862,9509.27540633173,24.4114592150674,4.422,0.0,9.0,3.029806191877195,1.0,1.0,0.5,0.5,0.0,0.0
ECU,1998,1,1,27.1,3.26652934570988,9876.7507512592,12251184.0,36.0984331623886,4.389,9.0,0.0,19.0,0.0,0.0,0.0,0.0,0.0,0.5,0.0,1,28.8,4.32786475767577,9739.26682428016,30.6575675722173,4.424,0.0,9.0,3.797197051692825,1.0,1.0,0.5,0.5,0.0,0.0
ECU,1999,0,1,25.5,-4.73938585363382,9242.96681019585,12470795.0,52.2420051858225,4.656,9.0,0.0,20.0,0.0,0.0,0.0,0.0,0.0,0.5,0.0,0,27.1,3.26652934570988,9876.7507512592,36.0984331623886,4.389,0.0,9.0,-0.7364282539619698,1.0,1.0,0.5,0.5,0.0,0.0
ECU,2000,0,1,24.1,1.09180164720277,9183.05155276919,12689206.0,96.0963756926096,4.8,6.0,0.0,0.0,0.0,0.0,0.0,0.0,0.0,0.5,0.0,1,25.5,-4.73938585363382,9242.96681019585,52.2420051858225,4.656,0.0,9.0,-1.823792103215525,1.0,1.0,0.5,0.5,0.0,0.0
ECU,2001,0,1,22.9,4.20627185748789,9405.11680690106,12910740.0,37.6767454518094,4.252,6.0,0.0,1.0,0.0,0.0,0.0,0.0,0.0,0.5,0.0,2,24.1,1.09180164720277,9183.05155276919,96.0963756926096,4.8,0.0,6.0,2.6490367523453298,1.0,1.0,0.5,0.5,0.0,0.0
ECU,2002,1,1,21.9,4.92809549611376,9697.55517665978,13138472.0,12.4835980082095,4.825,6.0,0.0,2.0,0.0,0.0,0.0,0.0,0.0,0.5,0.0,3,22.9,4.20627185748789,9405.11680690106,37.6767454518094,4.252,0.0,6.0,4.567183676800825,1.0,1.0,0.5,0.5,0.0,0.0
ECU,2003,0,1,21.0,2.88450036512064,9802.81408202125,13372306.0,7.92936487461556,5.662,6.0,0.0,3.0,0.0,0.0,0.0,0.0,0.0,0.5,0.0,0,21.9,4.92809549611376,9697.55517665978,12.4835980082095,4.825,0.0,6.0,3.9062979306171997,1.0,0.0,0.5,0.5,0.0,0.0
ECU,2004,0,1,20.2,6.83239736646514,10290.6634264766,13608701.0,2.74323198926704,5.002,6.0,0.0,4.0,0.0,0.0,0.0,0.0,0.0,0.5,0.0,1,21.0,2.88450036512064,9802.81408202125,7.92936487461556,5.662,0.0,6.0,4.858448865792891,1.0,0.0,0.5,0.5,0.0,0.0
ECU,2005,0,1,19.5,5.39862243994342,10660.2046228939,13846163.0,2.1682770118372,3.779,6.0,0.0,5.0,0.0,0.0,0.0,0.0,0.0,0.5,0.0,2,20.2,6.83239736646514,10290.6634264766,2.74323198926704,5.002,0.0,6.0,6.115509903204281,1.0,0.0,0.5,0.5,0.0,0.0
ECU,2006,1,1,18.8,4.34113198577639,10933.4897470283,14086131.0,3.29874846258215,3.55,7.0,0.0,6.0,0.0,0.0,0.0,0.0,0.0,0.5,0.0,3,19.5,5.39862243994342,10660.2046228939,2.1682770118372,3.779,0.0,6.0,4.8698772128599055,1.0,0.0,0.5,0.5,0.0,0.0
ECU,2007,0,1,18.1,1.90242859700484,10952.8226853948,14328773.0,2.27618478002121,3.142,5.0,1.0,7.0,0.0,0.0,0.0,0.0,0.0,0.5,0.0,0,18.8,4.34113198577639,10933.4897470283,3.29874846258215,3.55,0.0,7.0,3.1217802913906154,0.0,0.0,0.0,0.5,0.0,0.0
ECU,2008,0,1,17.4,6.56492068224719,11474.5257023541,14575202.0,8.40009593987462,3.917,5.0,1.0,8.0,0.0,0.0,0.0,0.0,0.0,0.5,0.0,1,18.1,1.90242859700484,10952.8226853948,2.27618478002121,3.142,0.0,5.0,4.233674639626015,0.0,0.0,0.0,0.5,0.0,0.0
ECU,2009,1,1,16.7,1.0910129698311,11403.5277978831,14825954.0,5.15996829181047,4.608,5.0,1.0,9.0,0.0,0.0,0.0,0.0,0.0,0.5,0.0,2,17.4,6.56492068224719,11474.5257023541,8.40009593987462,3.917,0.0,5.0,3.8279668260391455,0.0,0.0,0.0,0.5,0.0,0.0
ECU,2010,0,1,16.0,4.02913787986621,11665.6978598204,15076695.0,3.55437734567843,4.088,5.0,1.0,10.0,0.0,0.0,0.0,0.0,0.0,0.5,0.0,0,16.7,1.0910129698311,11403.5277978831,5.15996829181047,4.608,0.0,5.0,2.5600754248486552,0.0,0.0,0.0,0.5,0.0,0.0
ECU,2011,0,1,15.3,8.48147656332823,12449.0785549218,15326227.0,4.4745326579584,3.458,5.0,1.0,11.0,0.0,0.0,0.0,0.0,0.0,0.5,0.0,1,16.0,4.02913787986621,11665.6978598204,3.55437734567843,4.088,0.0,5.0,6.25530722159722,0.0,0.0,0.0,0.5,0.0,0.0
ECU,2012,0,1,14.6,5.783212336172,12961.0267423765,15572194.0,5.10172180958666,3.235,5.0,1.0,12.0,0.0,0.0,0.0,0.0,0.0,0.5,0.0,2,15.3,8.48147656332823,12449.0785549218,4.4745326579584,3.458,0.0,5.0,7.132344449750114,0.0,0.0,0.0,0.5,0.0,0.0
ECU,2013,1,1,14.0,7.21123653679159,13689.1520460125,15807128.0,2.72177577710371,3.083,5.0,1.0,13.0,0.0,0.0,0.0,0.0,0.0,0.5,0.0,3,14.6,5.783212336172,12961.0267423765,5.10172180958666,3.235,0.0,5.0,6.497224436481796,0.0,0.0,0.0,0.5,0.0,0.0
ECU,2014,0,1,13.4,4.22606520388456,14064.7992246727,16035124.0,3.58922016616663,3.48,5.0,1.0,14.0,0.0,0.0,0.0,0.0,0.0,0.5,0.0,0,14.0,7.21123653679159,13689.1520460125,2.72177577710371,3.083,0.0,5.0,5.718650870338076,0.0,0.0,0.0,0.5,0.0,0.0
ECU,2015,0,1,12.9,0.119692109287612,13881.5700738105,16266225.0,3.96664623255358,3.616,5.0,1.0,15.0,0.0,0.0,0.0,0.0,0.0,0.5,0.0,1,13.4,4.22606520388456,14064.7992246727,3.58922016616663,3.48,0.0,5.0,2.1728786565860863,0.0,0.0,0.0,0.5,0.0,0.0
ECU,2016,0,1,12.5,-0.687954245877947,13586.5160772568,16505139.0,1.72826463324533,4.597,5.0,1.0,16.0,0.0,0.0,0.0,0.0,0.0,0.5,0.0,2,12.9,0.119692109287612,13881.5700738105,3.96664623255358,3.616,0.0,5.0,-0.2841310682951675,0.0,0.0,0.0,0.5,0.0,0.0
ECU,2017,1,0,12.2,5.97039880954841,14179.1537503305,16759519.0,0.417335588666825,3.836,5.0,1.0,17.0,0.0,0.0,0.0,0.0,0.0,0.5,0.0,3,12.5,-0.687954245877947,13586.5160772568,1.72826463324533,4.597,0.0,5.0,2.6412222818352316,0.0,0.0,0.0,0.0,0.0,0.0
ECU,2018,0,0,11.9,1.04429460679607,14083.5069982304,17049547.0,-0.224103246005552,3.53,5.0,1.0,18.0,0.0,0.0,0.0,0.0,0.0,0.5,0.0,0,12.2,5.97039880954841,14179.1537503305,0.417335588666825,3.836,0.0,5.0,3.50734670817224,0.0,0.0,0.0,0.0,0.0,0.0
ECU,2019,0,0,11.7,0.1654044646003,13870.4895118068,17340021.0,0.266012515466155,3.812,5.0,1.0,18.0,0.0,0.0,0.0,0.0,0.0,0.5,0.0,1,11.9,1.04429460679607,14083.5069982304,-0.224103246005552,3.53,0.0,5.0,0.6048495356981849,0.0,0.0,0.0,0.0,0.0,0.0
ECU,2020,0,0,11.5,-9.24509619165865,12440.3263747814,17546065.0,-0.338872392562139,6.116,5.0,1.0,18.0,0.0,0.0,0.0,0.0,0.0,0.5,0.0,2,11.7,0.1654044646003,13870.4895118068,0.266012515466155,3.812,0.0,5.0,-4.539845863529175,0.0,0.0,0.0,0.0,0.0,0.0
ECU,2021,1,0,11.3,9.42189269033631,13507.4445638375,17682454.0,0.133251386096389,4.504,5.0,1.0,18.0,0.0,0.0,0.0,0.0,0.0,0.5,0.0,3,11.5,-9.24509619165865,12440.3263747814,-0.338872392562139,6.116,0.0,5.0,0.08839824933883023,0.0,0.0,0.0,0.0,0.0,0.0
ECU,2022,0,0,11.2,5.86842354862311,14186.6388544625,17823897.0,3.46616972213077,3.713,5.0,1.0,18.0,0.0,0.0,0.0,0.0,0.0,0.5,0.0,0,11.3,9.42189269033631,13507.4445638375,0.133251386096389,4.504,0.0,5.0,7.64515811947971,0.0,0.0,0.0,0.0,0.0,0.0
ECU,2023,0,0,11.1,1.8328406107788,14321.1648295611,17980083.0,2.21568764237058,3.51,5.0,1.0,18.0,0.0,0.0,0.0,0.0,0.0,0.5,0.0,1,11.2,5.86842354862311,14186.6388544625,3.46616972213077,3.713,0.0,5.0,3.8506320797009552,0.0,0.0,0.0,0.0,0.0,0.0
ECU,2024,0,0,10.9,-1.94409022506859,13922.4222780744,18135478.0,1.54732515615369,3.453,5.0,1.0,18.0,0.0,0.0,0.0,0.0,0.0,0.5,0.0,2,11.1,1.8328406107788,14321.1648295611,2.21568764237058,3.51,0.0,5.0,-0.05562480714489504,0.0,0.0,0.0,0.0,0.0,0.0
EGY,1970,0,0,150.0,5.59851503851672,18270.06444120635,34623990.0,3.76289859580536,6.6025,-7.0,0.0,18.0,4.0,0.0,0.0,4.0,1.0,0.5,0.0,0,18.4,3.53620866972961,18109.67372703895,5.66318573909345,6.662,0.0,8.0,5.59851503851672,1.0,0.0,0.5,0.0,0.0,0.0
EGY,1971,0,0,150.0,4.05734632653112,18270.06444120635,35433368.0,3.14042171394198,6.6025,-7.0,0.0,19.0,0.0,0.0,0.0,0.0,0.0,0.5,0.0,1,150.0,5.59851503851672,18109.67372703895,3.76289859580536,6.662,4.0,-7.0,4.82793068252392,1.0,0.0,0.5,0.0,0.0,0.0
EGY,1972,0,0,149.6,3.05568062514286,18270.06444120635,36258328.0,2.10236334610113,6.6025,-7.0,0.0,20.0,0.0,0.0,0.0,0.0,0.0,0.5,0.0,2,150.0,4.05734632653112,18109.67372703895,3.14042171394198,6.662,0.0,-7.0,3.55651347583699,1.0,0.0,0.5,0.0,0.0,0.0
EGY,1973,0,0,148.4,3.50683016247268,18270.06444120635,37102043.0,5.11218403908757,6.6025,-7.0,0.0,21.0,3.0,0.0,0.0,3.0,1.0,0.5,0.0,3,149.6,3.05568062514286,18109.67372703895,2.10236334610113,6.662,0.0,-7.0,3.28125539380777,1.0,0.0,0.5,0.0,0.0,0.0
EGY,1974,0,0,146.2,1.55893857170508,18270.06444120635,37969667.0,10.0243177516484,6.6025,-7.0,0.0,22.0,0.0,0.0,0.0,0.0,0.0,0.5,0.0,4,148.4,3.50683016247268,18109.67372703895,5.11218403908757,6.662,3.0,-7.0,2.5328843670888803,1.0,1.0,0.5,0.0,0.0,0.0
EGY,1975,0,0,143.0,8.93914715890884,18270.06444120635,38875327.0,9.66969548151245,6.6025,-7.0,0.0,23.0,0.0,0.0,0.0,0.0,0.0,0.5,0.0,5,146.2,1.55893857170508,18109.67372703895,10.0243177516484,6.662,0.0,-7.0,5.2490428653069605,1.0,0.0,0.5,0.0,0.0,0.0
EGY,1976,0,0,139.0,13.2796894430741,18270.06444120635,39795557.0,10.3174158877413,6.6025,-6.0,0.0,24.0,0.0,0.0,0.0,0.0,0.0,0.5,0.0,6,143.0,8.93914715890884,18109.67372703895,9.66969548151245,6.662,0.0,-7.0,11.109418300991472,1.0,1.0,0.5,0.0,0.0,0.0
EGY,1977,0,0,134.6,9.00304426675032,18270.06444120635,40748870.0,12.7321627929891,6.6025,-6.0,0.0,25.0,0.0,0.0,0.0,0.0,0.0,0.5,0.0,7,139.0,13.2796894430741,18109.67372703895,10.3174158877413,6.662,0.0,-6.0,11.14136685491221,1.0,1.0,0.5,0.0,0.0,0.0
EGY,1978,0,0,129.9,8.62876764493188,18270.06444120635,41761431.0,11.078100382614,6.6025,-6.0,0.0,26.0,0.0,0.0,0.0,0.0,0.0,0.5,0.0,8,134.6,9.00304426675032,18109.67372703895,12.7321627929891,6.662,0.0,-6.0,8.8159059558411,1.0,1.0,0.5,0.0,0.0,0.0
EGY,1979,0,0,125.1,4.54768962839718,18270.06444120635,42818628.0,9.90436051231129,6.6025,-6.0,0.0,27.0,0.0,0.0,0.0,0.0,0.0,0.5,0.0,9,129.9,8.62876764493188,18109.67372703895,11.078100382614,6.662,0.0,-6.0,6.58822863666453,1.0,0.0,0.5,0.0,0.0,0.0
EGY,1980,0,0,120.0,10.0113290379907,18270.06444120635,43950413.0,20.8192249324218,6.6025,-6.0,0.0,28.0,0.0,0.0,0.0,0.0,0.0,0.5,0.0,10,125.1,4.54768962839718,18109.67372703895,9.90436051231129,6.662,0.0,-6.0,7.27950933319394,1.0,1.0,0.5,0.0,0.0,0.0
EGY,1981,0,0,114.6,7.3485538963286,18270.06444120635,45147224.0,10.3172842245396,6.6025,-6.0,0.0,29.0,0.0,0.0,0.0,0.0,0.0,0.5,0.0,11,120.0,10.0113290379907,18109.67372703895,20.8192249324218,6.662,0.0,-6.0,8.67994146715965,1.0,1.0,0.5,0.0,0.0,0.0
EGY,1982,0,0,108.8,9.90717113397825,18270.06444120635,46407611.0,14.8230088495577,6.6025,-6.0,0.0,30.0,0.0,0.0,0.0,0.0,0.0,0.5,0.0,12,114.6,7.3485538963286,18109.67372703895,10.3172842245396,6.662,0.0,-6.0,8.627862515153424,1.0,1.0,0.5,0.0,0.0,0.0
EGY,1983,0,1,102.7,5.09440684048046,18270.06444120635,47786402.0,16.079873883342,6.6025,-6.0,0.0,31.0,0.0,0.0,0.0,0.0,0.0,0.5,0.0,13,108.8,9.90717113397825,18109.67372703895,14.8230088495577,6.662,0.0,-6.0,7.500788987229355,1.0,1.0,0.5,0.5,0.0,0.0
EGY,1984,0,1,96.2,9.74576271171259,18270.06444120635,49247334.0,17.0363663799608,6.6025,-6.0,0.0,32.0,0.0,0.0,0.0,0.0,0.0,0.5,0.0,14,102.7,5.09440684048046,18109.67372703895,16.079873883342,6.662,0.0,-6.0,7.420084776096525,1.0,1.0,0.5,0.5,0.0,0.0
EGY,1985,0,1,89.8,5.79150579142357,18270.06444120635,50734968.0,12.1067560598247,6.6025,-6.0,0.0,33.0,0.0,0.0,0.0,0.0,0.0,0.5,0.0,15,96.2,9.74576271171259,18109.67372703895,17.0363663799608,6.662,0.0,-6.0,7.768634251568081,1.0,1.0,0.5,0.5,0.0,0.0
EGY,1986,0,1,83.9,4.74452554738158,18270.06444120635,52206295.0,23.8642898217366,6.6025,-6.0,0.0,34.0,0.0,0.0,0.0,0.0,0.0,0.5,0.0,16,89.8,5.79150579142357,18109.67372703895,12.1067560598247,6.662,0.0,-6.0,5.268015669402575,1.0,1.0,0.5,0.5,0.0,0.0
EGY,1987,0,1,78.8,3.83275261319132,18270.06444120635,53674435.0,19.693593314763,6.6025,-6.0,0.0,35.0,0.0,0.0,0.0,0.0,0.0,0.5,0.0,17,83.9,4.74452554738158,18109.67372703895,23.8642898217366,6.662,0.0,-6.0,4.28863908028645,1.0,1.0,0.5,0.5,0.0,0.0
EGY,1988,0,1,74.4,5.46132049551341,18270.06444120635,55187681.0,17.66348615313,6.6025,-6.0,0.0,36.0,0.0,0.0,0.0,0.0,0.0,0.5,0.0,18,78.8,3.83275261319132,18109.67372703895,19.693593314763,6.662,0.0,-6.0,4.647036554352365,1.0,1.0,0.5,0.5,0.0,0.0
EGY,1989,0,1,70.8,4.92086860390228,18270.06444120635,56710642.0,21.2618670886078,6.6025,-6.0,0.0,37.0,0.0,0.0,0.0,0.0,0.0,0.5,0.0,19,74.4,5.46132049551341,18109.67372703895,17.66348615313,6.662,0.0,-6.0,5.191094549707845,1.0,1.0,0.5,0.5,0.0,0.0
EGY,1990,0,1,67.7,5.66702915715818,8006.62143740129,58396618.0,16.7563747077691,6.6025,-6.0,0.0,38.0,0.0,0.0,0.0,0.0,0.0,0.5,0.0,20,70.8,4.92086860390228,18109.67372703895,21.2618670886078,6.662,0.0,-6.0,5.29394888053023,1.0,1.0,0.5,0.5,0.0,0.0
EGY,1991,0,1,64.8,1.12540459520747,7876.55257552889,60028997.0,19.7485448195578,9.38,-6.0,0.0,39.0,0.0,0.0,0.0,0.0,0.0,0.5,0.0,21,67.7,5.66702915715818,8006.62143740129,16.7563747077691,6.662,0.0,-6.0,3.396216876182825,1.0,1.0,0.5,0.5,0.0,0.0
EGY,1992,0,1,62.0,4.47285918408184,8034.56230124583,61480660.0,13.6374241717218,8.92,-6.0,0.0,40.0,1.0,1.0,0.0,0.0,1.0,0.5,0.0,22,64.8,1.12540459520747,7876.55257552889,19.7485448195578,9.38,0.0,-6.0,2.7991318896446553,1.0,1.0,0.5,0.5,0.0,0.0
EGY,1993,0,1,59.2,2.90079079959442,8079.05480679221,62915681.0,12.0897922868977,10.92,-6.0,0.0,41.0,1.0,1.0,0.0,0.0,1.0,0.5,0.0,23,62.0,4.47285918408184,8034.56230124583,13.6374241717218,8.92,1.0,-6.0,3.6868249918381304,1.0,1.0,0.5,0.5,0.0,0.0
EGY,1994,0,1,56.2,3.97317218034541,8221.04684774388,64285589.0,8.15423128587096,10.93,-6.0,0.0,42.0,1.0,1.0,0.0,0.0,1.0,0.5,0.0,24,59.2,2.90079079959442,8079.05480679221,12.0897922868977,10.92,1.0,-6.0,3.436981489969915,1.0,0.0,0.5,0.5,0.0,0.0
EGY,1995,0,1,53.2,4.64245877240639,8423.57817498243,65652622.0,15.7422305021596,11.04,-6.0,0.0,43.0,1.0,1.0,0.0,0.0,1.0,0.5,0.0,25,56.2,3.97317218034541,8221.04684774388,8.15423128587096,10.93,1.0,-6.0,4.3078154763759,1.0,1.0,0.5,0.5,0.0,0.0
EGY,1996,0,1,50.2,4.98873056512208,8662.33147868251,67028048.0,7.18710369719992,9.0,-6.0,0.0,44.0,1.0,1.0,0.0,0.0,1.0,0.5,0.0,26,53.2,4.64245877240639,8423.57817498243,15.7422305021596,11.04,1.0,-6.0,4.815594668764235,1.0,0.0,0.5,0.5,0.0,0.0
EGY,1997,0,1,47.4,5.49235474302942,8950.6541069311,68431740.0,4.62560578826438,8.37,-6.0,0.0,45.0,1.0,1.0,0.0,0.0,1.0,0.5,0.0,27,50.2,4.98873056512208,8662.33147868251,7.18710369719992,9.0,1.0,-6.0,5.24054265407575,1.0,0.0,0.5,0.5,0.0,0.0
EGY,1998,0,1,44.7,5.575497460986,9245.47890468363,69943294.0,3.8725754642749,8.03,-6.0,0.0,46.0,1.0,1.0,0.0,0.0,1.0,0.5,0.0,28,47.4,5.49235474302942,8950.6541069311,4.62560578826438,8.37,1.0,-6.0,5.53392610200771,1.0,0.0,0.5,0.5,0.0,0.0
EGY,1999,0,1,42.3,6.05343878467555,9588.8593851379,71520954.0,3.07949912638332,7.95,-6.0,0.0,47.0,1.0,1.0,0.0,0.0,1.0,0.5,0.0,29,44.7,5.575497460986,9245.47890468363,3.8725754642749,8.03,1.0,-6.0,5.814468122830775,1.0,0.0,0.5,0.5,0.0,0.0
EGY,2000,0,2,40.1,6.37000382991766,9981.62775081593,73083284.0,2.68380535348546,8.98,-6.0,0.0,48.0,0.0,0.0,0.0,0.0,0.0,0.5,0.0,30,42.3,6.05343878467555,9588.8593851379,3.07949912638332,7.95,1.0,-6.0,6.211721307296605,1.0,0.0,0.5,1.0,0.0,1.0
EGY,2001,0,2,38.2,3.53525197391507,10117.3331821542,74652029.0,2.26975720475956,9.26,-6.0,0.0,49.0,0.0,0.0,0.0,0.0,0.0,0.5,0.0,31,40.1,6.37000382991766,9981.62775081593,2.68380535348546,8.98,0.0,-6.0,4.952627901916364,1.0,0.0,0.5,1.0,0.0,1.0
EGY,2002,0,2,36.5,2.39020402675627,10143.5063456555,76239137.0,2.73723855000334,10.01,-6.0,0.0,50.0,0.0,0.0,0.0,0.0,0.0,0.5,0.0,32,38.2,3.53525197391507,10117.3331821542,2.26975720475956,9.26,0.0,-6.0,2.9627280003356695,1.0,0.0,0.5,1.0,0.0,1.0
EGY,2003,0,2,34.9,3.19345473756772,10250.376550149,77853548.0,4.50777636319304,10.91,-6.0,0.0,51.0,0.0,0.0,0.0,0.0,0.0,0.5,0.0,33,36.5,2.39020402675627,10143.5063456555,2.73723855000334,10.01,0.0,-6.0,2.7918293821619944,1.0,0.0,0.5,1.0,0.0,1.0
EGY,2004,0,2,33.5,4.09207161019908,10451.8217511529,79477443.0,11.270619332052,10.32,-6.0,0.0,52.0,0.0,0.0,0.0,0.0,0.0,0.5,0.0,34,34.9,3.19345473756772,10250.376550149,4.50777636319304,10.91,0.0,-6.0,3.6427631738833997,1.0,1.0,0.5,1.0,0.0,1.0
EGY,2005,0,1,32.3,4.4717444710621,10700.6090372525,81101004.0,4.86939696871988,11.049,-3.0,1.0,0.0,0.0,0.0,0.0,0.0,0.0,0.5,0.0,35,33.5,4.09207161019908,10451.8217511529,11.270619332052,10.32,0.0,-6.0,4.28190804063059,1.0,0.0,0.5,0.5,0.0,0.0
EGY,2006,0,1,31.1,6.84383819369884,11211.8320228671,82700403.0,7.64452644526434,10.49,-3.0,1.0,1.0,0.0,0.0,0.0,0.0,0.0,0.5,0.0,36,32.3,4.4717444710621,10700.6090372525,4.86939696871988,11.049,0.0,-3.0,5.657791332380469,1.0,0.0,0.5,0.5,0.0,0.0
EGY,2007,0,1,30.1,7.08782742675582,11782.0060717026,84276225.0,9.3189690579923,8.8,-3.0,1.0,2.0,0.0,0.0,0.0,0.0,0.0,0.5,0.0,37,31.1,6.84383819369884,11211.8320228671,7.64452644526434,10.49,0.0,-3.0,6.9658328102273295,1.0,0.0,0.5,0.5,0.0,0.0
EGY,2008,0,1,29.0,7.15628356711522,12391.5847624938,85864789.0,18.3168316831684,8.517,-3.0,1.0,3.0,0.0,0.0,0.0,0.0,0.0,0.5,0.0,38,30.1,7.08782742675582,11782.0060717026,9.3189690579923,8.8,0.0,-3.0,7.12205549693552,1.0,1.0,0.5,0.5,0.0,0.0
EGY,2009,0,1,28.1,4.67359980000663,12728.0814587564,87501636.0,11.7634954386443,9.087,-3.0,1.0,4.0,0.0,0.0,0.0,0.0,0.0,0.5,0.0,39,29.0,7.15628356711522,12391.5847624938,18.3168316831684,8.517,0.0,-3.0,5.914941683560924,1.0,1.0,0.5,0.5,0.0,0.0
EGY,2010,0,1,27.2,5.14723485746742,13128.9878334831,89196072.0,11.2651882653185,8.757,-3.0,1.0,5.0,0.0,0.0,0.0,0.0,0.0,0.5,0.0,40,28.1,4.67359980000663,12728.0814587564,11.7634954386443,9.087,0.0,-3.0,4.910417328737024,1.0,1.0,0.5,0.5,0.0,0.0
EGY,2011,0,2,26.4,1.76457194806041,13082.4263680239,91093059.0,10.0649259874818,11.849,-2.0,1.0,6.0,1.0,1.0,0.0,0.0,1.0,0.5,0.0,41,27.2,5.14723485746742,13128.9878334831,11.2651882653185,8.757,0.0,-3.0,3.4559034027639144,1.0,1.0,0.5,1.0,0.0,1.0
EGY,2012,1,2,25.7,2.22619979818487,13076.8052394876,93161001.0,7.11172943343083,12.597,-3.0,1.0,0.0,0.0,0.0,0.0,0.0,0.0,0.5,0.0,42,26.4,1.76457194806041,13082.4263680239,10.0649259874818,11.849,1.0,-2.0,1.9953858731226397,1.0,0.0,0.5,1.0,0.0,1.0
EGY,2013,0,2,25.1,2.18546605363386,13058.0748238237,95333553.0,9.46971981064921,13.154,-4.0,1.0,0.0,1.0,1.0,0.0,0.0,1.0,0.5,0.0,0,25.7,2.22619979818487,13076.8052394876,7.11172943343083,12.597,0.0,-3.0,2.2058329259093648,1.0,0.0,0.5,1.0,0.0,1.0
EGY,2014,0,2,24.5,2.91591188052836,13136.3656298099,97528654.0,10.0702154687481,13.105,-4.0,1.0,1.0,1.0,1.0,0.0,0.0,1.0,0.5,0.0,1,25.1,2.18546605363386,13058.0748238237,9.46971981064921,13.154,1.0,-4.0,2.5506889670811095,1.0,1.0,0.5,1.0,0.0,1.0
EGY,2015,0,2,24.1,4.37201907781687,13425.9119599492,99597342.0,10.370490343517,13.052,-4.0,1.0,2.0,1.0,1.0,0.0,0.0,1.0,0.5,0.0,2,24.5,2.91591188052836,13136.3656298099,10.0702154687481,13.105,1.0,-4.0,3.6439654791726146,1.0,1.0,0.5,1.0,0.0,1.0
EGY,2016,0,2,23.7,4.34664345601914,13727.3201600816,101644589.0,13.813606214829,12.45,-4.0,1.0,3.0,1.0,1.0,0.0,0.0,1.0,0.5,0.0,3,24.1,4.37201907781687,13425.9119599492,10.370490343517,13.052,1.0,-4.0,4.359331266918005,1.0,1.0,0.5,1.0,0.0,1.0
EGY,2017,0,2,23.4,4.18122099961562,14018.3605934411,103696057.0,29.5066083940039,11.767,-4.0,1.0,4.0,1.0,1.0,0.0,0.0,1.0,0.5,0.0,4,23.7,4.34664345601914,13727.3201600816,13.813606214829,12.45,1.0,-4.0,4.26393222781738,1.0,1.0,0.5,1.0,0.0,1.0
EGY,2018,0,2,23.1,5.33110861887155,14488.2094340261,105682094.0,14.4014657807422,9.855,-4.0,1.0,5.0,1.0,1.0,0.0,0.0,1.0,0.5,0.0,5,23.4,4.18122099961562,14018.3605934411,29.5066083940039,11.767,1.0,-4.0,4.756164809243584,1.0,1.0,0.5,1.0,0.0,1.0
EGY,2019,0,2,22.9,5.55209307084222,15026.568243683,107553158.0,9.15279959324804,7.851,-4.0,1.0,5.0,1.0,1.0,0.0,0.0,1.0,0.5,0.0,6,23.1,5.33110861887155,14488.2094340261,14.4014657807422,9.855,1.0,-4.0,5.441600844856884,1.0,0.0,0.5,1.0,0.0,1.0
EGY,2020,0,2,22.6,3.55016483883115,15309.2359881835,109315124.0,5.04493288977539,7.974,-4.0,1.0,5.0,1.0,1.0,0.0,0.0,1.0,0.5,0.0,7,22.9,5.55209307084222,15026.568243683,9.15279959324804,7.851,1.0,-4.0,4.551128954836685,1.0,0.0,0.5,1.0,0.0,1.0
EGY,2021,0,2,22.2,3.29064601193245,15579.0160861551,110957008.0,5.21404940513043,7.441,-4.0,1.0,5.0,1.0,1.0,0.0,0.0,1.0,0.5,0.0,8,22.6,3.55016483883115,15309.2359881835,5.04493288977539,7.974,1.0,-4.0,3.4204054253817997,1.0,0.0,0.5,1.0,0.0,1.0
EGY,2022,0,2,21.8,6.58784560870467,16360.390775011,112618250.0,13.8956609775178,6.546,-4.0,1.0,5.0,1.0,1.0,0.0,0.0,1.0,0.5,0.0,9,22.2,3.29064601193245,15579.0160861551,5.21404940513043,7.441,1.0,-4.0,4.93924581031856,1.0,1.0,0.5,1.0,0.0,1.0
EGY,2023,0,3,21.3,3.76028052279247,16691.3873991962,114535772.0,33.8847763115546,6.753,-4.0,1.0,5.0,1.0,1.0,0.0,0.0,1.0,0.5,0.0,10,21.8,6.58784560870467,16360.390775011,13.8956609775178,6.546,1.0,-4.0,5.17406306574857,1.0,1.0,0.5,1.5,0.0,1.0
EGY,2024,0,3,20.8,2.3991692678251,16798.151577838,116538258.0,28.2705899322083,6.817,-4.0,1.0,5.0,1.0,1.0,0.0,0.0,1.0,0.5,0.0,11,21.3,3.76028052279247,16691.3873991962,33.8847763115546,6.753,1.0,-4.0,3.0797248953087846,1.0,1.0,0.5,1.5,0.0,1.0
ESP,1970,0,0,27.7,4.24497088667341,18270.06444120635,33814531.0,5.73114484293538,6.6025,-7.0,0.0,31.0,0.0,0.0,0.0,0.0,0.0,0.5,0.0,0,18.4,3.53620866972961,18109.67372703895,5.66318573909345,6.662,0.0,8.0,4.24497088667341,1.0,0.0,0.5,0.0,0.0,0.0
ESP,1971,0,0,25.6,4.64947364578497,18270.06444120635,34224490.0,8.23688714893596,6.6025,-7.0,0.0,32.0,0.0,0.0,0.0,0.0,0.0,0.5,0.0,1,27.7,4.24497088667341,18109.67372703895,5.73114484293538,6.662,0.0,-7.0,4.44722226622919,1.0,0.0,0.5,0.0,0.0,0.0
ESP,1972,0,0,23.6,8.14974586367205,18270.06444120635,34604469.0,8.27228754941943,6.6025,-7.0,0.0,33.0,0.0,0.0,0.0,0.0,0.0,0.5,0.0,2,25.6,4.64947364578497,18109.67372703895,8.23688714893596,6.662,0.0,-7.0,6.399609754728511,1.0,0.0,0.5,0.0,0.0,0.0
ESP,1973,0,0,21.8,7.7884653422601,18270.06444120635,34988947.0,11.4167076137085,6.6025,-7.0,0.0,34.0,0.0,0.0,0.0,0.0,0.0,0.5,0.0,3,23.6,8.14974586367205,18109.67372703895,8.27228754941943,6.662,0.0,-7.0,7.969105602966075,1.0,1.0,0.5,0.0,0.0,0.0
ESP,1974,0,0,20.1,5.61878564719633,18270.06444120635,35373335.0,15.6803733985389,6.6025,-7.0,0.0,35.0,0.0,0.0,0.0,0.0,0.0,0.5,0.0,4,21.8,7.7884653422601,18109.67372703895,11.4167076137085,6.662,0.0,-7.0,6.703625494728215,1.0,1.0,0.5,0.0,0.0,0.0
ESP,1975,0,0,18.6,0.542203343297047,18270.06444120635,35757900.0,16.9532859334983,6.6025,-3.0,1.0,0.0,0.0,0.0,0.0,0.0,0.0,0.5,0.0,5,20.1,5.61878564719633,18109.67372703895,15.6803733985389,6.662,0.0,-7.0,3.080494495246688,1.0,1.0,0.5,0.0,0.0,0.0
ESP,1976,0,0,17.2,3.30379140860018,18270.06444120635,36137812.0,17.6248800527482,6.6025,1.0,1.0,0.0,0.0,0.0,0.0,0.0,0.0,0.5,0.0,6,18.6,0.542203343297047,18109.67372703895,16.9532859334983,6.662,0.0,-3.0,1.9229973759486125,0.0,1.0,0.0,0.0,0.0,0.0
ESP,1977,0,0,15.9,2.83857436106388,18270.06444120635,36511638.0,24.5380632929204,6.6025,5.0,1.0,0.0,0.0,0.0,0.0,0.0,0.0,0.5,0.0,7,17.2,3.30379140860018,18109.67372703895,17.6248800527482,6.662,0.0,1.0,3.0711828848320293,0.0,1.0,0.0,0.0,0.0,0.0
ESP,1978,0,0,14.6,1.46300333315605,18270.06444120635,36864898.0,19.7736704973663,6.6025,9.0,0.0,0.0,0.0,0.0,0.0,0.0,0.0,0.5,0.0,8,15.9,2.83857436106388,18109.67372703895,24.5380632929204,6.662,0.0,5.0,2.150788847109964,0.0,1.0,0.0,0.0,0.0,0.0
ESP,1979,0,0,13.5,0.0415465166768456,18270.06444120635,37191330.0,15.6602355971771,6.6025,9.0,0.0,1.0,0.0,0.0,0.0,0.0,0.0,0.5,0.0,9,14.6,1.46300333315605,18109.67372703895,19.7736704973663,6.662,0.0,9.0,0.7522749249164469,0.0,1.0,0.0,0.0,0.0,0.0
ESP,1980,0,0,12.4,2.20872810257116,18270.06444120635,37491165.0,15.5619020957245,6.6025,9.0,0.0,2.0,0.0,0.0,0.0,0.0,0.0,0.5,0.0,10,13.5,0.0415465166768456,18109.67372703895,15.6602355971771,6.662,0.0,9.0,1.1251373096240018,0.0,1.0,0.0,0.0,0.0,0.0
ESP,1981,0,0,11.5,-0.13246859717357,18270.06444120635,37758631.0,14.5493457170323,6.6025,9.0,0.0,3.0,0.0,0.0,0.0,0.0,0.0,0.5,0.0,11,12.4,2.20872810257116,18109.67372703895,15.5619020957245,6.662,0.0,9.0,1.038129752698794,0.0,1.0,0.0,0.0,0.0,0.0
ESP,1982,1,0,10.7,1.2464617922282,18270.06444120635,37986012.0,14.4150020548327,6.6025,10.0,0.0,4.0,0.0,0.0,0.0,0.0,0.0,0.5,0.0,12,11.5,-0.13246859717357,18109.67372703895,14.5493457170323,6.662,0.0,9.0,0.5569965975273141,0.0,1.0,0.0,0.0,0.0,0.0
ESP,1983,0,0,10.1,1.77011581051299,18270.06444120635,38171525.0,12.17407273517,6.6025,10.0,0.0,5.0,0.0,0.0,0.0,0.0,0.0,0.5,0.0,0,10.7,1.2464617922282,18109.67372703895,14.4150020548327,6.662,0.0,10.0,1.5082888013705942,0.0,1.0,0.0,0.0,0.0,0.0
ESP,1984,0,0,9.6,1.78468751370853,18270.06444120635,38330364.0,11.2802765604036,6.6025,10.0,0.0,6.0,0.0,0.0,0.0,0.0,0.0,0.5,0.0,1,10.1,1.77011581051299,18109.67372703895,12.17407273517,6.662,0.0,10.0,1.7774016621107591,0.0,1.0,0.0,0.0,0.0,0.0
ESP,1985,0,0,9.2,2.3214357659951,18270.06444120635,38469512.0,8.81445506678391,6.6025,10.0,0.0,7.0,0.0,0.0,0.0,0.0,0.0,0.5,0.0,2,9.6,1.78468751370853,18109.67372703895,11.2802765604036,6.662,0.0,10.0,2.0530616398518142,0.0,0.0,0.0,0.0,0.0,0.0
ESP,1986,0,0,8.8,3.25332169179885,18270.06444120635,38584624.0,8.79493932290324,6.6025,10.0,0.0,8.0,0.0,0.0,0.0,0.0,0.0,0.5,0.0,3,9.2,2.3214357659951,18109.67372703895,8.81445506678391,6.662,0.0,10.0,2.7873787288969742,0.0,0.0,0.0,0.0,0.0,0.0
ESP,1987,0,0,8.4,5.54712273579352,18270.06444120635,38684815.0,5.24801863489591,6.6025,10.0,0.0,9.0,0.0,0.0,0.0,0.0,0.0,0.5,0.0,4,8.8,3.25332169179885,18109.67372703895,8.79493932290324,6.662,0.0,10.0,4.400222213796184,0.0,0.0,0.0,0.0,0.0,0.0
ESP,1988,0,0,8.1,5.09432412898086,18270.06444120635,38766939.0,4.83727066490357,6.6025,10.0,0.0,10.0,0.0,0.0,0.0,0.0,0.0,0.5,0.0,5,8.4,5.54712273579352,18109.67372703895,5.24801863489591,6.662,0.0,10.0,5.320723432387189,0.0,0.0,0.0,0.0,0.0,0.0
ESP,1989,0,0,7.8,4.82703031299745,18270.06444120635,38827764.0,6.791435840251,6.6025,10.0,0.0,11.0,0.0,0.0,0.0,0.0,0.0,0.5,0.0,6,8.1,5.09432412898086,18109.67372703895,4.83727066490357,6.662,0.0,10.0,4.9606772209891545,0.0,0.0,0.0,0.0,0.0,0.0
ESP,1990,0,0,7.4,3.7813935513235,31773.2267420042,38867322.0,6.72181952228664,6.6025,10.0,0.0,12.0,0.0,0.0,0.0,0.0,0.0,0.5,0.0,7,7.8,4.82703031299745,18109.67372703895,6.791435840251,6.662,0.0,10.0,4.304211932160474,0.0,0.0,0.0,0.0,0.0,0.0
ESP,1991,0,0,7.1,2.54600049647455,32499.3481371902,38966376.0,5.9342134433593,15.929,10.0,0.0,13.0,0.0,0.0,0.0,0.0,0.0,0.5,0.0,8,7.4,3.7813935513235,31773.2267420042,6.72181952228664,6.662,0.0,10.0,3.163697023899024,0.0,0.0,0.0,0.0,0.0,0.0
ESP,1992,0,0,6.7,0.929215482921151,32641.082719936,39157685.0,5.92453126228488,17.697,10.0,0.0,14.0,0.0,0.0,0.0,0.0,0.0,0.5,0.0,9,7.1,2.54600049647455,32499.3481371902,5.9342134433593,15.929,0.0,10.0,1.7376079896978496,0.0,0.0,0.0,0.0,0.0,0.0
ESP,1993,0,0,6.3,-1.03149183695307,32137.3138437727,39361262.0,4.56907173681805,22.156,10.0,0.0,15.0,0.0,0.0,0.0,0.0,0.0,0.5,0.0,10,6.7,0.929215482921151,32641.082719936,5.92453126228488,17.697,0.0,10.0,-0.05113817701596035,0.0,0.0,0.0,0.0,0.0,0.0
ESP,1994,0,0,5.9,2.38319537908909,32746.9287826598,39549108.0,4.71841373967333,24.209,10.0,0.0,16.0,0.0,0.0,0.0,0.0,0.0,0.5,0.0,11,6.3,-1.03149183695307,32137.3138437727,4.56907173681805,22.156,0.0,10.0,0.6758517710680092,0.0,0.0,0.0,0.0,0.0,0.0
ESP,1995,0,0,5.5,2.75749400293542,33501.7314182929,39724050.0,4.67380337624701,22.675,10.0,0.0,17.0,0.0,0.0,0.0,0.0,0.0,0.5,0.0,12,5.9,2.38319537908909,32746.9287826598,4.71841373967333,24.209,0.0,10.0,2.570344691012254,0.0,0.0,0.0,0.0,0.0,0.0
ESP,1996,1,0,5.2,2.60741117110229,34232.3786868602,39889852.0,3.55884559338561,22.142,10.0,0.0,18.0,0.0,0.0,0.0,0.0,0.0,0.5,0.0,13,5.5,2.75749400293542,33501.7314182929,4.67380337624701,22.675,0.0,10.0,2.682452587018854,0.0,0.0,0.0,0.0,0.0,0.0
ESP,1997,0,0,4.9,3.58729972356299,35312.0862854389,40057389.0,1.97107395582926,20.698,10.0,0.0,19.0,0.0,0.0,0.0,0.0,0.0,0.5,0.0,0,5.2,2.60741117110229,34232.3786868602,3.55884559338561,22.142,0.0,10.0,3.0973554473326392,0.0,0.0,0.0,0.0,0.0,0.0
ESP,1998,0,0,4.7,4.30197745333581,36679.0942334698,40223509.0,1.83432999908414,18.673,10.0,0.0,20.0,0.0,0.0,0.0,0.0,0.0,0.5,0.0,1,4.9,3.58729972356299,35312.0862854389,1.97107395582926,20.698,0.0,10.0,3.944638588449399,0.0,0.0,0.0,0.0,0.0,0.0
ESP,1999,0,0,4.5,4.40886545305924,38141.316878689,40386875.0,2.31034813987063,15.475,10.0,0.0,21.0,0.0,0.0,0.0,0.0,0.0,0.5,0.0,2,4.7,4.30197745333581,36679.0942334698,1.83432999908414,18.673,0.0,10.0,4.355421453197524,0.0,0.0,0.0,0.0,0.0,0.0
ESP,2000,0,0,4.4,5.20064125553942,39945.8971298178,40567864.0,3.43351563418764,13.785,10.0,0.0,22.0,0.0,0.0,0.0,0.0,0.0,0.5,0.0,3,4.5,4.40886545305924,38141.316878689,2.31034813987063,15.475,0.0,10.0,4.804753354299329,0.0,0.0,0.0,0.0,0.0,0.0
ESP,2001,0,0,4.2,3.91908880808811,41224.2924057393,40850412.0,3.58983413338117,10.348,10.0,0.0,23.0,0.0,0.0,0.0,0.0,0.0,0.5,0.0,4,4.4,5.20064125553942,39945.8971298178,3.43351563418764,13.785,0.0,10.0,4.559865031813764,0.0,0.0,0.0,0.0,0.0,0.0
ESP,2002,0,0,4.1,2.75545611564098,41766.0378188791,41431558.0,3.06565685902211,11.146,10.0,0.0,24.0,0.0,0.0,0.0,0.0,0.0,0.5,0.0,5,4.2,3.91908880808811,41224.2924057393,3.58983413338117,10.348,0.0,10.0,3.3372724618645444,0.0,0.0,0.0,0.0,0.0,0.0
ESP,2003,0,0,4.1,2.9392895953076,42223.130174522,42187645.0,3.03888839396661,11.283,10.0,0.0,25.0,0.0,0.0,0.0,0.0,0.0,0.5,0.0,6,4.1,2.75545611564098,41766.0378188791,3.06565685902211,11.146,0.0,10.0,2.8473728554742896,0.0,0.0,0.0,0.0,0.0,0.0
ESP,2004,1,0,3.9,3.1145314799161,42793.3902326006,42921895.0,3.03924881090924,11.09,10.0,0.0,26.0,0.0,0.0,0.0,0.0,0.0,0.5,0.0,7,4.1,2.9392895953076,42223.130174522,3.03888839396661,11.283,0.0,10.0,3.0269105376118497,0.0,0.0,0.0,0.0,0.0,0.0
ESP,2005,0,0,3.8,3.5512255846125,43570.7652574033,43653155.0,3.36881409750383,9.146,10.0,0.0,27.0,0.0,0.0,0.0,0.0,0.0,0.5,0.0,0,3.9,3.1145314799161,42793.3902326006,3.03924881090924,11.09,0.0,10.0,3.3328785322642993,0.0,0.0,0.0,0.0,0.0,0.0
ESP,2006,0,0,3.7,4.04343515605099,44572.6815459931,44397319.0,3.51557576832123,8.452,10.0,0.0,28.0,0.0,0.0,0.0,0.0,0.0,0.5,0.0,1,3.8,3.5512255846125,43570.7652574033,3.36881409750383,9.146,0.0,10.0,3.797330370331744,0.0,0.0,0.0,0.0,0.0,0.0
ESP,2007,0,0,3.6,3.53350013165972,45301.2843416374,45226803.0,2.7867974580495,8.232,10.0,0.0,29.0,0.0,0.0,0.0,0.0,0.0,0.5,0.0,2,3.7,4.04343515605099,44572.6815459931,3.51557576832123,8.452,0.0,10.0,3.7884676438553537,0.0,0.0,0.0,0.0,0.0,0.0
ESP,2008,0,0,3.4,0.767165748290694,44926.348951812,45954106.0,4.0753433595734,11.254,10.0,0.0,30.0,0.0,0.0,0.0,0.0,0.0,0.5,0.0,3,3.6,3.53350013165972,45301.2843416374,2.7867974580495,8.232,0.0,10.0,2.1503329399752062,0.0,0.0,0.0,0.0,0.0,0.0
ESP,2009,0,0,3.3,-3.76813306940053,42852.220888454,46362946.0,-0.287813083535241,17.857,10.0,0.0,31.0,0.0,0.0,0.0,0.0,0.0,0.5,0.0,4,3.4,0.767165748290694,44926.348951812,4.0753433595734,11.254,0.0,10.0,-1.500483660554919,0.0,0.0,0.0,0.0,0.0,0.0
ESP,2010,0,0,3.2,0.0941223116369514,42695.5274189933,46576897.0,1.79986457728769,19.86,10.0,0.0,32.0,0.0,0.0,0.0,0.0,0.0,0.5,0.0,5,3.3,-3.76813306940053,42852.220888454,-0.287813083535241,17.857,0.0,10.0,-1.8370053788817904,0.0,0.0,0.0,0.0,0.0,0.0
ESP,2011,1,0,3.0,-0.639920636520344,42271.8346788238,46742697.0,3.19610188833792,21.39,10.0,0.0,33.0,0.0,0.0,0.0,0.0,0.0,0.5,0.0,6,3.2,0.0941223116369514,42695.5274189933,1.79986457728769,19.86,0.0,10.0,-0.2728991624416972,0.0,0.0,0.0,0.0,0.0,0.0
ESP,2012,0,0,2.9,-2.86511368637748,41034.0481566356,46773055.0,2.44612782366809,24.789,10.0,0.0,34.0,0.0,0.0,0.0,0.0,0.0,0.5,0.0,0,3.0,-0.639920636520344,42271.8346788238,3.19610188833792,21.39,0.0,10.0,-1.752517161448913,0.0,0.0,0.0,0.0,0.0,0.0
ESP,2013,0,0,2.9,-1.42732224757626,40594.914008768,46604197.0,1.40858109183009,26.094,10.0,0.0,35.0,0.0,0.0,0.0,0.0,0.0,0.5,0.0,1,2.9,-2.86511368637748,41034.0481566356,2.44612782366809,24.789,0.0,10.0,-2.146217966976871,0.0,0.0,0.0,0.0,0.0,0.0
ESP,2014,0,0,2.8,1.52048593647231,41339.4111169417,46460733.0,-0.151114837527235,24.441,10.0,0.0,36.0,0.0,0.0,0.0,0.0,0.0,0.5,0.0,2,2.9,-1.42732224757626,40594.914008768,1.40858109183009,26.094,0.0,10.0,0.04658184444802416,0.0,0.0,0.0,0.0,0.0,0.0
ESP,2015,0,0,2.7,4.06086672473866,43053.761430314,46422303.0,-0.500365709903243,22.057,10.0,0.0,37.0,0.0,0.0,0.0,0.0,0.0,0.5,0.0,3,2.8,1.52048593647231,41339.4111169417,-0.151114837527235,24.441,0.0,10.0,2.7906763306054843,0.0,0.0,0.0,0.0,0.0,0.0
ESP,2016,0,0,2.7,2.91515598595787,44274.6676149922,46458139.0,-0.202598000426358,19.635,10.0,0.0,38.0,0.0,0.0,0.0,0.0,0.0,0.5,0.0,4,2.7,4.06086672473866,43053.761430314,-0.500365709903243,22.057,0.0,10.0,3.488011355348264,0.0,0.0,0.0,0.0,0.0,0.0
ESP,2017,0,0,2.7,2.89604207865007,45446.2508575695,46571232.0,1.95607633363954,17.224,10.0,0.0,39.0,0.0,0.0,0.0,0.0,0.0,0.5,0.0,5,2.7,2.91515598595787,44274.6676149922,-0.202598000426358,19.635,0.0,10.0,2.905599032303969,0.0,0.0,0.0,0.0,0.0,0.0
ESP,2018,1,0,2.7,2.39541124478878,46325.2099441141,46782011.0,1.67498136863799,15.255,10.0,0.0,40.0,0.0,0.0,0.0,0.0,0.0,0.5,0.0,6,2.7,2.89604207865007,45446.2508575695,1.95607633363954,17.224,0.0,10.0,2.645726661719424,0.0,0.0,0.0,0.0,0.0,0.0
ESP,2019,0,0,2.6,1.96117850841711,46896.4171141424,47118501.0,0.699518994458648,14.104,10.0,0.0,40.0,0.0,0.0,0.0,0.0,0.0,0.5,0.0,0,2.7,2.39541124478878,46325.2099441141,1.67498136863799,15.255,0.0,10.0,2.178294876602944,0.0,0.0,0.0,0.0,0.0,0.0
ESP,2020,0,0,2.6,-10.9400706350371,41553.4477945675,47359424.0,-0.322753017299649,15.532,10.0,0.0,40.0,0.0,0.0,0.0,0.0,0.0,0.5,0.0,1,2.6,1.96117850841711,46896.4171141424,0.699518994458648,14.104,0.0,10.0,-4.489446063309996,0.0,0.0,0.0,0.0,0.0,0.0
ESP,2021,0,0,2.6,6.68314420473001,44251.6658222621,47443821.0,3.09313511976402,14.914,10.0,0.0,40.0,0.0,0.0,0.0,0.0,0.0,0.5,0.0,2,2.6,-10.9400706350371,41553.4477945675,-0.322753017299649,15.532,0.0,10.0,-2.128463215153546,0.0,0.0,0.0,0.0,0.0,0.0
ESP,2022,0,0,2.6,6.37031712129601,46733.4809780536,47786102.0,8.39057634118637,13.033,10.0,0.0,40.0,0.0,0.0,0.0,0.0,0.0,0.5,0.0,3,2.6,6.68314420473001,44251.6658222621,3.09313511976402,14.914,0.0,10.0,6.526730663013009,0.0,0.0,0.0,0.0,0.0,0.0
ESP,2023,0,0,2.6,2.46085796805582,47322.5937004504,48352528.0,3.53236133492433,12.179,10.0,0.0,40.0,0.0,0.0,0.0,0.0,0.0,0.5,0.0,4,2.6,6.37031712129601,46733.4809780536,8.39057634118637,13.033,0.0,10.0,4.415587544675914,0.0,0.0,0.0,0.0,0.0,0.0
ESP,2024,0,0,2.6,3.45525405630191,48460.2914069661,48848840.0,2.747147886618,11.4,10.0,0.0,40.0,0.0,0.0,0.0,0.0,0.0,0.5,0.0,5,2.6,2.46085796805582,47322.5937004504,3.53236133492433,12.179,0.0,10.0,2.958056012178864,0.0,0.0,0.0,0.0,0.0,0.0
FRA,1970,0,0,15.1,6.20017438615466,18270.06444120635,52007169.0,5.29964124562667,6.6025,8.0,0.0,22.0,0.0,0.0,0.0,0.0,0.0,0.5,0.0,0,18.4,3.53620866972961,18109.67372703895,5.66318573909345,6.662,0.0,8.0,6.20017438615466,0.0,0.0,0.0,0.0,0.0,0.0
FRA,1971,0,0,14.3,5.29344622836985,18270.06444120635,52499553.0,5.39751865595111,6.6025,8.0,0.0,22.0,0.0,0.0,0.0,0.0,0.0,0.5,0.0,1,15.1,6.20017438615466,18109.67372703895,5.29964124562667,6.662,0.0,8.0,5.746810307262255,0.0,0.0,0.0,0.0,0.0,0.0
FRA,1972,0,0,13.7,4.51410759995832,18270.06444120635,52962356.0,6.06300309718186,6.6025,8.0,0.0,22.0,0.0,0.0,0.0,0.0,0.0,0.5,0.0,2,14.3,5.29344622836985,18109.67372703895,5.39751865595111,6.662,0.0,8.0,4.903776914164085,0.0,0.0,0.0,0.0,0.0,0.0
FRA,1973,0,0,13.1,6.19458406640176,18270.06444120635,53392161.0,7.38060106398917,6.6025,8.0,0.0,22.0,0.0,0.0,0.0,0.0,0.0,0.5,0.0,3,13.7,4.51410759995832,18109.67372703895,6.06300309718186,6.662,0.0,8.0,5.35434583318004,0.0,0.0,0.0,0.0,0.0,0.0
FRA,1974,0,0,12.7,4.41471376407343,18270.06444120635,53746571.0,13.6493174728138,6.6025,8.0,0.0,22.0,0.0,0.0,0.0,0.0,0.0,0.5,0.0,4,13.1,6.19458406640176,18109.67372703895,7.38060106398917,6.662,0.0,8.0,5.304648915237595,0.0,1.0,0.0,0.0,0.0,0.0
FRA,1975,0,0,12.3,-0.945609616912307,18270.06444120635,54002853.0,11.6859272493228,6.6025,8.0,0.0,22.0,0.0,0.0,0.0,0.0,0.0,0.5,0.0,5,12.7,4.41471376407343,18109.67372703895,13.6493174728138,6.662,0.0,8.0,1.7345520735805615,0.0,1.0,0.0,0.0,0.0,0.0
FRA,1976,0,0,11.8,4.33755647481964,18270.06444120635,54232383.0,9.62549578155533,6.6025,8.0,0.0,22.0,0.0,0.0,0.0,0.0,0.0,0.5,0.0,6,12.3,-0.945609616912307,18109.67372703895,11.6859272493228,6.662,0.0,8.0,1.6959734289536663,0.0,0.0,0.0,0.0,0.0,0.0
FRA,1977,0,0,11.4,3.55415568976466,18270.06444120635,54486467.0,9.49455467190426,6.6025,8.0,0.0,22.0,0.0,0.0,0.0,0.0,0.0,0.5,0.0,7,11.8,4.33755647481964,18109.67372703895,9.62549578155533,6.662,0.0,8.0,3.94585608229215,0.0,0.0,0.0,0.0,0.0,0.0
FRA,1978,0,0,11.0,3.94936216342872,18270.06444120635,54734030.0,9.25055846724441,6.6025,8.0,0.0,22.0,0.0,0.0,0.0,0.0,0.0,0.5,0.0,8,11.4,3.55415568976466,18109.67372703895,9.49455467190426,6.662,0.0,8.0,3.7517589265966897,0.0,0.0,0.0,0.0,0.0,0.0
FRA,1979,0,0,10.5,3.69531078677157,18270.06444120635,54979851.0,10.6467341716662,6.6025,8.0,0.0,22.0,0.0,0.0,0.0,0.0,0.0,0.5,0.0,9,11.0,3.94936216342872,18109.67372703895,9.25055846724441,6.662,0.0,8.0,3.822336475100145,0.0,1.0,0.0,0.0,0.0,0.0
FRA,1980,0,0,10.1,1.67641337198611,18270.06444120635,55274184.0,13.5625788483016,6.6025,8.0,0.0,22.0,0.0,0.0,0.0,0.0,0.0,0.5,0.0,10,10.5,3.69531078677157,18109.67372703895,10.6467341716662,6.662,0.0,8.0,2.68586207937884,0.0,1.0,0.0,0.0,0.0,0.0
FRA,1981,1,0,9.8,1.18831474293866,18270.06444120635,55603353.0,13.3144055680073,6.6025,8.0,0.0,22.0,0.0,0.0,0.0,0.0,0.0,0.5,0.0,11,10.1,1.67641337198611,18109.67372703895,13.5625788483016,6.662,0.0,8.0,1.432364057462385,0.0,1.0,0.0,0.0,0.0,0.0
FRA,1982,0,0,9.4,2.44251268690125,18270.06444120635,55806789.0,11.9784719523805,6.6025,8.0,0.0,22.0,0.0,0.0,0.0,0.0,0.0,0.5,0.0,0,9.8,1.18831474293866,18109.67372703895,13.3144055680073,6.662,0.0,8.0,1.815413714919955,0.0,1.0,0.0,0.0,0.0,0.0
FRA,1983,0,0,9.1,1.26205761797051,18270.06444120635,56108330.0,9.45954847235315,6.6025,8.0,0.0,22.0,0.0,0.0,0.0,0.0,0.0,0.5,0.0,1,9.4,2.44251268690125,18109.67372703895,11.9784719523805,6.662,0.0,8.0,1.85228515243588,0.0,0.0,0.0,0.0,0.0,0.0
FRA,1984,0,0,8.8,1.60947146551595,18270.06444120635,56383085.0,7.67380262247318,6.6025,8.0,0.0,22.0,0.0,0.0,0.0,0.0,0.0,0.5,0.0,2,9.1,1.26205761797051,18109.67372703895,9.45954847235315,6.662,0.0,8.0,1.43576454174323,0.0,0.0,0.0,0.0,0.0,0.0
FRA,1985,0,0,8.5,1.56907436604108,18270.06444120635,56665619.0,5.83109973854514,6.6025,8.0,0.0,22.0,0.0,0.0,0.0,0.0,0.0,0.5,0.0,3,8.8,1.60947146551595,18109.67372703895,7.67380262247318,6.662,0.0,8.0,1.589272915778515,0.0,0.0,0.0,0.0,0.0,0.0
FRA,1986,0,0,8.3,2.38953554470334,18270.06444120635,56956002.0,2.53852591781413,6.6025,8.0,0.0,22.0,0.0,0.0,0.0,0.0,0.0,0.5,0.0,4,8.5,1.56907436604108,18109.67372703895,5.83109973854514,6.662,0.0,8.0,1.9793049553722102,0.0,0.0,0.0,0.0,0.0,0.0
FRA,1987,0,0,8.1,2.55274621143047,18270.06444120635,57266167.0,3.28889821400136,6.6025,8.0,0.0,22.0,0.0,0.0,0.0,0.0,0.0,0.5,0.0,5,8.3,2.38953554470334,18109.67372703895,2.53852591781413,6.662,0.0,8.0,2.471140878066905,0.0,0.0,0.0,0.0,0.0,0.0
FRA,1988,0,0,7.9,4.81422400170246,18270.06444120635,57598186.0,2.70081527508114,6.6025,8.0,0.0,22.0,0.0,0.0,0.0,0.0,0.0,0.5,0.0,6,8.1,2.55274621143047,18109.67372703895,3.28889821400136,6.662,0.0,8.0,3.6834851065664647,0.0,0.0,0.0,0.0,0.0,0.0
FRA,1989,0,0,7.7,4.40516927190527,18270.06444120635,57943062.0,3.49830220700752,6.6025,8.0,0.0,22.0,0.0,0.0,0.0,0.0,0.0,0.5,0.0,7,7.9,4.81422400170246,18109.67372703895,2.70081527508114,6.662,0.0,8.0,4.609696636803864,0.0,0.0,0.0,0.0,0.0,0.0
FRA,1990,0,0,7.5,2.82962715326478,38655.8856842914,58261012.0,3.19428338029482,6.6025,8.0,0.0,22.0,0.0,0.0,0.0,0.0,0.0,0.5,0.0,8,7.7,4.40516927190527,18109.67372703895,3.49830220700752,6.662,0.0,8.0,3.617398212585025,0.0,0.0,0.0,0.0,0.0,0.0
FRA,1991,0,0,7.1,1.23666248297356,38937.9522513749,58554242.0,3.21340732409677,9.134,8.0,0.0,22.0,0.0,0.0,0.0,0.0,0.0,0.5,0.0,9,7.5,2.82962715326478,38655.8856842914,3.19428338029482,6.662,0.0,8.0,2.03314481811917,0.0,0.0,0.0,0.0,0.0,0.0
FRA,1992,0,0,6.7,1.5160611169627,39331.9041920718,58846584.0,2.36376046269356,10.203,8.0,0.0,22.0,0.0,0.0,0.0,0.0,0.0,0.5,0.0,10,7.1,1.23666248297356,38937.9522513749,3.21340732409677,9.134,0.0,8.0,1.3763617999681301,0.0,0.0,0.0,0.0,0.0,0.0
FRA,1993,0,0,6.2,-0.35899781051468,39020.6141584284,59103094.0,2.10446277124642,11.32,8.0,0.0,22.0,0.0,0.0,0.0,0.0,0.0,0.5,0.0,11,6.7,1.5160611169627,39331.9041920718,2.36376046269356,10.203,0.0,8.0,0.57853165322401,0.0,0.0,0.0,0.0,0.0,0.0
FRA,1994,0,0,5.7,2.38366086110145,39801.3888979817,59324863.0,1.65551532926999,12.593,8.0,0.0,22.0,0.0,0.0,0.0,0.0,0.0,0.5,0.0,12,6.2,-0.35899781051468,39020.6141584284,2.10446277124642,11.32,0.0,8.0,1.0123315252933849,0.0,0.0,0.0,0.0,0.0,0.0
FRA,1995,1,0,5.3,2.30479278392259,40570.7169560557,59541294.0,1.79648142095589,11.834,8.0,0.0,22.0,0.0,0.0,0.0,0.0,0.0,0.5,0.0,13,5.7,2.38366086110145,39801.3888979817,1.65551532926999,12.593,0.0,8.0,2.34422682251202,0.0,0.0,0.0,0.0,0.0,0.0
FRA,1996,0,0,4.9,1.39707987198881,40990.7395148125,59754504.0,1.98288365089739,12.367,8.0,0.0,22.0,0.0,0.0,0.0,0.0,0.0,0.5,0.0,0,5.3,2.30479278392259,40570.7169560557,1.79648142095589,11.834,0.0,8.0,1.8509363279556998,0.0,0.0,0.0,0.0,0.0,0.0
FRA,1997,0,0,4.6,2.5270616339357,41876.9330265158,59968066.0,1.20394294026964,12.566,8.0,0.0,22.0,0.0,0.0,0.0,0.0,0.0,0.5,0.0,1,4.9,1.39707987198881,40990.7395148125,1.98288365089739,12.367,0.0,8.0,1.962070752962255,0.0,0.0,0.0,0.0,0.0,0.0
FRA,1998,0,0,4.4,3.45259434279616,43162.5423856938,60190684.0,0.651126867833073,12.074,8.0,0.0,22.0,0.0,0.0,0.0,0.0,0.0,0.5,0.0,2,4.6,2.5270616339357,41876.9330265158,1.20394294026964,12.566,0.0,8.0,2.98982798836593,0.0,0.0,0.0,0.0,0.0,0.0
FRA,1999,0,0,4.2,3.39930808809441,44400.1357889191,60501986.0,0.537141639134596,11.981,8.0,0.0,22.0,0.0,0.0,0.0,0.0,0.0,0.5,0.0,3,4.4,3.45259434279616,43162.5423856938,0.651126867833073,12.074,0.0,8.0,3.425951215445285,0.0,0.0,0.0,0.0,0.0,0.0
FRA,2000,0,0,4.1,4.14099996402915,45922.4789363701,60918661.0,1.67595988720928,10.218,8.0,0.0,22.0,0.0,0.0,0.0,0.0,0.0,0.5,0.0,4,4.2,3.39930808809441,44400.1357889191,0.537141639134596,11.981,0.0,8.0,3.7701540260617796,0.0,0.0,0.0,0.0,0.0,0.0
FRA,2001,0,0,3.9,1.89946701186636,46454.8706927365,61364377.0,1.63478079549599,8.61,8.0,0.0,22.0,0.0,0.0,0.0,0.0,0.0,0.5,0.0,5,4.1,4.14099996402915,45922.4789363701,1.67595988720928,10.218,0.0,8.0,3.0202334879477544,0.0,0.0,0.0,0.0,0.0,0.0
FRA,2002,0,0,3.8,1.06775027069419,46610.7820717214,61812142.0,1.92341228727064,8.702,8.0,0.0,22.0,0.0,0.0,0.0,0.0,0.0,0.5,0.0,6,3.9,1.89946701186636,46454.8706927365,1.63478079549599,8.61,0.0,8.0,1.483608641280275,0.0,0.0,0.0,0.0,0.0,0.0
FRA,2003,0,0,3.6,0.967827182558352,46730.975806379,62249855.0,2.09847219146919,8.306,8.0,0.0,22.0,0.0,0.0,0.0,0.0,0.0,0.5,0.0,7,3.8,1.06775027069419,46610.7820717214,1.92341228727064,8.702,0.0,8.0,1.017788726626271,0.0,0.0,0.0,0.0,0.0,0.0
FRA,2004,0,0,3.5,2.86825052501032,47720.4413351103,62707588.0,2.14208964640239,8.914,8.0,0.0,22.0,0.0,0.0,0.0,0.0,0.0,0.5,0.0,8,3.6,0.967827182558352,46730.975806379,2.09847219146919,8.306,0.0,8.0,1.9180388537843358,0.0,0.0,0.0,0.0,0.0,0.0
FRA,2005,0,0,3.3,1.88856584109286,48257.4650937971,63180854.0,1.74586936380487,8.882,8.0,0.0,22.0,0.0,0.0,0.0,0.0,0.0,0.5,0.0,9,3.5,2.86825052501032,47720.4413351103,2.14208964640239,8.914,0.0,8.0,2.3784081830515897,0.0,0.0,0.0,0.0,0.0,0.0
FRA,2006,0,0,3.3,2.71406448755236,49223.247197008,63622342.0,1.67512449608726,8.832,8.0,0.0,22.0,0.0,0.0,0.0,0.0,0.0,0.5,0.0,10,3.3,1.88856584109286,48257.4650937971,1.74586936380487,8.882,0.0,8.0,2.30131516432261,0.0,0.0,0.0,0.0,0.0,0.0
FRA,2007,1,0,3.2,2.53048188351066,50157.7837477634,64016890.0,1.4879980595386,8.008,8.0,0.0,22.0,0.0,0.0,0.0,0.0,0.0,0.5,0.0,11,3.3,2.71406448755236,49223.247197008,1.67512449608726,8.832,0.0,8.0,2.62227318553151,0.0,0.0,0.0,0.0,0.0,0.0
FRA,2008,0,0,3.2,0.380171435849121,50068.2969141379,64375116.0,2.81286194914785,7.386,8.0,0.0,22.0,0.0,0.0,0.0,0.0,0.0,0.5,0.0,0,3.2,2.53048188351066,50157.7837477634,1.4879980595386,8.008,0.0,8.0,1.4553266596798906,0.0,0.0,0.0,0.0,0.0,0.0
FRA,2009,0,0,3.1,-2.82455153714783,48404.9657826363,64706436.0,0.0876204781574653,9.122,8.0,0.0,22.0,0.0,0.0,0.0,0.0,0.0,0.5,0.0,1,3.2,0.380171435849121,50068.2969141379,2.81286194914785,7.386,0.0,8.0,-1.2221900506493544,0.0,0.0,0.0,0.0,0.0,0.0
FRA,2010,0,0,3.1,2.00032476039051,49130.422942344,65026211.0,1.53112270420919,9.279,8.0,0.0,22.0,0.0,0.0,0.0,0.0,0.0,0.5,0.0,2,3.1,-2.82455153714783,48404.9657826363,0.0876204781574653,9.122,0.0,8.0,-0.41211338837865985,0.0,0.0,0.0,0.0,0.0,0.0
FRA,2011,0,0,3.1,2.43757653729007,50085.6829779109,65340830.0,2.11159795175,9.228,8.0,0.0,22.0,0.0,0.0,0.0,0.0,0.0,0.5,0.0,3,3.1,2.00032476039051,49130.422942344,1.53112270420919,9.279,0.0,8.0,2.2189506488402904,0.0,0.0,0.0,0.0,0.0,0.0
FRA,2012,1,0,3.1,0.183835264973013,49935.6269081617,65657659.0,1.9541953161351,9.841,8.0,0.0,22.0,0.0,0.0,0.0,0.0,0.0,0.5,0.0,4,3.1,2.43757653729007,50085.6829779109,2.11159795175,9.228,0.0,8.0,1.3107059011315416,0.0,0.0,0.0,0.0,0.0,0.0
FRA,2013,0,0,3.1,0.781756446231,50066.5304324783,65997932.0,0.863715497861804,9.913,8.0,0.0,22.0,0.0,0.0,0.0,0.0,0.0,0.5,0.0,0,3.1,0.183835264973013,49935.6269081617,1.9541953161351,9.841,0.0,8.0,0.48279585560200655,0.0,0.0,0.0,0.0,0.0,0.0
FRA,2014,0,0,3.1,0.997832947295251,50326.567863089,66312067.0,0.50775882293799,10.273,8.0,0.0,22.0,0.0,0.0,0.0,0.0,0.0,0.5,0.0,1,3.1,0.781756446231,50066.5304324783,0.863715497861804,9.913,0.0,8.0,0.8897946967631255,0.0,0.0,0.0,0.0,0.0,0.0
FRA,2015,0,0,3.2,1.06675474783462,50682.8953586333,66548272.0,0.0375143805125182,10.354,8.0,0.0,22.0,0.0,0.0,0.0,0.0,0.0,0.5,0.0,2,3.1,0.997832947295251,50326.567863089,0.50775882293799,10.273,0.0,8.0,1.0322938475649355,0.0,0.0,0.0,0.0,0.0,0.0
FRA,2016,0,0,3.2,0.860031075424033,50984.075297832,66724104.0,0.183334861123765,10.057,8.0,0.0,22.0,0.0,0.0,0.0,0.0,0.0,0.5,0.0,3,3.2,1.06675474783462,50682.8953586333,0.0375143805125182,10.354,0.0,8.0,0.9633929116293265,0.0,0.0,0.0,0.0,0.0,0.0
FRA,2017,1,0,3.3,2.08361485997399,51895.5662985838,66918020.0,1.03228275064681,9.409,8.0,0.0,22.0,0.0,0.0,0.0,0.0,0.0,0.5,0.0,4,3.2,0.860031075424033,50984.075297832,0.183334861123765,10.057,0.0,8.0,1.4718229676990116,0.0,0.0,0.0,0.0,0.0,0.0
FRA,2018,0,0,3.3,1.64590872395887,52560.9536243841,67158348.0,1.85081508315493,9.018,8.0,0.0,22.0,0.0,0.0,0.0,0.0,0.0,0.5,0.0,0,3.3,2.08361485997399,51895.5662985838,1.03228275064681,9.409,0.0,8.0,1.8647617919664299,0.0,0.0,0.0,0.0,0.0,0.0
FRA,2019,0,0,3.3,2.02744646419237,53448.5548849943,67382061.0,1.10825492288294,8.415,8.0,0.0,22.0,0.0,0.0,0.0,0.0,0.0,0.5,0.0,1,3.3,1.64590872395887,52560.9536243841,1.85081508315493,9.018,0.0,8.0,1.83667759407562,0.0,0.0,0.0,0.0,0.0,0.0
FRA,2020,0,0,3.3,-7.44064589948231,49311.333409639,67601110.0,0.476498852725065,8.009,8.0,0.0,22.0,0.0,0.0,0.0,0.0,0.0,0.5,0.0,2,3.3,2.02744646419237,53448.5548849943,1.10825492288294,8.415,0.0,8.0,-2.70659971764497,0.0,0.0,0.0,0.0,0.0,0.0
FRA,2021,0,0,3.4,6.88233783360239,52517.3354905855,67842811.0,1.64233141038394,7.871,8.0,0.0,22.0,0.0,0.0,0.0,0.0,0.0,0.5,0.0,3,3.3,-7.44064589948231,49311.333409639,0.476498852725065,8.009,0.0,8.0,-0.2791540329399598,0.0,0.0,0.0,0.0,0.0,0.0
FRA,2022,0,0,3.4,2.71676264185913,53673.8137406422,68184457.0,5.22236748369725,7.303,8.0,0.0,22.0,0.0,0.0,0.0,0.0,0.0,0.5,0.0,4,3.4,6.88233783360239,52517.3354905855,1.64233141038394,7.871,0.0,8.0,4.79955023773076,0.0,0.0,0.0,0.0,0.0,0.0
FRA,2023,0,0,3.4,1.43921494437743,54296.7230897731,68372286.0,4.8783572650844,7.335,8.0,0.0,22.0,0.0,0.0,0.0,0.0,0.0,0.5,0.0,5,3.4,2.71676264185913,53673.8137406422,5.22236748369725,7.303,0.0,8.0,2.07798879311828,0.0,0.0,0.0,0.0,0.0,0.0
FRA,2024,0,0,3.4,1.19046798275883,54799.3482689389,68551653.0,1.99904942291463,7.4,8.0,0.0,22.0,0.0,0.0,0.0,0.0,0.0,0.5,0.0,6,3.4,1.43921494437743,54296.7230897731,4.8783572650844,7.335,0.0,8.0,1.31484146356813,0.0,0.0,0.0,0.0,0.0,0.0
GBR,1970,1,0,18.1,2.70858148856038,18270.06444120635,55663250.0,6.36656841727441,6.6025,10.0,0.0,90.0,2.0,0.0,2.0,0.0,1.0,0.5,0.0,0,18.4,3.53620866972961,18109.67372703895,5.66318573909345,6.662,0.0,8.0,2.70858148856038,0.0,0.0,0.0,0.0,0.0,0.0
GBR,1971,0,0,17.7,2.00453760135888,18270.06444120635,55896223.0,9.44483742337133,6.6025,10.0,0.0,91.0,2.0,0.0,2.0,0.0,1.0,0.5,0.0,0,18.1,2.70858148856038,18109.67372703895,6.36656841727441,6.662,2.0,10.0,2.35655954495963,0.0,0.0,0.0,0.0,0.0,0.0
GBR,1972,0,0,17.2,3.62637105743457,18270.06444120635,56086065.0,7.07109839479797,6.6025,10.0,0.0,92.0,2.0,0.0,2.0,0.0,1.0,0.5,0.0,1,17.7,2.00453760135888,18109.67372703895,9.44483742337133,6.662,2.0,10.0,2.815454329396725,0.0,0.0,0.0,0.0,0.0,0.0
GBR,1973,0,0,16.7,7.31352424220155,18270.06444120635,56194527.0,9.19603316657812,6.6025,10.0,0.0,93.0,2.0,0.0,2.0,0.0,1.0,0.5,0.0,2,17.2,3.62637105743457,18109.67372703895,7.07109839479797,6.662,2.0,10.0,5.46994764981806,0.0,0.0,0.0,0.0,0.0,0.0
GBR,1974,1,0,16.1,-1.67969792645223,18270.06444120635,56229974.0,16.0440111889861,6.6025,10.0,0.0,94.0,2.0,0.0,2.0,0.0,1.0,0.5,0.0,3,16.7,7.31352424220155,18109.67372703895,9.19603316657812,6.662,2.0,10.0,2.8169131578746605,0.0,1.0,0.0,0.0,0.0,0.0
GBR,1975,0,0,15.4,-0.676870194049812,18270.06444120635,56225800.0,24.2072876743291,6.6025,10.0,0.0,95.0,2.0,0.0,2.0,0.0,1.0,0.5,0.0,0,16.1,-1.67969792645223,18109.67372703895,16.0440111889861,6.662,2.0,10.0,-1.178284060251021,0.0,1.0,0.0,0.0,0.0,0.0
GBR,1976,0,0,14.8,2.80465599545295,18270.06444120635,56211968.0,16.5595225588084,6.6025,10.0,0.0,96.0,2.0,0.0,2.0,0.0,1.0,0.5,0.0,1,15.4,-0.676870194049812,18109.67372703895,24.2072876743291,6.662,2.0,10.0,1.0638929007015692,0.0,1.0,0.0,0.0,0.0,0.0
GBR,1977,0,0,14.1,2.36335094409922,18270.06444120635,56193492.0,15.8402667458768,6.6025,10.0,0.0,97.0,2.0,0.0,2.0,0.0,1.0,0.5,0.0,2,14.8,2.80465599545295,18109.67372703895,16.5595225588084,6.662,2.0,10.0,2.584003469776085,0.0,1.0,0.0,0.0,0.0,0.0
GBR,1978,0,0,13.4,3.40337382855367,18270.06444120635,56196504.0,8.26314103860768,6.6025,10.0,0.0,98.0,2.0,0.0,2.0,0.0,1.0,0.5,0.0,3,14.1,2.36335094409922,18109.67372703895,15.8402667458768,6.662,2.0,10.0,2.883362386326445,0.0,0.0,0.0,0.0,0.0,0.0
GBR,1979,1,0,12.7,2.74677219709527,18270.06444120635,56246951.0,13.4212799774012,6.6025,10.0,0.0,99.0,2.0,0.0,2.0,0.0,1.0,0.5,0.0,4,13.4,3.40337382855367,18109.67372703895,8.26314103860768,6.662,2.0,10.0,3.07507301282447,0.0,1.0,0.0,0.0,0.0,0.0
GBR,1980,0,0,12.1,-2.17910220206564,18270.06444120635,56314216.0,17.9659242656857,6.6025,10.0,0.0,100.0,2.0,0.0,2.0,0.0,1.0,0.5,0.0,0,12.7,2.74677219709527,18109.67372703895,13.4212799774012,6.662,2.0,10.0,0.2838349975148149,0.0,1.0,0.0,0.0,0.0,0.0
GBR,1981,0,0,11.4,-1.3234581733779,18270.06444120635,56333829.0,11.8766265142296,6.6025,10.0,0.0,101.0,2.0,0.0,2.0,0.0,1.0,0.5,0.0,1,12.1,-2.17910220206564,18109.67372703895,17.9659242656857,6.662,2.0,10.0,-1.75128018772177,0.0,1.0,0.0,0.0,0.0,0.0
GBR,1982,0,0,10.8,2.09306886432368,18270.06444120635,56313641.0,8.59886383332186,6.6025,10.0,0.0,102.0,3.0,0.0,2.0,1.0,1.0,0.5,0.0,2,11.4,-1.3234581733779,18109.67372703895,11.8766265142296,6.662,2.0,10.0,0.3848053454728899,0.0,0.0,0.0,0.0,0.0,0.0
GBR,1983,0,0,10.3,3.62434641923983,18270.06444120635,56332848.0,4.60930327269779,6.6025,10.0,0.0,103.0,2.0,0.0,2.0,0.0,1.0,0.5,0.0,3,10.8,2.09306886432368,18109.67372703895,8.59886383332186,6.662,3.0,10.0,2.8587076417817547,0.0,0.0,0.0,0.0,0.0,0.0
GBR,1984,0,0,10.0,2.67092491032817,18270.06444120635,56422072.0,4.96071097821927,6.6025,10.0,0.0,104.0,2.0,0.0,2.0,0.0,1.0,0.5,0.0,4,10.3,3.62434641923983,18109.67372703895,4.60930327269779,6.662,2.0,10.0,3.147635664784,0.0,0.0,0.0,0.0,0.0,0.0
GBR,1985,0,0,9.7,3.59938143817158,18270.06444120635,56550268.0,6.07139434015119,6.6025,10.0,0.0,105.0,2.0,0.0,2.0,0.0,1.0,0.5,0.0,5,10.0,2.67092491032817,18109.67372703895,4.96071097821927,6.662,2.0,10.0,3.135153174249875,0.0,0.0,0.0,0.0,0.0,0.0
GBR,1986,0,0,9.4,4.01232987098167,18270.06444120635,56681396.0,3.42760940369314,6.6025,10.0,0.0,106.0,2.0,0.0,2.0,0.0,1.0,0.5,0.0,6,9.7,3.59938143817158,18109.67372703895,6.07139434015119,6.662,2.0,10.0,3.805855654576625,0.0,0.0,0.0,0.0,0.0,0.0
GBR,1987,0,0,9.1,4.56208082572655,18270.06444120635,56802050.0,4.14892232052945,6.6025,10.0,0.0,107.0,2.0,0.0,2.0,0.0,1.0,0.5,0.0,7,9.4,4.01232987098167,18109.67372703895,3.42760940369314,6.662,2.0,10.0,4.28720534835411,0.0,0.0,0.0,0.0,0.0,0.0
GBR,1988,0,0,8.8,5.0321018040183,18270.06444120635,56928327.0,4.15535171583102,6.6025,10.0,0.0,108.0,2.0,0.0,2.0,0.0,1.0,0.5,0.0,8,9.1,4.56208082572655,18109.67372703895,4.14892232052945,6.662,2.0,10.0,4.797091314872425,0.0,0.0,0.0,0.0,0.0,0.0
GBR,1989,0,0,8.4,2.28144671930745,18270.06444120635,57076711.0,5.76024909185262,6.6025,10.0,0.0,109.0,2.0,0.0,2.0,0.0,1.0,0.5,0.0,9,8.8,5.0321018040183,18109.67372703895,4.15535171583102,6.662,2.0,10.0,3.656774261662875,0.0,0.0,0.0,0.0,0.0,0.0
GBR,1990,0,0,7.9,0.779266119883417,33530.9578151546,57247586.0,8.06346090938833,6.6025,10.0,0.0,110.0,2.0,0.0,2.0,0.0,1.0,0.5,0.0,10,8.4,2.28144671930745,18109.67372703895,5.76024909185262,6.662,2.0,10.0,1.5303564195954333,0.0,0.0,0.0,0.0,0.0,0.0
GBR,1991,0,0,7.3,-1.29243974751705,32995.3948749055,57424897.0,7.46178295746934,8.55,10.0,0.0,111.0,2.0,0.0,2.0,0.0,1.0,0.5,0.0,11,7.9,0.779266119883417,33530.9578151546,8.06346090938833,6.662,2.0,10.0,-0.2565868138168165,0.0,0.0,0.0,0.0,0.0,0.0
GBR,1992,0,0,6.9,1.29472849604493,33332.3326389023,57580402.0,4.59154929577461,9.772,10.0,0.0,112.0,2.0,0.0,2.0,0.0,1.0,0.5,0.0,12,7.3,-1.29243974751705,32995.3948749055,7.46178295746934,8.55,2.0,10.0,0.0011443742639399845,0.0,0.0,0.0,0.0,0.0,0.0
GBR,1993,0,0,6.5,3.49048744653493,34413.1904916462,57718614.0,2.55857796929705,10.346,10.0,0.0,113.0,2.0,0.0,2.0,0.0,1.0,0.5,0.0,13,6.9,1.29472849604493,33332.3326389023,4.59154929577461,9.772,2.0,10.0,2.3926079712899297,0.0,0.0,0.0,0.0,0.0,0.0
GBR,1994,0,0,6.3,4.95341092800692,36025.9830963677,57865745.0,2.21901260504205,9.648,10.0,0.0,114.0,2.0,0.0,2.0,0.0,1.0,0.5,0.0,14,6.5,3.49048744653493,34413.1904916462,2.55857796929705,10.346,2.0,10.0,4.2219491872709245,0.0,0.0,0.0,0.0,0.0,0.0
GBR,1995,0,0,6.1,3.53339096338078,37200.3789969484,58019030.0,2.69749518304432,8.694,10.0,0.0,115.0,0.0,0.0,0.0,0.0,0.0,0.5,0.0,15,6.3,4.95341092800692,36025.9830963677,2.21901260504205,9.648,2.0,10.0,4.24340094569385,0.0,0.0,0.0,0.0,0.0,0.0
GBR,1996,0,0,5.9,2.61491606949487,38076.0624470563,58166950.0,2.85178236397749,8.189,10.0,0.0,116.0,0.0,0.0,0.0,0.0,0.0,0.5,0.0,16,6.1,3.53339096338078,37200.3789969484,2.69749518304432,8.694,0.0,10.0,3.074153516437825,0.0,0.0,0.0,0.0,0.0,0.0
GBR,1997,1,0,5.8,4.8799853038024,39831.4492555823,58316954.0,2.20114313510882,7.072,10.0,0.0,117.0,0.0,0.0,0.0,0.0,0.0,0.5,0.0,17,5.9,2.61491606949487,38076.0624470563,2.85178236397749,8.189,0.0,10.0,3.7474506866486346,0.0,0.0,0.0,0.0,0.0,0.0
GBR,1998,0,0,5.7,3.24631482881618,41004.8386335287,58487141.0,1.82056163731557,6.198,10.0,0.0,118.0,0.0,0.0,0.0,0.0,0.0,0.5,0.0,0,5.8,4.8799853038024,39831.4492555823,2.20114313510882,7.072,0.0,10.0,4.06315006630929,0.0,0.0,0.0,0.0,0.0,0.0
GBR,1999,0,0,5.6,2.94445869854798,42071.7055369651,58682466.0,1.7529508005142,6.042,10.0,0.0,119.0,0.0,0.0,0.0,0.0,0.0,0.5,0.0,1,5.7,3.24631482881618,41004.8386335287,1.82056163731557,6.198,0.0,10.0,3.0953867636820798,0.0,0.0,0.0,0.0,0.0,0.0
GBR,2000,0,0,5.5,4.52438074810904,43818.3463079443,58892514.0,1.18295624210408,5.558,10.0,0.0,120.0,0.0,0.0,0.0,0.0,0.0,0.5,0.0,2,5.6,2.94445869854798,42071.7055369651,1.7529508005142,6.042,0.0,10.0,3.73441972332851,0.0,0.0,0.0,0.0,0.0,0.0
GBR,2001,0,0,5.5,2.39102229602824,44693.6612621755,59119673.0,1.53234960272418,4.696,10.0,0.0,121.0,0.0,0.0,0.0,0.0,0.0,0.5,0.0,3,5.5,4.52438074810904,43818.3463079443,1.18295624210408,5.558,0.0,10.0,3.45770152206864,0.0,0.0,0.0,0.0,0.0,0.0
GBR,2002,0,0,5.4,1.70902736258567,45265.4565169944,59370479.0,1.52040245947455,5.037,10.0,0.0,122.0,0.0,0.0,0.0,0.0,0.0,0.5,0.0,4,5.5,2.39102229602824,44693.6612621755,1.53234960272418,4.696,0.0,10.0,2.050024829306955,0.0,0.0,0.0,0.0,0.0,0.0
GBR,2003,0,0,5.3,3.21851612669614,46505.2798806788,59647577.0,1.37650038542013,4.807,10.0,0.0,123.0,0.0,0.0,0.0,0.0,0.0,0.5,0.0,5,5.4,1.70902736258567,45265.4565169944,1.52040245947455,5.037,0.0,10.0,2.463771744640905,0.0,0.0,0.0,0.0,0.0,0.0
GBR,2004,0,0,5.2,2.32601853325993,47317.027070979,59987905.0,1.39039756680422,4.594,10.0,0.0,124.0,0.0,0.0,0.0,0.0,0.0,0.5,0.0,6,5.3,3.21851612669614,46505.2798806788,1.37650038542013,4.807,0.0,10.0,2.7722673299780354,0.0,0.0,0.0,0.0,0.0,0.0
GBR,2005,0,0,5.1,2.7906547174688,48304.6753205932,60401206.0,2.0891364902507,4.884,10.0,0.0,125.0,0.0,0.0,0.0,0.0,0.0,0.5,0.0,7,5.2,2.32601853325993,47317.027070979,1.39039756680422,4.594,0.0,10.0,2.5583366253643653,0.0,0.0,0.0,0.0,0.0,0.0
GBR,2006,0,0,5.0,2.18982132415704,49000.9535382241,60846820.0,2.4556616643929,5.472,10.0,0.0,126.0,0.0,0.0,0.0,0.0,0.0,0.5,0.0,8,5.1,2.7906547174688,48304.6753205932,2.0891364902507,4.884,0.0,10.0,2.49023802081292,0.0,0.0,0.0,0.0,0.0,0.0
GBR,2007,0,0,4.9,2.93091133582351,50045.9163092519,61322463.0,2.38656150773327,5.399,10.0,0.0,127.0,0.0,0.0,0.0,0.0,0.0,0.5,0.0,9,5.0,2.18982132415704,49000.9535382241,2.4556616643929,5.472,0.0,10.0,2.5603663299902752,0.0,0.0,0.0,0.0,0.0,0.0
GBR,2008,0,0,4.8,-0.0494116727402769,49629.0498697349,61806995.0,3.52140856342539,5.748,10.0,0.0,128.0,0.0,0.0,0.0,0.0,0.0,0.5,0.0,10,4.9,2.93091133582351,50045.9163092519,2.38656150773327,5.399,0.0,10.0,1.4407498315416167,0.0,0.0,0.0,0.0,0.0,0.0
GBR,2009,0,0,4.6,-4.58740819226323,46995.5449961945,62276270.0,1.96173173560109,7.683,10.0,0.0,129.0,0.0,0.0,0.0,0.0,0.0,0.5,0.0,11,4.8,-0.0494116727402769,49629.0498697349,3.52140856342539,5.748,0.0,10.0,-2.318409932501753,0.0,0.0,0.0,0.0,0.0,0.0
GBR,2010,1,0,4.4,2.26054460931586,47682.6525150443,62766365.0,2.49265472467065,7.973,10.0,0.0,130.0,0.0,0.0,0.0,0.0,0.0,0.5,0.0,12,4.6,-4.58740819226323,46995.5449961945,1.96173173560109,7.683,0.0,10.0,-1.1634317914736851,0.0,0.0,0.0,0.0,0.0,0.0
GBR,2011,0,0,4.3,0.851437739020326,47714.2894262827,63258810.0,3.8561124468282,8.195,10.0,0.0,131.0,0.0,0.0,0.0,0.0,0.0,0.5,0.0,0,4.4,2.26054460931586,47682.6525150443,2.49265472467065,7.973,0.0,10.0,1.555991174168093,0.0,0.0,0.0,0.0,0.0,0.0
GBR,2012,0,0,4.1,1.52826034721852,48099.6594401942,63711000.0,2.5732347965453,8.279,10.0,0.0,132.0,0.0,0.0,0.0,0.0,0.0,0.5,0.0,1,4.3,0.851437739020326,47714.2894262827,3.8561124468282,8.195,0.0,10.0,1.189849043119423,0.0,0.0,0.0,0.0,0.0,0.0
GBR,2013,0,0,4.0,1.71846961308464,48600.5100807266,64138000.0,2.29166666666659,7.752,10.0,0.0,133.0,0.0,0.0,0.0,0.0,0.0,0.5,0.0,2,4.1,1.52826034721852,48099.6594401942,2.5732347965453,8.279,0.0,10.0,1.62336498015158,0.0,0.0,0.0,0.0,0.0,0.0
GBR,2014,0,0,3.9,3.16017351468152,49763.17387988,64619000.0,1.45112016293279,6.398,10.0,0.0,134.0,0.0,0.0,0.0,0.0,0.0,0.5,0.0,3,4.0,1.71846961308464,48600.5100807266,2.29166666666659,7.752,0.0,10.0,2.43932156388308,0.0,0.0,0.0,0.0,0.0,0.0
GBR,2015,0,0,3.9,2.14040560033371,50462.8329992477,65087000.0,0.36804684232536,5.552,10.0,0.0,135.0,0.0,0.0,0.0,0.0,0.0,0.5,0.0,4,3.9,3.16017351468152,49763.17387988,1.45112016293279,6.398,0.0,10.0,2.650289557507615,0.0,0.0,0.0,0.0,0.0,0.0
GBR,2016,0,0,3.8,2.20652020635357,51168.2925796814,65606000.0,1.0084173681141,4.909,8.0,0.0,136.0,0.0,0.0,0.0,0.0,0.0,0.5,0.0,5,3.9,2.14040560033371,50462.8329992477,0.36804684232536,5.552,0.0,10.0,2.17346290334364,0.0,0.0,0.0,0.0,0.0,0.0
GBR,2017,0,0,3.8,3.02322219840339,52429.1275538988,65964000.0,2.55775577557747,4.501,8.0,0.0,137.0,0.0,0.0,0.0,0.0,0.0,0.5,0.0,6,3.8,2.20652020635357,51168.2925796814,1.0084173681141,4.909,0.0,8.0,2.61487120237848,0.0,0.0,0.0,0.0,0.0,0.0
GBR,2018,0,0,3.8,1.55133095078786,52983.039541197,66287000.0,2.29283990345938,4.145,8.0,0.0,138.0,0.0,0.0,0.0,0.0,0.0,0.5,0.0,7,3.8,3.02322219840339,52429.1275538988,2.55775577557747,4.501,0.0,8.0,2.2872765745956247,0.0,0.0,0.0,0.0,0.0,0.0
GBR,2019,0,0,3.8,1.25629899760824,53374.0927628482,66628000.0,1.73810460086513,3.657,8.0,0.0,138.0,0.0,0.0,0.0,0.0,0.0,0.5,0.0,8,3.8,1.55133095078786,52983.039541197,2.29283990345938,4.145,0.0,8.0,1.40381497419805,0.0,0.0,0.0,0.0,0.0,0.0
GBR,2020,0,0,3.9,-10.047896637362,47930.5490378931,66740000.0,0.989486703772491,4.472,8.0,0.0,138.0,0.0,0.0,0.0,0.0,0.0,0.5,0.0,9,3.8,1.25629899760824,53374.0927628482,1.73810460086513,3.657,0.0,8.0,-4.39579881987688,0.0,0.0,0.0,0.0,0.0,0.0
GBR,2021,0,0,3.9,8.5431118453255,51840.4424245515,66978000.0,2.51837109614213,4.864,8.0,0.0,138.0,0.0,0.0,0.0,0.0,0.0,0.5,0.0,10,3.9,-10.047896637362,47930.5490378931,0.989486703772491,4.472,0.0,8.0,-0.7523923960182497,0.0,0.0,0.0,0.0,0.0,0.0
GBR,2022,0,0,4.0,5.14970388522993,53979.7679116234,67636000.0,7.92204883147902,3.768,8.0,0.0,138.0,0.0,0.0,0.0,0.0,0.0,0.5,0.0,11,3.9,8.5431118453255,51840.4424245515,2.51837109614213,4.864,0.0,8.0,6.846407865277715,0.0,0.0,0.0,0.0,0.0,0.0
GBR,2023,0,0,4.1,0.271650048355255,53423.4226338292,68526000.0,6.79396706793963,4.025,8.0,0.0,138.0,0.0,0.0,0.0,0.0,0.0,0.5,0.0,12,4.0,5.14970388522993,53979.7679116234,7.92204883147902,3.768,0.0,8.0,2.7106769667925925,0.0,0.0,0.0,0.0,0.0,0.0
GBR,2024,1,0,4.1,1.08027716858781,53412.0647163589,69281000.0,3.2715729463592,4.361,8.0,0.0,138.0,0.0,0.0,0.0,0.0,0.0,0.5,0.0,13,4.1,0.271650048355255,53423.4226338292,6.79396706793963,4.025,0.0,8.0,0.6759636084715326,0.0,0.0,0.0,0.0,0.0,0.0
GHA,1970,0,0,114.8,9.72347258708628,18270.06444120635,8925813.0,3.03030303053265,6.6025,4.0,1.0,0.0,0.0,0.0,0.0,0.0,0.0,0.5,0.0,0,18.4,3.53620866972961,18109.67372703895,5.66318573909345,6.662,0.0,8.0,9.72347258708628,1.0,0.0,0.5,0.0,0.0,0.0
GHA,1971,0,0,113.1,5.2161245570606,18270.06444120635,9176264.0,9.55882353746772,6.6025,4.0,1.0,1.0,0.0,0.0,0.0,0.0,0.0,0.5,0.0,1,114.8,9.72347258708628,18109.67372703895,3.03030303053265,6.662,0.0,4.0,7.46979857207344,1.0,0.0,0.5,0.0,0.0,0.0
GHA,1972,0,0,110.8,-2.48765540214929,18270.06444120635,9438187.0,10.0671140939595,6.6025,-7.0,0.0,0.0,0.0,0.0,0.0,0.0,0.0,0.5,0.0,2,113.1,5.2161245570606,18109.67372703895,9.55882353746772,6.662,0.0,4.0,1.364234577455655,1.0,1.0,0.5,0.0,0.0,0.0
GHA,1973,0,0,107.9,2.8845841948016,18270.06444120635,9714617.0,17.6829268231711,6.6025,-7.0,0.0,1.0,0.0,0.0,0.0,0.0,0.0,0.5,0.0,3,110.8,-2.48765540214929,18109.67372703895,10.0671140939595,6.662,0.0,-7.0,0.19846439632615498,1.0,1.0,0.5,0.0,0.0,0.0
GHA,1974,0,0,104.7,6.85251683220585,18270.06444120635,10000523.0,18.1347150268463,6.6025,-7.0,0.0,2.0,0.0,0.0,0.0,0.0,0.0,0.5,0.0,4,107.9,2.8845841948016,18109.67372703895,17.6829268231711,6.662,0.0,-7.0,4.868550513503725,1.0,1.0,0.5,0.0,0.0,0.0
GHA,1975,0,0,101.3,-12.4316290214597,18270.06444120635,10294308.0,29.8245614048168,6.6025,-7.0,0.0,3.0,0.0,0.0,0.0,0.0,0.0,0.5,0.0,5,104.7,6.85251683220585,18109.67372703895,18.1347150268463,6.662,0.0,-7.0,-2.7895560946269256,1.0,1.0,0.5,0.0,0.0,0.0
GHA,1976,0,0,98.1,-3.53018280627536,18270.06444120635,10594913.0,56.0810810829756,6.6025,-7.0,0.0,4.0,0.0,0.0,0.0,0.0,0.0,0.5,0.0,6,101.3,-12.4316290214597,18109.67372703895,29.8245614048168,6.662,0.0,-7.0,-7.980905913867531,1.0,1.0,0.5,0.0,0.0,0.0
GHA,1977,0,0,95.1,2.27410724169957,18270.06444120635,10911871.0,116.450216453639,6.6025,-7.0,0.0,5.0,0.0,0.0,0.0,0.0,0.0,0.5,0.0,7,98.1,-3.53018280627536,18109.67372703895,56.0810810829756,6.662,0.0,-7.0,-0.6280377822878951,1.0,1.0,0.5,0.0,0.0,0.0
GHA,1978,0,0,92.6,8.47593560232171,18270.06444120635,11248450.0,73.091666667343,6.6025,-5.0,1.0,0.0,0.0,0.0,0.0,0.0,0.0,0.5,0.0,8,95.1,2.27410724169957,18109.67372703895,116.450216453639,6.662,0.0,-7.0,5.37502142201064,1.0,1.0,0.5,0.0,0.0,0.0
GHA,1979,0,0,90.9,-2.51494141959301,18270.06444120635,11597255.0,54.4412883345616,6.6025,5.0,1.0,0.0,0.0,0.0,0.0,0.0,0.0,0.5,0.0,9,92.6,8.47593560232171,18109.67372703895,73.091666667343,6.662,0.0,-5.0,2.9804970913643505,1.0,1.0,0.5,0.0,0.0,0.0
GHA,1980,0,0,89.9,0.471695943172108,18270.06444120635,11941448.0,50.0701393436364,6.6025,5.0,1.0,1.0,0.0,0.0,0.0,0.0,0.0,0.5,0.0,10,90.9,-2.51494141959301,18109.67372703895,54.4412883345616,6.662,0.0,5.0,-1.021622738210451,1.0,1.0,0.5,0.0,0.0,0.0
GHA,1981,0,0,89.3,-3.50306694696705,18270.06444120635,12281712.0,116.503603996541,6.6025,5.0,1.0,2.0,1.0,1.0,0.0,0.0,1.0,0.5,0.0,11,89.9,0.471695943172108,18109.67372703895,50.0701393436364,6.662,0.0,5.0,-1.515685501897471,1.0,1.0,0.5,0.0,0.0,0.0
GHA,1982,0,0,88.8,-6.92365041055389,18270.06444120635,12643819.0,22.2955664080893,6.6025,-7.0,0.0,0.0,0.0,0.0,0.0,0.0,0.0,0.5,0.0,12,89.3,-3.50306694696705,18109.67372703895,116.503603996541,6.662,1.0,5.0,-5.2133586787604695,1.0,1.0,0.5,0.0,0.0,0.0
GHA,1983,0,0,88.1,-4.56373750458945,18270.06444120635,13029836.0,122.874514572592,6.6025,-7.0,0.0,1.0,0.0,0.0,0.0,0.0,0.0,0.5,0.0,13,88.8,-6.92365041055389,18109.67372703895,22.2955664080893,6.662,0.0,-7.0,-5.74369395757167,1.0,1.0,0.5,0.0,0.0,0.0
GHA,1984,0,0,86.9,8.64756945671597,18270.06444120635,13370590.0,39.6653137947268,6.6025,-7.0,0.0,2.0,0.0,0.0,0.0,0.0,0.0,0.5,0.0,14,88.1,-4.56373750458945,18109.67372703895,122.874514572592,6.662,0.0,-7.0,2.04191597606326,1.0,1.0,0.5,0.0,0.0,0.0
GHA,1985,0,0,85.1,5.09161727201138,18270.06444120635,13661229.0,10.3054406698295,6.6025,-7.0,0.0,3.0,0.0,0.0,0.0,0.0,0.0,0.5,0.0,15,86.9,8.64756945671597,18109.67372703895,39.6653137947268,6.662,0.0,-7.0,6.869593364363675,1.0,1.0,0.5,0.0,0.0,0.0
GHA,1986,0,0,82.8,5.19916067974877,18270.06444120635,13965217.0,24.5654160765001,6.6025,-7.0,0.0,4.0,0.0,0.0,0.0,0.0,0.0,0.5,0.0,16,85.1,5.09161727201138,18109.67372703895,10.3054406698295,6.662,0.0,-7.0,5.145388975880075,1.0,1.0,0.5,0.0,0.0,0.0
GHA,1987,0,0,80.3,4.79489887940781,18270.06444120635,14289108.0,39.8150678775363,6.6025,-7.0,0.0,5.0,0.0,0.0,0.0,0.0,0.0,0.5,0.0,17,82.8,5.19916067974877,18109.67372703895,24.5654160765001,6.662,0.0,-7.0,4.997029779578289,1.0,1.0,0.5,0.0,0.0,0.0
GHA,1988,0,0,77.6,5.62816876359457,18270.06444120635,14636568.0,31.3592676264768,6.6025,-7.0,0.0,6.0,0.0,0.0,0.0,0.0,0.0,0.5,0.0,18,80.3,4.79489887940781,18109.67372703895,39.8150678775363,6.662,0.0,-7.0,5.21153382150119,1.0,1.0,0.5,0.0,0.0,0.0
GHA,1989,0,0,75.0,5.08587270013842,18270.06444120635,15006813.0,25.2236920295825,6.6025,-7.0,0.0,7.0,0.0,0.0,0.0,0.0,0.0,0.5,0.0,19,77.6,5.62816876359457,18109.67372703895,31.3592676264768,6.662,0.0,-7.0,5.357020731866495,1.0,1.0,0.5,0.0,0.0,0.0
GHA,1990,0,0,72.7,3.32881788321653,2785.67114332501,15394648.0,37.2590664855671,6.6025,-7.0,0.0,8.0,0.0,0.0,0.0,0.0,0.0,0.5,0.0,20,75.0,5.08587270013842,18109.67372703895,25.2236920295825,6.662,0.0,-7.0,4.207345291677475,1.0,1.0,0.5,0.0,0.0,0.0
GHA,1991,0,0,70.9,5.28182639834429,2859.82702166411,15787496.0,18.0314390089849,3.489,-4.0,1.0,0.0,0.0,0.0,0.0,0.0,0.0,0.5,0.0,21,72.7,3.32881788321653,2785.67114332501,37.2590664855671,6.662,0.0,-7.0,4.30532214078041,1.0,1.0,0.5,0.0,0.0,0.0
GHA,1992,0,0,69.6,3.87941908037517,2897.83543196858,16184855.0,10.0561167448841,4.7,-1.0,1.0,0.0,0.0,0.0,0.0,0.0,0.0,0.5,0.0,22,70.9,5.28182639834429,2859.82702166411,18.0314390089849,3.489,0.0,-4.0,4.58062273935973,1.0,1.0,0.5,0.0,0.0,0.0
GHA,1993,0,0,68.8,4.85000055379412,2964.26600943658,16589519.0,24.9598424742497,5.231,-1.0,1.0,1.0,0.0,0.0,0.0,0.0,0.0,0.5,0.0,23,69.6,3.87941908037517,2897.83543196858,10.0561167448841,4.7,0.0,-1.0,4.364709817084645,1.0,1.0,0.5,0.0,0.0,0.0
GHA,1994,0,0,68.3,3.29999973947747,2989.34731012131,16993190.0,24.8702554369576,5.9,-1.0,1.0,2.0,1.0,0.0,1.0,0.0,1.0,0.5,0.0,24,68.8,4.85000055379412,2964.26600943658,24.9598424742497,5.231,0.0,-1.0,4.075000146635795,1.0,1.0,0.5,0.0,0.0,0.0
GHA,1995,0,0,67.8,4.11241897162861,3039.68873031674,17399017.0,59.4615536991446,6.484,-1.0,1.0,3.0,0.0,0.0,0.0,0.0,0.0,0.5,0.0,25,68.3,3.29999973947747,2989.34731012131,24.8702554369576,5.9,1.0,-1.0,3.70620935555304,1.0,1.0,0.5,0.0,0.0,0.0
GHA,1996,0,0,67.3,4.60246115564627,3106.18555480388,17810181.0,46.5610196762282,7.091,2.0,1.0,0.0,0.0,0.0,0.0,0.0,0.0,0.5,0.0,26,67.8,4.11241897162861,3039.68873031674,59.4615536991446,6.484,0.0,-1.0,4.357440063637441,1.0,1.0,0.5,0.0,0.0,0.0
GHA,1997,0,0,66.5,4.19635744019571,3160.44504053249,18238958.0,27.8852086407527,7.639,2.0,1.0,1.0,0.0,0.0,0.0,0.0,0.0,0.5,0.0,27,67.3,4.60246115564627,3106.18555480388,46.5610196762282,7.091,0.0,2.0,4.39940929792099,1.0,1.0,0.5,0.0,0.0,0.0
GHA,1998,0,0,65.2,4.70039078427911,3229.48228272631,18688036.0,14.6241666666675,8.2,2.0,1.0,2.0,0.0,0.0,0.0,0.0,0.0,0.5,0.0,28,66.5,4.19635744019571,3160.44504053249,27.8852086407527,7.639,0.0,2.0,4.44837411223741,1.0,1.0,0.5,0.0,0.0,0.0
GHA,1999,0,0,63.7,4.39999682545296,3290.26865235748,19149864.0,4.86539785077528,10.1,2.0,1.0,3.0,0.0,0.0,0.0,0.0,0.0,0.5,0.0,29,65.2,4.70039078427911,3229.48228272631,14.6241666666675,8.2,0.0,2.0,4.550193804866035,1.0,0.0,0.5,0.0,0.0,0.0
GHA,2000,1,0,61.7,3.70000008164408,3327.35199291767,19637087.0,40.240933123914,10.456,2.0,1.0,4.0,0.0,0.0,0.0,0.0,0.0,0.5,0.0,30,63.7,4.39999682545296,3290.26865235748,4.86539785077528,10.1,0.0,2.0,4.04999845354852,1.0,1.0,0.5,0.0,0.0,0.0
GHA,2001,0,0,59.7,4.00000012807919,3369.50702508212,20167069.0,41.509496287803,9.615,6.0,0.0,0.0,0.0,0.0,0.0,0.0,0.0,0.5,0.0,0,61.7,3.70000008164408,3327.35199291767,40.240933123914,10.456,0.0,2.0,3.850000104861635,1.0,1.0,0.5,0.0,0.0,0.0
GHA,2002,0,1,57.8,4.49999955900331,3425.61820934278,20729388.0,9.36093239560313,8.711,6.0,0.0,1.0,0.0,0.0,0.0,0.0,0.0,0.5,0.0,1,59.7,4.00000012807919,3369.50702508212,41.509496287803,9.615,0.0,6.0,4.24999984354125,1.0,0.0,0.5,0.5,0.0,0.0
GHA,2003,0,1,56.2,5.200000133101,3507.75105744843,21296705.0,29.7729797160384,7.728,6.0,0.0,2.0,0.0,0.0,0.0,0.0,0.0,0.5,0.0,2,57.8,4.49999955900331,3425.61820934278,9.36093239560313,8.711,0.0,6.0,4.849999846052155,1.0,1.0,0.5,0.5,0.0,0.0
GHA,2004,0,1,54.7,5.59999999077445,3607.36522285021,21868298.0,18.0427388232565,6.758,8.0,0.0,3.0,0.0,0.0,0.0,0.0,0.0,0.5,0.0,3,56.2,5.200000133101,3507.75105744843,29.7729797160384,7.728,0.0,6.0,5.400000061937725,1.0,1.0,0.5,0.5,0.0,0.0
GHA,2005,0,1,53.4,5.90000381855104,3721.30785741996,22449438.0,15.4389920155908,5.816,8.0,0.0,4.0,0.0,0.0,0.0,0.0,0.0,0.5,0.0,4,54.7,5.59999999077445,3607.36522285021,18.0427388232565,6.758,0.0,8.0,5.750001904662746,1.0,1.0,0.5,0.5,0.0,0.0
GHA,2006,0,1,52.1,6.39991260618034,3857.86154847605,23040702.0,11.6791839392492,4.897,8.0,0.0,5.0,0.0,0.0,0.0,0.0,0.0,0.5,0.0,5,53.4,5.90000381855104,3721.30785741996,15.4389920155908,5.816,0.0,8.0,6.14995821236569,1.0,1.0,0.5,0.5,0.0,0.0
GHA,2007,0,1,50.7,4.34681910440079,3923.12567803728,23642279.0,10.7342665456292,5.104,8.0,0.0,6.0,0.0,0.0,0.0,0.0,0.0,0.5,0.0,6,52.1,6.39991260618034,3857.86154847605,11.6791839392492,4.897,0.0,8.0,5.373365855290565,1.0,1.0,0.5,0.5,0.0,0.0
GHA,2008,1,0,49.2,9.14979893831817,4174.78124103364,24249946.0,16.494639613412,5.144,8.0,0.0,7.0,0.0,0.0,0.0,0.0,0.0,0.5,0.0,7,50.7,4.34681910440079,3923.12567803728,10.7342665456292,5.104,0.0,8.0,6.74830902135948,1.0,1.0,0.5,0.0,0.0,0.0
GHA,2009,0,0,47.5,4.84448705175076,4269.16005861557,24862664.0,19.2469482220857,5.362,8.0,0.0,8.0,0.0,0.0,0.0,0.0,0.0,0.5,0.0,0,49.2,9.14979893831817,4174.78124103364,16.494639613412,5.144,0.0,8.0,6.997142995034466,1.0,1.0,0.5,0.0,0.0,0.0
GHA,2010,0,1,45.8,7.89971194051621,4495.68916584106,25474995.0,10.7333898354915,5.384,8.0,0.0,9.0,0.0,0.0,0.0,0.0,0.0,0.5,0.0,1,47.5,4.84448705175076,4269.16005861557,19.2469482220857,5.362,0.0,8.0,6.372099496133485,1.0,1.0,0.5,0.5,0.0,0.0
GHA,2011,0,1,44.0,14.0471235803149,5005.36732498187,26095088.0,8.7284593709302,4.213,8.0,0.0,10.0,0.0,0.0,0.0,0.0,0.0,0.5,0.0,2,45.8,7.89971194051621,4495.68916584106,10.7333898354915,5.384,0.0,8.0,10.973417760415554,1.0,0.0,0.5,0.5,0.0,0.0
GHA,2012,0,0,42.3,9.2927894063005,5339.71321903045,26734268.0,11.1863409441067,3.126,8.0,0.0,11.0,0.0,0.0,0.0,0.0,0.0,0.5,0.0,3,44.0,14.0471235803149,5005.36732498187,8.7284593709302,4.213,0.0,8.0,11.6699564933077,1.0,1.0,0.5,0.0,0.0,0.0
GHA,2013,0,0,40.7,7.31252501678145,5593.77481886917,27386193.0,11.6661923071729,2.173,8.0,0.0,12.0,0.0,0.0,0.0,0.0,0.0,0.5,0.0,4,42.3,9.2927894063005,5339.71321903045,11.1863409441067,3.126,0.0,8.0,8.302657211540975,1.0,1.0,0.5,0.0,0.0,0.0
GHA,2014,0,0,39.3,2.85624016330883,5619.07233511591,28041592.0,15.4896160333318,4.403,8.0,0.0,13.0,0.0,0.0,0.0,0.0,0.0,0.5,0.0,5,40.7,7.31252501678145,5593.77481886917,11.6661923071729,2.173,0.0,8.0,5.08438259004514,1.0,1.0,0.5,0.0,0.0,0.0
GHA,2015,0,1,37.9,2.12075933817334,5607.36635657413,28696068.0,17.1499695007878,6.806,8.0,0.0,14.0,0.0,0.0,0.0,0.0,0.0,0.5,0.0,6,39.3,2.85624016330883,5619.07233511591,15.4896160333318,4.403,0.0,8.0,2.4884997507410853,1.0,1.0,0.5,0.5,0.0,0.0
GHA,2016,1,1,36.6,3.37346574966936,5666.07795334591,29356742.0,17.4546347070868,5.256,8.0,0.0,15.0,0.0,0.0,0.0,0.0,0.0,0.5,0.0,7,37.9,2.12075933817334,5607.36635657413,17.1499695007878,6.806,0.0,8.0,2.74711254392135,1.0,1.0,0.5,0.5,0.0,0.0
GHA,2017,0,1,35.4,8.12889488100956,5993.63085211077,30008354.0,12.3719215507048,3.369,8.0,0.0,16.0,0.0,0.0,0.0,0.0,0.0,0.5,0.0,0,36.6,3.37346574966936,5666.07795334591,17.4546347070868,5.256,0.0,8.0,5.75118031533946,1.0,1.0,0.5,0.5,0.0,0.0
GHA,2018,0,1,34.1,6.20007768127284,6234.51208201488,30637585.0,7.80876516610703,3.204,8.0,0.0,17.0,0.0,0.0,0.0,0.0,0.0,0.5,0.0,1,35.4,8.12889488100956,5993.63085211077,12.3719215507048,3.369,0.0,8.0,7.164486281141201,1.0,0.0,0.5,0.5,0.0,0.0
GHA,2019,0,1,32.9,6.5077747939152,6508.24652305901,31258945.0,7.14364003330857,3.067,8.0,0.0,17.0,0.0,0.0,0.0,0.0,0.0,0.5,0.0,2,34.1,6.20007768127284,6234.51208201488,7.80876516610703,3.204,0.0,8.0,6.35392623759402,1.0,0.0,0.5,0.5,0.0,0.0
GHA,2020,0,1,31.7,0.513941670628171,6412.68541762469,31887809.0,9.88728956269944,3.178,8.0,0.0,17.0,0.0,0.0,0.0,0.0,0.0,0.5,0.0,3,32.9,6.5077747939152,6508.24652305901,7.14364003330857,3.067,0.0,8.0,3.5108582322716853,1.0,0.0,0.5,0.5,0.0,0.0
GHA,2021,0,1,30.5,5.07646643533542,6607.50297378321,32518665.0,9.9710886750444,3.2,8.0,0.0,17.0,0.0,0.0,0.0,0.0,0.0,0.5,0.0,4,31.7,0.513941670628171,6412.68541762469,9.88728956269944,3.178,0.0,8.0,2.7952040529817954,1.0,0.0,0.5,0.5,0.0,0.0
GHA,2022,0,1,29.4,3.80484978178042,6728.45413832472,33149152.0,31.2558951049016,2.87,8.0,0.0,17.0,0.0,0.0,0.0,0.0,0.0,0.5,0.0,5,30.5,5.07646643533542,6607.50297378321,9.9710886750444,3.2,0.0,8.0,4.44065810855792,1.0,1.0,0.5,0.5,0.0,0.0
GHA,2023,0,1,28.4,3.14009100080186,6808.53775003964,33787914.0,38.1069656296501,2.829,8.0,0.0,17.0,0.0,0.0,0.0,0.0,0.0,0.5,0.0,6,29.4,3.80484978178042,6728.45413832472,31.2558951049016,2.87,0.0,8.0,3.47247039129114,1.0,1.0,0.5,0.5,0.0,0.0
GHA,2024,1,1,27.5,5.84746854280382,7072.79879594445,34427414.0,22.8483281157842,2.82,8.0,0.0,17.0,0.0,0.0,0.0,0.0,0.0,0.5,0.0,7,28.4,3.14009100080186,6808.53775003964,38.1069656296501,2.829,0.0,8.0,4.49377977180284,1.0,1.0,0.5,0.5,0.0,0.0
GRC,1970,0,0,27.6,8.93058020025967,18270.06444120635,8792806.0,2.84167067884117,6.6025,-7.0,0.0,3.0,0.0,0.0,0.0,0.0,0.0,0.5,0.0,0,18.4,3.53620866972961,18109.67372703895,5.66318573909345,6.662,0.0,8.0,8.93058020025967,1.0,0.0,0.5,0.0,0.0,0.0
GRC,1971,0,0,26.2,7.84117657760304,18270.06444120635,8831036.0,3.28947072230333,6.6025,-7.0,0.0,4.0,0.0,0.0,0.0,0.0,0.0,0.5,0.0,1,27.6,8.93058020025967,18109.67372703895,2.84167067884117,6.662,0.0,-7.0,8.385878388931355,1.0,0.0,0.5,0.0,0.0,0.0
GRC,1972,0,0,25.1,10.1601515908652,18270.06444120635,8888628.0,4.33120123203348,6.6025,-7.0,0.0,5.0,0.0,0.0,0.0,0.0,0.0,0.5,0.0,2,26.2,7.84117657760304,18109.67372703895,3.28947072230333,6.662,0.0,-7.0,9.00066408423412,1.0,0.0,0.5,0.0,0.0,0.0
GRC,1973,0,0,24.5,8.09237907118801,18270.06444120635,8929086.0,15.3846240702128,6.6025,-7.0,0.0,6.0,0.0,0.0,0.0,0.0,0.0,0.5,0.0,3,25.1,10.1601515908652,18109.67372703895,4.33120123203348,6.662,0.0,-7.0,9.126265331026605,1.0,1.0,0.5,0.0,0.0,0.0
GRC,1974,0,0,23.9,-6.43824057014004,18270.06444120635,8962022.0,26.5608465867349,6.6025,1.0,1.0,0.0,0.0,0.0,0.0,0.0,0.0,0.5,0.0,4,24.5,8.09237907118801,18109.67372703895,15.3846240702128,6.662,0.0,-7.0,0.827069250523985,1.0,1.0,0.5,0.0,0.0,0.0
GRC,1975,0,0,23.2,6.36680794602181,18270.06444120635,9046541.0,13.6287617821755,6.6025,8.0,0.0,0.0,0.0,0.0,0.0,0.0,0.0,0.5,0.0,5,23.9,-6.43824057014004,18109.67372703895,26.5608465867349,6.662,0.0,1.0,-0.03571631205911485,1.0,1.0,0.5,0.0,0.0,0.0
GRC,1976,0,0,22.2,6.85189869571943,18270.06444120635,9188150.0,13.0242794587955,6.6025,8.0,0.0,1.0,0.0,0.0,0.0,0.0,0.0,0.5,0.0,6,23.2,6.36680794602181,18109.67372703895,13.6287617821755,6.662,0.0,8.0,6.609353320870619,1.0,1.0,0.5,0.0,0.0,0.0
GRC,1977,0,0,21.1,2.94100090620763,18270.06444120635,9308479.0,12.3697970875078,6.6025,8.0,0.0,2.0,0.0,0.0,0.0,0.0,0.0,0.5,0.0,7,22.2,6.85189869571943,18109.67372703895,13.0242794587955,6.662,0.0,8.0,4.89644980096353,1.0,1.0,0.5,0.0,0.0,0.0
GRC,1978,0,0,19.9,7.24686397906468,18270.06444120635,9429959.0,12.5724256724441,6.6025,8.0,0.0,3.0,0.0,0.0,0.0,0.0,0.0,0.5,0.0,8,21.1,2.94100090620763,18109.67372703895,12.3697970875078,6.662,0.0,8.0,5.093932442636156,1.0,1.0,0.5,0.0,0.0,0.0
GRC,1979,0,0,18.6,3.28207958853159,18270.06444120635,9548258.0,19.0941746808767,6.6025,8.0,0.0,4.0,0.0,0.0,0.0,0.0,0.0,0.5,0.0,9,19.9,7.24686397906468,18109.67372703895,12.5724256724441,6.662,0.0,8.0,5.264471783798135,1.0,1.0,0.5,0.0,0.0,0.0
GRC,1980,0,0,17.4,0.67713140669585,18270.06444120635,9642505.0,24.6758939736232,6.6025,8.0,0.0,5.0,0.0,0.0,0.0,0.0,0.0,0.5,0.0,10,18.6,3.28207958853159,18109.67372703895,19.0941746808767,6.662,0.0,8.0,1.9796054976137205,0.0,1.0,0.0,0.0,0.0,0.0
GRC,1981,1,0,16.3,-1.55372126905196,18270.06444120635,9729350.0,24.5060675977966,6.6025,8.0,0.0,6.0,0.0,0.0,0.0,0.0,0.0,0.5,0.0,11,17.4,0.67713140669585,18109.67372703895,24.6758939736232,6.662,0.0,8.0,-0.4382949311780545,0.0,1.0,0.0,0.0,0.0,0.0
GRC,1982,0,0,15.3,-1.13264739051145,18270.06444120635,9789513.0,20.9910886220016,6.6025,8.0,0.0,7.0,0.0,0.0,0.0,0.0,0.0,0.5,0.0,0,16.3,-1.55372126905196,18109.67372703895,24.5060675977966,6.662,0.0,8.0,-1.3431843297817045,0.0,1.0,0.0,0.0,0.0,0.0
GRC,1983,0,0,14.4,-1.07862273931177,18270.06444120635,9846627.0,20.1794812892138,6.6025,8.0,0.0,8.0,0.0,0.0,0.0,0.0,0.0,0.5,0.0,1,15.3,-1.13264739051145,18109.67372703895,20.9910886220016,6.662,0.0,8.0,-1.1056350649116096,0.0,1.0,0.0,0.0,0.0,0.0
GRC,1984,0,0,13.7,2.01058093704644,18270.06444120635,9895801.0,18.4568132050187,6.6025,8.0,0.0,9.0,0.0,0.0,0.0,0.0,0.0,0.5,0.0,2,14.4,-1.07862273931177,18109.67372703895,20.1794812892138,6.662,0.0,8.0,0.46597909886733546,0.0,1.0,0.0,0.0,0.0,0.0
GRC,1985,0,0,12.9,2.50955640237393,18270.06444120635,9934300.0,19.3146929406642,6.6025,8.0,0.0,10.0,0.0,0.0,0.0,0.0,0.0,0.5,0.0,3,13.7,2.01058093704644,18109.67372703895,18.4568132050187,6.662,0.0,8.0,2.2600686697101855,0.0,1.0,0.0,0.0,0.0,0.0
GRC,1986,0,0,12.1,0.517660006338886,18270.06444120635,9967213.0,23.0154508205013,6.6025,10.0,0.0,11.0,0.0,0.0,0.0,0.0,0.0,0.5,0.0,4,12.9,2.50955640237393,18109.67372703895,19.3146929406642,6.662,0.0,8.0,1.5136082043564085,0.0,1.0,0.0,0.0,0.0,0.0
GRC,1987,0,0,11.3,-2.25886322369171,18270.06444120635,10000595.0,16.3968631635363,6.6025,10.0,0.0,12.0,0.0,0.0,0.0,0.0,0.0,0.5,0.0,5,12.1,0.517660006338886,18109.67372703895,23.0154508205013,6.662,0.0,10.0,-0.8706016086764115,0.0,1.0,0.0,0.0,0.0,0.0
GRC,1988,0,0,10.5,4.28786172851761,18270.06444120635,10036983.0,13.5288583215049,6.6025,10.0,0.0,13.0,0.0,0.0,0.0,0.0,0.0,0.5,0.0,6,11.3,-2.25886322369171,18109.67372703895,16.3968631635363,6.662,0.0,10.0,1.0144992524129506,0.0,1.0,0.0,0.0,0.0,0.0
GRC,1989,1,0,9.8,3.79999995287797,18270.06444120635,10089498.0,13.6555638723612,6.6025,10.0,0.0,14.0,0.0,0.0,0.0,0.0,0.0,0.5,0.0,7,10.5,4.28786172851761,18109.67372703895,13.5288583215049,6.662,0.0,10.0,4.04393084069779,0.0,1.0,0.0,0.0,0.0,0.0
GRC,1990,0,0,9.2,0.0,26916.3125225704,10196792.0,20.433499109463,6.6025,10.0,0.0,15.0,0.0,0.0,0.0,0.0,0.0,0.5,0.0,0,9.8,3.79999995287797,18109.67372703895,13.6555638723612,6.662,0.0,10.0,1.8999999764389854,0.0,1.0,0.0,0.0,0.0,0.0
GRC,1991,0,0,8.7,3.09999970633838,27419.6029332234,10319927.0,19.4558456445745,7.572,10.0,0.0,16.0,0.0,0.0,0.0,0.0,0.0,0.5,0.0,1,9.2,0.0,26916.3125225704,20.433499109463,6.662,0.0,10.0,1.5499998531691905,0.0,1.0,0.0,0.0,0.0,0.0
GRC,1992,0,0,8.3,0.700000337119789,27401.424003405,10399061.0,15.8770737923919,8.927,10.0,0.0,17.0,0.0,0.0,0.0,0.0,0.0,0.5,0.0,2,8.7,3.09999970633838,27419.6029332234,19.4558456445745,7.572,0.0,10.0,1.900000021729085,0.0,1.0,0.0,0.0,0.0,0.0
GRC,1993,1,0,8.0,-1.60000002186294,26804.8537616148,10460415.0,14.4112644439348,10.177,10.0,0.0,18.0,0.0,0.0,0.0,0.0,0.0,0.5,0.0,3,8.3,0.700000337119789,27401.424003405,15.8770737923919,8.927,0.0,10.0,-0.449999842371575,0.0,1.0,0.0,0.0,0.0,0.0
GRC,1994,0,0,7.7,1.99999984724822,27204.3958682198,10512922.0,10.8740756809132,9.808,10.0,0.0,19.0,0.0,0.0,0.0,0.0,0.0,0.5,0.0,0,8.0,-1.60000002186294,26804.8537616148,14.4112644439348,10.177,0.0,10.0,0.1999999126926405,0.0,1.0,0.0,0.0,0.0,0.0
GRC,1995,0,0,7.4,2.09971953235275,27646.1476383588,10562153.0,8.93451415961517,10.116,10.0,0.0,20.0,0.0,0.0,0.0,0.0,0.0,0.5,0.0,1,7.7,1.99999984724822,27204.3958682198,10.8740756809132,9.808,0.0,10.0,2.0498596898004857,0.0,0.0,0.0,0.0,0.0,0.0
GRC,1996,0,0,7.0,1.38247057325857,27905.1065690594,10608800.0,8.19455217632728,10.402,10.0,0.0,21.0,0.0,0.0,0.0,0.0,0.0,0.5,0.0,2,7.4,2.09971953235275,27646.1476383588,8.93451415961517,10.116,0.0,10.0,1.7410950528056606,0.0,0.0,0.0,0.0,0.0,0.0
GRC,1997,0,0,6.7,3.60288326516122,28768.2401472217,10661259.0,5.5360026677348,10.472,10.0,0.0,22.0,0.0,0.0,0.0,0.0,0.0,0.5,0.0,3,7.0,1.38247057325857,27905.1065690594,8.19455217632728,10.402,0.0,10.0,2.492676919209895,0.0,0.0,0.0,0.0,0.0,0.0
GRC,1998,0,0,6.3,3.43693579661333,29592.525483114,10720509.0,4.76622572397641,12.227,10.0,0.0,23.0,0.0,0.0,0.0,0.0,0.0,0.5,0.0,4,6.7,3.60288326516122,28768.2401472217,5.5360026677348,10.472,0.0,10.0,3.519909530887275,0.0,0.0,0.0,0.0,0.0,0.0
GRC,1999,0,0,5.9,2.65878562321184,30263.0543705003,10761698.0,2.6366330602198,12.138,10.0,0.0,24.0,0.0,0.0,0.0,0.0,0.0,0.5,0.0,5,6.3,3.43693579661333,29592.525483114,4.76622572397641,12.227,0.0,10.0,3.047860709912585,0.0,0.0,0.0,0.0,0.0,0.0
GRC,2000,0,0,5.5,4.13782699405849,31386.639783624,10805808.0,3.1511816249383,11.345,10.0,0.0,25.0,0.0,0.0,0.0,0.0,0.0,0.5,0.0,6,5.9,2.65878562321184,30263.0543705003,2.6366330602198,12.138,0.0,10.0,3.3983063086351653,0.0,0.0,0.0,0.0,0.0,0.0
GRC,2001,0,0,5.1,4.65041459442163,32675.9292327768,10862132.0,3.37396832213867,10.764,10.0,0.0,26.0,0.0,0.0,0.0,0.0,0.0,0.5,0.0,7,5.5,4.13782699405849,31386.639783624,3.1511816249383,11.345,0.0,10.0,4.39412079424006,0.0,0.0,0.0,0.0,0.0,0.0
GRC,2002,0,0,4.8,4.68313727063017,34081.0289759343,10902022.0,3.62935871878874,10.346,10.0,0.0,27.0,0.0,0.0,0.0,0.0,0.0,0.5,0.0,8,5.1,4.65041459442163,32675.9292327768,3.37396832213867,10.764,0.0,10.0,4.6667759325258995,0.0,0.0,0.0,0.0,0.0,0.0
GRC,2003,0,0,4.4,5.79682274294369,35970.7016808475,10928070.0,3.53065027765552,9.839,10.0,0.0,28.0,0.0,0.0,0.0,0.0,0.0,0.5,0.0,9,4.8,4.68313727063017,34081.0289759343,3.62935871878874,10.346,0.0,10.0,5.23998000678693,0.0,0.0,0.0,0.0,0.0,0.0
GRC,2004,1,0,4.1,5.37786634595851,37811.4913664483,10955141.0,2.8988481075817,10.628,10.0,0.0,29.0,0.0,0.0,0.0,0.0,0.0,0.5,0.0,10,4.4,5.79682274294369,35970.7016808475,3.53065027765552,9.839,0.0,10.0,5.5873445444511,0.0,0.0,0.0,0.0,0.0,0.0
GRC,2005,0,0,3.9,1.18350635493289,38146.962971083,10987314.0,3.54507273335078,10.074,10.0,0.0,30.0,0.0,0.0,0.0,0.0,0.0,0.5,0.0,0,4.1,5.37786634595851,37811.4913664483,2.8988481075817,10.628,0.0,10.0,3.2806863504457,0.0,0.0,0.0,0.0,0.0,0.0
GRC,2006,0,0,3.7,6.44339762487436,40483.1569225337,11020362.0,3.19594684144545,8.906,10.0,0.0,31.0,0.0,0.0,0.0,0.0,0.0,0.5,0.0,1,3.9,1.18350635493289,38146.962971083,3.54507273335078,10.074,0.0,10.0,3.813451989903625,0.0,0.0,0.0,0.0,0.0,0.0
GRC,2007,0,0,3.5,3.50686976639459,41796.2336918303,11048473.0,2.89500321516578,8.351,10.0,0.0,32.0,0.0,0.0,0.0,0.0,0.0,0.5,0.0,2,3.7,6.44339762487436,40483.1569225337,3.19594684144545,8.906,0.0,10.0,4.975133695634475,0.0,0.0,0.0,0.0,0.0,0.0
GRC,2008,0,0,3.4,0.0574740238200775,41709.3877420312,11077841.0,4.15279708110293,7.664,10.0,0.0,33.0,0.0,0.0,0.0,0.0,0.0,0.5,0.0,3,3.5,3.50686976639459,41796.2336918303,2.89500321516578,8.351,0.0,10.0,1.7821718951073338,0.0,0.0,0.0,0.0,0.0,0.0
GRC,2009,1,0,3.3,-4.11927606715011,39886.2135496664,11107017.0,1.21007269197809,9.546,10.0,0.0,34.0,0.0,0.0,0.0,0.0,0.0,0.5,0.0,4,3.4,0.0574740238200775,41709.3877420312,4.15279708110293,7.664,0.0,10.0,-2.030901021665016,0.0,0.0,0.0,0.0,0.0,0.0
GRC,2010,0,0,3.3,-5.6937412158003,37566.7483686263,11121341.0,4.71298907760388,12.719,10.0,0.0,35.0,0.0,0.0,0.0,0.0,0.0,0.5,0.0,0,3.3,-4.11927606715011,39886.2135496664,1.21007269197809,9.546,0.0,10.0,-4.906508641475204,0.0,0.0,0.0,0.0,0.0,0.0
GRC,2011,0,0,3.4,-9.87677875300243,33906.4917435676,11104899.0,3.3298532335065,17.973,10.0,0.0,36.0,0.0,0.0,0.0,0.0,0.0,0.5,0.0,1,3.3,-5.6937412158003,37566.7483686263,4.71298907760388,12.719,0.0,10.0,-7.785259984401364,0.0,0.0,0.0,0.0,0.0,0.0
GRC,2012,1,0,3.4,-8.33113421099992,31250.2268565956,11045011.0,1.50152696177758,24.731,10.0,0.0,37.0,0.0,0.0,0.0,0.0,0.0,0.5,0.0,2,3.4,-9.87677875300243,33906.4917435676,3.3298532335065,17.973,0.0,10.0,-9.103956482001173,0.0,0.0,0.0,0.0,0.0,0.0
GRC,2013,0,0,3.5,-2.27211699888024,30762.4432227813,10965211.0,-0.921269454256994,27.686,10.0,0.0,38.0,0.0,0.0,0.0,0.0,0.0,0.5,0.0,0,3.4,-8.33113421099992,31250.2268565956,1.50152696177758,24.731,0.0,10.0,-5.301625604940079,0.0,0.0,0.0,0.0,0.0,0.0
GRC,2014,0,0,3.6,0.792225060962835,31213.3765120298,10892413.0,-1.31226096405506,26.708,10.0,0.0,39.0,0.0,0.0,0.0,0.0,0.0,0.5,0.0,1,3.5,-2.27211699888024,30762.4432227813,-0.921269454256994,27.686,0.0,10.0,-0.7399459689587016,0.0,0.0,0.0,0.0,0.0,0.0
GRC,2015,1,0,3.6,-0.228301892172851,31347.976574604,10820883.0,-1.73588804765284,24.981,10.0,0.0,40.0,0.0,0.0,0.0,0.0,0.0,0.5,0.0,2,3.6,0.792225060962835,31213.3765120298,-1.31226096405506,26.708,0.0,10.0,0.28196158439499286,0.0,0.0,0.0,0.0,0.0,0.0
GRC,2016,0,0,3.6,-0.0317947678412054,31468.6198471099,10775971.0,-0.825653978390973,23.514,10.0,0.0,41.0,0.0,0.0,0.0,0.0,0.0,0.5,0.0,0,3.6,-0.228301892172851,31347.976574604,-1.73588804765284,24.981,0.0,10.0,-0.1300483300070273,0.0,0.0,0.0,0.0,0.0,0.0
GRC,2017,0,0,3.6,1.47312472702352,31995.4108838386,10754679.0,1.12125452031419,21.413,10.0,0.0,42.0,0.0,0.0,0.0,0.0,0.0,0.5,0.0,1,3.6,-0.0317947678412054,31468.6198471099,-0.825653978390973,23.514,0.0,10.0,0.7206649795911582,0.0,0.0,0.0,0.0,0.0,0.0
GRC,2018,0,0,3.6,2.06467207892409,32722.3310444029,10732882.0,0.62562141345364,19.179,10.0,0.0,43.0,0.0,0.0,0.0,0.0,0.0,0.5,0.0,2,3.6,1.47312472702352,31995.4108838386,1.12125452031419,21.413,0.0,10.0,1.768898402973806,0.0,0.0,0.0,0.0,0.0,0.0
GRC,2019,1,0,3.5,2.27718065334808,33502.7506488997,10721582.0,0.253007522038157,17.045,10.0,0.0,43.0,0.0,0.0,0.0,0.0,0.0,0.5,0.0,3,3.6,2.06467207892409,32722.3310444029,0.62562141345364,19.179,0.0,10.0,2.170926366136086,0.0,0.0,0.0,0.0,0.0,0.0
GRC,2020,0,0,3.4,-9.19623149726978,30487.1129331045,10698599.0,-1.24798355581405,15.899,10.0,0.0,43.0,0.0,0.0,0.0,0.0,0.0,0.5,0.0,0,3.5,2.27718065334808,33502.7506488997,0.253007522038157,17.045,0.0,10.0,-3.459525421960849,0.0,0.0,0.0,0.0,0.0,0.0
GRC,2021,0,0,3.4,8.65449786002131,33528.2271202515,10570130.0,1.22382501019854,14.656,10.0,0.0,43.0,0.0,0.0,0.0,0.0,0.0,0.5,0.0,1,3.4,-9.19623149726978,30487.1129331045,-1.24798355581405,15.899,0.0,10.0,-0.270866818624234,0.0,0.0,0.0,0.0,0.0,0.0
GRC,2022,0,0,3.3,5.52198580589408,35828.1756641776,10437805.0,9.64525981280632,12.426,10.0,0.0,43.0,0.0,0.0,0.0,0.0,0.0,0.5,0.0,2,3.4,8.65449786002131,33528.2271202515,1.22382501019854,14.656,0.0,10.0,7.088241832957696,0.0,0.0,0.0,0.0,0.0,0.0
GRC,2023,1,0,3.3,2.13591131996631,36700.5134631055,10407351.0,3.46480128513405,11.023,10.0,0.0,43.0,0.0,0.0,0.0,0.0,0.0,0.5,0.0,3,3.3,5.52198580589408,35828.1756641776,9.64525981280632,12.426,0.0,10.0,3.8289485629301963,0.0,0.0,0.0,0.0,0.0,0.0
GRC,2024,0,0,3.2,2.0865743380603,37474.2798239947,10405134.0,2.74101875679486,10.02,10.0,0.0,43.0,0.0,0.0,0.0,0.0,0.0,0.5,0.0,0,3.3,2.13591131996631,36700.5134631055,3.46480128513405,11.023,0.0,10.0,2.111242829013306,0.0,0.0,0.0,0.0,0.0,0.0
GTM,1970,0,0,122.9,5.70788359811974,18270.06444120635,5396966.0,2.34433934881414,6.6025,1.0,1.0,4.0,5.0,0.0,5.0,0.0,1.0,0.5,0.0,0,18.4,3.53620866972961,18109.67372703895,5.66318573909345,6.662,0.0,8.0,5.70788359811974,1.0,0.0,0.5,0.0,0.0,0.0
GTM,1971,0,0,119.5,5.58375454736793,18270.06444120635,5538355.0,-0.453591880763805,6.6025,1.0,1.0,5.0,5.0,0.0,5.0,0.0,1.0,0.5,0.0,1,122.9,5.70788359811974,18109.67372703895,2.34433934881414,6.662,5.0,1.0,5.645819072743835,1.0,0.0,0.5,0.0,0.0,0.0
GTM,1972,0,0,115.9,7.33305162061406,18270.06444120635,5682833.0,0.529703252323012,6.6025,1.0,1.0,6.0,5.0,0.0,5.0,0.0,1.0,0.5,0.0,2,119.5,5.58375454736793,18109.67372703895,-0.453591880763805,6.662,5.0,1.0,6.458403083990995,1.0,0.0,0.5,0.0,0.0,0.0
GTM,1973,0,0,112.4,6.78283433749129,18270.06444120635,5831631.0,13.7960339945019,6.6025,1.0,1.0,7.0,5.0,0.0,5.0,0.0,1.0,0.5,0.0,3,115.9,7.33305162061406,18109.67372703895,0.529703252323012,6.662,5.0,1.0,7.057942979052675,1.0,1.0,0.5,0.0,0.0,0.0
GTM,1974,0,0,109.0,6.37502990286956,18270.06444120635,5981197.0,16.4948966890134,6.6025,-3.0,1.0,0.0,5.0,0.0,5.0,0.0,1.0,0.5,0.0,4,112.4,6.78283433749129,18109.67372703895,13.7960339945019,6.662,5.0,1.0,6.578932120180426,1.0,1.0,0.5,0.0,0.0,0.0
GTM,1975,0,0,105.6,1.94999082158344,18270.06444120635,6128731.0,13.1592443798582,6.6025,-3.0,1.0,1.0,5.0,0.0,5.0,0.0,1.0,0.5,0.0,5,109.0,6.37502990286956,18109.67372703895,16.4948966890134,6.662,5.0,-3.0,4.1625103622265005,1.0,1.0,0.5,0.0,0.0,0.0
GTM,1976,0,0,112.1,7.38726562476302,18270.06444120635,6262404.0,10.72499999925,6.6025,-3.0,1.0,2.0,5.0,0.0,5.0,0.0,1.0,0.5,0.0,6,105.6,1.94999082158344,18109.67372703895,13.1592443798582,6.662,5.0,-3.0,4.66862822317323,1.0,1.0,0.5,0.0,0.0,0.0
GTM,1977,0,0,99.0,7.80922068405067,18270.06444120635,6401515.0,12.3245796860999,6.6025,-3.0,1.0,3.0,5.0,0.0,5.0,0.0,1.0,0.5,0.0,7,112.1,7.38726562476302,18109.67372703895,10.72499999925,6.662,5.0,-3.0,7.598243154406845,1.0,1.0,0.5,0.0,0.0,0.0
GTM,1978,0,0,95.7,4.99668981954586,18270.06444120635,6561534.0,8.28797624957704,6.6025,-5.0,1.0,4.0,5.0,0.0,5.0,0.0,1.0,0.5,0.0,8,99.0,7.80922068405067,18109.67372703895,12.3245796860999,6.662,5.0,-3.0,6.402955251798264,1.0,0.0,0.5,0.0,0.0,0.0
GTM,1979,0,1,92.6,4.71345609171885,18270.06444120635,6727797.0,11.3433858811607,6.6025,-5.0,1.0,5.0,5.0,0.0,5.0,0.0,1.0,0.5,0.0,9,95.7,4.99668981954586,18109.67372703895,8.28797624957704,6.662,5.0,-5.0,4.855072955632355,1.0,1.0,0.5,0.5,0.0,0.0
GTM,1980,0,1,89.4,3.75997816033124,18270.06444120635,6900212.0,10.8238432335411,6.6025,-5.0,1.0,6.0,5.0,0.0,5.0,0.0,1.0,0.5,0.0,10,92.6,4.71345609171885,18109.67372703895,11.3433858811607,6.662,5.0,-5.0,4.236717126025045,1.0,1.0,0.5,0.5,0.0,0.0
GTM,1981,0,1,86.3,0.646858610432233,18270.06444120635,7075648.0,11.4330679503505,6.6025,-5.0,1.0,7.0,5.0,0.0,5.0,0.0,1.0,0.5,0.0,11,89.4,3.75997816033124,18109.67372703895,10.8238432335411,6.662,5.0,-5.0,2.2034183853817364,1.0,1.0,0.5,0.5,0.0,0.0
GTM,1982,0,1,92.5,-3.53008900954855,18270.06444120635,7240241.0,0.307385561437072,6.6025,-7.0,0.0,8.0,5.0,0.0,5.0,0.0,1.0,0.5,0.0,12,86.3,0.646858610432233,18109.67372703895,11.4330679503505,6.662,5.0,-5.0,-1.4416151995581585,1.0,0.0,0.5,0.5,0.0,0.0
GTM,1983,0,1,80.2,-2.57209144433914,18270.06444120635,7419642.0,4.53867815133253,6.6025,-7.0,0.0,9.0,5.0,0.0,5.0,0.0,1.0,0.5,0.0,13,92.5,-3.53008900954855,18109.67372703895,0.307385561437072,6.662,5.0,-7.0,-3.0510902269438454,1.0,0.0,0.5,0.5,0.0,0.0
GTM,1984,0,1,77.2,0.496697752643456,18270.06444120635,7630682.0,3.40675011837794,6.6025,-6.0,0.0,0.0,5.0,0.0,5.0,0.0,1.0,0.5,0.0,14,80.2,-2.57209144433914,18109.67372703895,4.53867815133253,6.662,5.0,-7.0,-1.037696845847842,1.0,0.0,0.5,0.5,0.0,0.0
GTM,1985,0,1,74.3,-0.609338955584263,18270.06444120635,7849693.0,18.6867912971238,6.6025,-1.0,1.0,0.0,5.0,0.0,5.0,0.0,1.0,0.5,0.0,15,77.2,0.496697752643456,18109.67372703895,3.40675011837794,6.662,5.0,-6.0,-0.05632060147040352,1.0,1.0,0.5,0.5,0.0,0.0
GTM,1986,0,1,71.4,0.143049595525113,18270.06444120635,8070818.0,36.9311212965016,6.6025,3.0,1.0,0.0,5.0,0.0,5.0,0.0,1.0,0.5,0.0,16,74.3,-0.609338955584263,18109.67372703895,18.6867912971238,6.662,5.0,-1.0,-0.233144680029575,1.0,1.0,0.5,0.5,0.0,0.0
GTM,1987,0,1,68.6,3.54398330651921,18270.06444120635,8296485.0,12.3232132755046,6.6025,3.0,1.0,1.0,5.0,0.0,5.0,0.0,1.0,0.5,0.0,17,71.4,0.143049595525113,18109.67372703895,36.9311212965016,6.662,5.0,3.0,1.8435164510221616,1.0,1.0,0.5,0.5,0.0,0.0
GTM,1988,0,1,65.8,3.89238706354786,18270.06444120635,8532099.0,10.8327037689912,6.6025,3.0,1.0,2.0,5.0,0.0,5.0,0.0,1.0,0.5,0.0,18,68.6,3.54398330651921,18109.67372703895,12.3232132755046,6.662,5.0,3.0,3.7181851850335352,1.0,1.0,0.5,0.5,0.0,0.0
GTM,1989,0,1,63.2,3.94258951982349,18270.06444120635,8775546.0,11.3871321997958,6.6025,3.0,1.0,3.0,5.0,0.0,5.0,0.0,1.0,0.5,0.0,19,65.8,3.89238706354786,18109.67372703895,10.8327037689912,6.662,5.0,3.0,3.9174882916856753,1.0,1.0,0.5,0.5,0.0,0.0
GTM,1990,0,1,60.6,3.10256317557587,7594.73215267529,9024773.0,41.2218671380973,6.6025,3.0,1.0,4.0,5.0,0.0,5.0,0.0,1.0,0.5,0.0,20,63.2,3.94258951982349,18109.67372703895,11.3871321997958,6.662,5.0,3.0,3.5225763476996796,1.0,1.0,0.5,0.5,0.0,0.0
GTM,1991,0,1,58.1,3.65824875006811,7662.17099856969,9272584.0,33.1664219167535,2.197,3.0,1.0,5.0,5.0,0.0,5.0,0.0,1.0,0.5,0.0,21,60.6,3.10256317557587,7594.73215267529,41.2218671380973,6.662,5.0,3.0,3.38040596282199,1.0,1.0,0.5,0.5,0.0,0.0
GTM,1992,0,1,55.7,4.83833884688683,7822.2634402435,9522266.0,10.0459179984088,2.163,3.0,1.0,6.0,5.0,0.0,5.0,0.0,1.0,0.5,0.0,22,58.1,3.65824875006811,7662.17099856969,33.1664219167535,2.197,5.0,3.0,4.24829379847747,1.0,1.0,0.5,0.5,0.0,0.0
GTM,1993,0,0,53.5,3.92713194504024,7915.41059815185,9779761.0,11.8196901746257,2.133,3.0,1.0,7.0,5.0,0.0,5.0,0.0,1.0,0.5,0.0,23,55.7,4.83833884688683,7822.2634402435,10.0459179984088,2.163,5.0,3.0,4.382735395963535,1.0,1.0,0.5,0.0,0.0,0.0
GTM,1994,0,0,51.3,4.03374149641458,8018.28330821547,10043718.0,10.8553211494391,2.12,3.0,1.0,8.0,5.0,0.0,5.0,0.0,1.0,0.5,0.0,24,53.5,3.92713194504024,7915.41059815185,11.8196901746257,2.133,5.0,3.0,3.9804367207274094,1.0,1.0,0.5,0.0,0.0,0.0
GTM,1995,0,0,49.3,4.94854750210382,8195.34970997959,10312996.0,8.41141312270566,2.117,3.0,1.0,9.0,5.0,0.0,5.0,0.0,1.0,0.5,0.0,25,51.3,4.03374149641458,8018.28330821547,10.8553211494391,2.12,5.0,3.0,4.4911444992592,1.0,0.0,0.5,0.0,0.0,0.0
GTM,1996,1,0,47.4,2.95777988740716,8222.06920351134,10583526.0,11.0569165321987,2.156,8.0,0.0,0.0,5.0,0.0,5.0,0.0,1.0,0.5,0.0,26,49.3,4.94854750210382,8195.34970997959,8.41141312270566,2.117,5.0,3.0,3.9531636947554896,1.0,1.0,0.5,0.0,0.0,0.0
GTM,1997,0,0,45.6,4.36408994678341,8364.1651916099,10857754.0,9.23290294884935,2.145,8.0,0.0,1.0,0.0,0.0,0.0,0.0,0.0,0.5,0.0,0,47.4,2.95777988740716,8222.06920351134,11.0569165321987,2.156,5.0,8.0,3.6609349170952847,1.0,0.0,0.5,0.0,0.0,0.0
GTM,1998,0,0,43.9,4.99352780305848,8559.99025739148,11139145.0,6.61346070518058,2.145,8.0,0.0,2.0,0.0,0.0,0.0,0.0,0.0,0.5,0.0,1,45.6,4.36408994678341,8364.1651916099,9.23290294884935,2.145,0.0,8.0,4.678808874920945,1.0,0.0,0.5,0.0,0.0,0.0
GTM,1999,0,0,42.3,3.8470621889051,8668.43099775145,11422965.0,5.21361058601122,2.113,8.0,0.0,3.0,0.0,0.0,0.0,0.0,0.0,0.5,0.0,2,43.9,4.99352780305848,8559.99025739148,6.61346070518058,2.145,0.0,8.0,4.4202949959817905,1.0,0.0,0.5,0.0,0.0,0.0
GTM,2000,1,0,40.7,3.6088687174876,8770.40815272307,11697592.0,5.97757734737136,2.143,8.0,0.0,4.0,0.0,0.0,0.0,0.0,0.0,0.5,0.0,3,42.3,3.8470621889051,8668.43099775145,5.21361058601122,2.113,0.0,8.0,3.72796545319635,1.0,0.0,0.5,0.0,0.0,0.0
GTM,2001,0,0,39.2,2.33257486608854,8771.15927218783,11969422.0,7.28587366610138,2.251,8.0,0.0,5.0,0.0,0.0,0.0,0.0,0.0,0.5,0.0,0,40.7,3.6088687174876,8770.40815272307,5.97757734737136,2.143,0.0,8.0,2.97072179178807,1.0,0.0,0.5,0.0,0.0,0.0
GTM,2002,0,0,37.8,3.83928708556792,8901.54046462168,12246915.0,8.13263054281054,2.254,8.0,0.0,6.0,0.0,0.0,0.0,0.0,0.0,0.5,0.0,1,39.2,2.33257486608854,8771.15927218783,7.28587366610138,2.251,0.0,8.0,3.08593097582823,1.0,0.0,0.5,0.0,0.0,0.0
GTM,2003,0,0,36.4,2.56037766801896,8926.15771786373,12525842.0,5.60347675434469,2.807,8.0,0.0,7.0,0.0,0.0,0.0,0.0,0.0,0.5,0.0,2,37.8,3.83928708556792,8901.54046462168,8.13263054281054,2.254,0.0,8.0,3.19983237679344,1.0,0.0,0.5,0.0,0.0,0.0
GTM,2004,1,0,35.1,3.13791683609193,9003.86136388797,12807402.0,7.57862247309729,2.971,8.0,0.0,8.0,0.0,0.0,0.0,0.0,0.0,0.5,0.0,3,36.4,2.56037766801896,8926.15771786373,5.60347675434469,2.807,0.0,8.0,2.8491472520554453,1.0,0.0,0.5,0.0,0.0,0.0
GTM,2005,0,0,33.9,3.27602692588886,9099.7275067528,13087629.0,9.1086498571922,3.059,8.0,0.0,9.0,0.0,0.0,0.0,0.0,0.0,0.5,0.0,0,35.1,3.13791683609193,9003.86136388797,7.57862247309729,2.971,0.0,8.0,3.206971880990395,1.0,0.0,0.5,0.0,0.0,0.0
GTM,2006,0,0,32.7,5.35139778711536,9386.00549814138,13367459.0,6.56085282795384,2.96,8.0,0.0,10.0,0.0,0.0,0.0,0.0,0.0,0.5,0.0,1,33.9,3.27602692588886,9099.7275067528,9.1086498571922,3.059,0.0,8.0,4.31371235650211,1.0,0.0,0.5,0.0,0.0,0.0
GTM,2007,0,0,31.5,6.33771869016203,9772.80992048501,13652040.0,6.82161753590326,2.847,8.0,0.0,11.0,0.0,0.0,0.0,0.0,0.0,0.5,0.0,2,32.7,5.35139778711536,9386.00549814138,6.56085282795384,2.96,0.0,8.0,5.844558238638696,1.0,0.0,0.5,0.0,0.0,0.0
GTM,2008,1,0,30.3,3.29352400028485,9889.57668418909,13935174.0,11.355761126315,2.898,8.0,0.0,12.0,0.0,0.0,0.0,0.0,0.0,0.5,0.0,3,31.5,6.33771869016203,9772.80992048501,6.82161753590326,2.847,0.0,8.0,4.81562134522344,1.0,1.0,0.5,0.0,0.0,0.0
GTM,2009,0,0,29.2,0.476898106596394,9740.71387674159,14215611.0,1.85910254733028,3.22,8.0,0.0,13.0,0.0,0.0,0.0,0.0,0.0,0.5,0.0,0,30.3,3.29352400028485,9889.57668418909,11.355761126315,2.898,0.0,8.0,1.8852110534406221,1.0,0.0,0.5,0.0,0.0,0.0
GTM,2010,0,0,28.0,2.88417542800377,9825.022234198,14500112.0,3.8595090983316,3.497,8.0,0.0,14.0,0.0,0.0,0.0,0.0,0.0,0.5,0.0,1,29.2,0.476898106596394,9740.71387674159,1.85910254733028,3.22,0.0,8.0,1.6805367673000822,1.0,0.0,0.5,0.0,0.0,0.0
GTM,2011,0,0,27.0,4.16390688293349,10032.0932829709,14792126.0,6.214123930671,3.169,8.0,0.0,15.0,0.0,0.0,0.0,0.0,0.0,0.5,0.0,2,28.0,2.88417542800377,9825.022234198,3.8595090983316,3.497,0.0,8.0,3.52404115546863,1.0,0.0,0.5,0.0,0.0,0.0
GTM,2012,1,0,26.0,2.97470856847661,10126.8330566224,15089647.0,3.78180754679678,2.765,8.0,0.0,16.0,0.0,0.0,0.0,0.0,0.0,0.5,0.0,3,27.0,4.16390688293349,10032.0932829709,6.214123930671,3.169,0.0,8.0,3.56930772570505,1.0,0.0,0.5,0.0,0.0,0.0
GTM,2013,0,0,24.9,3.69476814623695,10297.8392994827,15387337.0,4.34337131279521,3.017,8.0,0.0,17.0,0.0,0.0,0.0,0.0,0.0,0.5,0.0,0,26.0,2.97470856847661,10126.8330566224,3.78180754679678,2.765,0.0,8.0,3.33473835735678,1.0,0.0,0.5,0.0,0.0,0.0
GTM,2014,0,0,24.0,4.44397825774911,10553.563988977,15681725.0,3.4183616966296,2.717,8.0,0.0,18.0,0.0,0.0,0.0,0.0,0.0,0.5,0.0,1,24.9,3.69476814623695,10297.8392994827,4.34337131279521,3.017,0.0,8.0,4.06937320199303,1.0,0.0,0.5,0.0,0.0,0.0
GTM,2015,0,0,23.1,4.09217170075418,10785.9583125957,15971743.0,2.3887203283955,2.506,8.0,0.0,19.0,0.0,0.0,0.0,0.0,0.0,0.5,0.0,2,24.0,4.44397825774911,10553.563988977,3.4183616966296,2.717,0.0,8.0,4.268074979251645,1.0,0.0,0.5,0.0,0.0,0.0
GTM,2016,1,0,22.3,2.6778031930216,10872.5938902469,16268760.0,4.44844199942827,2.583,8.0,0.0,20.0,0.0,0.0,0.0,0.0,0.0,0.5,0.0,3,23.1,4.09217170075418,10785.9583125957,2.3887203283955,2.506,0.0,8.0,3.384987446887889,1.0,0.0,0.5,0.0,0.0,0.0
GTM,2017,0,0,21.6,3.0798512212244,11005.4592851719,16567357.0,4.42453655182546,2.462,8.0,0.0,21.0,0.0,0.0,0.0,0.0,0.0,0.5,0.0,0,22.3,2.6778031930216,10872.5938902469,4.44844199942827,2.583,0.0,8.0,2.8788272071229994,1.0,0.0,0.5,0.0,0.0,0.0
GTM,2018,0,0,20.8,3.40687328176345,11192.3719192725,16845685.0,3.75186186704508,2.283,8.0,0.0,22.0,0.0,0.0,0.0,0.0,0.0,0.5,0.0,1,21.6,3.0798512212244,11005.4592851719,4.42453655182546,2.462,0.0,8.0,3.2433622514939247,1.0,0.0,0.5,0.0,0.0,0.0
GTM,2019,0,0,20.2,4.01789830861587,11466.3764932197,17103803.0,3.69998398008605,2.193,8.0,0.0,22.0,0.0,0.0,0.0,0.0,0.0,0.5,0.0,2,20.8,3.40687328176345,11192.3719192725,3.75186186704508,2.283,0.0,8.0,3.7123857951896593,1.0,0.0,0.5,0.0,0.0,0.0
GTM,2020,1,0,19.5,-1.78555117570465,11097.1503902986,17357325.0,3.21444062197345,2.965,8.0,0.0,22.0,0.0,0.0,0.0,0.0,0.0,0.5,0.0,3,20.2,4.01789830861587,11466.3764932197,3.69998398008605,2.193,0.0,8.0,1.1161735664556094,1.0,0.0,0.5,0.0,0.0,0.0
GTM,2021,0,0,18.9,8.04170398855833,11825.141273764,17598650.0,4.26105127422813,2.174,8.0,0.0,22.0,0.0,0.0,0.0,0.0,0.0,0.5,0.0,0,19.5,-1.78555117570465,11097.1503902986,3.21444062197345,2.965,0.0,8.0,3.1280764064268394,1.0,0.0,0.5,0.0,0.0,0.0
GTM,2022,0,0,18.3,4.15492196609047,12144.4800461597,17847877.0,6.88512823344287,3.051,8.0,0.0,22.0,0.0,0.0,0.0,0.0,0.0,0.5,0.0,1,18.9,8.04170398855833,11825.141273764,4.26105127422813,2.174,0.0,8.0,6.098312977324399,1.0,0.0,0.5,0.0,0.0,0.0
GTM,2023,1,0,17.7,3.52430434049013,12380.3715121996,18124838.0,6.20657592272126,2.344,8.0,0.0,22.0,0.0,0.0,0.0,0.0,0.0,0.5,0.0,2,18.3,4.15492196609047,12144.4800461597,6.88512823344287,3.051,0.0,8.0,3.839613153290299,0.0,0.0,0.0,0.0,0.0,0.0
GTM,2024,0,0,17.2,3.71558453779777,12643.9841235004,18406359.0,2.86992752918294,2.613,8.0,0.0,22.0,0.0,0.0,0.0,0.0,0.0,0.5,0.0,0,17.7,3.52430434049013,12380.3715121996,6.20657592272126,2.344,0.0,8.0,3.619944439143949,0.0,0.0,0.0,0.0,0.0,0.0
HND,1970,0,1,105.2,4.94188689356858,18270.06444120635,2750715.0,2.88088642660975,6.6025,-1.0,1.0,34.0,1.0,1.0,0.0,0.0,1.0,0.5,0.0,0,18.4,3.53620866972961,18109.67372703895,5.66318573909345,6.662,0.0,8.0,4.94188689356858,1.0,0.0,0.5,0.5,0.0,0.0
HND,1971,0,1,101.6,4.65493718159253,18270.06444120635,2834616.0,2.22324794223759,6.6025,0.0,1.0,35.0,1.0,1.0,0.0,0.0,1.0,0.5,0.0,1,105.2,4.94188689356858,18109.67372703895,2.88088642660975,6.662,1.0,-1.0,4.798412037580555,1.0,0.0,0.5,0.5,0.0,0.0
HND,1972,0,1,98.0,3.90537684149935,18270.06444120635,2922064.0,3.61228175799337,6.6025,-1.0,1.0,36.0,1.0,1.0,0.0,0.0,1.0,0.5,0.0,2,101.6,4.65493718159253,18109.67372703895,2.22324794223759,6.662,1.0,0.0,4.28015701154594,1.0,0.0,0.5,0.5,0.0,0.0
HND,1973,0,1,94.5,4.44128830650889,18270.06444120635,3011459.0,5.1932016269114,6.6025,-1.0,1.0,37.0,1.0,1.0,0.0,0.0,1.0,0.5,0.0,3,98.0,3.90537684149935,18109.67372703895,3.61228175799337,6.662,1.0,-1.0,4.17333257400412,1.0,0.0,0.5,0.5,0.0,0.0
HND,1974,0,1,100.6,9.41117622705514,18270.06444120635,3099836.0,12.8495477454187,6.6025,-1.0,1.0,38.0,1.0,1.0,0.0,0.0,1.0,0.5,0.0,4,94.5,4.44128830650889,18109.67372703895,5.1932016269114,6.662,1.0,-1.0,6.926232266782015,1.0,1.0,0.5,0.5,0.0,0.0
HND,1975,0,1,87.5,5.3200213329476,18270.06444120635,3193234.0,8.37616250629703,6.6025,-1.0,1.0,39.0,1.0,1.0,0.0,0.0,1.0,0.5,0.0,5,100.6,9.41117622705514,18109.67372703895,12.8495477454187,6.662,1.0,-1.0,7.3655987800013705,1.0,0.0,0.5,0.5,0.0,0.0
HND,1976,0,1,84.1,16.1000612479848,18270.06444120635,3294457.0,4.88341895790901,6.6025,-1.0,1.0,40.0,1.0,1.0,0.0,0.0,1.0,0.5,0.0,6,87.5,5.3200213329476,18109.67372703895,8.37616250629703,6.662,1.0,-1.0,10.7100412904662,1.0,0.0,0.5,0.5,0.0,0.0
HND,1977,0,1,80.7,8.67824908440281,18270.06444120635,3398655.0,8.43470771895133,6.6025,-1.0,1.0,41.0,1.0,1.0,0.0,0.0,1.0,0.5,0.0,7,84.1,16.1000612479848,18109.67372703895,4.88341895790901,6.662,1.0,-1.0,12.389155166193806,1.0,0.0,0.5,0.5,0.0,0.0
HND,1978,0,1,77.4,12.9383124816161,18270.06444120635,3505463.0,5.74832464618228,6.6025,-1.0,1.0,42.0,1.0,1.0,0.0,0.0,1.0,0.5,0.0,8,80.7,8.67824908440281,18109.67372703895,8.43470771895133,6.662,1.0,-1.0,10.808280783009454,1.0,0.0,0.5,0.5,0.0,0.0
HND,1979,0,3,74.2,11.5302614235207,18270.06444120635,3614981.0,12.1353558926061,6.6025,-1.0,1.0,43.0,1.0,1.0,0.0,0.0,1.0,0.5,0.0,9,77.4,12.9383124816161,18109.67372703895,5.74832464618228,6.662,1.0,-1.0,12.2342869525684,1.0,1.0,0.5,1.5,0.0,1.0
HND,1980,0,3,70.9,13.0461742022835,18270.06444120635,3727173.0,18.0615430355956,6.6025,1.0,1.0,0.0,1.0,1.0,0.0,0.0,1.0,0.5,0.0,10,74.2,11.5302614235207,18109.67372703895,12.1353558926061,6.662,1.0,-1.0,12.2882178129021,1.0,1.0,0.5,1.5,0.0,1.0
HND,1981,0,3,67.8,7.25433073403863,18270.06444120635,3841778.0,9.40569126142498,6.6025,4.0,1.0,0.0,2.0,1.0,0.0,1.0,1.0,0.5,0.0,11,70.9,13.0461742022835,18109.67372703895,18.0615430355956,6.662,1.0,1.0,10.150252468161066,1.0,0.0,0.5,1.5,0.0,1.0
HND,1982,0,3,64.7,4.3913059235414,18270.06444120635,3958728.0,8.98262170616894,6.6025,6.0,0.0,0.0,2.0,1.0,0.0,1.0,1.0,0.5,0.0,12,67.8,7.25433073403863,18109.67372703895,9.40569126142498,6.662,2.0,4.0,5.8228183287900155,1.0,0.0,0.5,1.5,0.0,1.0
HND,1983,0,3,61.8,6.99586711936102,18270.06444120635,4078174.0,8.25281165848253,6.6025,6.0,0.0,1.0,2.0,1.0,0.0,1.0,1.0,0.5,0.0,13,64.7,4.3913059235414,18109.67372703895,8.98262170616894,6.662,2.0,6.0,5.69358652145121,1.0,0.0,0.5,1.5,0.0,1.0
HND,1984,0,3,59.0,2.35846275081614,18270.06444120635,4199850.0,4.72636815920398,6.6025,6.0,0.0,2.0,2.0,1.0,0.0,1.0,1.0,0.5,0.0,14,61.8,6.99586711936102,18109.67372703895,8.25281165848253,6.662,2.0,6.0,4.67716493508858,1.0,0.0,0.5,1.5,0.0,1.0
HND,1985,0,3,56.3,4.66822602953714,18270.06444120635,4323342.0,3.36267523608601,6.6025,5.0,1.0,3.0,2.0,1.0,0.0,1.0,1.0,0.5,0.0,15,59.0,2.35846275081614,18109.67372703895,4.72636815920398,6.662,2.0,6.0,3.51334439017664,1.0,0.0,0.5,1.5,0.0,1.0
HND,1986,0,3,53.7,5.53564279745997,18270.06444120635,4448899.0,4.35272383207562,6.6025,5.0,1.0,4.0,2.0,1.0,0.0,1.0,1.0,0.5,0.0,16,56.3,4.66822602953714,18109.67372703895,3.36267523608601,6.662,2.0,5.0,5.1019344134985545,1.0,0.0,0.5,1.5,0.0,1.0
HND,1987,0,3,51.3,1.74009422609132,18270.06444120635,4576910.0,2.48715402223894,6.6025,5.0,1.0,5.0,1.0,1.0,0.0,0.0,1.0,0.5,0.0,17,53.7,5.53564279745997,18109.67372703895,4.35272383207562,6.662,2.0,5.0,3.637868511775645,1.0,0.0,0.5,1.5,0.0,1.0
HND,1988,0,3,48.9,7.57442109483326,18270.06444120635,4707677.0,4.49125763640183,6.6025,5.0,1.0,6.0,1.0,1.0,0.0,0.0,1.0,0.5,0.0,18,51.3,1.74009422609132,18109.67372703895,2.48715402223894,6.662,1.0,5.0,4.657257660462291,1.0,0.0,0.5,1.5,0.0,1.0
HND,1989,0,3,46.7,7.12826947076638,18270.06444120635,4841838.0,9.85040925769098,6.6025,6.0,0.0,7.0,1.0,1.0,0.0,0.0,1.0,0.5,0.0,19,48.9,7.57442109483326,18109.67372703895,4.49125763640183,6.662,1.0,5.0,7.35134528279982,1.0,0.0,0.5,1.5,0.0,1.0
HND,1990,0,2,44.7,21.1713674322465,1172.07980628643,4980488.0,23.3225664366467,6.6025,6.0,0.0,8.0,1.0,1.0,0.0,0.0,1.0,0.5,0.0,20,46.7,7.12826947076638,18109.67372703895,9.85040925769098,6.662,1.0,6.0,14.149818451506441,1.0,1.0,0.5,1.0,0.0,1.0
HND,1991,0,2,42.7,26.0469005554795,1436.05066143143,5123792.0,33.9722602535864,4.58,6.0,0.0,9.0,0.0,0.0,0.0,0.0,0.0,0.5,0.0,21,44.7,21.1713674322465,1172.07980628643,23.3225664366467,6.662,1.0,6.0,23.609133993863,1.0,1.0,0.5,1.0,0.0,1.0
HND,1992,0,2,40.9,9.03523510162955,1521.94721667467,5271431.0,8.75988625255482,3.06,6.0,0.0,10.0,0.0,0.0,0.0,0.0,0.0,0.5,0.0,22,42.7,26.0469005554795,1436.05066143143,33.9722602535864,4.58,0.0,6.0,17.541067828554525,1.0,0.0,0.5,1.0,0.0,1.0
HND,1993,0,1,39.2,13.6371743358989,1681.08238809432,5423249.0,10.7486467163721,3.098,6.0,0.0,11.0,0.0,0.0,0.0,0.0,0.0,0.5,0.0,23,40.9,9.03523510162955,1521.94721667467,8.75988625255482,3.06,0.0,6.0,11.336204718764225,1.0,1.0,0.5,0.5,0.0,0.0
HND,1994,0,1,37.7,29.0190203167888,2108.27414889925,5579242.0,21.729346883819,3.138,6.0,0.0,12.0,0.0,0.0,0.0,0.0,0.0,0.5,0.0,24,39.2,13.6371743358989,1681.08238809432,10.7486467163721,3.098,0.0,6.0,21.32809732634385,1.0,1.0,0.5,0.5,0.0,0.0
HND,1995,0,1,36.2,24.6744628782887,2555.0262257932,5739637.0,29.4645292281585,3.24,6.0,0.0,13.0,0.0,0.0,0.0,0.0,0.0,0.5,0.0,25,37.7,29.0190203167888,2108.27414889925,21.729346883819,3.138,0.0,6.0,26.846741597538752,1.0,1.0,0.5,0.5,0.0,0.0
HND,1996,0,1,34.8,22.957391093437,3054.15773942696,5903954.0,23.8378353073358,4.37,6.0,0.0,14.0,0.0,0.0,0.0,0.0,0.0,0.5,0.0,26,36.2,24.6744628782887,2555.0262257932,29.4645292281585,3.24,0.0,6.0,23.81592698586285,1.0,1.0,0.5,0.5,0.0,0.0
HND,1997,0,0,33.5,22.4277452884418,3635.98071357513,6071454.0,20.1998667554962,3.32,6.0,0.0,15.0,0.0,0.0,0.0,0.0,0.0,0.5,0.0,27,34.8,22.957391093437,3054.15773942696,23.8378353073358,4.37,0.0,6.0,22.692568190939397,1.0,1.0,0.5,0.0,0.0,0.0
HND,1998,0,0,41.5,11.5761659693973,3950.83498715855,6234431.0,13.6681077485868,4.02,6.0,0.0,16.0,0.0,0.0,0.0,0.0,0.0,0.5,0.0,28,33.5,22.4277452884418,3635.98071357513,20.1998667554962,3.32,0.0,6.0,17.001955628919546,1.0,1.0,0.5,0.0,0.0,0.0
HND,1999,0,0,30.9,11.5758601448677,4293.827231525,6400463.0,11.66374097913,3.85,7.0,0.0,17.0,0.0,0.0,0.0,0.0,0.0,0.5,0.0,29,41.5,11.5761659693973,3950.83498715855,13.6681077485868,4.02,0.0,6.0,11.5760130571325,1.0,1.0,0.5,0.0,0.0,0.0
HND,2000,0,0,29.6,9.61221879337278,4579.68960840984,6577773.0,11.0480349344976,3.883,7.0,0.0,18.0,0.0,0.0,0.0,0.0,0.0,0.5,0.0,30,30.9,11.5758601448677,4293.827231525,11.66374097913,3.85,0.0,7.0,10.594039469120238,1.0,1.0,0.5,0.0,0.0,0.0
HND,2001,0,0,28.4,2.72319327321379,4578.94787944773,6757993.0,9.67415556864781,4.0,7.0,0.0,19.0,0.0,0.0,0.0,0.0,0.0,0.5,0.0,31,29.6,9.61221879337278,4579.68960840984,11.0480349344976,3.883,0.0,7.0,6.167706033293283,1.0,0.0,0.5,0.0,0.0,0.0
HND,2002,0,0,27.2,3.75433786119939,4627.02278723456,6938859.0,7.6905097203429,4.02,7.0,0.0,20.0,0.0,0.0,0.0,0.0,0.0,0.5,0.0,32,28.4,2.72319327321379,4578.94787944773,9.67415556864781,4.0,0.0,7.0,3.2387655672065883,1.0,0.0,0.5,0.0,0.0,0.0
HND,2003,0,0,26.1,4.54703805165397,4714.86701000971,7119213.0,7.67416639397743,5.3,7.0,0.0,21.0,0.0,0.0,0.0,0.0,0.0,0.5,0.0,33,27.2,3.75433786119939,4627.02278723456,7.6905097203429,4.02,0.0,7.0,4.150687956426678,1.0,0.0,0.5,0.0,0.0,0.0
HND,2004,0,0,25.1,6.23230296069102,4885.34258343422,7298994.0,8.11379097093383,5.99,7.0,0.0,22.0,0.0,0.0,0.0,0.0,0.0,0.5,0.0,34,26.1,4.54703805165397,4714.86701000971,7.67416639397743,5.3,0.0,7.0,5.389670506172493,1.0,0.0,0.5,0.0,0.0,0.0
HND,2005,0,0,24.1,6.05059922215973,5056.67544412551,7478355.0,8.80906074819817,4.909,7.0,0.0,23.0,0.0,0.0,0.0,0.0,0.0,0.5,0.0,35,25.1,6.23230296069102,4885.34258343422,8.11379097093383,5.99,0.0,7.0,6.141451091425374,1.0,0.0,0.5,0.0,0.0,0.0
HND,2006,1,0,23.2,6.56724355177587,5263.15029099578,7656832.0,5.57775207654292,3.574,7.0,0.0,24.0,0.0,0.0,0.0,0.0,0.0,0.5,0.0,36,24.1,6.05059922215973,5056.67544412551,8.80906074819817,4.909,0.0,7.0,6.308921386967798,1.0,0.0,0.5,0.0,0.0,0.0
HND,2007,0,0,22.3,6.18832716678008,5461.90151889031,7834798.0,6.93621470895786,3.211,7.0,0.0,25.0,0.0,0.0,0.0,0.0,0.0,0.5,0.0,0,23.2,6.56724355177587,5263.15029099578,5.57775207654292,3.574,0.0,7.0,6.377785359277974,1.0,0.0,0.5,0.0,0.0,0.0
HND,2008,0,0,21.5,4.23160011009342,5566.70639487722,8012587.0,11.4034270813932,3.156,7.0,0.0,26.0,0.0,0.0,0.0,0.0,0.0,0.5,0.0,1,22.3,6.18832716678008,5461.90151889031,6.93621470895786,3.211,0.0,7.0,5.209963638436749,1.0,1.0,0.5,0.0,0.0,0.0
HND,2009,1,0,20.8,-2.43162787988011,5313.75573967791,8189899.0,5.49634273772203,3.292,7.0,0.0,27.0,0.0,0.0,0.0,0.0,0.0,0.5,0.0,2,21.5,4.23160011009342,5566.70639487722,11.4034270813932,3.156,0.0,7.0,0.8999861151066537,1.0,0.0,0.5,0.0,0.0,0.0
HND,2010,0,0,20.1,3.73114034433009,5396.07227927744,8365878.0,4.69889064976232,4.119,7.0,0.0,28.0,0.0,0.0,0.0,0.0,0.0,0.5,0.0,0,20.8,-2.43162787988011,5313.75573967791,5.49634273772203,3.292,0.0,7.0,0.6497562322249888,1.0,0.0,0.5,0.0,0.0,0.0
HND,2011,0,0,19.4,3.83569066207505,5488.43371596332,8540583.0,6.7622795731476,4.474,7.0,0.0,29.0,0.0,0.0,0.0,0.0,0.0,0.5,0.0,1,20.1,3.73114034433009,5396.07227927744,4.69889064976232,4.119,0.0,7.0,3.7834155032025687,1.0,0.0,0.5,0.0,0.0,0.0
HND,2012,0,0,18.8,4.12868774866939,5600.6077605497,8715076.0,5.19618615531848,3.755,7.0,0.0,30.0,0.0,0.0,0.0,0.0,0.0,0.5,0.0,2,19.4,3.83569066207505,5488.43371596332,6.7622795731476,4.474,0.0,7.0,3.9821892053722188,1.0,0.0,0.5,0.0,0.0,0.0
HND,2013,0,0,18.2,2.79155975746801,5644.13384802045,8889278.0,5.16189898581494,5.646,7.0,0.0,31.0,0.0,0.0,0.0,0.0,0.0,0.5,0.0,3,18.8,4.12868774866939,5600.6077605497,5.19618615531848,3.755,0.0,7.0,3.4601237530686983,1.0,0.0,0.5,0.0,0.0,0.0
HND,2014,1,0,17.6,3.0580805621437,5705.16246265484,9063122.0,6.12924930313031,7.078,7.0,0.0,32.0,0.0,0.0,0.0,0.0,0.0,0.5,0.0,4,18.2,2.79155975746801,5644.13384802045,5.16189898581494,5.646,0.0,7.0,2.9248201598058534,0.0,0.0,0.0,0.0,0.0,0.0
HND,2015,0,0,17.0,3.84007997093951,5812.5348879105,9237305.0,3.15783117980915,6.147,7.0,0.0,33.0,0.0,0.0,0.0,0.0,0.0,0.5,0.0,0,17.6,3.0580805621437,5705.16246265484,6.12924930313031,7.078,0.0,7.0,3.4490802665416034,0.0,0.0,0.0,0.0,0.0,0.0
HND,2016,0,0,16.5,3.89297219726413,5926.49025534228,9412380.0,2.72461223295289,6.727,7.0,0.0,34.0,0.0,0.0,0.0,0.0,0.0,0.5,0.0,1,17.0,3.84007997093951,5812.5348879105,3.15783117980915,6.147,0.0,7.0,3.8665260841018183,0.0,0.0,0.0,0.0,0.0,0.0
HND,2017,0,0,15.9,4.84291391050387,6099.60734919414,9588137.0,3.93436084442037,5.528,7.0,0.0,35.0,0.0,0.0,0.0,0.0,0.0,0.5,0.0,2,16.5,3.89297219726413,5926.49025534228,2.72461223295289,6.727,0.0,7.0,4.367943053883999,0.0,0.0,0.0,0.0,0.0,0.0
HND,2018,0,0,15.4,3.84499476966735,6219.27973775059,9765210.0,4.34734937777536,5.648,7.0,0.0,36.0,0.0,0.0,0.0,0.0,0.0,0.5,0.0,3,15.9,4.84291391050387,6099.60734919414,3.93436084442037,5.528,0.0,7.0,4.3439543400856095,0.0,0.0,0.0,0.0,0.0,0.0
HND,2019,0,0,14.9,2.55963434592314,6264.01884276715,9943633.0,4.36587159819274,5.698,7.0,0.0,36.0,0.0,0.0,0.0,0.0,0.0,0.5,0.0,4,15.4,3.84499476966735,6219.27973775059,4.34734937777536,5.648,0.0,7.0,3.202314557795244,0.0,0.0,0.0,0.0,0.0,0.0
HND,2020,0,0,14.5,-8.96508223267296,5603.26398377777,10119640.0,3.46841177951171,10.982,7.0,0.0,36.0,0.0,0.0,0.0,0.0,0.0,0.5,0.0,5,14.9,2.55963434592314,6264.01884276715,4.36587159819274,5.698,0.0,7.0,-3.2027239433749113,0.0,0.0,0.0,0.0,0.0,0.0
HND,2021,0,0,14.0,12.5652843771279,6202.98078812037,10289877.0,4.48087963413446,8.506,7.0,0.0,36.0,0.0,0.0,0.0,0.0,0.0,0.5,0.0,6,14.5,-8.96508223267296,5603.26398377777,3.46841177951171,10.982,0.0,7.0,1.800101072227469,0.0,0.0,0.0,0.0,0.0,0.0
HND,2022,1,0,13.6,4.14356194013767,6352.58710177732,10463872.0,9.08963911525032,8.774,7.0,0.0,36.0,0.0,0.0,0.0,0.0,0.0,0.5,0.0,7,14.0,12.5652843771279,6202.98078812037,4.48087963413446,8.506,0.0,7.0,8.354423158632784,0.0,0.0,0.0,0.0,0.0,0.0
HND,2023,0,0,13.2,3.57584760454412,6467.8800352783,10644851.0,6.66325180347463,6.07,7.0,0.0,36.0,0.0,0.0,0.0,0.0,0.0,0.5,0.0,0,13.6,4.14356194013767,6352.58710177732,9.08963911525032,8.774,0.0,7.0,3.859704772340894,0.0,0.0,0.0,0.0,0.0,0.0
HND,2024,0,0,12.8,3.63240745450875,6590.84384301553,10825703.0,4.60621098127101,4.91,7.0,0.0,36.0,0.0,0.0,0.0,0.0,0.0,0.5,0.0,1,13.2,3.57584760454412,6467.8800352783,6.66325180347463,6.07,0.0,7.0,3.6041275295264343,0.0,0.0,0.0,0.0,0.0,0.0
HUN,1970,0,0,35.2,4.70000000204568,18270.06444120635,10337910.0,5.531981770439344,6.6025,-7.0,0.0,12.0,0.0,0.0,0.0,0.0,0.0,0.5,0.0,0,18.4,3.53620866972961,18109.67372703895,5.66318573909345,6.662,0.0,8.0,4.70000000204568,1.0,0.0,0.5,0.0,0.0,0.0
HUN,1971,0,0,34.7,6.20000000077683,18270.06444120635,10367537.0,5.531981770439344,6.6025,-7.0,0.0,13.0,0.0,0.0,0.0,0.0,0.0,0.5,0.0,1,35.2,4.70000000204568,18109.67372703895,5.66318573909345,6.662,0.0,-7.0,5.450000001411255,1.0,0.0,0.5,0.0,0.0,0.0
HUN,1972,0,0,34.6,6.10000000166247,18270.06444120635,10398489.0,5.531981770439344,6.6025,-7.0,0.0,14.0,0.0,0.0,0.0,0.0,0.0,0.5,0.0,2,34.7,6.20000000077683,18109.67372703895,5.66318573909345,6.662,0.0,-7.0,6.1500000012196505,1.0,0.0,0.5,0.0,0.0,0.0
HUN,1973,0,0,34.8,6.89999999769147,18270.06444120635,10432055.0,3.38797814176702,6.6025,-7.0,0.0,15.0,0.0,0.0,0.0,0.0,0.0,0.5,0.0,3,34.6,6.10000000166247,18109.67372703895,5.66318573909345,6.662,0.0,-7.0,6.4999999996769695,1.0,0.0,0.5,0.0,0.0,0.0
HUN,1974,0,0,34.2,5.90000000111885,18270.06444120635,10478720.0,1.79704016823474,6.6025,-7.0,0.0,16.0,0.0,0.0,0.0,0.0,0.0,0.5,0.0,4,34.8,6.89999999769147,18109.67372703895,3.38797814176702,6.662,0.0,-7.0,6.399999999405161,1.0,0.0,0.5,0.0,0.0,0.0
HUN,1975,0,0,32.2,6.20000000011996,18270.06444120635,10540525.0,3.84215991793819,6.6025,-7.0,0.0,17.0,0.0,0.0,0.0,0.0,0.0,0.5,0.0,5,34.2,5.90000000111885,18109.67372703895,1.79704016823474,6.662,0.0,-7.0,6.050000000619406,1.0,0.0,0.5,0.0,0.0,0.0
HUN,1976,0,0,29.3,3.60000000149444,18270.06444120635,10598677.0,5.2283983330866,6.6025,-7.0,0.0,18.0,0.0,0.0,0.0,0.0,0.0,0.5,0.0,6,32.2,6.20000000011996,18109.67372703895,3.84215991793819,6.662,0.0,-7.0,4.9000000008072,1.0,0.0,0.5,0.0,0.0,0.0
HUN,1977,0,0,26.6,7.59999999820526,18270.06444120635,10648031.0,3.90889569564822,6.6025,-7.0,0.0,19.0,0.0,0.0,0.0,0.0,0.0,0.5,0.0,7,29.3,3.60000000149444,18109.67372703895,5.2283983330866,6.662,0.0,-7.0,5.59999999984985,1.0,0.0,0.5,0.0,0.0,0.0
HUN,1978,0,0,24.5,4.39999999884645,18270.06444120635,10684822.0,4.68714274853112,6.6025,-7.0,0.0,20.0,0.0,0.0,0.0,0.0,0.0,0.5,0.0,8,26.6,7.59999999820526,18109.67372703895,3.90889569564822,6.662,0.0,-7.0,5.999999998525856,1.0,0.0,0.5,0.0,0.0,0.0
HUN,1979,0,0,22.8,2.69999999994029,18270.06444120635,10704152.0,8.97641234700303,6.6025,-7.0,0.0,21.0,0.0,0.0,0.0,0.0,0.0,0.5,0.0,9,24.5,4.39999999884645,18109.67372703895,4.68714274853112,6.662,0.0,-7.0,3.5499999993933704,1.0,0.0,0.5,0.0,0.0,0.0
HUN,1980,0,0,21.4,0.200000000298047,18270.06444120635,10711122.0,9.28585743921337,6.6025,-7.0,0.0,22.0,0.0,0.0,0.0,0.0,0.0,0.5,0.0,10,22.8,2.69999999994029,18109.67372703895,8.97641234700303,6.662,0.0,-7.0,1.4500000001191686,1.0,0.0,0.5,0.0,0.0,0.0
HUN,1981,0,0,20.4,2.86674496073709,18270.06444120635,10711848.0,4.66141394394755,6.6025,-7.0,0.0,23.0,0.0,0.0,0.0,0.0,0.0,0.5,0.0,11,21.4,0.200000000298047,18109.67372703895,9.28585743921337,6.662,0.0,-7.0,1.5333724805175686,1.0,0.0,0.5,0.0,0.0,0.0
HUN,1982,0,0,19.8,2.84108854346734,18270.06444120635,10705535.0,6.8358050825954,6.6025,-7.0,0.0,24.0,0.0,0.0,0.0,0.0,0.0,0.5,0.0,12,20.4,2.86674496073709,18109.67372703895,4.66141394394755,6.662,0.0,-7.0,2.853916752102215,1.0,0.0,0.5,0.0,0.0,0.0
HUN,1983,0,0,19.7,0.722965872564103,18270.06444120635,10689463.0,7.27989573279491,6.6025,-7.0,0.0,25.0,0.0,0.0,0.0,0.0,0.0,0.5,0.0,13,19.8,2.84108854346734,18109.67372703895,6.8358050825954,6.662,0.0,-7.0,1.7820272080157216,1.0,0.0,0.5,0.0,0.0,0.0
HUN,1984,0,0,19.7,2.65804768341506,18270.06444120635,10668095.0,8.46785487646018,6.6025,-7.0,0.0,26.0,0.0,0.0,0.0,0.0,0.0,0.5,0.0,14,19.7,0.722965872564103,18109.67372703895,7.27989573279491,6.662,0.0,-7.0,1.6905067779895815,1.0,0.0,0.5,0.0,0.0,0.0
HUN,1985,0,0,19.3,-0.253067484259233,18270.06444120635,10648713.0,6.94234501879147,6.6025,-7.0,0.0,27.0,0.0,0.0,0.0,0.0,0.0,0.5,0.0,15,19.7,2.65804768341506,18109.67372703895,8.46785487646018,6.662,0.0,-7.0,1.2024900995779135,1.0,0.0,0.5,0.0,0.0,0.0
HUN,1986,0,0,18.5,1.53494882553377,18270.06444120635,10630564.0,5.29166170071091,6.6025,-7.0,0.0,28.0,0.0,0.0,0.0,0.0,0.0,0.5,0.0,16,19.3,-0.253067484259233,18109.67372703895,6.94234501879147,6.662,0.0,-7.0,0.6409406706372685,1.0,0.0,0.5,0.0,0.0,0.0
HUN,1987,0,0,17.5,4.05122959931954,18270.06444120635,10612741.0,8.67431417733243,6.6025,-7.0,0.0,29.0,0.0,0.0,0.0,0.0,0.0,0.5,0.0,17,18.5,1.53494882553377,18109.67372703895,5.29166170071091,6.662,0.0,-7.0,2.793089212426655,0.0,0.0,0.0,0.0,0.0,0.0
HUN,1988,0,0,16.6,-0.0652631444904301,18270.06444120635,10596487.0,15.7235490703556,6.6025,-2.0,1.0,0.0,0.0,0.0,0.0,0.0,0.0,0.5,0.0,18,17.5,4.05122959931954,18109.67372703895,8.67431417733243,6.662,0.0,-7.0,1.992983227414555,0.0,1.0,0.0,0.0,0.0,0.0
HUN,1989,0,0,15.8,0.736424820167869,18270.06444120635,10481719.0,17.149151997396,6.6025,4.0,1.0,0.0,0.0,0.0,0.0,0.0,0.0,0.5,0.0,19,16.6,-0.0652631444904301,18109.67372703895,15.7235490703556,6.662,0.0,-2.0,0.335580837838719,0.0,1.0,0.0,0.0,0.0,0.0
HUN,1990,0,0,15.2,-3.49665976104178,21297.0006406829,10373988.0,28.3695996532777,6.6025,10.0,0.0,0.0,0.0,0.0,0.0,0.0,0.0,0.5,0.0,20,15.8,0.736424820167869,18109.67372703895,17.149151997396,6.662,0.0,4.0,-1.3801174704369559,0.0,1.0,0.0,0.0,0.0,0.0
HUN,1991,0,2,14.6,-11.8920408609388,18765.4162504008,10373400.0,34.8175429072704,8.5,10.0,0.0,1.0,0.0,0.0,0.0,0.0,0.0,0.5,0.0,21,15.2,-3.49665976104178,21297.0006406829,28.3695996532777,6.662,0.0,10.0,-7.694350310990291,0.0,1.0,0.0,1.0,0.0,1.0
HUN,1992,0,2,13.7,-3.06418034558638,18197.5305521351,10369341.0,23.6557207806552,9.942,10.0,0.0,2.0,0.0,0.0,0.0,0.0,0.0,0.5,0.0,22,14.6,-11.8920408609388,18765.4162504008,34.8175429072704,8.5,0.0,10.0,-7.47811060326259,0.0,1.0,0.0,1.0,0.0,1.0
HUN,1993,0,2,12.7,-0.576108518425613,18113.3369069655,10357523.0,22.4642346133809,12.098,10.0,0.0,3.0,0.0,0.0,0.0,0.0,0.0,0.5,0.0,23,13.7,-3.06418034558638,18197.5305521351,23.6557207806552,9.942,0.0,10.0,-1.8201444320059963,0.0,1.0,0.0,1.0,0.0,1.0
HUN,1994,1,2,11.6,2.94715455541068,18672.707236547,10343355.0,18.8680749869283,10.847,10.0,0.0,4.0,0.0,0.0,0.0,0.0,0.0,0.5,0.0,24,12.7,-0.576108518425613,18113.3369069655,22.4642346133809,12.098,0.0,10.0,1.1855230184925334,0.0,1.0,0.0,1.0,0.0,1.0
HUN,1995,0,2,10.9,1.48952547593046,18977.2437047366,10328965.0,28.3054683706654,10.168,10.0,0.0,5.0,0.0,0.0,0.0,0.0,0.0,0.5,0.0,0,11.6,2.94715455541068,18672.707236547,18.8680749869283,10.847,0.0,10.0,2.2183400156705697,0.0,1.0,0.0,1.0,0.0,1.0
HUN,1996,0,1,10.3,0.101234227633242,19029.1137284914,10311238.0,23.4690301919185,10.022,10.0,0.0,6.0,0.0,0.0,0.0,0.0,0.0,0.5,0.0,1,10.9,1.48952547593046,18977.2437047366,28.3054683706654,10.168,0.0,10.0,0.795379851781851,0.0,1.0,0.0,0.5,0.0,0.0
HUN,1997,0,1,9.9,2.97787906543104,19635.2949600537,10290486.0,18.3050744143799,8.991,10.0,0.0,7.0,0.0,0.0,0.0,0.0,0.0,0.5,0.0,2,10.3,0.101234227633242,19029.1137284914,23.4690301919185,10.022,0.0,10.0,1.5395566465321409,0.0,1.0,0.0,0.5,0.0,0.0
HUN,1998,1,1,9.5,3.84810814449837,20438.3829550506,10266570.0,14.153789654534,8.925,10.0,0.0,8.0,0.0,0.0,0.0,0.0,0.0,0.5,0.0,3,9.9,2.97787906543104,19635.2949600537,18.3050744143799,8.991,0.0,10.0,3.412993604964705,0.0,1.0,0.0,0.5,0.0,0.0
HUN,1999,0,1,9.1,3.08605811588221,21128.8884639402,10237530.0,9.99774409303368,6.929,10.0,0.0,9.0,0.0,0.0,0.0,0.0,0.0,0.5,0.0,0,9.5,3.84810814449837,20438.3829550506,14.153789654534,8.925,0.0,10.0,3.4670831301902902,0.0,0.0,0.0,0.5,0.0,0.0
HUN,2000,0,0,8.7,4.40937501806403,22117.9204303193,10210971.0,9.80361016908125,6.563,10.0,0.0,10.0,0.0,0.0,0.0,0.0,0.0,0.5,0.0,1,9.1,3.08605811588221,21128.8884639402,9.99774409303368,6.929,0.0,10.0,3.7477165669731196,0.0,0.0,0.0,0.0,0.0,0.0
HUN,2001,0,0,8.1,4.06202617226026,23069.2114730987,10187576.0,9.11680911680911,5.671,10.0,0.0,11.0,0.0,0.0,0.0,0.0,0.0,0.5,0.0,2,8.7,4.40937501806403,22117.9204303193,9.80361016908125,6.563,0.0,10.0,4.235700595162145,0.0,0.0,0.0,0.0,0.0,0.0
HUN,2002,1,0,7.6,4.73006530805553,24229.2953575981,10158608.0,5.26544821583985,5.608,10.0,0.0,12.0,0.0,0.0,0.0,0.0,0.0,0.5,0.0,3,8.1,4.06202617226026,23069.2114730987,9.11680911680911,5.671,0.0,10.0,4.396045740157895,0.0,0.0,0.0,0.0,0.0,0.0
HUN,2003,0,0,7.2,3.93877761242727,25255.8711300567,10129552.0,4.66101694915254,5.79,10.0,0.0,13.0,0.0,0.0,0.0,0.0,0.0,0.5,0.0,0,7.6,4.73006530805553,24229.2953575981,5.26544821583985,5.608,0.0,10.0,4.3344214602413995,0.0,0.0,0.0,0.0,0.0,0.0
HUN,2004,0,0,6.8,4.96312536156307,26568.118861864,10107146.0,6.74434679569469,5.832,10.0,0.0,14.0,0.0,0.0,0.0,0.0,0.0,0.5,0.0,1,7.2,3.93877761242727,25255.8711300567,4.66101694915254,5.79,0.0,10.0,4.450951486995169,0.0,0.0,0.0,0.0,0.0,0.0
HUN,2005,0,0,6.4,4.30028318461673,27765.7886146197,10087065.0,3.56151711378352,7.189,10.0,0.0,15.0,0.0,0.0,0.0,0.0,0.0,0.5,0.0,2,6.8,4.96312536156307,26568.118861864,6.74434679569469,5.832,0.0,10.0,4.6317042730899,0.0,0.0,0.0,0.0,0.0,0.0
HUN,2006,0,0,6.1,3.93393162712054,28903.0475407078,10071370.0,3.93032603841001,7.494,10.0,0.0,16.0,0.0,0.0,0.0,0.0,0.0,0.5,0.0,3,6.4,4.30028318461673,27765.7886146197,3.56151711378352,7.189,0.0,10.0,4.1171074058686346,0.0,0.0,0.0,0.0,0.0,0.0
HUN,2007,0,0,5.8,0.332354337878925,29044.0669021254,10055780.0,7.9587451654491,7.406,10.0,0.0,17.0,0.0,0.0,0.0,0.0,0.0,0.5,0.0,4,6.1,3.93393162712054,28903.0475407078,3.93032603841001,7.494,0.0,10.0,2.133142982499732,0.0,0.0,0.0,0.0,0.0,0.0
HUN,2008,0,0,5.5,0.993437085479655,29384.0070385818,10038188.0,6.0425125388106,7.817,10.0,0.0,18.0,0.0,0.0,0.0,0.0,0.0,0.5,0.0,5,5.8,0.332354337878925,29044.0669021254,7.9587451654491,7.406,0.0,10.0,0.6628957116792895,0.0,0.0,0.0,0.0,0.0,0.0
HUN,2009,0,0,5.3,-6.7401660845502,27445.959458479,10022650.0,4.21171171171171,10.03,10.0,0.0,19.0,0.0,0.0,0.0,0.0,0.0,0.5,0.0,6,5.5,0.993437085479655,29384.0070385818,6.0425125388106,7.817,0.0,10.0,-2.873364499535273,0.0,0.0,0.0,0.0,0.0,0.0
HUN,2010,1,0,5.1,1.06795068152046,27801.833816111,10000023.0,4.85555795691956,11.172,10.0,0.0,20.0,0.0,0.0,0.0,0.0,0.0,0.5,0.0,7,5.3,-6.7401660845502,27445.959458479,4.21171171171171,10.03,0.0,10.0,-2.836107701514871,0.0,0.0,0.0,0.0,0.0,0.0
HUN,2011,0,0,5.0,1.91670916599742,28415.1173442897,9971727.0,3.9299209893507,11.029,10.0,0.0,21.0,0.0,0.0,0.0,0.0,0.0,0.5,0.0,0,5.1,1.06795068152046,27801.833816111,4.85555795691956,11.172,0.0,10.0,1.4923299237589391,0.0,0.0,0.0,0.0,0.0,0.0
HUN,2012,0,0,4.8,-1.33948446518181,28179.656464434,9920362.0,5.65214517088646,11.003,10.0,0.0,22.0,0.0,0.0,0.0,0.0,0.0,0.5,0.0,1,5.0,1.91670916599742,28415.1173442897,3.9299209893507,11.029,0.0,10.0,0.2886123504078041,0.0,0.0,0.0,0.0,0.0,0.0
HUN,2013,0,0,4.7,2.03216990678146,28891.0217544976,9872734.0,1.73319984983101,10.177,10.0,0.0,23.0,0.0,0.0,0.0,0.0,0.0,0.5,0.0,2,4.8,-1.33948446518181,28179.656464434,5.65214517088646,11.003,0.0,10.0,0.346342720799824,0.0,0.0,0.0,0.0,0.0,0.0
HUN,2014,0,1,4.5,4.33435364113967,30264.9492302161,9833038.0,-0.227566270988219,7.725,10.0,0.0,24.0,0.0,0.0,0.0,0.0,0.0,0.5,0.0,3,4.7,2.03216990678146,28891.0217544976,1.73319984983101,10.177,0.0,10.0,3.183261773960564,0.0,0.0,0.0,0.5,0.0,0.0
HUN,2015,0,1,4.2,3.65981615406955,31485.5675425634,9797755.0,-0.0616446800641672,6.813,10.0,0.0,25.0,0.0,0.0,0.0,0.0,0.0,0.5,0.0,4,4.5,4.33435364113967,30264.9492302161,-0.227566270988219,7.725,0.0,10.0,3.9970848976046094,0.0,0.0,0.0,0.5,0.0,0.0
HUN,2016,0,1,4.0,2.43864141309342,32378.9674983075,9759755.0,0.394769306686392,5.115,10.0,0.0,26.0,0.0,0.0,0.0,0.0,0.0,0.5,0.0,5,4.2,3.65981615406955,31485.5675425634,-0.0616446800641672,6.813,0.0,10.0,3.0492287835814844,0.0,0.0,0.0,0.5,0.0,0.0
HUN,2017,0,1,3.7,4.12418389451805,33828.714942571,9726756.0,2.34824281150154,4.156,10.0,0.0,27.0,0.0,0.0,0.0,0.0,0.0,0.5,0.0,6,4.0,2.43864141309342,32378.9674983075,0.394769306686392,5.115,0.0,10.0,3.281412653805735,0.0,0.0,0.0,0.5,0.0,0.0
HUN,2018,0,1,3.6,5.60613813768876,35798.0412754022,9706964.0,2.85024792594646,3.667,10.0,0.0,28.0,0.0,0.0,0.0,0.0,0.0,0.5,0.0,7,3.7,4.12418389451805,33828.714942571,2.34824281150154,4.156,0.0,10.0,4.8651610161034045,0.0,0.0,0.0,0.5,0.0,0.0
HUN,2019,0,1,3.4,5.07718495088933,37662.67681014,9694824.0,3.33858635382008,3.411,10.0,0.0,28.0,0.0,0.0,0.0,0.0,0.0,0.5,0.0,8,3.6,5.60613813768876,35798.0412754022,2.85024792594646,3.667,0.0,10.0,5.341661544289044,0.0,0.0,0.0,0.5,0.0,0.0
HUN,2020,0,1,3.4,-4.33872540024058,36119.5211735652,9670419.0,3.32674385766738,4.248,10.0,0.0,28.0,0.0,0.0,0.0,0.0,0.0,0.5,0.0,9,3.4,5.07718495088933,37662.67681014,3.33858635382008,3.411,0.0,10.0,0.36922977532437473,0.0,0.0,0.0,0.5,0.0,0.0
HUN,2021,0,1,3.3,7.22291580811137,38887.1909527154,9630932.0,5.11096534382855,4.021,10.0,0.0,28.0,0.0,0.0,0.0,0.0,0.0,0.5,0.0,10,3.4,-4.33872540024058,36119.5211735652,3.32674385766738,4.248,0.0,10.0,1.442095203935395,0.0,0.0,0.0,0.5,0.0,0.0
HUN,2022,0,1,3.2,4.15238057779229,40610.9711368238,9605074.0,14.6081439492433,3.583,10.0,0.0,28.0,0.0,0.0,0.0,0.0,0.0,0.5,0.0,11,3.3,7.22291580811137,38887.1909527154,5.11096534382855,4.021,0.0,10.0,5.68764819295183,0.0,1.0,0.0,0.5,0.0,0.0
HUN,2023,0,1,3.2,-0.817107370513455,40333.2546888118,9592186.0,17.1249659678737,4.096,10.0,0.0,28.0,0.0,0.0,0.0,0.0,0.0,0.5,0.0,12,3.2,4.15238057779229,40610.9711368238,14.6081439492433,3.583,0.0,10.0,1.6676366036394177,0.0,1.0,0.0,0.5,0.0,0.0
HUN,2024,0,1,3.1,0.709070599066038,40747.1986679668,9562065.0,3.70370370370369,4.5,10.0,0.0,28.0,0.0,0.0,0.0,0.0,0.0,0.5,0.0,13,3.2,-0.817107370513455,40333.2546888118,17.1249659678737,4.096,0.0,10.0,-0.054018385723708484,0.0,0.0,0.0,0.5,0.0,0.0
IDN,1970,0,0,112.2,7.55463451394223,18270.06444120635,115657495.0,12.399468513041,6.6025,-7.0,0.0,3.0,2.0,0.0,2.0,0.0,1.0,0.5,0.0,0,18.4,3.53620866972961,18109.67372703895,5.66318573909345,6.662,0.0,8.0,7.55463451394223,1.0,1.0,0.5,0.0,0.0,0.0
IDN,1971,0,0,109.1,7.02399719740848,18270.06444120635,118833702.0,4.23374587741607,6.6025,-7.0,0.0,4.0,2.0,0.0,2.0,0.0,1.0,0.5,0.0,1,112.2,7.55463451394223,18109.67372703895,12.399468513041,6.662,2.0,-7.0,7.289315855675355,1.0,0.0,0.5,0.0,0.0,0.0
IDN,1972,0,0,106.1,7.03764320785962,18270.06444120635,122039841.0,6.52174091852604,6.6025,-7.0,0.0,5.0,2.0,0.0,2.0,0.0,1.0,0.5,0.0,2,109.1,7.02399719740848,18109.67372703895,4.23374587741607,6.662,2.0,-7.0,7.03082020263405,1.0,0.0,0.5,0.0,0.0,0.0
IDN,1973,0,0,103.3,8.1039755351653,18270.06444120635,125288515.0,31.0418824339182,6.6025,-7.0,0.0,6.0,2.0,0.0,2.0,0.0,1.0,0.5,0.0,3,106.1,7.03764320785962,18109.67372703895,6.52174091852604,6.662,2.0,-7.0,7.5708093715124605,1.0,1.0,0.5,0.0,0.0,0.0
IDN,1974,0,0,100.6,7.6346729055067,18270.06444120635,128555045.0,40.491811600695,6.6025,-7.0,0.0,7.0,2.0,0.0,2.0,0.0,1.0,0.5,0.0,4,103.3,8.1039755351653,18109.67372703895,31.0418824339182,6.662,2.0,-7.0,7.869324220336001,1.0,1.0,0.5,0.0,0.0,0.0
IDN,1975,0,0,98.0,4.97730086669512,18270.06444120635,131843848.0,19.1656916610533,6.6025,-7.0,0.0,8.0,4.0,0.0,4.0,0.0,1.0,0.5,0.0,5,100.6,7.6346729055067,18109.67372703895,40.491811600695,6.662,2.0,-7.0,6.30598688610091,1.0,1.0,0.5,0.0,0.0,0.0
IDN,1976,0,0,95.6,6.88656497352524,18270.06444120635,135173655.0,19.8286499927534,6.6025,-7.0,0.0,9.0,9.0,5.0,4.0,0.0,1.0,0.5,0.0,6,98.0,4.97730086669512,18109.67372703895,19.1656916610533,6.662,4.0,-7.0,5.93193292011018,1.0,1.0,0.5,0.0,0.0,0.0
IDN,1977,0,0,93.3,8.76132560106353,18270.06444120635,138533541.0,11.0520846464477,6.6025,-7.0,0.0,10.0,9.0,5.0,4.0,0.0,1.0,0.5,0.0,7,95.6,6.88656497352524,18109.67372703895,19.8286499927534,6.662,9.0,-7.0,7.823945287294386,1.0,1.0,0.5,0.0,0.0,0.0
IDN,1978,0,0,91.1,6.76706985763171,18270.06444120635,141953163.0,8.11259425677378,6.6025,-7.0,0.0,11.0,9.0,5.0,4.0,0.0,1.0,0.5,0.0,8,93.3,8.76132560106353,18109.67372703895,11.0520846464477,6.662,9.0,-7.0,7.76419772934762,1.0,0.0,0.5,0.0,0.0,0.0
IDN,1979,0,0,89.0,7.32430948559606,18270.06444120635,145434834.0,16.2327695334308,6.6025,-7.0,0.0,12.0,9.0,5.0,4.0,0.0,1.0,0.5,0.0,9,91.1,6.76706985763171,18109.67372703895,8.11259425677378,6.662,9.0,-7.0,7.045689671613884,1.0,1.0,0.5,0.0,0.0,0.0
IDN,1980,0,0,86.9,9.88007752166418,18270.06444120635,148950540.0,18.035422125313,6.6025,-7.0,0.0,13.0,9.0,5.0,4.0,0.0,1.0,0.5,0.0,10,89.0,7.32430948559606,18109.67372703895,16.2327695334308,6.662,9.0,-7.0,8.602193503630119,1.0,1.0,0.5,0.0,0.0,0.0
IDN,1981,0,0,84.8,7.92715682412874,18270.06444120635,152485035.0,12.2659075874853,6.6025,-7.0,0.0,14.0,9.0,5.0,4.0,0.0,1.0,0.5,0.0,11,86.9,9.88007752166418,18109.67372703895,18.035422125313,6.662,9.0,-7.0,8.903617172896459,1.0,1.0,0.5,0.0,0.0,0.0
IDN,1982,0,0,82.7,2.24644534036375,18270.06444120635,156052152.0,9.44542534921144,6.6025,-7.0,0.0,15.0,9.0,5.0,4.0,0.0,1.0,0.5,0.0,12,84.8,7.92715682412874,18109.67372703895,12.2659075874853,6.662,9.0,-7.0,5.086801082246243,1.0,0.0,0.5,0.0,0.0,0.0
IDN,1983,0,0,80.6,4.1929673681999,18270.06444120635,159651381.0,11.7997382076652,6.6025,-7.0,0.0,16.0,9.0,5.0,4.0,0.0,1.0,0.5,0.0,13,82.7,2.24644534036375,18109.67372703895,9.44542534921144,6.662,9.0,-7.0,3.2197063542818234,1.0,1.0,0.5,0.0,0.0,0.0
IDN,1984,0,0,78.5,6.97552780884124,18270.06444120635,163251124.0,10.4550392231412,6.6025,-7.0,0.0,17.0,9.0,5.0,4.0,0.0,1.0,0.5,0.0,14,80.6,4.1929673681999,18109.67372703895,11.7997382076652,6.662,9.0,-7.0,5.584247588520569,1.0,1.0,0.5,0.0,0.0,0.0
IDN,1985,0,0,76.3,2.46214356422551,18270.06444120635,166776185.0,4.72453518543398,6.6025,-7.0,0.0,18.0,9.0,5.0,4.0,0.0,1.0,0.5,0.0,15,78.5,6.97552780884124,18109.67372703895,10.4550392231412,6.662,9.0,-7.0,4.718835686533373,1.0,0.0,0.5,0.0,0.0,0.0
IDN,1986,0,0,74.1,5.87504510359864,18270.06444120635,170175065.0,5.82266576732484,6.6025,-7.0,0.0,19.0,9.0,5.0,4.0,0.0,1.0,0.5,0.0,16,76.3,2.46214356422551,18109.67372703895,4.72453518543398,6.662,9.0,-7.0,4.168594333912074,1.0,0.0,0.5,0.0,0.0,0.0
IDN,1987,0,0,71.8,4.92592736496611,18270.06444120635,173511154.0,9.27865406602839,6.6025,-7.0,0.0,20.0,9.0,5.0,4.0,0.0,1.0,0.5,0.0,17,74.1,5.87504510359864,18109.67372703895,5.82266576732484,6.662,9.0,-7.0,5.400486234282374,1.0,0.0,0.5,0.0,0.0,0.0
IDN,1988,0,0,69.4,5.7804984881177,18270.06444120635,176855065.0,8.04535671530907,6.6025,-7.0,0.0,21.0,9.0,5.0,4.0,0.0,1.0,0.5,0.0,18,71.8,4.92592736496611,18109.67372703895,9.27865406602839,6.662,9.0,-7.0,5.353212926541904,1.0,0.0,0.5,0.0,0.0,0.0
IDN,1989,0,0,66.9,7.45658692516847,18270.06444120635,180201630.0,6.41554079916364,6.6025,-7.0,0.0,22.0,9.0,5.0,4.0,0.0,1.0,0.5,0.0,19,69.4,5.7804984881177,18109.67372703895,8.04535671530907,6.662,9.0,-7.0,6.618542706643083,1.0,0.0,0.5,0.0,0.0,0.0
IDN,1990,0,0,64.4,7.24213163856464,4873.05380133263,183501098.0,7.81919756505635,6.6025,-7.0,0.0,23.0,9.0,5.0,4.0,0.0,1.0,0.5,0.0,20,66.9,7.45658692516847,18109.67372703895,6.41554079916364,6.662,9.0,-7.0,7.349359281866553,1.0,0.0,0.5,0.0,0.0,0.0
IDN,1991,0,0,61.8,6.91198283591309,5118.46789591815,186778238.0,9.41906784347004,2.617,-7.0,0.0,24.0,9.0,5.0,4.0,0.0,1.0,0.5,0.0,21,64.4,7.24213163856464,4873.05380133263,7.81919756505635,6.662,9.0,-7.0,7.077057237238863,1.0,0.0,0.5,0.0,0.0,0.0
IDN,1992,0,0,59.3,6.49750651682714,5357.3758979759,190043744.0,7.52351006242677,2.734,-7.0,0.0,25.0,7.0,5.0,2.0,0.0,1.0,0.5,0.0,22,61.8,6.91198283591309,5118.46789591815,9.41906784347004,2.617,9.0,-7.0,6.7047446763701135,1.0,0.0,0.5,0.0,0.0,0.0
IDN,1993,0,0,56.8,6.49640812045304,5609.15178814269,193305168.0,9.6719108926401,2.782,-7.0,0.0,26.0,2.0,0.0,2.0,0.0,1.0,0.5,0.0,23,59.3,6.49750651682714,5357.3758979759,7.52351006242677,2.734,7.0,-7.0,6.496957318640089,1.0,0.0,0.5,0.0,0.0,0.0
IDN,1994,0,0,54.3,7.53997109551439,5931.23473426762,196591828.0,8.53199829189143,4.366,-7.0,0.0,27.0,0.0,0.0,0.0,0.0,0.0,0.5,0.0,24,56.8,6.49640812045304,5609.15178814269,9.6719108926401,2.782,2.0,-7.0,7.018189607983713,1.0,0.0,0.5,0.0,0.0,0.0
IDN,1995,0,0,52.0,8.22000739903493,6312.93453561158,199888057.0,9.42030300572996,4.611,-7.0,0.0,28.0,0.0,0.0,0.0,0.0,0.0,0.5,0.0,25,54.3,7.53997109551439,5931.23473426762,8.53199829189143,4.366,0.0,-7.0,7.879989247274658,1.0,0.0,0.5,0.0,0.0,0.0
IDN,1996,0,0,49.7,7.81818707670867,6695.40975787395,203204348.0,7.97328096513346,4.861,-7.0,0.0,29.0,0.0,0.0,0.0,0.0,0.0,0.5,0.0,26,52.0,8.22000739903493,6312.93453561158,9.42030300572996,4.611,0.0,-7.0,8.019097237871797,1.0,0.0,0.5,0.0,0.0,0.0
IDN,1997,0,0,47.5,4.69987885390397,6897.00236563331,206536095.0,6.22615154887214,4.684,-7.0,0.0,30.0,1.0,0.0,1.0,0.0,1.0,0.5,0.0,27,49.7,7.81818707670867,6695.40975787395,7.97328096513346,4.861,0.0,-7.0,6.259032965306318,1.0,0.0,0.5,0.0,0.0,0.0
IDN,1998,0,0,45.4,-13.1267254923818,5897.68530859207,209826788.0,58.4510413515526,5.459,-5.0,1.0,0.0,3.0,2.0,1.0,0.0,1.0,0.5,0.0,28,47.5,4.69987885390397,6897.00236563331,6.22615154887214,4.684,1.0,-7.0,-4.213423319238917,1.0,1.0,0.5,0.0,0.0,0.0
IDN,1999,0,0,43.4,0.79112608199847,5855.65800744994,213004668.0,20.4778324428892,6.358,6.0,0.0,0.0,4.0,0.0,4.0,0.0,1.0,0.5,0.0,29,45.4,-13.1267254923818,5897.68530859207,58.4510413515526,5.459,3.0,-5.0,-6.167799705191666,1.0,1.0,0.5,0.0,0.0,0.0
IDN,2000,0,0,41.4,4.9200677470169,6056.38197842165,216077790.0,3.68862037056682,6.077,6.0,0.0,1.0,2.0,0.0,2.0,0.0,1.0,0.5,0.0,30,43.4,0.79112608199847,5855.65800744994,20.4778324428892,6.358,4.0,6.0,2.855596914507683,1.0,0.0,0.5,0.0,0.0,0.0
IDN,2001,0,0,39.6,3.64346644721492,6190.51954040991,219097902.0,11.5001160550887,6.082,6.0,0.0,2.0,3.0,0.0,3.0,0.0,1.0,0.5,0.0,31,41.4,4.9200677470169,6056.38197842165,3.68862037056682,6.077,2.0,6.0,4.281767097115908,1.0,1.0,0.5,0.0,0.0,0.0
IDN,2002,0,0,37.9,4.49947539085764,6381.94955179996,222088495.0,11.9001200338414,6.604,6.0,0.0,3.0,2.0,0.0,2.0,0.0,1.0,0.5,0.0,32,39.6,3.64346644721492,6190.51954040991,11.5001160550887,6.082,3.0,6.0,4.071470919036278,1.0,1.0,0.5,0.0,0.0,0.0
IDN,2003,0,0,36.3,4.78036912167654,6599.09193597034,225048008.0,6.75731256333564,6.657,6.0,0.0,4.0,1.0,0.0,1.0,0.0,1.0,0.5,0.0,33,37.9,4.49947539085764,6381.94955179996,11.9001200338414,6.604,2.0,6.0,4.639922256267088,1.0,0.0,0.5,0.0,0.0,0.0
IDN,2004,1,0,36.9,5.03087394501685,6843.54654972364,227926649.0,6.06406189133648,7.303,8.0,0.0,5.0,1.0,0.0,1.0,0.0,1.0,0.5,0.0,34,36.3,4.78036912167654,6599.09193597034,6.75731256333564,6.657,1.0,6.0,4.905621533346693,1.0,0.0,0.5,0.0,0.0,0.0
IDN,2005,0,0,33.3,5.69257130383384,7140.8545640704,230871650.0,10.4532001873347,7.945,8.0,0.0,6.0,1.0,0.0,1.0,0.0,1.0,0.5,0.0,0,36.9,5.03087394501685,6843.54654972364,6.06406189133648,7.303,1.0,8.0,5.361722624425344,1.0,1.0,0.5,0.0,0.0,0.0
IDN,2006,0,0,31.9,5.50095178520348,7434.48785352221,233951652.0,13.108670985346,7.551,8.0,0.0,7.0,0.0,0.0,0.0,0.0,0.0,0.5,0.0,1,33.3,5.69257130383384,7140.8545640704,10.4532001873347,7.945,1.0,8.0,5.5967615445186585,1.0,1.0,0.5,0.0,0.0,0.0
IDN,2007,0,0,30.6,6.34502222667214,7802.46406905954,237062337.0,6.40656087966005,8.06,8.0,0.0,8.0,0.0,0.0,0.0,0.0,0.0,0.5,0.0,2,31.9,5.50095178520348,7434.48785352221,13.108670985346,7.551,0.0,8.0,5.922987005937808,1.0,0.0,0.5,0.0,0.0,0.0
IDN,2008,0,0,29.4,6.01370360009123,8165.06155116624,240157903.0,10.2266663272483,7.208,8.0,0.0,9.0,0.0,0.0,0.0,0.0,0.0,0.5,0.0,3,30.6,6.34502222667214,7802.46406905954,6.40656087966005,8.06,0.0,8.0,6.1793629133816825,1.0,1.0,0.5,0.0,0.0,0.0
IDN,2009,0,0,28.2,4.62887118256153,8435.4557468629,243220028.0,4.38641311792074,6.106,8.0,0.0,10.0,0.0,0.0,0.0,0.0,0.0,0.5,0.0,4,29.4,6.01370360009123,8165.06155116624,10.2266663272483,7.208,0.0,8.0,5.321287391326377,1.0,0.0,0.5,0.0,0.0,0.0
IDN,2010,0,0,27.0,6.22385418062366,8848.22473702066,246305322.0,5.13420639015885,5.614,8.0,0.0,11.0,0.0,0.0,0.0,0.0,0.0,0.5,0.0,5,28.2,4.62887118256153,8435.4557468629,4.38641311792074,6.106,0.0,8.0,5.426362681592593,1.0,0.0,0.5,0.0,0.0,0.0
IDN,2011,0,0,25.9,6.16978420771008,9274.96955181702,249470032.0,5.35604849112582,5.153,8.0,0.0,12.0,0.0,0.0,0.0,0.0,0.0,0.5,0.0,6,27.0,6.22385418062366,8848.22473702066,5.13420639015885,5.614,0.0,8.0,6.196819194166869,1.0,0.0,0.5,0.0,0.0,0.0
IDN,2012,0,0,24.9,6.03005065305615,9708.61182531081,252698525.0,4.2795142691943,4.468,8.0,0.0,13.0,0.0,0.0,0.0,0.0,0.0,0.5,0.0,7,25.9,6.16978420771008,9274.96955181702,5.35604849112582,5.153,0.0,8.0,6.099917430383114,1.0,0.0,0.5,0.0,0.0,0.0
IDN,2013,0,0,23.9,5.5572636889101,10121.8141535043,255852467.0,6.41249457900391,4.336,8.0,0.0,14.0,0.0,0.0,0.0,0.0,0.0,0.5,0.0,8,24.9,6.03005065305615,9708.61182531081,4.2795142691943,4.468,0.0,8.0,5.793657170983123,1.0,0.0,0.5,0.0,0.0,0.0
IDN,2014,1,0,22.9,5.006668425755,10504.3869411088,258877399.0,6.39492882396559,4.049,9.0,0.0,15.0,0.0,0.0,0.0,0.0,0.0,0.5,0.0,9,23.9,5.5572636889101,10121.8141535043,6.41249457900391,4.336,0.0,8.0,5.281966057332548,1.0,0.0,0.5,0.0,0.0,0.0
IDN,2015,0,0,21.9,4.87632230022123,10893.6621142169,261799249.0,6.36312061196646,4.514,9.0,0.0,16.0,0.0,0.0,0.0,0.0,0.0,0.5,0.0,0,22.9,5.006668425755,10504.3869411088,6.39492882396559,4.049,0.0,9.0,4.941495362988113,1.0,0.0,0.5,0.0,0.0,0.0
IDN,2016,0,0,21.0,5.03306918280177,11319.6634287738,264627418.0,3.52580452815451,4.301,9.0,0.0,17.0,0.0,0.0,0.0,0.0,0.0,0.5,0.0,1,21.9,4.87632230022123,10893.6621142169,6.36312061196646,4.514,0.0,9.0,4.9546957415114985,1.0,0.0,0.5,0.0,0.0,0.0
IDN,2017,0,0,20.1,5.06978590134916,11772.5743296107,267346658.0,3.80879857691949,3.783,9.0,0.0,18.0,0.0,0.0,0.0,0.0,0.0,0.5,0.0,2,21.0,5.03306918280177,11319.6634287738,3.52580452815451,4.301,0.0,9.0,5.051427542075464,1.0,0.0,0.5,0.0,0.0,0.0
IDN,2018,0,0,19.3,5.17429153955024,12262.2310300771,269951846.0,3.19834755924996,4.387,9.0,0.0,19.0,0.0,0.0,0.0,0.0,0.0,0.5,0.0,3,20.1,5.06978590134916,11772.5743296107,3.80879857691949,3.783,0.0,9.0,5.122038720449698,1.0,0.0,0.5,0.0,0.0,0.0
IDN,2019,0,0,18.5,5.01928768046282,12757.7850854842,272489381.0,3.03058460941661,3.59,9.0,0.0,19.0,0.0,0.0,0.0,0.0,0.0,0.5,0.0,4,19.3,5.17429153955024,12262.2310300771,3.19834755924996,4.387,0.0,9.0,5.096789610006528,1.0,0.0,0.5,0.0,0.0,0.0
IDN,2020,0,0,17.7,-2.06551182934165,12388.5449268131,274814866.0,1.91983527270793,4.255,9.0,0.0,19.0,0.0,0.0,0.0,0.0,0.0,0.5,0.0,5,18.5,5.01928768046282,12757.7850854842,3.03058460941661,3.59,0.0,9.0,1.4768879255605831,0.0,0.0,0.0,0.0,0.0,0.0
IDN,2021,0,0,17.0,3.70288562827751,12757.0746440204,276758053.0,1.56007882983334,3.827,9.0,0.0,19.0,0.0,0.0,0.0,0.0,0.0,0.5,0.0,6,17.7,-2.06551182934165,12388.5449268131,1.91983527270793,4.255,0.0,9.0,0.8186868994679284,0.0,0.0,0.0,0.0,0.0,0.0
IDN,2022,0,0,16.3,5.30719722664799,13334.2653947637,278830529.0,4.20946463714784,3.462,9.0,0.0,19.0,0.0,0.0,0.0,0.0,0.0,0.5,0.0,7,17.0,3.70288562827751,12757.0746440204,1.56007882983334,3.827,0.0,9.0,4.505041427462748,0.0,0.0,0.0,0.0,0.0,0.0
IDN,2023,0,0,15.7,5.04883117855516,13889.9495012858,281190067.0,3.66938654859761,3.308,9.0,0.0,19.0,0.0,0.0,0.0,0.0,0.0,0.5,0.0,8,16.3,5.30719722664799,13334.2653947637,4.20946463714784,3.462,0.0,9.0,5.178014202601573,0.0,0.0,0.0,0.0,0.0,0.0
IDN,2024,0,0,15.2,5.03257477088519,14470.7179806578,283487931.0,2.18151273615189,3.301,9.0,0.0,19.0,0.0,0.0,0.0,0.0,0.0,0.5,0.0,9,15.7,5.04883117855516,13889.9495012858,3.66938654859761,3.308,0.0,9.0,5.040702974720173,0.0,0.0,0.0,0.0,0.0,0.0
IND,1970,0,0,134.8,5.15722973608261,18270.06444120635,545864268.0,5.09226161997545,6.6025,8.0,0.0,3.0,3.0,1.0,2.0,0.0,1.0,0.5,0.0,0,18.4,3.53620866972961,18109.67372703895,5.66318573909345,6.662,0.0,8.0,5.15722973608261,1.0,0.0,0.5,0.0,0.0,0.0
IND,1971,0,0,133.1,1.64293038388766,18270.06444120635,558096387.0,3.07993868406546,6.6025,8.0,0.0,4.0,6.0,1.0,2.0,3.0,1.0,0.5,0.0,1,134.8,5.15722973608261,18109.67372703895,5.09226161997545,6.662,3.0,8.0,3.400080059985135,1.0,0.0,0.5,0.0,0.0,0.0
IND,1972,0,0,131.2,-0.553301312377712,18270.06444120635,570482142.0,6.44209746158235,6.6025,8.0,0.0,5.0,3.0,1.0,2.0,0.0,1.0,0.5,0.0,2,133.1,1.64293038388766,18109.67372703895,3.07993868406546,6.662,6.0,8.0,0.5448145357549741,1.0,0.0,0.5,0.0,0.0,0.0
IND,1973,0,0,129.0,3.29552113522354,18270.06444120635,583465598.0,16.9408159791736,6.6025,8.0,0.0,6.0,3.0,1.0,2.0,0.0,1.0,0.5,0.0,3,131.2,-0.553301312377712,18109.67372703895,6.44209746158235,6.662,3.0,8.0,1.371109911422914,1.0,1.0,0.5,0.0,0.0,0.0
IND,1974,0,0,126.7,1.18533626034039,18270.06444120635,597041391.0,28.5987340775089,6.6025,8.0,0.0,7.0,3.0,1.0,2.0,0.0,1.0,0.5,0.0,4,129.0,3.29552113522354,18109.67372703895,16.9408159791736,6.662,3.0,8.0,2.240428697781965,1.0,1.0,0.5,0.0,0.0,0.0
IND,1975,0,0,124.0,9.14991201480592,18270.06444120635,611309535.0,5.74843029767442,6.6025,6.0,0.0,8.0,3.0,1.0,2.0,0.0,1.0,0.5,0.0,5,126.7,1.18533626034039,18109.67372703895,28.5987340775089,6.662,3.0,8.0,5.1676241375731555,1.0,0.0,0.5,0.0,0.0,0.0
IND,1976,0,0,121.1,1.66310363661279,18270.06444120635,625861883.0,-7.63394763392881,6.6025,6.0,0.0,9.0,3.0,1.0,2.0,0.0,1.0,0.5,0.0,6,124.0,9.14991201480592,18109.67372703895,5.74843029767442,6.662,3.0,6.0,5.4065078257093555,1.0,0.0,0.5,0.0,0.0,0.0
IND,1977,1,0,117.9,7.25476458583569,18270.06444120635,640801103.0,8.30747009171166,6.6025,8.0,0.0,10.0,3.0,1.0,2.0,0.0,1.0,0.5,0.0,7,121.1,1.66310363661279,18109.67372703895,-7.63394763392881,6.662,3.0,6.0,4.45893411122424,1.0,0.0,0.5,0.0,0.0,0.0
IND,1978,0,0,114.7,5.71253208900188,18270.06444120635,655728229.0,2.52304875695179,6.6025,8.0,0.0,11.0,3.0,1.0,2.0,0.0,1.0,0.5,0.0,0,117.9,7.25476458583569,18109.67372703895,8.30747009171166,6.662,3.0,8.0,6.483648337418785,1.0,0.0,0.5,0.0,0.0,0.0
IND,1979,0,0,111.4,-5.2381827027895,18270.06444120635,671155747.0,6.27568336762338,6.6025,8.0,0.0,12.0,3.0,1.0,2.0,0.0,1.0,0.5,0.0,1,114.7,5.71253208900188,18109.67372703895,2.52304875695179,6.662,3.0,8.0,0.23717469310619022,1.0,0.0,0.5,0.0,0.0,0.0
IND,1980,1,0,108.2,6.7358215279985,18270.06444120635,687354025.0,11.3460734795095,6.6025,8.0,0.0,13.0,3.0,1.0,2.0,0.0,1.0,0.5,0.0,2,111.4,-5.2381827027895,18109.67372703895,6.27568336762338,6.662,3.0,8.0,0.7488194126045,1.0,1.0,0.5,0.0,0.0,0.0
IND,1981,0,0,105.2,6.00620362381767,18270.06444120635,703696250.0,13.112546897642,6.6025,8.0,0.0,14.0,3.0,1.0,2.0,0.0,1.0,0.5,0.0,0,108.2,6.7358215279985,18109.67372703895,11.3460734795095,6.662,3.0,8.0,6.371012575908084,1.0,1.0,0.5,0.0,0.0,0.0
IND,1982,0,0,102.4,3.47573324031237,18270.06444120635,720313473.0,7.89074279377487,6.6025,8.0,0.0,15.0,3.0,1.0,2.0,0.0,1.0,0.5,0.0,1,105.2,6.00620362381767,18109.67372703895,13.112546897642,6.662,3.0,8.0,4.74096843206502,1.0,0.0,0.5,0.0,0.0,0.0
IND,1983,0,0,99.8,7.28889290124586,18270.06444120635,737372681.0,11.8680812986734,6.6025,8.0,0.0,16.0,7.0,2.0,5.0,0.0,1.0,0.5,0.0,2,102.4,3.47573324031237,18109.67372703895,7.89074279377487,6.662,3.0,8.0,5.382313070779115,1.0,1.0,0.5,0.0,0.0,0.0
IND,1984,0,0,97.5,3.8207378559735,18270.06444120635,754875449.0,8.31890711860072,6.6025,8.0,0.0,17.0,5.0,0.0,5.0,0.0,1.0,0.5,0.0,3,99.8,7.28889290124586,18109.67372703895,11.8680812986734,6.662,7.0,8.0,5.55481537860968,1.0,0.0,0.5,0.0,0.0,0.0
IND,1985,0,0,95.2,5.25429922330889,18270.06444120635,772647793.0,5.55642423236554,6.6025,8.0,0.0,18.0,5.0,0.0,5.0,0.0,1.0,0.5,0.0,4,97.5,3.8207378559735,18109.67372703895,8.31890711860072,6.662,5.0,8.0,4.537518539641194,1.0,0.0,0.5,0.0,0.0,0.0
IND,1986,0,0,93.0,4.77656417048946,18270.06444120635,790689978.0,8.72972072702581,6.6025,8.0,0.0,19.0,5.0,0.0,5.0,0.0,1.0,0.5,0.0,5,95.2,5.25429922330889,18109.67372703895,5.55642423236554,6.662,5.0,8.0,5.015431696899175,1.0,0.0,0.5,0.0,0.0,0.0
IND,1987,0,0,90.8,3.96535563390576,18270.06444120635,808931270.0,8.80112581251833,6.6025,8.0,0.0,20.0,5.0,0.0,5.0,0.0,1.0,0.5,0.0,6,93.0,4.77656417048946,18109.67372703895,8.72972072702581,6.662,5.0,8.0,4.37095990219761,1.0,0.0,0.5,0.0,0.0,0.0
IND,1988,0,1,88.6,9.62778291984834,18270.06444120635,827342990.0,9.38347186185336,6.6025,8.0,0.0,21.0,5.0,0.0,5.0,0.0,1.0,0.5,0.0,7,90.8,3.96535563390576,18109.67372703895,8.80112581251833,6.662,5.0,8.0,6.796569276877049,1.0,0.0,0.5,0.5,0.0,0.0
IND,1989,1,1,86.4,5.94734332826503,18270.06444120635,846039529.0,7.07428002942296,6.6025,8.0,0.0,22.0,5.0,0.0,5.0,0.0,1.0,0.5,0.0,8,88.6,9.62778291984834,18109.67372703895,9.38347186185336,6.662,5.0,8.0,7.787563124056684,1.0,0.0,0.5,0.5,0.0,0.0
IND,1990,0,1,84.4,5.53345456306495,2139.82749174123,864972221.0,8.97123250273255,6.6025,8.0,0.0,23.0,8.0,0.0,8.0,0.0,1.0,0.5,0.0,0,86.4,5.94734332826503,18109.67372703895,7.07428002942296,6.662,5.0,8.0,5.740398945664989,1.0,0.0,0.5,0.5,0.0,0.0
IND,1991,1,1,82.5,1.05683143296179,2116.06939249228,883927600.0,13.8702461773683,7.641,8.0,0.0,24.0,10.0,0.0,10.0,0.0,1.0,0.5,0.0,1,84.4,5.53345456306495,2139.82749174123,8.97123250273255,6.662,8.0,8.0,3.295142998013369,1.0,1.0,0.5,0.5,0.0,0.0
IND,1992,0,1,80.7,5.48239602167003,2185.04046180678,902957070.0,11.7878170418134,7.649,8.0,0.0,25.0,10.0,0.0,10.0,0.0,1.0,0.5,0.0,0,82.5,1.05683143296179,2116.06939249228,13.8702461773683,7.641,10.0,8.0,3.269613727315909,1.0,1.0,0.5,0.5,0.0,0.0
IND,1993,0,1,79.0,4.7507762195799,2241.28535932488,922118387.0,6.32689048779867,7.662,8.0,0.0,26.0,10.0,0.0,10.0,0.0,1.0,0.5,0.0,1,80.7,5.48239602167003,2185.04046180678,11.7878170418134,7.649,10.0,8.0,5.116586120624964,1.0,0.0,0.5,0.5,0.0,0.0
IND,1994,0,1,77.3,6.65892406747307,2342.15609263829,941163767.0,10.2479355556119,7.593,8.0,0.0,27.0,7.0,0.0,7.0,0.0,1.0,0.5,0.0,2,79.0,4.7507762195799,2241.28535932488,6.32689048779867,7.662,10.0,8.0,5.704850143526484,1.0,1.0,0.5,0.5,0.0,0.0
IND,1995,0,1,75.6,7.57449184027195,2469.3516292637,960301044.0,10.2248861637545,7.57,8.0,0.0,28.0,7.0,0.0,7.0,0.0,1.0,0.5,0.0,3,77.3,6.65892406747307,2342.15609263829,10.2479355556119,7.593,7.0,8.0,7.116707953872509,1.0,1.0,0.5,0.5,0.0,0.0
IND,1996,1,2,73.9,7.54952224888829,2603.24632974171,979678458.0,8.97715233826453,7.537,8.0,0.0,29.0,7.0,0.0,7.0,0.0,1.0,0.5,0.0,4,75.6,7.57449184027195,2469.3516292637,10.2248861637545,7.57,7.0,8.0,7.562007044580119,1.0,0.0,0.5,1.0,0.0,1.0
IND,1997,0,2,72.1,4.04982084902483,2655.92939429507,999133762.0,7.16425211462721,7.574,8.0,0.0,30.0,7.0,0.0,7.0,0.0,1.0,0.5,0.0,0,73.9,7.54952224888829,2603.24632974171,8.97715233826453,7.537,7.0,8.0,5.799671548956559,1.0,0.0,0.5,1.0,0.0,1.0
IND,1998,1,2,70.2,6.18441582080355,2766.110488608,1018665080.0,13.2308389767977,7.596,9.0,0.0,31.0,7.0,0.0,7.0,0.0,1.0,0.5,0.0,1,72.1,4.04982084902483,2655.92939429507,7.16425211462721,7.574,7.0,8.0,5.117118334914189,1.0,1.0,0.5,1.0,0.0,1.0
IND,1999,0,2,68.3,8.84575556114116,2954.0688560393,1038225823.0,4.6698203803759,7.583,9.0,0.0,32.0,8.0,0.0,7.0,1.0,1.0,0.5,0.0,0,70.2,6.18441582080355,2766.110488608,13.2308389767977,7.596,7.0,9.0,7.515085690972354,1.0,0.0,0.5,1.0,0.0,1.0
IND,2000,0,2,66.3,3.84099115686554,3010.42156148397,1057922733.0,4.0094359104519,7.589,9.0,0.0,33.0,7.0,0.0,7.0,0.0,1.0,0.5,0.0,1,68.3,8.84575556114116,2954.0688560393,4.6698203803759,7.583,8.0,9.0,6.3433733590033485,1.0,0.0,0.5,1.0,0.0,1.0
IND,2001,0,2,64.3,4.82396626397303,3097.16224022342,1077898575.0,3.77929312235637,7.611,9.0,0.0,34.0,9.0,2.0,7.0,0.0,1.0,0.5,0.0,2,66.3,3.84099115686554,3010.42156148397,4.0094359104519,7.589,7.0,9.0,4.332478710419283,1.0,0.0,0.5,1.0,0.0,1.0
IND,2002,0,2,62.4,3.80397532120038,3157.26903770593,1097600380.0,4.29715203929562,7.681,9.0,0.0,35.0,9.0,2.0,7.0,0.0,1.0,0.5,0.0,3,64.3,4.82396626397303,3097.16224022342,3.77929312235637,7.611,9.0,9.0,4.313970792586703,1.0,0.0,0.5,1.0,0.0,1.0
IND,2003,0,2,60.4,7.86038147545045,3346.8882902915,1116803006.0,3.80585899528853,7.633,9.0,0.0,36.0,7.0,2.0,5.0,0.0,1.0,0.5,0.0,4,62.4,3.80397532120038,3157.26903770593,4.29715203929562,7.681,9.0,9.0,5.8321783983254125,1.0,0.0,0.5,1.0,0.0,1.0
IND,2004,1,3,58.5,7.92293661307978,3551.04731213773,1135991513.0,3.76725173477517,7.598,9.0,0.0,37.0,7.0,2.0,5.0,0.0,1.0,0.5,0.0,5,60.4,7.86038147545045,3346.8882902915,3.80585899528853,7.633,7.0,9.0,7.891659044265113,1.0,0.0,0.5,1.5,0.0,1.0
IND,2005,0,3,56.5,7.92343062131789,3770.39653173829,1154676322.0,4.24634362031924,7.551,9.0,0.0,38.0,7.0,2.0,5.0,0.0,1.0,0.5,0.0,0,58.5,7.92293661307978,3551.04731213773,3.76725173477517,7.598,7.0,9.0,7.923183617198832,1.0,0.0,0.5,1.5,0.0,1.0
IND,2006,0,3,54.5,8.06073257305057,4011.08647585805,1172878890.0,5.79652337561634,7.553,9.0,0.0,39.0,7.0,2.0,5.0,0.0,1.0,0.5,0.0,1,56.5,7.92343062131789,3770.39653173829,4.24634362031924,7.551,7.0,9.0,7.992081597184228,1.0,0.0,0.5,1.5,0.0,1.0
IND,2007,0,2,52.5,7.66081506510766,4253.82139046739,1190676021.0,6.37288135593231,7.562,9.0,0.0,40.0,7.0,2.0,5.0,0.0,1.0,0.5,0.0,2,54.5,8.06073257305057,4011.08647585805,5.79652337561634,7.553,7.0,9.0,7.860773819079112,1.0,0.0,0.5,1.0,0.0,1.0
IND,2008,0,2,50.5,3.08669805950082,4322.48378983546,1207930964.0,8.34926704907575,7.629,9.0,0.0,41.0,7.0,2.0,5.0,0.0,1.0,0.5,0.0,3,52.5,7.66081506510766,4253.82139046739,6.37288135593231,7.562,7.0,9.0,5.373756562304238,1.0,0.0,0.5,1.0,0.0,1.0
IND,2009,0,2,48.4,7.8618888330338,4595.37990753812,1225524753.0,10.8823529411764,7.636,9.0,0.0,42.0,7.0,2.0,5.0,0.0,1.0,0.5,0.0,4,50.5,3.08669805950082,4322.48378983546,8.34926704907575,7.629,7.0,9.0,5.474293446267309,1.0,1.0,0.5,1.0,0.0,1.0
IND,2010,0,2,46.3,8.49758470165625,4913.87639723705,1243481564.0,11.9893899204245,7.631,9.0,0.0,43.0,7.0,2.0,5.0,0.0,1.0,0.5,0.0,5,48.4,7.8618888330338,4595.37990753812,10.8823529411764,7.636,7.0,9.0,8.179736767345023,1.0,1.0,0.5,1.0,0.0,1.0
IND,2011,0,2,44.2,5.24131620024293,5098.67458775444,1261224954.0,8.9117933648336,7.609,9.0,0.0,44.0,7.0,2.0,5.0,0.0,1.0,0.5,0.0,6,46.3,8.49758470165625,4913.87639723705,11.9893899204245,7.631,7.0,9.0,6.8694504509495875,1.0,0.0,0.5,1.0,0.0,1.0
IND,2012,0,2,42.2,5.45638755164772,5303.50197767655,1278674502.0,9.47899691419793,7.645,9.0,0.0,45.0,7.0,2.0,5.0,0.0,1.0,0.5,0.0,7,44.2,5.24131620024293,5098.67458775444,8.9117933648336,7.609,7.0,9.0,5.348851875945323,1.0,0.0,0.5,1.0,0.0,1.0
IND,2013,0,2,40.1,6.38610640091713,5567.49439418718,1295829511.0,10.0178784746104,7.678,9.0,0.0,46.0,7.0,2.0,5.0,0.0,1.0,0.5,0.0,8,42.2,5.45638755164772,5303.50197767655,9.47899691419793,7.645,7.0,9.0,5.921246976282424,1.0,1.0,0.5,1.0,0.0,1.0
IND,2014,1,2,38.2,7.41022760516977,5905.10618204633,1312277191.0,6.66565671867899,7.656,9.0,0.0,47.0,7.0,2.0,5.0,0.0,1.0,0.5,0.0,9,40.1,6.38610640091713,5567.49439418718,10.0178784746104,7.678,7.0,9.0,6.898167003043449,1.0,0.0,0.5,1.0,0.0,1.0
IND,2015,0,2,36.3,7.99625378567987,6301.67346968236,1328024498.0,4.90697344127249,7.629,9.0,0.0,48.0,5.0,2.0,3.0,0.0,1.0,0.5,0.0,0,38.2,7.41022760516977,5905.10618204633,6.66565671867899,7.656,7.0,9.0,7.703240695424818,1.0,0.0,0.5,1.0,0.0,1.0
IND,2016,0,2,34.6,8.25630550176662,6741.14883185347,1343944296.0,4.94821634062134,7.611,9.0,0.0,49.0,5.0,2.0,3.0,0.0,1.0,0.5,0.0,1,36.3,7.99625378567987,6301.67346968236,4.90697344127249,7.629,5.0,9.0,8.126279643723244,1.0,0.0,0.5,1.0,0.0,1.0
IND,2017,0,2,32.9,6.79538341902422,7116.03659185396,1359657400.0,3.32817337461305,7.626,9.0,0.0,50.0,5.0,2.0,3.0,0.0,1.0,0.5,0.0,2,34.6,8.25630550176662,6741.14883185347,4.94821634062134,7.611,5.0,9.0,7.525844460395419,1.0,0.0,0.5,1.0,0.0,1.0
IND,2018,0,2,31.3,6.45385134495295,7492.62576755145,1374659064.0,3.93882646691643,7.652,9.0,0.0,51.0,5.0,2.0,3.0,0.0,1.0,0.5,0.0,3,32.9,6.79538341902422,7116.03659185396,3.32817337461305,7.626,5.0,9.0,6.624617381988582,1.0,0.0,0.5,1.0,0.0,1.0
IND,2019,0,2,29.8,3.87143694070524,7702.17634811957,1389030312.0,3.72950573539123,6.51,9.0,0.0,51.0,5.0,2.0,3.0,0.0,1.0,0.5,0.0,4,31.3,6.45385134495295,7492.62576755145,3.93882646691643,7.652,5.0,9.0,5.162644142829093,1.0,0.0,0.5,1.0,0.0,1.0
IND,2020,0,2,28.3,-5.77772470687303,7186.86447099679,1402617695.0,6.6234367762853,7.859,9.0,0.0,51.0,5.0,2.0,3.0,0.0,1.0,0.5,0.0,5,29.8,3.87143694070524,7702.17634811957,3.72950573539123,6.51,5.0,9.0,-0.9531438830838979,1.0,0.0,0.5,1.0,0.0,1.0
IND,2021,0,2,27.0,9.68959249191741,7818.65701757504,1414203896.0,5.13140747176364,6.38,9.0,0.0,51.0,5.0,2.0,3.0,0.0,1.0,0.5,0.0,6,28.3,-5.77772470687303,7186.86447099679,6.6234367762853,7.859,5.0,9.0,1.9559338925221867,1.0,0.0,0.5,1.0,0.0,1.0
IND,2022,0,2,25.7,7.6093649776932,8347.38478647086,1425423212.0,6.69903414079858,4.822,9.0,0.0,51.0,5.0,2.0,3.0,0.0,1.0,0.5,0.0,7,27.0,9.68959249191741,7818.65701757504,5.13140747176364,6.38,5.0,9.0,8.649478734805303,1.0,0.0,0.5,1.0,0.0,1.0
IND,2023,0,2,24.5,7.210224629335,8870.55027609345,1438069596.0,5.64914318907925,4.172,9.0,0.0,51.0,5.0,2.0,3.0,0.0,1.0,0.5,0.0,8,25.7,7.6093649776932,8347.38478647086,6.69903414079858,4.822,5.0,9.0,7.409794803514098,1.0,0.0,0.5,1.0,0.0,1.0
IND,2024,0,2,23.3,7.09927893176518,9416.05137044735,1450935791.0,4.95303550973661,4.173,9.0,0.0,51.0,5.0,2.0,3.0,0.0,1.0,0.5,0.0,9,24.5,7.210224629335,8870.55027609345,5.64914318907925,4.172,5.0,9.0,7.154751780550088,1.0,0.0,0.5,1.0,0.0,1.0
IRL,1970,0,0,19.1,2.66052933421503,18270.06444120635,2957250.0,8.20719016091027,6.6025,10.0,0.0,49.0,0.0,0.0,0.0,0.0,0.0,0.5,0.0,0,18.4,3.53620866972961,18109.67372703895,5.66318573909345,6.662,0.0,8.0,2.66052933421503,1.0,0.0,0.5,0.0,0.0,0.0
IRL,1971,0,0,18.6,3.46988866612384,18270.06444120635,2992050.0,8.96174863417669,6.6025,10.0,0.0,50.0,0.0,0.0,0.0,0.0,0.0,0.5,0.0,1,19.1,2.66052933421503,18109.67372703895,8.20719016091027,6.662,0.0,10.0,3.065209000169435,1.0,0.0,0.5,0.0,0.0,0.0
IRL,1972,0,0,18.3,6.48980775082018,18270.06444120635,3036850.0,8.60581745301066,6.6025,10.0,0.0,51.0,0.0,0.0,0.0,0.0,0.0,0.5,0.0,2,18.6,3.46988866612384,18109.67372703895,8.96174863417669,6.662,0.0,10.0,4.97984820847201,1.0,0.0,0.5,0.0,0.0,0.0
IRL,1973,1,0,18.0,4.72142803863792,18270.06444120635,3085950.0,11.4148503873296,6.6025,10.0,0.0,52.0,0.0,0.0,0.0,0.0,0.0,0.5,0.0,3,18.3,6.48980775082018,18109.67372703895,8.60581745301066,6.662,0.0,10.0,5.6056178947290505,0.0,1.0,0.0,0.0,0.0,0.0
IRL,1974,0,0,17.5,4.26023030161873,18270.06444120635,3137500.0,16.9761273212048,6.6025,10.0,0.0,53.0,0.0,0.0,0.0,0.0,0.0,0.5,0.0,0,18.0,4.72142803863792,18109.67372703895,11.4148503873296,6.662,0.0,10.0,4.490829170128325,0.0,1.0,0.0,0.0,0.0,0.0
IRL,1975,0,0,16.9,5.65664652614466,18270.06444120635,3189550.0,20.8758503401952,6.6025,10.0,0.0,54.0,0.0,0.0,0.0,0.0,0.0,0.5,0.0,1,17.5,4.26023030161873,18109.67372703895,16.9761273212048,6.662,0.0,10.0,4.958438413881694,0.0,1.0,0.0,0.0,0.0,0.0
IRL,1976,0,0,16.1,1.39480668315268,18270.06444120635,3238050.0,17.9856958613386,6.6025,10.0,0.0,55.0,0.0,0.0,0.0,0.0,0.0,0.5,0.0,2,16.9,5.65664652614466,18109.67372703895,20.8758503401952,6.662,0.0,10.0,3.52572660464867,0.0,1.0,0.0,0.0,0.0,0.0
IRL,1977,1,0,15.2,8.21130051013432,18270.06444120635,3282200.0,13.4722552937948,6.6025,10.0,0.0,56.0,0.0,0.0,0.0,0.0,0.0,0.5,0.0,3,16.1,1.39480668315268,18109.67372703895,17.9856958613386,6.662,0.0,10.0,4.8030535966435,0.0,1.0,0.0,0.0,0.0,0.0
IRL,1978,0,0,14.2,7.18672760788444,18270.06444120635,3329100.0,7.71111214621869,6.6025,10.0,0.0,57.0,0.0,0.0,0.0,0.0,0.0,0.5,0.0,0,15.2,8.21130051013432,18109.67372703895,13.4722552937948,6.662,0.0,10.0,7.6990140590093805,0.0,0.0,0.0,0.0,0.0,0.0
IRL,1979,0,0,13.0,3.07303639266831,18270.06444120635,3373750.0,13.2954688248281,6.6025,10.0,0.0,58.0,0.0,0.0,0.0,0.0,0.0,0.5,0.0,1,14.2,7.18672760788444,18109.67372703895,7.71111214621869,6.662,0.0,10.0,5.129882000276375,0.0,1.0,0.0,0.0,0.0,0.0
IRL,1980,0,0,11.9,3.07932918345945,18270.06444120635,3412800.0,18.1544622557972,6.6025,10.0,0.0,59.0,0.0,0.0,0.0,0.0,0.0,0.5,0.0,2,13.0,3.07303639266831,18109.67372703895,13.2954688248281,6.662,0.0,10.0,3.07618278806388,0.0,1.0,0.0,0.0,0.0,0.0
IRL,1981,1,0,11.0,3.32521731639946,18270.06444120635,3453000.0,20.3735110701934,6.6025,10.0,0.0,60.0,0.0,0.0,0.0,0.0,0.0,0.5,0.0,3,11.9,3.07932918345945,18109.67372703895,18.1544622557972,6.662,0.0,10.0,3.202273249929455,0.0,1.0,0.0,0.0,0.0,0.0
IRL,1982,1,0,10.3,2.28346843284601,18270.06444120635,3485800.0,17.1471262037092,6.6025,10.0,0.0,61.0,0.0,0.0,0.0,0.0,0.0,0.5,0.0,0,11.0,3.32521731639946,18109.67372703895,20.3735110701934,6.662,0.0,10.0,2.8043428746227352,0.0,1.0,0.0,0.0,0.0,0.0
IRL,1983,0,0,9.7,-0.244301213870017,18270.06444120635,3510600.0,10.4476255348594,6.6025,10.0,0.0,62.0,0.0,0.0,0.0,0.0,0.0,0.5,0.0,0,10.3,2.28346843284601,18109.67372703895,17.1471262037092,6.662,0.0,10.0,1.0195836094879966,0.0,1.0,0.0,0.0,0.0,0.0
IRL,1984,0,0,9.3,4.35437267775501,18270.06444120635,3532423.0,8.65111053796386,6.6025,10.0,0.0,63.0,0.0,0.0,0.0,0.0,0.0,0.5,0.0,1,9.7,-0.244301213870017,18109.67372703895,10.4476255348594,6.662,0.0,10.0,2.0550357319424966,0.0,0.0,0.0,0.0,0.0,0.0
IRL,1985,0,0,8.9,3.08561465915007,18270.06444120635,3538082.0,5.39548620170352,6.6025,10.0,0.0,64.0,0.0,0.0,0.0,0.0,0.0,0.5,0.0,2,9.3,4.35437267775501,18109.67372703895,8.65111053796386,6.662,0.0,10.0,3.71999366845254,0.0,0.0,0.0,0.0,0.0,0.0
IRL,1986,0,0,8.6,-0.428330204205935,18270.06444120635,3539690.0,3.82704166542659,6.6025,10.0,0.0,65.0,0.0,0.0,0.0,0.0,0.0,0.5,0.0,3,8.9,3.08561465915007,18109.67372703895,5.39548620170352,6.662,0.0,10.0,1.3286422274720675,0.0,0.0,0.0,0.0,0.0,0.0
IRL,1987,1,0,8.4,4.66309058769842,18270.06444120635,3540057.0,3.15941034835014,6.6025,10.0,0.0,66.0,0.0,0.0,0.0,0.0,0.0,0.5,0.0,4,8.6,-0.428330204205935,18109.67372703895,3.82704166542659,6.662,0.0,10.0,2.1173801917462427,0.0,0.0,0.0,0.0,0.0,0.0
IRL,1988,0,0,8.2,5.21741342322537,18270.06444120635,3524949.0,2.13456989107103,6.6025,10.0,0.0,67.0,0.0,0.0,0.0,0.0,0.0,0.5,0.0,0,8.4,4.66309058769842,18109.67372703895,3.15941034835014,6.662,0.0,10.0,4.940252005461895,0.0,0.0,0.0,0.0,0.0,0.0
IRL,1989,0,0,8.0,5.81391994557339,18270.06444120635,3511009.0,4.08905388153544,6.6025,10.0,0.0,68.0,0.0,0.0,0.0,0.0,0.0,0.5,0.0,1,8.2,5.21741342322537,18109.67372703895,2.13456989107103,6.662,0.0,10.0,5.515666684399379,0.0,0.0,0.0,0.0,0.0,0.0
IRL,1990,0,0,7.6,8.46652776398362,29504.8772657821,3513974.0,3.31732886680118,6.6025,10.0,0.0,69.0,0.0,0.0,0.0,0.0,0.0,0.5,0.0,2,8.0,5.81391994557339,18109.67372703895,4.08905388153544,6.662,0.0,10.0,7.140223854778505,0.0,0.0,0.0,0.0,0.0,0.0
IRL,1991,0,0,7.2,1.9296401741083,29901.8063008033,3534235.0,3.21081037142378,15.771,10.0,0.0,70.0,0.0,0.0,0.0,0.0,0.0,0.5,0.0,3,7.6,8.46652776398362,29504.8772657821,3.31732886680118,6.662,0.0,10.0,5.19808396904596,0.0,0.0,0.0,0.0,0.0,0.0
IRL,1992,0,0,6.7,3.34327412603812,30691.3955973094,3558430.0,3.06999853835904,15.021,10.0,0.0,71.0,0.0,0.0,0.0,0.0,0.0,0.5,0.0,4,7.2,1.9296401741083,29901.8063008033,3.21081037142378,15.771,0.0,10.0,2.63645715007321,0.0,0.0,0.0,0.0,0.0,0.0
IRL,1993,0,0,6.4,2.69260841466448,31360.6490651216,3576261.0,1.46941522411422,15.571,10.0,0.0,72.0,0.0,0.0,0.0,0.0,0.0,0.5,0.0,5,6.7,3.34327412603812,30691.3955973094,3.06999853835904,15.021,0.0,10.0,3.0179412703513,0.0,0.0,0.0,0.0,0.0,0.0
IRL,1994,1,0,6.1,5.75582797061618,33035.2362632759,3590386.0,2.30920192610951,14.544,10.0,0.0,73.0,0.0,0.0,0.0,0.0,0.0,0.5,0.0,6,6.4,2.69260841466448,31360.6490651216,1.46941522411422,15.571,0.0,10.0,4.22421819264033,0.0,0.0,0.0,0.0,0.0,0.0
IRL,1995,0,0,6.1,9.63442136559036,36032.7774732501,3608841.0,2.52486446780802,11.97,10.0,0.0,74.0,0.0,0.0,0.0,0.0,0.0,0.5,0.0,0,6.1,5.75582797061618,33035.2362632759,2.30920192610951,14.544,0.0,10.0,7.6951246681032694,0.0,0.0,0.0,0.0,0.0,0.0
IRL,1996,0,0,6.1,7.37962465765875,38386.9116734053,3637510.0,1.75574469607419,11.692,10.0,0.0,75.0,0.0,0.0,0.0,0.0,0.0,0.5,0.0,1,6.1,9.63442136559036,36032.7774732501,2.52486446780802,11.97,0.0,10.0,8.507023011624554,0.0,0.0,0.0,0.0,0.0,0.0
IRL,1997,1,0,6.1,11.0217650823433,42192.5848112478,3674171.0,1.5418020226137,10.191,10.0,0.0,76.0,0.0,0.0,0.0,0.0,0.0,0.5,0.0,2,6.1,7.37962465765875,38386.9116734053,1.75574469607419,11.692,0.0,10.0,9.200694870001026,0.0,0.0,0.0,0.0,0.0,0.0
IRL,1998,0,0,6.1,8.7661226571214,45415.0455160312,3712696.0,2.40768094534715,7.699,10.0,0.0,77.0,0.0,0.0,0.0,0.0,0.0,0.5,0.0,0,6.1,11.0217650823433,42192.5848112478,1.5418020226137,10.191,0.0,10.0,9.89394386973235,0.0,0.0,0.0,0.0,0.0,0.0
IRL,1999,0,0,6.1,10.5298856427062,49634.5026736477,3754786.0,1.62988605221407,5.804,10.0,0.0,78.0,0.0,0.0,0.0,0.0,0.0,0.5,0.0,1,6.1,8.7661226571214,45415.0455160312,2.40768094534715,7.699,0.0,10.0,9.648004149913799,0.0,0.0,0.0,0.0,0.0,0.0
IRL,2000,0,0,6.0,9.40352476399653,53582.8313532284,3805174.0,5.57763269940387,4.318,10.0,0.0,79.0,0.0,0.0,0.0,0.0,0.0,0.5,0.0,2,6.1,10.5298856427062,49634.5026736477,1.62988605221407,5.804,0.0,10.0,9.966705203351363,0.0,0.0,0.0,0.0,0.0,0.0
IRL,2001,0,0,5.8,5.30582133514299,55534.5698068816,3866243.0,4.85280279607477,3.684,10.0,0.0,80.0,0.0,0.0,0.0,0.0,0.0,0.5,0.0,3,6.0,9.40352476399653,53582.8313532284,5.57763269940387,4.318,0.0,10.0,7.35467304956976,0.0,0.0,0.0,0.0,0.0,0.0
IRL,2002,0,0,5.5,5.89936506079005,57828.0116338414,3931947.0,4.62820512820515,4.216,10.0,0.0,81.0,0.0,0.0,0.0,0.0,0.0,0.5,0.0,4,5.8,5.30582133514299,55534.5698068816,4.85280279607477,3.684,0.0,10.0,5.60259319796652,0.0,0.0,0.0,0.0,0.0,0.0
IRL,2003,0,0,5.1,3.01383869396012,58608.3353816693,3996521.0,3.49221909079765,4.478,10.0,0.0,82.0,0.0,0.0,0.0,0.0,0.0,0.5,0.0,5,5.5,5.89936506079005,57828.0116338414,4.62820512820515,4.216,0.0,10.0,4.456601877375085,0.0,0.0,0.0,0.0,0.0,0.0
IRL,2004,0,0,4.7,6.78813990621356,61452.8660388324,4070262.0,2.17854605730523,4.491,10.0,0.0,83.0,0.0,0.0,0.0,0.0,0.0,0.5,0.0,6,5.1,3.01383869396012,58608.3353816693,3.49221909079765,4.478,0.0,10.0,4.90098930008684,0.0,0.0,0.0,0.0,0.0,0.0
IRL,2005,0,0,4.4,5.73978202625278,63579.7134384122,4159914.0,2.45654692931639,4.237,10.0,0.0,84.0,0.0,0.0,0.0,0.0,0.0,0.5,0.0,7,4.7,6.78813990621356,61452.8660388324,2.17854605730523,4.491,0.0,10.0,6.263960966233171,0.0,0.0,0.0,0.0,0.0,0.0
IRL,2006,0,0,4.1,4.98785364537615,64975.4086496251,4273591.0,3.93576114001354,4.355,10.0,0.0,85.0,0.0,0.0,0.0,0.0,0.0,0.5,0.0,8,4.4,5.73978202625278,63579.7134384122,2.45654692931639,4.237,0.0,10.0,5.363817835814466,0.0,0.0,0.0,0.0,0.0,0.0
IRL,2007,0,0,3.9,5.31011830898613,66475.8410142999,4398942.0,4.88574537540802,4.98,10.0,0.0,86.0,0.0,0.0,0.0,0.0,0.0,0.5,0.0,9,4.1,4.98785364537615,64975.4086496251,3.93576114001354,4.355,0.0,10.0,5.14898597718114,0.0,0.0,0.0,0.0,0.0,0.0
IRL,2008,0,0,3.8,-4.48407081043062,62213.6453256462,4489544.0,4.03568834941391,6.774,10.0,0.0,87.0,0.0,0.0,0.0,0.0,0.0,0.5,0.0,10,3.9,5.31011830898613,66475.8410142999,4.88574537540802,4.98,0.0,10.0,0.41302374927775487,0.0,0.0,0.0,0.0,0.0,0.0
IRL,2009,0,0,3.7,-5.09578277913846,58446.726333492,4535375.0,-4.44754686876746,12.609,10.0,0.0,88.0,0.0,0.0,0.0,0.0,0.0,0.5,0.0,11,3.8,-4.48407081043062,62213.6453256462,4.03568834941391,6.774,0.0,10.0,-4.78992679478454,0.0,0.0,0.0,0.0,0.0,0.0
IRL,2010,0,0,3.6,1.68297175486512,59107.4220740498,4560155.0,-0.918388645376774,14.534,10.0,0.0,89.0,0.0,0.0,0.0,0.0,0.0,0.5,0.0,12,3.7,-5.09578277913846,58446.726333492,-4.44754686876746,12.609,0.0,10.0,-1.7064055121366701,0.0,0.0,0.0,0.0,0.0,0.0
IRL,2011,1,0,3.5,1.60886648916944,59797.0537343463,4580084.0,2.5489783020855,15.354,10.0,0.0,90.0,0.0,0.0,0.0,0.0,0.0,0.5,0.0,13,3.6,1.68297175486512,59107.4220740498,-0.918388645376774,14.534,0.0,10.0,1.64591912201728,0.0,0.0,0.0,0.0,0.0,0.0
IRL,2012,0,0,3.4,-0.40502941658977,59303.0319813561,4599533.0,1.69474116680366,15.451,10.0,0.0,91.0,0.0,0.0,0.0,0.0,0.0,0.5,0.0,0,3.5,1.60886648916944,59797.0537343463,2.5489783020855,15.354,0.0,10.0,0.6019185362898349,0.0,0.0,0.0,0.0,0.0,0.0
IRL,2013,0,0,3.3,2.1929375750029,60285.2376140094,4623816.0,0.515099484900573,13.735,10.0,0.0,92.0,0.0,0.0,0.0,0.0,0.0,0.5,0.0,1,3.4,-0.40502941658977,59303.0319813561,1.69474116680366,15.451,0.0,10.0,0.893954079206565,0.0,0.0,0.0,0.0,0.0,0.0
IRL,2014,0,0,3.3,9.38579335130922,65463.1952541564,4657740.0,0.190916398713745,11.858,10.0,0.0,93.0,0.0,0.0,0.0,0.0,0.0,0.5,0.0,2,3.3,2.1929375750029,60285.2376140094,0.515099484900573,13.735,0.0,10.0,5.789365463156059,0.0,0.0,0.0,0.0,0.0,0.0
IRL,2015,0,0,3.2,24.6239856364006,80815.6415277345,4701957.0,-0.330959783371788,9.908,10.0,0.0,94.0,0.0,0.0,0.0,0.0,0.0,0.5,0.0,3,3.3,9.38579335130922,65463.1952541564,0.190916398713745,11.858,0.0,10.0,17.00488949385491,0.0,0.0,0.0,0.0,0.0,0.0
IRL,2016,1,0,3.1,1.22271661130947,80760.0974145688,4762722.0,0.0201247735963237,8.374,10.0,0.0,95.0,0.0,0.0,0.0,0.0,0.0,0.5,0.0,4,3.2,24.6239856364006,80815.6415277345,-0.330959783371788,9.908,0.0,10.0,12.923351123855037,0.0,0.0,0.0,0.0,0.0,0.0
IRL,2017,0,0,3.0,10.1088576065965,87731.7897045734,4827445.0,0.362173038229378,6.713,10.0,0.0,96.0,0.0,0.0,0.0,0.0,0.0,0.5,0.0,0,3.1,1.22271661130947,80760.0974145688,0.0201247735963237,8.374,0.0,10.0,5.665787108952987,0.0,0.0,0.0,0.0,0.0,0.0
IRL,2018,0,0,3.0,7.68865937437435,93115.8393498329,4898022.0,0.471130713712916,5.741,10.0,0.0,97.0,0.0,0.0,0.0,0.0,0.0,0.5,0.0,1,3.0,10.1088576065965,87731.7897045734,0.362173038229378,6.713,0.0,10.0,8.898758490485427,0.0,0.0,0.0,0.0,0.0,0.0
IRL,2019,0,0,3.0,4.97288003766816,96205.7961557005,4976456.0,0.937842961189274,4.95,10.0,0.0,97.0,0.0,0.0,0.0,0.0,0.0,0.5,0.0,2,3.0,7.68865937437435,93115.8393498329,0.471130713712916,5.741,0.0,10.0,6.330769706021257,0.0,0.0,0.0,0.0,0.0,0.0
IRL,2020,1,0,3.1,7.15369505735335,101793.447525871,5039747.0,-0.326183651280033,5.623,10.0,0.0,97.0,0.0,0.0,0.0,0.0,0.0,0.5,0.0,3,3.0,4.97288003766816,96205.7961557005,0.937842961189274,4.95,0.0,10.0,6.0632875475107575,0.0,0.0,0.0,0.0,0.0,0.0
IRL,2021,0,0,3.2,16.2581881158197,116702.85817485,5110585.0,2.34034113447044,6.357,10.0,0.0,97.0,0.0,0.0,0.0,0.0,0.0,0.5,0.0,0,3.1,7.15369505735335,101793.447525871,-0.326183651280033,5.623,0.0,10.0,11.705941586586526,0.0,0.0,0.0,0.0,0.0,0.0
IRL,2022,0,0,3.3,7.51113888415304,123007.47648651,5212836.0,7.82945736434105,4.465,10.0,0.0,97.0,0.0,0.0,0.0,0.0,0.0,0.5,0.0,1,3.2,16.2581881158197,116702.85817485,2.34034113447044,6.357,0.0,10.0,11.884663499986372,0.0,0.0,0.0,0.0,0.0,0.0
IRL,2023,0,0,3.4,-2.53637409313261,117659.728593716,5311538.0,6.29942487419125,4.243,10.0,0.0,97.0,0.0,0.0,0.0,0.0,0.0,0.5,0.0,2,3.3,7.51113888415304,123007.47648651,7.82945736434105,4.465,0.0,10.0,2.487382395510217,0.0,0.0,0.0,0.0,0.0,0.0
IRL,2024,0,0,3.4,2.59946721553708,118833.312071751,5395790.0,2.11344999577317,4.3,10.0,0.0,97.0,0.0,0.0,0.0,0.0,0.0,0.5,0.0,3,3.4,-2.53637409313261,117659.728593716,6.29942487419125,4.243,0.0,10.0,0.031546561202236756,0.0,0.0,0.0,0.0,0.0,0.0
IRN,1970,0,0,18.1,10.9276016296547,18270.06444120635,29145100.0,1.66687093970068,6.6025,-10.0,0.0,17.0,0.0,0.0,0.0,0.0,0.0,0.5,0.0,0,18.4,3.53620866972961,18109.67372703895,5.66318573909345,6.662,0.0,8.0,10.9276016296547,0.0,0.0,0.0,0.0,0.0,0.0
IRN,1971,0,0,144.4,13.7015829939225,18270.06444120635,30029071.0,4.19529837265423,6.6025,-10.0,0.0,18.0,0.0,0.0,0.0,0.0,0.0,0.5,0.0,1,18.4,10.9276016296547,18109.67372703895,1.66687093970068,6.662,0.0,-10.0,12.3145923117886,1.0,0.0,0.5,0.0,0.0,0.0
IRN,1972,0,0,138.5,14.4990158486367,18270.06444120635,30921179.0,6.39824135128871,6.6025,-10.0,0.0,19.0,0.0,0.0,0.0,0.0,0.0,0.5,0.0,2,144.4,13.7015829939225,18109.67372703895,4.19529837265423,6.662,0.0,-10.0,14.100299421279601,1.0,0.0,0.5,0.0,0.0,0.0
IRN,1973,0,0,132.9,7.44168161210852,18270.06444120635,31839838.0,9.81948673318762,6.6025,-10.0,0.0,20.0,0.0,0.0,0.0,0.0,0.0,0.5,0.0,3,138.5,14.4990158486367,18109.67372703895,6.39824135128871,6.662,0.0,-10.0,10.97034873037261,1.0,0.0,0.5,0.0,0.0,0.0
IRN,1974,0,0,127.2,5.80105084782068,18270.06444120635,32796463.0,14.2489355382567,6.6025,-10.0,0.0,21.0,1.0,0.0,0.0,1.0,1.0,0.5,0.0,4,132.9,7.44168161210852,18109.67372703895,9.81948673318762,6.662,0.0,-10.0,6.6213662299646,1.0,1.0,0.5,0.0,0.0,0.0
IRN,1975,0,0,121.2,-0.326216240773292,18270.06444120635,33802973.0,12.8791818338341,6.6025,-10.0,0.0,22.0,1.0,0.0,0.0,1.0,1.0,0.5,0.0,5,127.2,5.80105084782068,18109.67372703895,14.2489355382567,6.662,1.0,-10.0,2.7374173035236944,1.0,1.0,0.5,0.0,0.0,0.0
IRN,1976,0,0,115.1,18.2604356281607,18270.06444120635,34837271.0,11.2561425062111,6.6025,-10.0,0.0,23.0,0.0,0.0,0.0,0.0,0.0,0.5,0.0,6,121.2,-0.326216240773292,18109.67372703895,12.8791818338341,6.662,1.0,-10.0,8.967109693693704,1.0,1.0,0.5,0.0,0.0,0.0
IRN,1977,0,0,108.5,-2.77357769163513,18270.06444120635,35933181.0,27.2877846793093,6.6025,-10.0,0.0,24.0,0.0,0.0,0.0,0.0,0.0,0.5,0.0,7,115.1,18.2604356281607,18109.67372703895,11.2561425062111,6.662,0.0,-10.0,7.743428968262785,1.0,1.0,0.5,0.0,0.0,0.0
IRN,1978,0,1,101.8,-12.8408566742286,18270.06444120635,37126535.0,11.7219692041212,6.6025,-10.0,0.0,25.0,4.0,4.0,0.0,0.0,1.0,0.5,0.0,8,108.5,-2.77357769163513,18109.67372703895,27.2877846793093,6.662,0.0,-10.0,-7.807217182931865,1.0,1.0,0.5,0.5,0.0,0.0
IRN,1979,0,1,95.0,-12.0207602547921,18270.06444120635,38424952.0,10.4872367273486,6.6025,-6.0,0.0,0.0,7.0,4.0,3.0,0.0,1.0,0.5,0.0,9,101.8,-12.8408566742286,18109.67372703895,11.7219692041212,6.662,4.0,-10.0,-12.43080846451035,1.0,1.0,0.5,0.5,0.0,0.0
IRN,1980,0,2,88.5,-21.5996493516924,18270.06444120635,39842324.0,20.6439144373798,6.6025,-6.0,0.0,1.0,13.0,4.0,3.0,6.0,1.0,0.5,0.0,10,95.0,-12.0207602547921,18109.67372703895,10.4872367273486,6.662,7.0,-6.0,-16.81020480324225,1.0,1.0,0.5,1.0,0.0,1.0
IRN,1981,0,2,82.3,-5.69678723333881,18270.06444120635,41989312.0,24.2035897624486,6.6025,-6.0,0.0,2.0,13.0,4.0,3.0,6.0,1.0,0.5,0.0,11,88.5,-21.5996493516924,18109.67372703895,20.6439144373798,6.662,13.0,-6.0,-13.648218292515603,1.0,1.0,0.5,1.0,0.0,1.0
IRN,1982,0,2,76.8,23.1712455355796,18270.06444120635,44272141.0,18.6897259269564,6.6025,-6.0,0.0,3.0,13.0,4.0,3.0,6.0,1.0,0.5,0.0,12,82.3,-5.69678723333881,18109.67372703895,24.2035897624486,6.662,13.0,-6.0,8.737229151120397,1.0,1.0,0.5,1.0,0.0,1.0
IRN,1983,0,2,71.8,11.0867168468735,18270.06444120635,46029535.0,19.7401891778611,6.6025,-6.0,0.0,4.0,13.0,4.0,3.0,6.0,1.0,0.5,0.0,13,76.8,23.1712455355796,18109.67372703895,18.6897259269564,6.662,13.0,-6.0,17.12898119122655,1.0,1.0,0.5,1.0,0.0,1.0
IRN,1984,0,2,67.6,-7.13985049890006,18270.06444120635,47793998.0,12.5402194538868,6.6025,-6.0,0.0,5.0,13.0,4.0,3.0,6.0,1.0,0.5,0.0,14,71.8,11.0867168468735,18109.67372703895,19.7401891778611,6.662,13.0,-6.0,1.973433173986722,1.0,1.0,0.5,1.0,0.0,1.0
IRN,1985,0,2,63.8,1.86764993250704,18270.06444120635,49582289.0,4.38934095741541,6.6025,-6.0,0.0,6.0,13.0,4.0,3.0,6.0,1.0,0.5,0.0,15,67.6,-7.13985049890006,18109.67372703895,12.5402194538868,6.662,13.0,-6.0,-2.6361002831965084,1.0,0.0,0.5,1.0,0.0,1.0
IRN,1986,0,2,60.4,-9.78490557801793,18270.06444120635,51446045.0,18.4290030211474,6.6025,-6.0,0.0,7.0,10.0,4.0,0.0,6.0,1.0,0.5,0.0,16,63.8,1.86764993250704,18109.67372703895,4.38934095741541,6.662,13.0,-6.0,-3.9586278227554437,1.0,1.0,0.5,1.0,0.0,1.0
IRN,1987,0,2,57.2,-0.172107687605632,18270.06444120635,53323493.0,28.5714285714292,6.6025,-6.0,0.0,8.0,10.0,4.0,0.0,6.0,1.0,0.5,0.0,17,60.4,-9.78490557801793,18109.67372703895,18.4290030211474,6.662,10.0,-6.0,-4.978506632811779,1.0,1.0,0.5,1.0,0.0,1.0
IRN,1988,0,2,54.3,-6.08199661986552,18270.06444120635,55072694.0,28.6706349206345,6.6025,-6.0,0.0,9.0,10.0,4.0,0.0,6.0,1.0,0.5,0.0,18,57.2,-0.172107687605632,18109.67372703895,28.5714285714292,6.662,10.0,-6.0,-3.1270521537355744,1.0,1.0,0.5,1.0,0.0,1.0
IRN,1989,0,1,51.5,6.13211567717991,18270.06444120635,56704914.0,22.3496530454896,6.6025,-6.0,0.0,10.0,4.0,4.0,0.0,0.0,1.0,0.5,0.0,19,54.3,-6.08199661986552,18109.67372703895,28.6706349206345,6.662,10.0,-6.0,0.025059528657196406,1.0,1.0,0.5,0.5,0.0,0.0
IRN,1990,0,2,49.0,13.594926443584,9656.00116894359,58380092.0,7.62767493763934,6.6025,-6.0,0.0,11.0,4.0,4.0,0.0,0.0,1.0,0.5,0.0,20,51.5,6.13211567717991,18109.67372703895,22.3496530454896,6.662,4.0,-6.0,9.863521060381958,1.0,0.0,0.5,1.0,0.0,1.0
IRN,1991,0,2,46.8,12.7161484424098,10592.3319257222,59986931.0,17.1285679434012,11.1,-6.0,0.0,12.0,4.0,4.0,0.0,0.0,1.0,0.5,0.0,21,49.0,13.594926443584,9656.00116894359,7.62767493763934,6.662,4.0,-6.0,13.155537442996902,1.0,1.0,0.5,1.0,0.0,1.0
IRN,1992,0,1,44.7,3.29798191958058,10727.4183671547,61184983.0,25.8077226162332,10.653,-6.0,0.0,13.0,4.0,4.0,0.0,0.0,1.0,0.5,0.0,22,46.8,12.7161484424098,10592.3319257222,17.1285679434012,11.1,4.0,-6.0,8.007065180995191,1.0,1.0,0.5,0.5,0.0,0.0
IRN,1993,0,1,43.0,-1.47101148218381,10531.9952777275,61403543.0,21.2026307547761,10.573,-6.0,0.0,14.0,4.0,4.0,0.0,0.0,1.0,0.5,0.0,23,44.7,3.29798191958058,10727.4183671547,25.8077226162332,10.653,4.0,-6.0,0.9134852186983868,1.0,1.0,0.5,0.5,0.0,0.0
IRN,1994,0,1,41.4,-1.69828611909162,10333.4330005595,61520598.0,31.4470284237728,10.458,-6.0,0.0,15.0,0.0,0.0,0.0,0.0,0.0,0.5,0.0,24,43.0,-1.47101148218381,10531.9952777275,21.2026307547761,10.573,4.0,-6.0,-1.5846488006377133,1.0,1.0,0.5,0.5,0.0,0.0
IRN,1995,0,1,39.8,2.40104455220023,10465.0259592685,62205567.0,49.6559858462746,9.904,-6.0,0.0,16.0,0.0,0.0,0.0,0.0,0.0,0.5,0.0,25,41.4,-1.69828611909162,10333.4330005595,31.4470284237728,10.458,0.0,-6.0,0.3513792165543068,1.0,1.0,0.5,0.5,0.0,0.0
IRN,1996,0,1,38.3,6.35052601873645,11010.0094976248,62881300.0,28.9373440168137,9.1,-6.0,0.0,17.0,0.0,0.0,0.0,0.0,0.0,0.5,0.0,26,39.8,2.40104455220023,10465.0259592685,49.6559858462746,9.904,0.0,-6.0,4.375785285468342,1.0,1.0,0.5,0.5,0.0,0.0
IRN,1997,1,1,36.7,1.3503992743003,11025.7202371524,63639638.0,17.3492257538708,9.68,3.0,1.0,0.0,0.0,0.0,0.0,0.0,0.0,0.5,0.0,27,38.3,6.35052601873645,11010.0094976248,28.9373440168137,9.1,0.0,-6.0,3.850462646518377,1.0,1.0,0.5,0.5,0.0,0.0
IRN,1998,0,1,35.1,2.08001178027133,11101.507869196,64519859.0,17.8661342130398,10.358,3.0,1.0,1.0,0.0,0.0,0.0,0.0,0.0,0.5,0.0,0,36.7,1.3503992743003,11025.7202371524,17.3492257538708,9.68,0.0,3.0,1.7152055272858169,1.0,1.0,0.5,0.5,0.0,0.0
IRN,1999,0,1,33.4,2.00269623253435,11163.6950736445,65445391.0,20.0707078146866,11.176,3.0,1.0,2.0,0.0,0.0,0.0,0.0,0.0,0.5,0.0,1,35.1,2.08001178027133,11101.507869196,17.8661342130398,10.358,0.0,3.0,2.041354006402842,1.0,1.0,0.5,0.5,0.0,0.0
IRN,2000,0,1,31.7,5.84552747578209,11643.1218077696,66418659.0,14.4767513188567,11.698,3.0,1.0,3.0,0.0,0.0,0.0,0.0,0.0,0.5,0.0,2,33.4,2.00269623253435,11163.6950736445,20.0707078146866,11.176,0.0,3.0,3.924111854158222,1.0,1.0,0.5,0.5,0.0,0.0
IRN,2001,0,1,30.0,2.39217271207868,11739.0090911282,67452005.0,11.2742471332117,12.362,3.0,1.0,4.0,0.0,0.0,0.0,0.0,0.0,0.5,0.0,3,31.7,5.84552747578209,11643.1218077696,14.4767513188567,11.698,0.0,3.0,4.118850093930387,1.0,1.0,0.5,0.5,0.0,0.0
IRN,2002,0,1,28.3,8.07882927975243,12583.044990424,68011317.0,14.3359337378404,12.8,3.0,1.0,5.0,0.0,0.0,0.0,0.0,0.0,0.5,0.0,4,30.0,2.39217271207868,11739.0090911282,11.2742471332117,12.362,0.0,3.0,5.235500995915557,1.0,1.0,0.5,0.5,0.0,0.0
IRN,2003,0,2,26.6,8.6392983972006,13519.4501926929,68769340.0,16.4680116244792,11.529,3.0,1.0,6.0,0.0,0.0,0.0,0.0,0.0,0.5,0.0,5,28.3,8.07882927975243,12583.044990424,14.3359337378404,12.8,0.0,3.0,8.359063838476516,1.0,1.0,0.5,1.0,0.0,1.0
IRN,2004,0,3,25.0,4.33666597851041,13807.1953114023,70256316.0,14.7615086970672,10.3,-7.0,0.0,0.0,0.0,0.0,0.0,0.0,0.0,0.5,0.0,6,26.6,8.6392983972006,13519.4501926929,16.4680116244792,11.529,0.0,3.0,6.487982187855506,1.0,1.0,0.5,1.5,0.0,1.0
IRN,2005,1,3,23.4,3.18980408728824,13935.7743087596,71828455.0,13.433118008508,11.813,-6.0,0.0,1.0,0.0,0.0,0.0,0.0,0.0,0.5,0.0,7,25.0,4.33666597851041,13807.1953114023,14.7615086970672,10.3,0.0,-7.0,3.7632350328993267,1.0,1.0,0.5,1.5,0.0,1.0
IRN,2006,0,3,22.0,4.99979526181222,14320.6568534545,73392747.0,10.0158982511924,11.519,-6.0,0.0,2.0,0.0,0.0,0.0,0.0,0.0,0.5,0.0,0,23.4,3.18980408728824,13935.7743087596,13.433118008508,11.813,0.0,-6.0,4.094799674550231,1.0,1.0,0.5,1.5,0.0,1.0
IRN,2007,0,3,20.6,8.15577352358517,15237.4237850549,74602648.0,17.3410404624277,10.772,-6.0,0.0,3.0,0.0,0.0,0.0,0.0,0.0,0.5,0.0,1,22.0,4.99979526181222,14320.6568534545,10.0158982511924,11.519,0.0,-6.0,6.577784392698697,1.0,1.0,0.5,1.5,0.0,1.0
IRN,2008,0,3,19.3,0.250856553493634,15091.2506521463,75514204.0,25.4105090311987,10.63,-6.0,0.0,4.0,0.0,0.0,0.0,0.0,0.0,0.5,0.0,2,20.6,8.15577352358517,15237.4237850549,17.3410404624277,10.772,0.0,-6.0,4.203315038539404,1.0,1.0,0.5,1.5,0.0,1.0
IRN,2009,0,3,18.2,1.00738545790475,15055.1494647199,76457825.0,13.5515548281506,12.113,-7.0,0.0,5.0,0.0,0.0,0.0,0.0,0.0,0.5,0.0,3,19.3,0.250856553493634,15091.2506521463,25.4105090311987,10.63,0.0,-6.0,0.6291210056991938,1.0,1.0,0.5,1.5,0.0,1.0
IRN,2010,0,3,17.3,5.79793830169604,15729.9131707266,77420842.0,10.0893629287979,13.679,-7.0,0.0,6.0,0.0,0.0,0.0,0.0,0.0,0.5,0.0,4,18.2,1.00738545790475,15055.1494647199,13.5515548281506,12.113,0.0,-7.0,3.4026618798003967,0.0,1.0,0.0,1.5,0.0,1.0
IRN,2011,0,3,16.5,2.6457179180628,15947.766097961,78383598.0,26.2933856738608,12.491,-7.0,0.0,7.0,0.0,0.0,0.0,0.0,0.0,0.5,0.0,5,17.3,5.79793830169604,15729.9131707266,10.0893629287979,13.679,0.0,-7.0,4.2218281098794215,0.0,1.0,0.0,1.5,0.0,1.0
IRN,2012,0,3,15.7,-3.74717139864109,15159.2948206531,79370580.0,27.2568127242908,12.275,-7.0,0.0,8.0,0.0,0.0,0.0,0.0,0.0,0.5,0.0,6,16.5,2.6457179180628,15947.766097961,26.2933856738608,12.491,0.0,-7.0,-0.5507267402891434,0.0,1.0,0.0,1.5,0.0,1.0
IRN,2013,1,3,15.1,-1.52197920494184,14734.740588719,80414686.0,36.6030355191029,10.595,-7.0,0.0,9.0,0.0,0.0,0.0,0.0,0.0,0.5,0.0,7,15.7,-3.74717139864109,15159.2948206531,27.2568127242908,12.275,0.0,-7.0,-2.6345753017914633,0.0,1.0,0.0,1.5,0.0,1.0
IRN,2014,0,3,14.5,4.98477506709476,15262.8515760903,81502045.0,16.6065532357449,10.68,-7.0,0.0,10.0,0.0,0.0,0.0,0.0,0.0,0.5,0.0,0,15.1,-1.52197920494184,14734.740588719,36.6030355191029,10.595,0.0,-7.0,1.7313979310764618,0.0,1.0,0.0,1.5,0.0,1.0
IRN,2015,0,3,14.0,-1.42488493937503,14841.9048340737,82619362.0,12.4846815611533,11.166,-7.0,0.0,11.0,0.0,0.0,0.0,0.0,0.0,0.5,0.0,1,14.5,4.98477506709476,15262.8515760903,16.6065532357449,10.68,0.0,-7.0,1.7799450638598668,0.0,1.0,0.0,1.5,0.0,1.0
IRN,2016,0,3,13.5,8.8150866425182,15920.3718021202,83812228.0,7.24542548952979,12.618,-7.0,0.0,12.0,0.0,0.0,0.0,0.0,0.0,0.5,0.0,2,14.0,-1.42488493937503,14841.9048340737,12.4846815611533,11.166,0.0,-7.0,3.6951008515715866,0.0,0.0,0.0,1.5,0.0,1.0
IRN,2017,0,3,13.0,3.02685468694025,16167.9677224227,85026754.0,8.04492437660278,12.232,-7.0,0.0,13.0,0.0,0.0,0.0,0.0,0.0,0.5,0.0,3,13.5,8.8150866425182,15920.3718021202,7.24542548952979,12.618,0.0,-7.0,5.920970664729227,0.0,0.0,0.0,1.5,0.0,1.0
IRN,2018,0,2,12.6,-3.74796015711334,15364.8049052614,86117998.0,18.0141183371874,12.195,-7.0,0.0,14.0,0.0,0.0,0.0,0.0,0.0,0.5,0.0,4,13.0,3.02685468694025,16167.9677224227,8.04492437660278,12.232,0.0,-7.0,-0.3605527350865432,0.0,1.0,0.0,1.0,0.0,1.0
IRN,2019,0,2,12.1,-2.36143538770575,14841.0751514998,87051648.0,39.9073455697784,10.74,-7.0,0.0,14.0,0.0,0.0,0.0,0.0,0.0,0.5,0.0,5,12.6,-3.74796015711334,15364.8049052614,18.0141183371874,12.195,0.0,-7.0,-3.0546977724095434,0.0,1.0,0.0,1.0,0.0,1.0
IRN,2020,0,2,11.8,4.44180865358672,15381.5845437266,87723443.0,30.5941390387295,9.687,-7.0,0.0,14.0,0.0,0.0,0.0,0.0,0.0,0.5,0.0,6,12.1,-2.36143538770575,14841.0751514998,39.9073455697784,10.74,0.0,-7.0,1.040186632940487,0.0,1.0,0.0,1.0,0.0,1.0
IRN,2021,0,2,11.4,4.13089685034471,15884.4276775963,88455488.0,43.3890162681514,9.282,-7.0,0.0,14.0,0.0,0.0,0.0,0.0,0.0,0.5,0.0,7,11.8,4.44180865358672,15381.5845437266,30.5941390387295,9.687,0.0,-7.0,4.286352751965717,0.0,1.0,0.0,1.0,0.0,1.0
IRN,2022,0,2,11.0,4.35281087521344,16377.9610645368,89524246.0,43.4884641742179,9.085,-7.0,0.0,14.0,0.0,0.0,0.0,0.0,0.0,0.5,0.0,8,11.4,4.13089685034471,15884.4276775963,43.3890162681514,9.282,0.0,-7.0,4.241853862779077,0.0,1.0,0.0,1.0,0.0,1.0
IRN,2023,0,2,10.6,5.33235116079808,17044.8173442641,90608707.0,44.5791857572797,8.129,-7.0,0.0,14.0,0.0,0.0,0.0,0.0,0.0,0.5,0.0,9,11.0,4.35281087521344,16377.9610645368,43.4884641742179,9.085,0.0,-7.0,4.842581018005761,0.0,1.0,0.0,1.0,0.0,1.0
IRN,2024,0,2,10.3,3.66312057949303,17484.1320140467,91567738.0,32.455871402917,8.146,-7.0,0.0,14.0,0.0,0.0,0.0,0.0,0.0,0.5,0.0,10,10.6,5.33235116079808,17044.8173442641,44.5791857572797,8.129,0.0,-7.0,4.497735870145557,0.0,1.0,0.0,1.0,0.0,1.0
IRQ,1970,0,0,85.3,4.54435706401779,18270.06444120635,9735611.0,4.35559526470565,6.6025,-7.0,0.0,46.0,5.0,0.0,5.0,0.0,1.0,0.5,0.0,0,18.4,3.53620866972961,18109.67372703895,5.66318573909345,6.662,0.0,8.0,4.54435706401779,1.0,0.0,0.5,0.0,0.0,0.0
IRQ,1971,0,0,81.8,5.37455253303425,18270.06444120635,10077809.0,3.59589041076037,6.6025,-7.0,0.0,47.0,5.0,0.0,5.0,0.0,1.0,0.5,0.0,1,85.3,4.54435706401779,18109.67372703895,4.35559526470565,6.662,5.0,-7.0,4.95945479852602,1.0,0.0,0.5,0.0,0.0,0.0
IRQ,1972,0,0,78.4,3.73530378696596,18270.06444120635,10430164.0,5.18595041325518,6.6025,-7.0,0.0,48.0,5.0,0.0,5.0,0.0,1.0,0.5,0.0,2,81.8,5.37455253303425,18109.67372703895,3.59589041076037,6.662,5.0,-7.0,4.554928160000105,1.0,0.0,0.5,0.0,0.0,0.0
IRQ,1973,0,0,75.3,4.41875556494567,18270.06444120635,10795869.0,4.8909840899257,6.6025,-7.0,0.0,49.0,5.0,0.0,5.0,0.0,1.0,0.5,0.0,3,78.4,3.73530378696596,18109.67372703895,5.18595041325518,6.662,5.0,-7.0,4.077029675955815,1.0,0.0,0.5,0.0,0.0,0.0
IRQ,1974,0,0,72.2,16.1133673454638,18270.06444120635,11167761.0,7.69999999976928,6.6025,-7.0,0.0,50.0,6.0,0.0,5.0,1.0,1.0,0.5,0.0,4,75.3,4.41875556494567,18109.67372703895,4.8909840899257,6.662,5.0,-7.0,10.266061455204735,1.0,0.0,0.5,0.0,0.0,0.0
IRQ,1975,0,0,69.3,12.4906646751304,18270.06444120635,11543639.0,9.51717734405529,6.6025,-7.0,0.0,51.0,6.0,0.0,5.0,1.0,1.0,0.5,0.0,5,72.2,16.1133673454638,18109.67372703895,7.69999999976928,6.662,6.0,-7.0,14.3020160102971,1.0,0.0,0.5,0.0,0.0,0.0
IRQ,1976,0,0,66.6,17.1751037344398,18270.06444120635,11927651.0,12.8232301828135,6.6025,-7.0,0.0,52.0,5.0,0.0,5.0,0.0,1.0,0.5,0.0,6,69.3,12.4906646751304,18109.67372703895,9.51717734405529,6.662,6.0,-7.0,14.8328842047851,1.0,1.0,0.5,0.0,0.0,0.0
IRQ,1977,0,0,64.0,1.89995939450607,18270.06444120635,12331046.0,9.16776253995512,6.6025,-7.0,0.0,53.0,5.0,0.0,5.0,0.0,1.0,0.5,0.0,7,66.6,17.1751037344398,18109.67372703895,12.8232301828135,6.662,5.0,-7.0,9.537531564472935,1.0,0.0,0.5,0.0,0.0,0.0
IRQ,1978,0,0,61.6,17.0569646646714,18270.06444120635,12753355.0,4.61194286682016,6.6025,-7.0,0.0,54.0,5.0,0.0,5.0,0.0,1.0,0.5,0.0,8,64.0,1.89995939450607,18109.67372703895,9.16776253995512,6.662,5.0,-7.0,9.478462029588735,1.0,0.0,0.5,0.0,0.0,0.0
IRQ,1979,0,0,59.4,20.8692554328465,18270.06444120635,13170365.0,4.61194286682016,6.6025,-9.0,0.0,55.0,8.0,0.0,8.0,0.0,1.0,0.5,0.0,9,61.6,17.0569646646714,18109.67372703895,4.61194286682016,6.662,5.0,-7.0,18.96311004875895,1.0,0.0,0.5,0.0,0.0,0.0
IRQ,1980,0,1,57.4,24.7537268463936,18270.06444120635,13591992.0,4.61194286682016,6.6025,-9.0,0.0,56.0,14.0,0.0,8.0,6.0,1.0,0.5,0.0,10,59.4,20.8692554328465,18109.67372703895,4.61194286682016,6.662,8.0,-9.0,22.811491139620053,1.0,0.0,0.5,0.5,0.0,0.0
IRQ,1981,0,1,55.6,-0.728727509463553,18270.06444120635,14006381.0,4.61194286682016,6.6025,-9.0,0.0,57.0,14.0,0.0,8.0,6.0,1.0,0.5,0.0,11,57.4,24.7537268463936,18109.67372703895,4.61194286682016,6.662,14.0,-9.0,12.012499668465024,1.0,0.0,0.5,0.5,0.0,0.0
IRQ,1982,0,1,53.8,3.43397803057938,18270.06444120635,14406083.0,4.61194286682016,6.6025,-9.0,0.0,58.0,14.0,0.0,8.0,6.0,1.0,0.5,0.0,12,55.6,-0.728727509463553,18109.67372703895,4.61194286682016,6.662,14.0,-9.0,1.3526252605579137,1.0,0.0,0.5,0.5,0.0,0.0
IRQ,1983,0,1,52.3,-13.0733124034891,18270.06444120635,14840555.0,4.61194286682016,6.6025,-9.0,0.0,59.0,14.0,0.0,8.0,6.0,1.0,0.5,0.0,13,53.8,3.43397803057938,18109.67372703895,4.61194286682016,6.662,14.0,-9.0,-4.8196671864548595,1.0,0.0,0.5,0.5,0.0,0.0
IRQ,1984,0,1,50.8,-1.48524169735188,18270.06444120635,15310733.0,4.61194286682016,6.6025,-9.0,0.0,60.0,14.0,0.0,8.0,6.0,1.0,0.5,0.0,14,52.3,-13.0733124034891,18109.67372703895,4.61194286682016,6.662,14.0,-9.0,-7.27927705042049,1.0,0.0,0.5,0.5,0.0,0.0
IRQ,1985,0,1,49.5,1.45389626285959,18270.06444120635,15683430.0,4.61194286682016,6.6025,-9.0,0.0,61.0,14.0,0.0,8.0,6.0,1.0,0.5,0.0,15,50.8,-1.48524169735188,18109.67372703895,4.61194286682016,6.662,14.0,-9.0,-0.01567271724614505,1.0,0.0,0.5,0.5,0.0,0.0
IRQ,1986,0,1,48.3,4.64759057416617,18270.06444120635,16074145.0,4.61194286682016,6.6025,-9.0,0.0,62.0,14.0,0.0,8.0,6.0,1.0,0.5,0.0,16,49.5,1.45389626285959,18109.67372703895,4.61194286682016,6.662,14.0,-9.0,3.05074341851288,1.0,0.0,0.5,0.5,0.0,0.0
IRQ,1987,0,1,47.3,9.3052813911243,18270.06444120635,16521049.0,4.61194286682016,6.6025,-9.0,0.0,63.0,14.0,0.0,8.0,6.0,1.0,0.5,0.0,17,48.3,4.64759057416617,18109.67372703895,4.61194286682016,6.662,14.0,-9.0,6.976435982645235,1.0,0.0,0.5,0.5,0.0,0.0
IRQ,1988,0,1,51.7,-0.0190369368025927,18270.06444120635,16908819.0,4.61194286682016,6.6025,-9.0,0.0,64.0,14.0,0.0,8.0,6.0,1.0,0.5,0.0,18,47.3,9.3052813911243,18109.67372703895,4.61194286682016,6.662,14.0,-9.0,4.643122227160854,1.0,0.0,0.5,0.5,0.0,0.0
IRQ,1989,0,0,56.5,-3.1185352147467,18270.06444120635,17364542.0,4.61194286682016,6.6025,-9.0,0.0,65.0,8.0,0.0,8.0,0.0,1.0,0.5,0.0,19,51.7,-0.0190369368025927,18109.67372703895,4.61194286682016,6.662,14.0,-9.0,-1.5687860757746463,1.0,0.0,0.5,0.0,0.0,0.0
IRQ,1990,0,0,55.6,57.8178283456035,10735.09411029,17581206.0,4.61194286682016,6.6025,-9.0,0.0,66.0,13.0,0.0,8.0,5.0,1.0,0.5,0.0,20,56.5,-3.1185352147467,18109.67372703895,4.61194286682016,6.662,8.0,-9.0,27.3496465654284,1.0,0.0,0.5,0.0,0.0,0.0
IRQ,1991,0,0,49.1,-64.047106973488,3819.16194826651,17767253.0,180.952380952381,8.639,-9.0,0.0,67.0,13.0,0.0,8.0,5.0,1.0,0.5,0.0,21,55.6,57.8178283456035,10735.09411029,4.61194286682016,6.662,13.0,-9.0,-3.1146393139422486,1.0,1.0,0.5,0.0,0.0,0.0
IRQ,1992,0,0,43.4,32.5922111964051,4916.26440292597,18300845.0,83.6158192090389,8.346,-9.0,0.0,68.0,8.0,0.0,8.0,0.0,1.0,0.5,0.0,22,49.1,-64.047106973488,3819.16194826651,180.952380952381,8.639,13.0,-9.0,-15.727447888541448,1.0,1.0,0.5,0.0,0.0,0.0
IRQ,1993,0,0,42.8,30.289829491298,6105.04166284904,19201195.0,207.692307692309,8.36,-9.0,0.0,69.0,8.0,0.0,8.0,0.0,1.0,0.5,0.0,23,43.4,32.5922111964051,4916.26440292597,83.6158192090389,8.346,8.0,-9.0,31.44102034385155,1.0,1.0,0.5,0.0,0.0,0.0
IRQ,1994,0,0,42.2,3.85453244895318,6044.87104810181,20139807.0,448.499999999999,8.221,-9.0,0.0,70.0,3.0,0.0,3.0,0.0,1.0,0.5,0.0,24,42.8,30.289829491298,6105.04166284904,207.692307692309,8.36,8.0,-9.0,17.07218097012559,1.0,1.0,0.5,0.0,0.0,0.0
IRQ,1995,0,0,41.6,2.12002149763362,5969.66964096052,20825860.0,387.310847766639,8.431,-9.0,0.0,71.0,3.0,0.0,3.0,0.0,1.0,0.5,0.0,25,42.2,3.85453244895318,6044.87104810181,448.499999999999,8.221,3.0,-9.0,2.9872769732934,1.0,1.0,0.5,0.0,0.0,0.0
IRQ,1996,0,0,41.0,11.0207856442117,6419.36981876252,21501321.0,-16.1173257510572,8.516,-9.0,0.0,72.0,4.0,0.0,4.0,0.0,1.0,0.5,0.0,26,41.6,2.12002149763362,5969.66964096052,387.310847766639,8.431,3.0,-9.0,6.57040357092266,1.0,0.0,0.5,0.0,0.0,0.0
IRQ,1997,0,0,40.4,21.2379361287918,7545.72976100631,22176593.0,23.0631996788727,8.269,-9.0,0.0,73.0,4.0,0.0,4.0,0.0,1.0,0.5,0.0,27,41.0,11.0207856442117,6419.36981876252,-16.1173257510572,8.516,4.0,-9.0,16.12936088650175,1.0,1.0,0.5,0.0,0.0,0.0
IRQ,1998,0,0,39.8,35.0009676191703,9871.73398030775,22884399.0,14.7687735575529,8.064,-9.0,0.0,74.0,5.0,0.0,4.0,1.0,1.0,0.5,0.0,28,40.4,21.2379361287918,7545.72976100631,23.0631996788727,8.269,4.0,-9.0,28.11945187398105,1.0,1.0,0.5,0.0,0.0,0.0
IRQ,1999,0,0,39.1,17.5801703743879,11237.8537439925,23636527.0,12.5777623393436,7.979,-9.0,0.0,75.0,1.0,0.0,0.0,1.0,1.0,0.5,0.0,29,39.8,35.0009676191703,9871.73398030775,14.7687735575529,8.064,5.0,-9.0,26.2905689967791,1.0,1.0,0.5,0.0,0.0,0.0
IRQ,2000,0,0,38.4,16.7961344439661,12702.1641950892,24424056.0,4.97896213183731,8.038,-9.0,0.0,76.0,1.0,0.0,0.0,1.0,1.0,0.5,0.0,30,39.1,17.5801703743879,11237.8537439925,12.5777623393436,7.979,1.0,-9.0,17.188152409177,1.0,0.0,0.5,0.0,0.0,0.0
IRQ,2001,0,0,37.8,1.76660876568174,12529.6084050976,25197840.0,16.3740814963262,8.249,-9.0,0.0,77.0,1.0,0.0,0.0,1.0,1.0,0.5,0.0,31,38.4,16.7961344439661,12702.1641950892,4.97896213183731,8.038,1.0,-9.0,9.28137160482392,1.0,1.0,0.5,0.0,0.0,0.0
IRQ,2002,0,0,37.1,-8.20370481187175,11144.0505255902,26006559.0,19.316694601979,8.619,-9.0,0.0,78.0,1.0,0.0,0.0,1.0,1.0,0.5,0.0,32,37.8,1.76660876568174,12529.6084050976,16.3740814963262,8.249,1.0,-9.0,-3.218548023095005,1.0,1.0,0.5,0.0,0.0,0.0
IRQ,2003,0,0,36.4,-36.6567804383165,6849.3320080035,26802659.0,33.6162105992383,8.959,-9.0,0.0,0.0,6.0,0.0,0.0,6.0,1.0,0.5,0.0,33,37.1,-8.20370481187175,11144.0505255902,19.316694601979,8.619,1.0,-9.0,-22.430242625094127,1.0,1.0,0.5,0.0,0.0,0.0
IRQ,2004,0,0,35.7,53.3855472887501,10210.5631004936,27577878.0,26.9619068193271,8.715,-9.0,0.0,0.0,6.0,0.0,0.0,6.0,1.0,0.5,0.0,34,36.4,-36.6567804383165,6849.3320080035,33.6162105992383,8.959,6.0,-9.0,8.364383425216797,1.0,1.0,0.5,0.0,0.0,0.0
IRQ,2005,0,0,35.0,1.67522863586828,10078.4437646814,28407448.0,36.9594809201871,8.57,-9.0,0.0,0.0,6.0,0.0,0.0,6.0,1.0,0.5,0.0,35,35.7,53.3855472887501,10210.5631004936,26.9619068193271,8.715,6.0,-9.0,27.530387962309188,1.0,1.0,0.5,0.0,0.0,0.0
IRQ,2006,1,0,34.3,5.63829915220637,10568.9137652953,28616515.0,53.230962911428,8.411,-9.0,0.0,0.0,6.0,0.0,0.0,6.0,1.0,0.5,0.0,36,35.0,1.67522863586828,10078.4437646814,36.9594809201871,8.57,6.0,-9.0,3.656763894037325,1.0,1.0,0.5,0.0,0.0,0.0
IRQ,2007,0,0,33.5,1.88853936243953,10853.8161022286,28391607.0,-10.0674925768978,8.646,-9.0,0.0,0.0,6.0,0.0,0.0,6.0,1.0,0.5,0.0,0,34.3,5.63829915220637,10568.9137652953,53.230962911428,8.411,6.0,-9.0,3.76341925732295,1.0,0.0,0.5,0.0,0.0,0.0
IRQ,2008,0,0,32.7,8.22810710383277,11511.9387643638,28971036.0,12.6628528269228,8.466,-9.0,0.0,0.0,6.0,0.0,0.0,6.0,1.0,0.5,0.0,1,33.5,1.88853936243953,10853.8161022286,-10.0674925768978,8.646,6.0,-9.0,5.05832323313615,1.0,1.0,0.5,0.0,0.0,0.0
IRQ,2009,0,0,31.8,3.37929909442771,11470.5178061728,30058206.0,6.87361547212555,8.415,-9.0,0.0,0.0,6.0,0.0,0.0,6.0,1.0,0.5,0.0,2,32.7,8.22810710383277,11511.9387643638,12.6628528269228,8.466,6.0,-9.0,5.80370309913024,1.0,0.0,0.5,0.0,0.0,0.0
IRQ,2010,1,0,30.9,6.40256484471193,11816.8410150233,31045366.0,2.42986826837753,8.267,3.0,1.0,0.0,6.0,0.0,0.0,6.0,1.0,0.5,0.0,3,31.8,3.37929909442771,11470.5178061728,6.87361547212555,8.415,6.0,-9.0,4.89093196956982,1.0,0.0,0.5,0.0,0.0,0.0
IRQ,2011,0,1,30.0,7.546471200426,12267.5848940645,32161424.0,5.6040514426601,8.193,3.0,1.0,1.0,5.0,0.0,5.0,0.0,1.0,0.5,0.0,0,30.9,6.40256484471193,11816.8410150233,2.42986826837753,8.267,6.0,3.0,6.974518022568965,1.0,0.0,0.5,0.5,0.0,0.0
IRQ,2012,0,1,29.2,13.9364301737537,13357.0143882323,33654842.0,6.0890964159516,7.965,3.0,1.0,2.0,5.0,0.0,5.0,0.0,1.0,0.5,0.0,1,30.0,7.546471200426,12267.5848940645,5.6040514426601,8.193,5.0,3.0,10.74145068708985,1.0,0.0,0.5,0.5,0.0,0.0
IRQ,2013,0,1,28.3,7.62828592298754,13712.931714296,35281989.0,1.87949800749416,9.222,3.0,1.0,3.0,5.0,0.0,5.0,0.0,1.0,0.5,0.0,2,29.2,13.9364301737537,13357.0143882323,6.0890964159516,7.965,5.0,3.0,10.78235804837062,1.0,0.0,0.5,0.5,0.0,0.0
IRQ,2014,1,1,27.5,2.26368817563613,13536.8227681399,36550059.0,2.23597407904726,10.59,6.0,0.0,0.0,5.0,0.0,5.0,0.0,1.0,0.5,0.0,3,28.3,7.62828592298754,13712.931714296,1.87949800749416,9.222,5.0,3.0,4.945987049311835,1.0,0.0,0.5,0.5,0.0,0.0
IRQ,2015,0,1,26.6,2.60676642939541,13516.0271989173,37560535.0,1.39333028780268,10.865,6.0,0.0,1.0,5.0,0.0,5.0,0.0,1.0,0.5,0.0,0,27.5,2.26368817563613,13536.8227681399,2.23597407904726,10.59,5.0,6.0,2.43522730251577,1.0,0.0,0.5,0.5,0.0,0.0
IRQ,2016,0,1,25.9,13.7873730187089,15016.0920644557,38469627.0,0.556521397155548,10.82,6.0,0.0,2.0,5.0,0.0,5.0,0.0,1.0,0.5,0.0,1,26.6,2.60676642939541,13516.0271989173,1.39333028780268,10.865,5.0,6.0,8.197069724052156,1.0,0.0,0.5,0.5,0.0,0.0
IRQ,2017,0,1,25.1,-1.81975035118309,14417.6306896454,39337353.0,0.184058898847553,13.02,6.0,0.0,3.0,5.0,0.0,5.0,0.0,1.0,0.5,0.0,2,25.9,13.7873730187089,15016.0920644557,0.556521397155548,10.82,5.0,6.0,5.983811333762905,1.0,0.0,0.5,0.5,0.0,0.0
IRQ,2018,1,1,24.3,2.63385099105624,14456.2357053191,40265624.0,0.367441488936828,13.458,6.0,0.0,4.0,5.0,0.0,5.0,0.0,1.0,0.5,0.0,3,25.1,-1.81975035118309,14417.6306896454,0.184058898847553,13.02,5.0,6.0,0.4070503199365749,1.0,0.0,0.5,0.5,0.0,0.0
IRQ,2019,0,1,23.5,5.5137905789381,14910.225032382,41192171.0,-0.198965380023882,14.096,6.0,0.0,4.0,5.0,0.0,5.0,0.0,1.0,0.5,0.0,0,24.3,2.63385099105624,14456.2357053191,0.367441488936828,13.458,5.0,6.0,4.07382078499717,1.0,0.0,0.5,0.5,0.0,0.0
IRQ,2020,0,1,22.8,-12.0367930960454,12827.6345392293,42116605.0,0.574162679425856,15.766,6.0,0.0,4.0,5.0,0.0,5.0,0.0,1.0,0.5,0.0,1,23.5,5.5137905789381,14910.225032382,-0.198965380023882,14.096,5.0,6.0,-3.26150125855365,1.0,0.0,0.5,0.5,0.0,0.0
IRQ,2021,1,1,22.1,1.5021807095434,12731.7535755128,43071211.0,6.04186489058043,16.173,6.0,0.0,4.0,5.0,0.0,5.0,0.0,1.0,0.5,0.0,2,22.8,-12.0367930960454,12827.6345392293,0.574162679425856,15.766,5.0,6.0,-5.267306193251001,1.0,0.0,0.5,0.5,0.0,0.0
IRQ,2022,0,1,21.4,7.95904804990212,13433.3977166956,44070551.0,4.9947659638103,15.41,6.0,0.0,4.0,5.0,0.0,5.0,0.0,1.0,0.5,0.0,0,22.1,1.5021807095434,12731.7535755128,6.04186489058043,16.173,5.0,6.0,4.73061437972276,1.0,0.0,0.5,0.5,0.0,0.0
IRQ,2023,0,1,20.7,0.517705525140073,13202.3228073856,45074049.0,4.35835351089595,15.239,6.0,0.0,4.0,5.0,0.0,5.0,0.0,1.0,0.5,0.0,1,21.4,7.95904804990212,13433.3977166956,4.9947659638103,15.41,5.0,6.0,4.238376787521096,1.0,0.0,0.5,0.5,0.0,0.0
IRQ,2024,0,1,20.1,-1.54525198319173,12725.0431260364,46042015.0,2.6116961151764,15.293,6.0,0.0,4.0,5.0,0.0,5.0,0.0,1.0,0.5,0.0,2,20.7,0.517705525140073,13202.3228073856,4.35835351089595,15.239,5.0,6.0,-0.5137732290258286,1.0,0.0,0.5,0.5,0.0,0.0
ISR,1970,0,0,25.4,7.30733562481677,18270.06444120635,2974000.0,6.11074203598736,6.6025,9.0,0.0,22.0,6.0,0.0,2.0,4.0,1.0,0.5,0.0,0,18.4,3.53620866972961,18109.67372703895,5.66318573909345,6.662,0.0,8.0,7.30733562481677,1.0,0.0,0.5,0.0,0.0,0.0
ISR,1971,0,0,24.6,10.9510708625275,18270.06444120635,3069000.0,11.9724516736199,6.6025,9.0,0.0,23.0,2.0,0.0,2.0,0.0,1.0,0.5,0.0,1,25.4,7.30733562481677,18109.67372703895,6.11074203598736,6.662,6.0,9.0,9.129203243672135,1.0,1.0,0.5,0.0,0.0,0.0
ISR,1972,0,0,23.9,12.1465543644432,18270.06444120635,3148000.0,12.8813065050823,6.6025,9.0,0.0,24.0,2.0,0.0,2.0,0.0,1.0,0.5,0.0,2,24.6,10.9510708625275,18109.67372703895,11.9724516736199,6.662,2.0,9.0,11.54881261348535,1.0,1.0,0.5,0.0,0.0,0.0
ISR,1973,0,0,23.1,5.58746394207819,18270.06444120635,3278000.0,20.0324397949855,6.6025,9.0,0.0,25.0,5.0,0.0,2.0,3.0,1.0,0.5,0.0,3,23.9,12.1465543644432,18109.67372703895,12.8813065050823,6.662,2.0,9.0,8.867009153260694,1.0,1.0,0.5,0.0,0.0,0.0
ISR,1974,0,0,22.2,6.47616144401562,18270.06444120635,3377000.0,39.6800205078045,6.6025,9.0,0.0,26.0,2.0,0.0,2.0,0.0,1.0,0.5,0.0,4,23.1,5.58746394207819,18109.67372703895,20.0324397949855,6.662,5.0,9.0,6.031812693046904,1.0,1.0,0.5,0.0,0.0,0.0
ISR,1975,0,1,21.1,3.24281927767115,18270.06444120635,3455000.0,39.3067019769322,6.6025,9.0,0.0,27.0,2.0,0.0,2.0,0.0,1.0,0.5,0.0,5,22.2,6.47616144401562,18109.67372703895,39.6800205078045,6.662,2.0,9.0,4.859490360843385,1.0,1.0,0.5,0.5,0.0,0.0
ISR,1976,0,1,19.9,0.322503652229273,18270.06444120635,3533000.0,31.3108602275757,6.6025,9.0,0.0,28.0,2.0,0.0,2.0,0.0,1.0,0.5,0.0,6,21.1,3.24281927767115,18109.67372703895,39.3067019769322,6.662,2.0,9.0,1.7826614649502106,1.0,1.0,0.5,0.5,0.0,0.0
ISR,1977,1,1,18.6,1.03529921058237,18270.06444120635,3613000.0,34.6167272829376,6.6025,9.0,0.0,29.0,2.0,0.0,2.0,0.0,1.0,0.5,0.0,7,19.9,0.322503652229273,18109.67372703895,31.3108602275757,6.662,2.0,9.0,0.6789014314058206,1.0,1.0,0.5,0.5,0.0,0.0
ISR,1978,0,1,17.4,5.55508715376642,18270.06444120635,3690000.0,50.5509459859395,6.6025,9.0,0.0,30.0,4.0,0.0,2.0,2.0,1.0,0.5,0.0,0,18.6,1.03529921058237,18109.67372703895,34.6167272829376,6.662,2.0,9.0,3.295193182174394,0.0,1.0,0.0,0.5,0.0,0.0
ISR,1979,0,1,16.4,6.20781581339436,18270.06444120635,3786000.0,78.3100201622935,6.6025,9.0,0.0,31.0,2.0,0.0,2.0,0.0,1.0,0.5,0.0,1,17.4,5.55508715376642,18109.67372703895,50.5509459859395,6.662,4.0,9.0,5.881451483580389,0.0,1.0,0.0,0.5,0.0,0.0
ISR,1980,0,1,15.5,1.67044186363161,18270.06444120635,3878000.0,131.025002810633,6.6025,9.0,0.0,32.0,2.0,0.0,2.0,0.0,1.0,0.5,0.0,2,16.4,6.20781581339436,18109.67372703895,78.3100201622935,6.662,2.0,9.0,3.939128838512984,0.0,1.0,0.0,0.5,0.0,0.0
ISR,1981,0,1,14.7,5.33992670698777,18270.06444120635,3956000.0,116.800000344522,6.6025,6.0,0.0,0.0,2.0,0.0,2.0,0.0,1.0,0.5,0.0,3,15.5,1.67044186363161,18109.67372703895,131.025002810633,6.662,2.0,9.0,3.505184285309689,0.0,1.0,0.0,0.5,0.0,0.0
ISR,1982,0,1,14.1,2.08250042347377,18270.06444120635,4031000.0,120.364407727812,6.6025,6.0,0.0,1.0,7.0,0.0,2.0,5.0,1.0,0.5,0.0,4,14.7,5.33992670698777,18109.67372703895,116.800000344522,6.662,2.0,6.0,3.7112135652307687,0.0,1.0,0.0,0.5,0.0,0.0
ISR,1983,0,1,13.4,3.35910137510471,18270.06444120635,4105000.0,145.951502714297,6.6025,6.0,0.0,2.0,6.0,0.0,2.0,4.0,1.0,0.5,0.0,5,14.1,2.08250042347377,18109.67372703895,120.364407727812,6.662,7.0,6.0,2.720800899289239,0.0,1.0,0.0,0.5,0.0,0.0
ISR,1984,0,1,12.8,0.933214010494638,18270.06444120635,4159000.0,373.215631362847,6.6025,6.0,0.0,3.0,6.0,0.0,2.0,4.0,1.0,0.5,0.0,6,13.4,3.35910137510471,18109.67372703895,145.951502714297,6.662,6.0,6.0,2.1461576927996733,0.0,1.0,0.0,0.5,0.0,0.0
ISR,1985,0,1,12.2,4.03694020672467,18270.06444120635,4233000.0,307.161914643941,6.6025,6.0,0.0,4.0,6.0,0.0,2.0,4.0,1.0,0.5,0.0,7,12.8,0.933214010494638,18109.67372703895,373.215631362847,6.662,6.0,6.0,2.485077108609653,0.0,1.0,0.0,0.5,0.0,0.0
ISR,1986,0,1,11.6,4.19014432194915,18270.06444120635,4299000.0,47.6449275362319,6.6025,6.0,0.0,5.0,6.0,0.0,2.0,4.0,1.0,0.5,0.0,8,12.2,4.03694020672467,18109.67372703895,307.161914643941,6.662,6.0,6.0,4.113542264336909,0.0,1.0,0.0,0.5,0.0,0.0
ISR,1987,0,1,11.0,7.13971140010318,18270.06444120635,4369000.0,19.079754601227,6.6025,6.0,0.0,6.0,6.0,0.0,2.0,4.0,1.0,0.5,0.0,9,11.6,4.19014432194915,18109.67372703895,47.6449275362319,6.662,6.0,6.0,5.664927861026165,0.0,1.0,0.0,0.5,0.0,0.0
ISR,1988,0,1,10.5,2.91001631242278,18270.06444120635,4442000.0,16.3833075734158,6.6025,6.0,0.0,7.0,6.0,0.0,2.0,4.0,1.0,0.5,0.0,10,11.0,7.13971140010318,18109.67372703895,19.079754601227,6.662,6.0,6.0,5.024863856262979,0.0,1.0,0.0,0.5,0.0,0.0
ISR,1989,0,1,10.1,0.574746841063316,18270.06444120635,4518000.0,20.3187250996016,6.6025,6.0,0.0,8.0,6.0,0.0,2.0,4.0,1.0,0.5,0.0,11,10.5,2.91001631242278,18109.67372703895,16.3833075734158,6.662,6.0,6.0,1.742381576743047,0.0,1.0,0.0,0.5,0.0,0.0
ISR,1990,0,0,9.6,7.3151991296676,25340.9813271336,4660000.0,17.2553348050036,6.6025,6.0,0.0,9.0,6.0,0.0,2.0,4.0,1.0,0.5,0.0,12,10.1,0.574746841063316,18109.67372703895,20.3187250996016,6.662,6.0,6.0,3.944972985365457,0.0,1.0,0.0,0.0,0.0,0.0
ISR,1991,0,0,9.2,7.72611507495277,25704.7207371288,4949000.0,19.1088798242862,13.387,6.0,0.0,10.0,2.0,0.0,2.0,0.0,1.0,0.5,0.0,13,9.6,7.3151991296676,25340.9813271336,17.2553348050036,6.662,6.0,6.0,7.520657102310184,0.0,1.0,0.0,0.0,0.0,0.0
ISR,1992,1,0,8.7,7.75926624282712,26758.4290726582,5123000.0,12.0653319283457,14.08,6.0,0.0,11.0,2.0,0.0,2.0,0.0,1.0,0.5,0.0,14,9.2,7.72611507495277,25704.7207371288,19.1088798242862,13.387,2.0,6.0,7.742690658889945,0.0,1.0,0.0,0.0,0.0,0.0
ISR,1993,0,0,8.1,4.11675642426739,27129.2193762452,5261000.0,10.8838740009403,12.741,6.0,0.0,12.0,2.0,0.0,2.0,0.0,1.0,0.5,0.0,0,8.7,7.75926624282712,26758.4290726582,12.0653319283457,14.08,2.0,6.0,5.938011333547254,0.0,1.0,0.0,0.0,0.0,0.0
ISR,1994,0,0,7.6,7.42784534825054,28399.3981907056,5399000.0,12.253550985796,9.934,6.0,0.0,13.0,2.0,0.0,2.0,0.0,1.0,0.5,0.0,1,8.1,4.11675642426739,27129.2193762452,10.8838740009403,12.741,2.0,6.0,5.772300886258964,0.0,1.0,0.0,0.0,0.0,0.0
ISR,1995,0,0,7.2,6.60292461082722,29477.45829469,5545000.0,9.93389990557126,8.782,6.0,0.0,14.0,2.0,0.0,2.0,0.0,1.0,0.5,0.0,2,7.6,7.42784534825054,28399.3981907056,12.253550985796,9.934,2.0,6.0,7.015384979538879,0.0,0.0,0.0,0.0,0.0,0.0
ISR,1996,1,0,6.7,5.83892253875895,30392.8973069758,5692000.0,11.4585122831129,8.455,6.0,0.0,15.0,2.0,0.0,2.0,0.0,1.0,0.5,0.0,3,7.2,6.60292461082722,29477.45829469,9.93389990557126,8.782,2.0,6.0,6.220923574793083,0.0,1.0,0.0,0.0,0.0,0.0
ISR,1997,0,0,6.4,3.61026597240067,30713.159801923,5836000.0,8.95499383477184,9.751,6.0,0.0,16.0,2.0,0.0,2.0,0.0,1.0,0.5,0.0,0,6.7,5.83892253875895,30392.8973069758,11.4585122831129,8.455,2.0,6.0,4.724594255579809,0.0,0.0,0.0,0.0,0.0,0.0
ISR,1998,0,0,6.1,4.1019344139424,31250.1071698272,5971000.0,5.48875371339656,10.749,6.0,0.0,17.0,2.0,0.0,2.0,0.0,1.0,0.5,0.0,1,6.4,3.61026597240067,30713.159801923,8.95499383477184,9.751,2.0,6.0,3.856100193171534,0.0,0.0,0.0,0.0,0.0,0.0
ISR,1999,1,0,5.8,3.28835789304527,31466.1683689237,6125000.0,5.18975459299983,11.183,6.0,0.0,18.0,2.0,0.0,2.0,0.0,1.0,0.5,0.0,2,6.1,4.1019344139424,31250.1071698272,5.48875371339656,10.749,2.0,6.0,3.6951461534938344,0.0,0.0,0.0,0.0,0.0,0.0
ISR,2000,0,1,5.6,8.59152200608253,33278.5412285682,6289000.0,1.03263640999489,11.102,6.0,0.0,19.0,2.0,0.0,2.0,0.0,1.0,0.5,0.0,0,5.8,3.28835789304527,31466.1683689237,5.18975459299983,11.183,2.0,6.0,5.9399399495638985,0.0,0.0,0.0,0.5,0.0,0.0
ISR,2001,1,1,5.4,0.270471415054473,32591.2116817431,6439000.0,1.12302839116721,11.812,6.0,0.0,20.0,2.0,0.0,2.0,0.0,1.0,0.5,0.0,1,5.6,8.59152200608253,33278.5412285682,1.03263640999489,11.102,2.0,6.0,4.430996710568501,0.0,0.0,0.0,0.5,0.0,0.0
ISR,2002,0,1,5.1,-0.152880392675172,31892.5395978816,6570000.0,5.80234589468429,12.888,6.0,0.0,21.0,2.0,0.0,2.0,0.0,1.0,0.5,0.0,0,5.4,0.270471415054473,32591.2116817431,1.12302839116721,11.812,2.0,6.0,0.058795511189649596,0.0,0.0,0.0,0.5,0.0,0.0
ISR,2003,0,1,4.9,1.43455918035305,31771.2115906733,6689700.0,0.70763061681807,13.505,6.0,0.0,22.0,2.0,0.0,2.0,0.0,1.0,0.5,0.0,1,5.1,-0.152880392675172,31892.5395978816,5.80234589468429,12.888,2.0,6.0,0.6408393938389381,0.0,0.0,0.0,0.5,0.0,0.0
ISR,2004,0,1,4.7,4.64944459908543,32665.8537052438,6809000.0,-0.421595034547416,13.029,6.0,0.0,23.0,2.0,0.0,2.0,0.0,1.0,0.5,0.0,2,4.9,1.43455918035305,31771.2115906733,0.70763061681807,13.505,2.0,6.0,3.042001889719239,0.0,0.0,0.0,0.5,0.0,0.0
ISR,2005,0,1,4.5,4.35256427740218,33491.9913996395,6930100.0,1.34070328119492,11.342,6.0,0.0,24.0,2.0,0.0,2.0,0.0,1.0,0.5,0.0,3,4.7,4.64944459908543,32665.8537052438,-0.421595034547416,13.029,2.0,6.0,4.501004438243804,0.0,0.0,0.0,0.5,0.0,0.0
ISR,2006,1,2,4.3,5.59106550120008,34744.8675092298,7053700.0,2.05407914587443,10.707,6.0,0.0,25.0,4.0,0.0,2.0,2.0,1.0,0.5,0.0,4,4.5,4.35256427740218,33491.9913996395,1.34070328119492,11.342,2.0,6.0,4.971814889301129,0.0,0.0,0.0,1.0,0.0,1.0
ISR,2007,0,1,4.1,6.31307137087018,36288.0655118571,7180100.0,0.466226972936065,9.379,6.0,0.0,26.0,2.0,0.0,2.0,0.0,1.0,0.5,0.0,0,4.3,5.59106550120008,34744.8675092298,2.05407914587443,10.707,4.0,6.0,5.952068436035129,0.0,0.0,0.0,0.5,0.0,0.0
ISR,2008,0,1,3.9,3.2158134842205,36795.4799112424,7308800.0,4.52744765138651,7.704,6.0,0.0,27.0,2.0,0.0,2.0,0.0,1.0,0.5,0.0,1,4.1,6.31307137087018,36288.0655118571,0.466226972936065,9.379,2.0,6.0,4.7644424275453385,0.0,0.0,0.0,0.5,0.0,0.0
ISR,2009,1,1,3.8,1.22017480850096,36364.7843182661,7485600.0,3.3676231727125,9.534,6.0,0.0,28.0,2.0,0.0,2.0,0.0,1.0,0.5,0.0,2,3.9,3.2158134842205,36795.4799112424,4.52744765138651,7.704,2.0,6.0,2.217994146360729,0.0,0.0,0.0,0.5,0.0,0.0
ISR,2010,0,1,3.7,5.54470607068944,37686.3420833543,7623600.0,2.70270270270273,8.48,6.0,0.0,29.0,2.0,0.0,2.0,0.0,1.0,0.5,0.0,0,3.8,1.22017480850096,36364.7843182661,3.3676231727125,9.534,2.0,6.0,3.382440439595199,0.0,0.0,0.0,0.5,0.0,0.0
ISR,2011,0,2,3.5,5.51341969081251,39036.0247356871,7765800.0,3.48837209302323,7.139,6.0,0.0,30.0,2.0,0.0,2.0,0.0,1.0,0.5,0.0,1,3.7,5.54470607068944,37686.3420833543,2.70270270270273,8.48,2.0,6.0,5.529062880750974,0.0,0.0,0.0,1.0,0.0,1.0
ISR,2012,0,2,3.4,2.40993765217618,39245.5078117687,7910500.0,1.67553715750052,6.762,6.0,0.0,31.0,2.0,0.0,2.0,0.0,1.0,0.5,0.0,2,3.5,5.51341969081251,39036.0247356871,3.48837209302323,7.139,2.0,6.0,3.961678671494344,0.0,0.0,0.0,1.0,0.0,1.0
ISR,2013,0,2,3.3,4.09013743330735,40095.4756773092,8059500.0,1.58976347421476,6.137,6.0,0.0,32.0,2.0,0.0,2.0,0.0,1.0,0.5,0.0,3,3.4,2.40993765217618,39245.5078117687,1.67553715750052,6.762,2.0,6.0,3.2500375427417643,0.0,0.0,0.0,1.0,0.0,1.0
ISR,2014,0,2,3.2,3.718144149431,40795.6290927281,8215700.0,0.467557251908503,5.789,6.0,0.0,33.0,2.0,0.0,2.0,0.0,1.0,0.5,0.0,4,3.3,4.09013743330735,40095.4756773092,1.58976347421476,6.137,2.0,6.0,3.9041407913691746,0.0,0.0,0.0,1.0,0.0,1.0
ISR,2015,0,2,3.1,2.23599889603805,40889.5989080834,8380100.0,-0.617342577642765,5.176,6.0,0.0,34.0,2.0,0.0,2.0,0.0,1.0,0.5,0.0,5,3.2,3.718144149431,40795.6290927281,0.467557251908503,5.789,2.0,6.0,2.977071522734524,0.0,0.0,0.0,1.0,0.0,1.0
ISR,2016,0,2,3.1,4.53601939236572,41914.5802977706,8546000.0,-0.535168195718695,4.723,6.0,0.0,35.0,2.0,0.0,2.0,0.0,1.0,0.5,0.0,6,3.1,2.23599889603805,40889.5989080834,-0.617342577642765,5.176,2.0,6.0,3.386009144201884,0.0,0.0,0.0,1.0,0.0,1.0
ISR,2017,0,2,3.0,4.34394518932547,42895.585129847,8713300.0,0.249807840123008,4.14,6.0,0.0,36.0,2.0,0.0,2.0,0.0,1.0,0.5,0.0,7,3.1,4.53601939236572,41914.5802977706,-0.535168195718695,4.723,2.0,6.0,4.4399822908455935,0.0,0.0,0.0,1.0,0.0,1.0
ISR,2018,0,2,2.9,4.05349952888294,43782.6526491689,8882800.0,0.805060379528526,3.917,6.0,0.0,37.0,2.0,0.0,2.0,0.0,1.0,0.5,0.0,8,3.0,4.34394518932547,42895.585129847,0.249807840123008,4.14,2.0,6.0,4.198722359104204,0.0,0.0,0.0,1.0,0.0,1.0
ISR,2019,0,2,2.9,3.57898762923605,44492.1226967084,9054000.0,0.817645940292794,3.731,6.0,0.0,37.0,2.0,0.0,2.0,0.0,1.0,0.5,0.0,9,2.9,4.05349952888294,43782.6526491689,0.805060379528526,3.917,2.0,6.0,3.8162435790594937,0.0,0.0,0.0,1.0,0.0,1.0
ISR,2020,0,2,2.8,-1.80206927953466,42926.5415418584,9215100.0,-0.575254620897756,4.169,6.0,0.0,37.0,2.0,0.0,2.0,0.0,1.0,0.5,0.0,10,2.9,3.57898762923605,44492.1226967084,0.817645940292794,3.731,2.0,6.0,0.8884591748506941,0.0,0.0,0.0,1.0,0.0,1.0
ISR,2021,1,2,2.8,9.33534690236249,46151.100820403,9371400.0,1.47965474722561,4.812,6.0,0.0,37.0,2.0,0.0,2.0,0.0,1.0,0.5,0.0,11,2.8,-1.80206927953466,42926.5415418584,-0.575254620897756,4.169,2.0,6.0,3.766638811413914,0.0,0.0,0.0,1.0,0.0,1.0
ISR,2022,0,2,2.7,6.36407234798706,48132.3637205177,9557500.0,4.41162725488371,3.695,6.0,0.0,37.0,2.0,0.0,2.0,0.0,1.0,0.5,0.0,0,2.8,9.33534690236249,46151.100820403,1.47965474722561,4.812,2.0,6.0,7.849709625174774,0.0,0.0,0.0,1.0,0.0,1.0
ISR,2023,0,3,2.7,2.06272504731618,47671.2476926086,9849000.0,4.22522603168918,3.371,6.0,0.0,37.0,2.0,0.0,2.0,0.0,1.0,0.5,0.0,1,2.7,6.36407234798706,48132.3637205177,4.41162725488371,3.695,2.0,6.0,4.213398697651619,0.0,0.0,0.0,1.5,0.0,1.0
ISR,2024,0,3,2.7,0.953618469238535,47388.7236682364,10002200.0,3.07480889805025,3.595,6.0,0.0,37.0,2.0,0.0,2.0,0.0,1.0,0.5,0.0,2,2.7,2.06272504731618,47671.2476926086,4.22522603168918,3.371,2.0,6.0,1.5081717582773564,0.0,0.0,0.0,1.5,0.0,1.0
ITA,1970,0,0,29.7,5.31050247643583,18270.06444120635,53821850.0,4.96831987329335,6.6025,10.0,0.0,22.0,1.0,0.0,1.0,0.0,1.0,0.5,0.0,0,18.4,3.53620866972961,18109.67372703895,5.66318573909345,6.662,0.0,8.0,5.31050247643583,1.0,0.0,0.5,0.0,0.0,0.0
ITA,1971,0,0,28.2,1.81810794624113,18270.06444120635,54073490.0,4.79166438333786,6.6025,10.0,0.0,23.0,1.0,0.0,1.0,0.0,1.0,0.5,0.0,1,29.7,5.31050247643583,18109.67372703895,4.96831987329335,6.662,1.0,10.0,3.56430521133848,1.0,0.0,0.5,0.0,0.0,0.0
ITA,1972,0,0,26.4,3.69048578366487,18270.06444120635,54381345.0,5.74950393730007,6.6025,10.0,0.0,24.0,1.0,0.0,1.0,0.0,1.0,0.5,0.0,2,28.2,1.81810794624113,18109.67372703895,4.79166438333786,6.662,1.0,10.0,2.754296864953,1.0,0.0,0.5,0.0,0.0,0.0
ITA,1973,0,0,24.5,7.12586233109471,18270.06444120635,54751406.0,10.7986174547602,6.6025,10.0,0.0,25.0,1.0,0.0,1.0,0.0,1.0,0.5,0.0,3,26.4,3.69048578366487,18109.67372703895,5.74950393730007,6.662,1.0,10.0,5.40817405737979,1.0,1.0,0.5,0.0,0.0,0.0
ITA,1974,0,0,22.4,5.50014109691006,18270.06444120635,55110868.0,19.1597695854699,6.6025,10.0,0.0,26.0,1.0,0.0,1.0,0.0,1.0,0.5,0.0,4,24.5,7.12586233109471,18109.67372703895,10.7986174547602,6.662,1.0,10.0,6.313001714002384,1.0,1.0,0.5,0.0,0.0,0.0
ITA,1975,0,0,20.5,-2.09016289171086,18270.06444120635,55441001.0,16.9505025668306,6.6025,10.0,0.0,27.0,1.0,0.0,1.0,0.0,1.0,0.5,0.0,5,22.4,5.50014109691006,18109.67372703895,19.1597695854699,6.662,1.0,10.0,1.7049891025995998,1.0,1.0,0.5,0.0,0.0,0.0
ITA,1976,0,0,18.8,7.12538510094043,18270.06444120635,55718260.0,16.6141664725788,6.6025,10.0,0.0,28.0,1.0,0.0,1.0,0.0,1.0,0.5,0.0,6,20.5,-2.09016289171086,18109.67372703895,16.9505025668306,6.662,1.0,10.0,2.517611104614785,1.0,1.0,0.5,0.0,0.0,0.0
ITA,1977,0,0,17.3,2.56050082604729,18270.06444120635,55955411.0,17.13004878665,6.6025,10.0,0.0,29.0,1.0,0.0,1.0,0.0,1.0,0.5,0.0,7,18.8,7.12538510094043,18109.67372703895,16.6141664725788,6.662,1.0,10.0,4.84294296349386,0.0,1.0,0.0,0.0,0.0,0.0
ITA,1978,0,0,16.1,3.24013978059317,18270.06444120635,56155143.0,12.0940138425074,6.6025,10.0,0.0,30.0,1.0,0.0,1.0,0.0,1.0,0.5,0.0,8,17.3,2.56050082604729,18109.67372703895,17.13004878665,6.662,1.0,10.0,2.90032030332023,0.0,1.0,0.0,0.0,0.0,0.0
ITA,1979,0,0,15.1,5.95915952688955,18270.06444120635,56317749.0,14.7985735661484,6.6025,10.0,0.0,31.0,1.0,0.0,1.0,0.0,1.0,0.5,0.0,9,16.1,3.24013978059317,18109.67372703895,12.0940138425074,6.662,1.0,10.0,4.59964965374136,0.0,1.0,0.0,0.0,0.0,0.0
ITA,1980,0,0,14.2,3.43001634618649,18270.06444120635,56433883.0,21.0641682770745,6.6025,10.0,0.0,32.0,1.0,0.0,1.0,0.0,1.0,0.5,0.0,10,15.1,5.95915952688955,18109.67372703895,14.7985735661484,6.662,1.0,10.0,4.69458793653802,0.0,1.0,0.0,0.0,0.0,0.0
ITA,1981,0,0,13.4,0.844227628121416,18270.06444120635,56501675.0,17.9692987519672,6.6025,10.0,0.0,33.0,1.0,0.0,1.0,0.0,1.0,0.5,0.0,11,14.2,3.43001634618649,18109.67372703895,21.0641682770745,6.662,1.0,10.0,2.137121987153953,0.0,1.0,0.0,0.0,0.0,0.0
ITA,1982,0,0,12.6,0.413585694308892,18270.06444120635,56543548.0,16.4804146202214,6.6025,10.0,0.0,34.0,1.0,0.0,1.0,0.0,1.0,0.5,0.0,12,13.4,0.844227628121416,18109.67372703895,17.9692987519672,6.662,1.0,10.0,0.628906661215154,0.0,1.0,0.0,0.0,0.0,0.0
ITA,1983,0,0,11.9,1.16920342741862,18270.06444120635,56564074.0,14.646576674877,6.6025,10.0,0.0,35.0,0.0,0.0,0.0,0.0,0.0,0.5,0.0,13,12.6,0.413585694308892,18109.67372703895,16.4804146202214,6.662,1.0,10.0,0.791394560863756,0.0,1.0,0.0,0.0,0.0,0.0
ITA,1984,0,0,11.2,3.22585239030356,18270.06444120635,56576718.0,10.7944960076811,6.6025,10.0,0.0,36.0,0.0,0.0,0.0,0.0,0.0,0.5,0.0,14,11.9,1.16920342741862,18109.67372703895,14.646576674877,6.662,0.0,10.0,2.19752790886109,0.0,1.0,0.0,0.0,0.0,0.0
ITA,1985,0,0,10.5,2.79808575480784,18270.06444120635,56593071.0,9.20599144253118,6.6025,10.0,0.0,37.0,0.0,0.0,0.0,0.0,0.0,0.5,0.0,15,11.2,3.22585239030356,18109.67372703895,10.7944960076811,6.662,0.0,10.0,3.0119690725557,0.0,0.0,0.0,0.0,0.0,0.0
ITA,1986,0,0,9.9,2.85997186889063,18270.06444120635,56596155.0,5.82354691862017,6.6025,10.0,0.0,38.0,0.0,0.0,0.0,0.0,0.0,0.5,0.0,16,10.5,2.79808575480784,18109.67372703895,9.20599144253118,6.662,0.0,10.0,2.829028811849235,0.0,0.0,0.0,0.0,0.0,0.0
ITA,1987,0,0,9.5,3.19196062140115,18270.06444120635,56601931.0,4.74728490389789,6.6025,10.0,0.0,39.0,0.0,0.0,0.0,0.0,0.0,0.5,0.0,17,9.9,2.85997186889063,18109.67372703895,5.82354691862017,6.662,0.0,10.0,3.0259662451458897,0.0,0.0,0.0,0.0,0.0,0.0
ITA,1988,0,0,9.0,4.19437725054567,18270.06444120635,56629288.0,5.05824747667119,6.6025,10.0,0.0,40.0,0.0,0.0,0.0,0.0,0.0,0.5,0.0,18,9.5,3.19196062140115,18109.67372703895,4.74728490389789,6.662,0.0,10.0,3.69316893597341,0.0,0.0,0.0,0.0,0.0,0.0
ITA,1989,0,0,8.7,3.38838350504491,18270.06444120635,56671781.0,6.25983137956977,6.6025,10.0,0.0,41.0,0.0,0.0,0.0,0.0,0.0,0.5,0.0,19,9.0,4.19437725054567,18109.67372703895,5.05824747667119,6.662,0.0,10.0,3.79138037779529,0.0,0.0,0.0,0.0,0.0,0.0
ITA,1990,0,0,8.4,1.98577491758405,42656.7445101659,56719240.0,6.456609061464,6.6025,10.0,0.0,42.0,0.0,0.0,0.0,0.0,0.0,0.5,0.0,20,8.7,3.38838350504491,18109.67372703895,6.25983137956977,6.662,0.0,10.0,2.68707921131448,0.0,0.0,0.0,0.0,0.0,0.0
ITA,1991,0,0,8.1,1.53844759206665,43283.0204441901,56758521.0,6.24999929790291,10.097,10.0,0.0,43.0,0.0,0.0,0.0,0.0,0.0,0.5,0.0,21,8.4,1.98577491758405,42656.7445101659,6.456609061464,6.662,0.0,10.0,1.7621112548253501,0.0,0.0,0.0,0.0,0.0,0.0
ITA,1992,0,0,7.7,0.834275417393798,43614.4850883758,56797087.0,5.2705899859293,9.321,10.0,0.0,44.0,0.0,0.0,0.0,0.0,0.0,0.5,0.0,22,8.1,1.53844759206665,43283.0204441901,6.24999929790291,10.097,0.0,10.0,1.186361504730224,0.0,0.0,0.0,0.0,0.0,0.0
ITA,1993,0,0,7.3,-0.852805731913904,43216.1096444751,56831821.0,4.62673468331298,10.212,10.0,0.0,45.0,0.0,0.0,0.0,0.0,0.0,0.5,0.0,23,7.7,0.834275417393798,43614.4850883758,5.2705899859293,9.321,0.0,10.0,-0.009265157260053003,0.0,0.0,0.0,0.0,0.0,0.0
ITA,1994,1,0,6.8,2.15102367074849,44136.7059141923,56843400.0,4.05184218065716,11.086,10.0,0.0,46.0,0.0,0.0,0.0,0.0,0.0,0.5,0.0,24,7.3,-0.852805731913904,43216.1096444751,4.62673468331298,10.212,0.0,10.0,0.649108969417293,0.0,0.0,0.0,0.0,0.0,0.0
ITA,1995,0,0,6.4,2.88683671925843,45410.1391731091,56844303.0,5.23542258044301,11.661,10.0,0.0,47.0,0.0,0.0,0.0,0.0,0.0,0.5,0.0,0,6.8,2.15102367074849,44136.7059141923,4.05184218065716,11.086,0.0,10.0,2.5189301950034597,0.0,0.0,0.0,0.0,0.0,0.0
ITA,1996,0,0,6.0,1.34558477192847,46008.2389303796,56860281.0,4.0069766898104,11.864,10.0,0.0,48.0,0.0,0.0,0.0,0.0,0.0,0.5,0.0,1,6.4,2.88683671925843,45410.1391731091,5.23542258044301,11.661,0.0,10.0,2.11621074559345,0.0,0.0,0.0,0.0,0.0,0.0
ITA,1997,0,0,5.6,1.92572122608527,46869.4256086419,56890372.0,2.04310779750136,11.985,10.0,0.0,49.0,0.0,0.0,0.0,0.0,0.0,0.5,0.0,2,6.0,1.34558477192847,46008.2389303796,4.0069766898104,11.864,0.0,10.0,1.63565299900687,0.0,0.0,0.0,0.0,0.0,0.0
ITA,1998,0,0,5.3,1.8043732818638,47701.3974191265,56906744.0,1.95508557719381,12.117,10.0,0.0,50.0,0.0,0.0,0.0,0.0,0.0,0.5,0.0,3,5.6,1.92572122608527,46869.4256086419,2.04310779750136,11.985,0.0,10.0,1.865047253974535,0.0,0.0,0.0,0.0,0.0,0.0
ITA,1999,0,0,5.0,1.67799157943422,48493.6651210308,56916317.0,1.66345995007714,11.681,10.0,0.0,51.0,0.0,0.0,0.0,0.0,0.0,0.5,0.0,4,5.3,1.8043732818638,47701.3974191265,1.95508557719381,12.117,0.0,10.0,1.74118243064901,0.0,0.0,0.0,0.0,0.0,0.0
ITA,2000,0,0,4.7,3.88209885062652,50353.4200415436,56942108.0,2.53768532095002,10.834,10.0,0.0,52.0,0.0,0.0,0.0,0.0,0.0,0.5,0.0,5,5.0,1.67799157943422,48493.6651210308,1.66345995007714,11.681,0.0,10.0,2.78004521503037,0.0,0.0,0.0,0.0,0.0,0.0
ITA,2001,0,0,4.5,2.00643329837733,51332.2904432567,56976981.0,2.78516542713554,9.599,10.0,0.0,53.0,0.0,0.0,0.0,0.0,0.0,0.5,0.0,6,4.7,3.88209885062652,50353.4200415436,2.53768532095002,10.834,0.0,10.0,2.944266074501925,0.0,0.0,0.0,0.0,0.0,0.0
ITA,2002,0,0,4.3,0.26992966378873,51369.1149098293,57089824.0,2.46532319171165,9.211,10.0,0.0,54.0,0.0,0.0,0.0,0.0,0.0,0.5,0.0,7,4.5,2.00643329837733,51332.2904432567,2.78516542713554,9.599,0.0,10.0,1.1381814810830302,0.0,0.0,0.0,0.0,0.0,0.0
ITA,2003,0,0,4.1,0.0665538088732092,51126.2585544038,57399184.0,2.6725555277285,8.869,10.0,0.0,55.0,0.0,0.0,0.0,0.0,0.0,0.5,0.0,8,4.3,0.26992966378873,51369.1149098293,2.46532319171165,9.211,0.0,10.0,0.16824173633096984,0.0,0.0,0.0,0.0,0.0,0.0
ITA,2004,0,0,3.9,1.4740217064723,51495.0028841364,57828179.0,2.20673661423657,7.866,10.0,0.0,56.0,0.0,0.0,0.0,0.0,0.0,0.5,0.0,9,4.1,0.0665538088732092,51126.2585544038,2.6725555277285,8.869,0.0,10.0,0.7702877576727548,0.0,0.0,0.0,0.0,0.0,0.0
ITA,2005,0,0,3.8,0.762410677306491,51585.6445807938,58166682.0,1.9852929852798,7.73,10.0,0.0,57.0,0.0,0.0,0.0,0.0,0.0,0.5,0.0,10,3.9,1.4740217064723,51495.0028841364,2.20673661423657,7.866,0.0,10.0,1.1182161918893958,0.0,0.0,0.0,0.0,0.0,0.0
ITA,2006,1,0,3.7,1.79947992234244,52304.2402949819,58399861.0,2.09084391012754,6.777,10.0,0.0,58.0,0.0,0.0,0.0,0.0,0.0,0.5,0.0,11,3.8,0.762410677306491,51585.6445807938,1.9852929852798,7.73,0.0,10.0,1.2809452998244657,0.0,0.0,0.0,0.0,0.0,0.0
ITA,2007,0,0,3.6,1.46229205289291,52747.1905476807,58756247.0,1.82974112202403,6.076,10.0,0.0,59.0,0.0,0.0,0.0,0.0,0.0,0.5,0.0,0,3.7,1.79947992234244,52304.2402949819,2.09084391012754,6.777,0.0,10.0,1.6308859876176753,0.0,0.0,0.0,0.0,0.0,0.0
ITA,2008,1,0,3.5,-1.02313851177097,51806.3906176391,59211181.0,3.34783258401022,6.723,10.0,0.0,60.0,0.0,0.0,0.0,0.0,0.0,0.5,0.0,1,3.6,1.46229205289291,52747.1905476807,1.82974112202403,6.076,0.0,10.0,0.21957677056097036,0.0,0.0,0.0,0.0,0.0,0.0
ITA,2009,0,0,3.4,-5.30515401233991,48774.3916833748,59555454.0,0.774768131387381,7.749,10.0,0.0,61.0,0.0,0.0,0.0,0.0,0.0,0.5,0.0,0,3.5,-1.02313851177097,51806.3906176391,3.34783258401022,6.723,0.0,10.0,-3.1641462620554397,0.0,0.0,0.0,0.0,0.0,0.0
ITA,2010,0,0,3.4,1.52910573247101,49301.6959141674,59819407.0,1.52551602118248,8.363,10.0,0.0,62.0,0.0,0.0,0.0,0.0,0.0,0.5,0.0,1,3.4,-5.30515401233991,48774.3916833748,0.774768131387381,7.749,0.0,10.0,-1.8880241399344497,0.0,0.0,0.0,0.0,0.0,0.0
ITA,2011,1,0,3.3,0.695463154440176,49473.0149235634,60026841.0,2.78063272879323,8.359,10.0,0.0,63.0,0.0,0.0,0.0,0.0,0.0,0.5,0.0,2,3.4,1.52910573247101,49301.6959141674,1.52551602118248,8.363,0.0,10.0,1.1122844434555934,0.0,0.0,0.0,0.0,0.0,0.0
ITA,2012,0,0,3.2,-3.12523877282996,47795.9579360541,60191247.0,3.04136333226775,10.655,10.0,0.0,64.0,0.0,0.0,0.0,0.0,0.0,0.5,0.0,0,3.3,0.695463154440176,49473.0149235634,2.78063272879323,8.359,0.0,10.0,-1.2148878091948916,0.0,0.0,0.0,0.0,0.0,0.0
ITA,2013,1,0,3.1,-1.81802510749792,46833.3615309303,60311613.0,1.21999342274306,12.149,10.0,0.0,65.0,0.0,0.0,0.0,0.0,0.0,0.5,0.0,1,3.2,-3.12523877282996,47795.9579360541,3.04136333226775,10.655,0.0,10.0,-2.4716319401639395,0.0,0.0,0.0,0.0,0.0,0.0
ITA,2014,0,0,3.1,-0.00138761730454462,46825.6511245062,60320707.0,0.241047429826756,12.683,10.0,0.0,66.0,0.0,0.0,0.0,0.0,0.0,0.5,0.0,0,3.1,-1.81802510749792,46833.3615309303,1.21999342274306,12.149,0.0,10.0,-0.9097063624012318,0.0,0.0,0.0,0.0,0.0,0.0
ITA,2015,0,0,3.0,0.885667635240807,47311.8255262709,60229605.0,0.0387903996579733,11.896,10.0,0.0,67.0,0.0,0.0,0.0,0.0,0.0,0.5,0.0,1,3.1,-0.00138761730454462,46825.6511245062,0.241047429826756,12.683,0.0,10.0,0.44214000896813166,0.0,0.0,0.0,0.0,0.0,0.0
ITA,2016,0,0,2.9,1.23622108511661,47987.8379581014,60115223.0,-0.09401665691575,11.688,10.0,0.0,68.0,0.0,0.0,0.0,0.0,0.0,0.5,0.0,2,3.0,0.885667635240807,47311.8255262709,0.0387903996579733,11.896,0.0,10.0,1.060944360178709,0.0,0.0,0.0,0.0,0.0,0.0
ITA,2017,0,0,2.8,1.60369995294101,48849.2183534756,60002252.0,1.22653316645812,11.211,10.0,0.0,69.0,0.0,0.0,0.0,0.0,0.0,0.5,0.0,3,2.9,1.23622108511661,47987.8379581014,-0.09401665691575,11.688,0.0,10.0,1.4199605190288105,0.0,0.0,0.0,0.0,0.0,0.0
ITA,2018,1,0,2.7,0.826646712344115,49355.8751913504,59877221.0,1.13748763600391,10.538,10.0,0.0,70.0,0.0,0.0,0.0,0.0,0.0,0.5,0.0,4,2.8,1.60369995294101,48849.2183534756,1.22653316645812,11.211,0.0,10.0,1.2151733326425629,0.0,0.0,0.0,0.0,0.0,0.0
ITA,2019,0,0,2.6,0.429162533780342,49690.6298505274,59729081.0,0.611246943765304,9.884,10.0,0.0,70.0,0.0,0.0,0.0,0.0,0.0,0.5,0.0,0,2.7,0.826646712344115,49355.8751913504,1.13748763600391,10.538,0.0,10.0,0.6279046230622289,0.0,0.0,0.0,0.0,0.0,0.0
ITA,2020,0,0,2.5,-8.86822122185345,45505.0688708956,59438851.0,-0.13770757391651,9.192,10.0,0.0,70.0,0.0,0.0,0.0,0.0,0.0,0.5,0.0,1,2.6,0.429162533780342,49690.6298505274,0.611246943765304,9.884,0.0,10.0,-4.2195293440365536,0.0,0.0,0.0,0.0,0.0,0.0
ITA,2021,0,0,2.5,8.93106210800055,49825.3934111848,59133173.0,1.87378325762481,9.497,10.0,0.0,70.0,0.0,0.0,0.0,0.0,0.0,0.5,0.0,2,2.5,-8.86822122185345,45505.0688708956,-0.13770757391651,9.192,0.0,10.0,0.031420443073550075,0.0,0.0,0.0,0.0,0.0,0.0
ITA,2022,1,0,2.4,4.82117669913565,52333.3274270604,59013667.0,8.20128991161718,8.069,10.0,0.0,70.0,0.0,0.0,0.0,0.0,0.0,0.5,0.0,3,2.5,8.93106210800055,49825.3934111848,1.87378325762481,9.497,0.0,10.0,6.8761194035681,0.0,0.0,0.0,0.0,0.0,0.0
ITA,2023,0,0,2.3,0.922796543670316,52842.6288831758,58984216.0,5.62219442195901,7.627,10.0,0.0,70.0,0.0,0.0,0.0,0.0,0.0,0.5,0.0,0,2.4,4.82117669913565,52333.3274270604,8.20128991161718,8.069,0.0,10.0,2.871986621402983,0.0,0.0,0.0,0.0,0.0,0.0
ITA,2024,0,0,2.3,0.783039135276795,53284.8745049149,58952704.0,0.982373023061417,6.5,10.0,0.0,70.0,0.0,0.0,0.0,0.0,0.0,0.5,0.0,1,2.3,0.922796543670316,52842.6288831758,5.62219442195901,7.627,0.0,10.0,0.8529178394735555,0.0,0.0,0.0,0.0,0.0,0.0
JAM,1970,0,0,46.6,12.0644090390182,18270.06444120635,1878196.0,14.7280041962567,6.6025,10.0,0.0,11.0,0.0,0.0,0.0,0.0,0.0,0.5,0.0,0,18.4,3.53620866972961,18109.67372703895,5.66318573909345,6.662,0.0,8.0,12.0644090390182,1.0,1.0,0.5,0.0,0.0,0.0
JAM,1971,0,0,44.8,2.45807345173883,18270.06444120635,1903728.0,5.33617929585868,6.6025,10.0,0.0,12.0,0.0,0.0,0.0,0.0,0.0,0.5,0.0,1,46.6,12.0644090390182,18109.67372703895,14.7280041962567,6.662,0.0,10.0,7.261241245378515,1.0,0.0,0.5,0.0,0.0,0.0
JAM,1972,1,0,43.0,18.0085552919373,18270.06444120635,1931542.0,5.42770299630751,6.6025,10.0,0.0,13.0,0.0,0.0,0.0,0.0,0.0,0.5,0.0,2,44.8,2.45807345173883,18109.67372703895,5.33617929585868,6.662,0.0,10.0,10.233314371838064,1.0,0.0,0.5,0.0,0.0,0.0
JAM,1973,0,0,41.2,-5.48550909116167,18270.06444120635,1961219.0,17.6825919824838,6.6025,10.0,0.0,14.0,0.0,0.0,0.0,0.0,0.0,0.5,0.0,0,43.0,18.0085552919373,18109.67372703895,5.42770299630751,6.662,0.0,10.0,6.261523100387814,1.0,1.0,0.5,0.0,0.0,0.0
JAM,1974,0,0,39.6,-4.22926130986501,18270.06444120635,1990906.0,27.1581894550216,6.6025,10.0,0.0,15.0,0.0,0.0,0.0,0.0,0.0,0.5,0.0,1,41.2,-5.48550909116167,18109.67372703895,17.6825919824838,6.662,0.0,10.0,-4.85738520051334,1.0,1.0,0.5,0.0,0.0,0.0
JAM,1975,0,0,38.0,-0.25609225691494,18270.06444120635,2018981.0,17.3761467885801,6.6025,10.0,0.0,16.0,0.0,0.0,0.0,0.0,0.0,0.5,0.0,2,39.6,-4.22926130986501,18109.67372703895,27.1581894550216,6.662,0.0,10.0,-2.242676783389975,1.0,1.0,0.5,0.0,0.0,0.0
JAM,1976,0,0,36.7,-6.6942450951283,18270.06444120635,2045578.0,9.79365327534651,6.6025,10.0,0.0,17.0,0.0,0.0,0.0,0.0,0.0,0.5,0.0,3,38.0,-0.25609225691494,18109.67372703895,17.3761467885801,6.662,0.0,10.0,-3.47516867602162,1.0,0.0,0.5,0.0,0.0,0.0
JAM,1977,0,0,35.5,-2.59754869763765,18270.06444120635,2070657.0,11.1910016370359,6.6025,10.0,0.0,18.0,0.0,0.0,0.0,0.0,0.0,0.5,0.0,4,36.7,-6.6942450951283,18109.67372703895,9.79365327534651,6.662,0.0,10.0,-4.645896896382975,1.0,1.0,0.5,0.0,0.0,0.0
JAM,1978,0,0,34.3,-0.0537003148015742,18270.06444120635,2094836.0,34.8998015240508,6.6025,10.0,0.0,19.0,0.0,0.0,0.0,0.0,0.0,0.5,0.0,5,35.5,-2.59754869763765,18109.67372703895,11.1910016370359,6.662,0.0,10.0,-1.3256245062196121,1.0,1.0,0.5,0.0,0.0,0.0
JAM,1979,0,0,33.3,-1.06004131730283,18270.06444120635,2119486.0,29.0792596109786,6.6025,10.0,0.0,20.0,0.0,0.0,0.0,0.0,0.0,0.5,0.0,6,34.3,-0.0537003148015742,18109.67372703895,34.8998015240508,6.662,0.0,10.0,-0.5568708160522021,1.0,1.0,0.5,0.0,0.0,0.0
JAM,1980,1,0,32.2,-5.71415924592799,18270.06444120635,2145658.0,27.3081589882307,6.6025,10.0,0.0,21.0,1.0,1.0,0.0,0.0,1.0,0.5,0.0,7,33.3,-1.06004131730283,18109.67372703895,29.0792596109786,6.662,0.0,10.0,-3.3871002816154103,1.0,1.0,0.5,0.0,0.0,0.0
JAM,1981,0,0,31.2,2.63944799408762,18270.06444120635,2173818.0,12.7397181145091,6.6025,10.0,0.0,22.0,0.0,0.0,0.0,0.0,0.0,0.5,0.0,0,32.2,-5.71415924592799,18109.67372703895,27.3081589882307,6.662,1.0,10.0,-1.5373556259201853,1.0,1.0,0.5,0.0,0.0,0.0
JAM,1982,0,0,30.3,2.06923162402543,18270.06444120635,2203889.0,6.54540796720066,6.6025,10.0,0.0,23.0,0.0,0.0,0.0,0.0,0.0,0.5,0.0,1,31.2,2.63944799408762,18109.67372703895,12.7397181145091,6.662,0.0,10.0,2.354339809056525,1.0,0.0,0.5,0.0,0.0,0.0
JAM,1983,0,0,29.5,1.90907840238197,18270.06444120635,2234832.0,11.5821110844253,6.6025,10.0,0.0,24.0,0.0,0.0,0.0,0.0,0.0,0.5,0.0,2,30.3,2.06923162402543,18109.67372703895,6.54540796720066,6.662,0.0,10.0,1.9891550132037,1.0,1.0,0.5,0.0,0.0,0.0
JAM,1984,0,0,28.6,-1.54234579969579,18270.06444120635,2264562.0,27.8147693237453,6.6025,10.0,0.0,25.0,0.0,0.0,0.0,0.0,0.0,0.5,0.0,3,29.5,1.90907840238197,18109.67372703895,11.5821110844253,6.662,0.0,10.0,0.18336630134308995,1.0,1.0,0.5,0.0,0.0,0.0
JAM,1985,0,0,27.9,-2.94363557496624,18270.06444120635,2290656.0,25.6731012391772,6.6025,10.0,0.0,26.0,0.0,0.0,0.0,0.0,0.0,0.5,0.0,4,28.6,-1.54234579969579,18109.67372703895,27.8147693237453,6.662,0.0,10.0,-2.242990687331015,1.0,1.0,0.5,0.0,0.0,0.0
JAM,1986,0,0,27.2,1.88258818544895,18270.06444120635,2312125.0,15.1053754209796,6.6025,10.0,0.0,27.0,0.0,0.0,0.0,0.0,0.0,0.5,0.0,5,27.9,-2.94363557496624,18109.67372703895,25.6731012391772,6.662,0.0,10.0,-0.530523694758645,1.0,1.0,0.5,0.0,0.0,0.0
JAM,1987,0,0,26.5,7.850354826906,18270.06444120635,2329813.0,6.65244804962684,6.6025,10.0,0.0,28.0,0.0,0.0,0.0,0.0,0.0,0.5,0.0,6,27.2,1.88258818544895,18109.67372703895,15.1053754209796,6.662,0.0,10.0,4.866471506177475,1.0,0.0,0.5,0.0,0.0,0.0
JAM,1988,0,0,25.9,3.97430201540247,18270.06444120635,2345777.0,8.26676574400908,6.6025,10.0,0.0,29.0,0.0,0.0,0.0,0.0,0.0,0.5,0.0,7,26.5,7.850354826906,18109.67372703895,6.65244804962684,6.662,0.0,10.0,5.9123284211542355,1.0,0.0,0.5,0.0,0.0,0.0
JAM,1989,1,0,25.3,7.17330434565815,18270.06444120635,2361916.0,14.3295390328572,6.6025,10.0,0.0,30.0,0.0,0.0,0.0,0.0,0.0,0.5,0.0,8,25.9,3.97430201540247,18109.67372703895,8.26676574400908,6.662,0.0,10.0,5.5738031805303105,1.0,1.0,0.5,0.0,0.0,0.0
JAM,1990,0,0,24.7,4.2005351147029,8879.65295231625,2379877.0,21.9601751165083,6.6025,10.0,0.0,31.0,0.0,0.0,0.0,0.0,0.0,0.5,0.0,0,25.3,7.17330434565815,18109.67372703895,14.3295390328572,6.662,0.0,10.0,5.686919730180525,1.0,1.0,0.5,0.0,0.0,0.0
JAM,1991,0,0,24.1,4.83823875455573,9227.87613770652,2400869.0,51.0710977304313,6.233,10.0,0.0,32.0,0.0,0.0,0.0,0.0,0.0,0.5,0.0,1,24.7,4.2005351147029,8879.65295231625,21.9601751165083,6.662,0.0,10.0,4.519386934629315,1.0,1.0,0.5,0.0,0.0,0.0
JAM,1992,0,0,23.5,1.95554250017773,9315.8581885588,2424701.0,77.2965929559651,6.383,10.0,0.0,33.0,0.0,0.0,0.0,0.0,0.0,0.5,0.0,2,24.1,4.83823875455573,9227.87613770652,51.0710977304313,6.233,0.0,10.0,3.39689062736673,1.0,1.0,0.5,0.0,0.0,0.0
JAM,1993,0,0,22.9,9.41710256580915,10088.232357755,2449916.0,22.0699494185292,6.235,9.0,0.0,34.0,0.0,0.0,0.0,0.0,0.0,0.5,0.0,3,23.5,1.95554250017773,9315.8581885588,77.2965929559651,6.383,0.0,10.0,5.68632253299344,1.0,1.0,0.5,0.0,0.0,0.0
JAM,1994,0,0,22.3,1.38338980682033,10123.2339381488,2475220.0,35.0633942484772,6.335,9.0,0.0,35.0,0.0,0.0,0.0,0.0,0.0,0.5,0.0,4,22.9,9.41710256580915,10088.232357755,22.0699494185292,6.235,0.0,9.0,5.400246186314741,1.0,1.0,0.5,0.0,0.0,0.0
JAM,1995,0,0,21.7,2.34995703773234,10257.8065381959,2500151.0,19.9087488364168,6.325,9.0,0.0,36.0,0.0,0.0,0.0,0.0,0.0,0.5,0.0,5,22.3,1.38338980682033,10123.2339381488,35.0633942484772,6.335,0.0,9.0,1.8666734222763353,1.0,1.0,0.5,0.0,0.0,0.0
JAM,1996,0,0,21.0,-0.113731205844019,10147.4641121652,2524463.0,26.4066566074043,6.611,9.0,0.0,37.0,0.0,0.0,0.0,0.0,0.0,0.5,0.0,6,21.7,2.34995703773234,10257.8065381959,19.9087488364168,6.325,0.0,9.0,1.1181129159441607,1.0,1.0,0.5,0.0,0.0,0.0
JAM,1997,0,0,20.3,-1.14045987350366,9939.66172862006,2547848.0,9.65755261268595,6.693,9.0,0.0,38.0,0.0,0.0,0.0,0.0,0.0,0.5,0.0,7,21.0,-0.113731205844019,10147.4641121652,26.4066566074043,6.611,0.0,9.0,-0.6270955396738395,1.0,0.0,0.5,0.0,0.0,0.0
JAM,1998,0,0,19.6,-2.33455353946911,9624.92935948127,2569736.0,8.63189613012144,6.846,9.0,0.0,39.0,0.0,0.0,0.0,0.0,0.0,0.5,0.0,8,20.3,-1.14045987350366,9939.66172862006,9.65755261268595,6.693,0.0,9.0,-1.737506706486385,1.0,0.0,0.5,0.0,0.0,0.0
JAM,1999,0,0,19.0,1.04767386709968,9650.43726482499,2589795.0,5.95423949113006,6.813,9.0,0.0,40.0,0.0,0.0,0.0,0.0,0.0,0.5,0.0,9,19.6,-2.33455353946911,9624.92935948127,8.63189613012144,6.846,0.0,9.0,-0.643439836184715,1.0,0.0,0.5,0.0,0.0,0.0
JAM,2000,0,0,18.5,0.87870355044231,9667.92474492316,2607826.0,8.17108356120225,6.752,9.0,0.0,41.0,0.0,0.0,0.0,0.0,0.0,0.5,0.0,10,19.0,1.04767386709968,9650.43726482499,5.95423949113006,6.813,0.0,9.0,0.9631887087709949,1.0,0.0,0.5,0.0,0.0,0.0
JAM,2001,0,0,18.0,1.34492956615135,9736.06291757526,2624403.0,6.8019093078759,6.641,9.0,0.0,42.0,0.0,0.0,0.0,0.0,0.0,0.5,0.0,11,18.5,0.87870355044231,9667.92474492316,8.17108356120225,6.752,0.0,9.0,1.11181655829683,0.0,0.0,0.0,0.0,0.0,0.0
JAM,2002,0,0,17.7,1.99729094191295,9869.71291927176,2640572.0,7.07635009310985,6.616,9.0,0.0,43.0,0.0,0.0,0.0,0.0,0.0,0.5,0.0,12,18.0,1.34492956615135,9736.06291757526,6.8019093078759,6.641,0.0,9.0,1.67111025403215,0.0,0.0,0.0,0.0,0.0,0.0
JAM,2003,0,0,17.5,3.66631759041991,10169.7500243245,2656623.0,10.0869565217391,6.534,9.0,0.0,44.0,0.0,0.0,0.0,0.0,0.0,0.5,0.0,13,17.7,1.99729094191295,9869.71291927176,7.07635009310985,6.616,0.0,9.0,2.83180426616643,0.0,1.0,0.0,0.0,0.0,0.0
JAM,2004,0,0,17.4,1.32372510450574,10244.2066702878,2672225.0,13.5545023696682,6.539,9.0,0.0,45.0,0.0,0.0,0.0,0.0,0.0,0.5,0.0,14,17.5,3.66631759041991,10169.7500243245,10.0869565217391,6.534,0.0,9.0,2.495021347462825,0.0,1.0,0.0,0.0,0.0,0.0
JAM,2005,0,0,17.3,0.893797935409893,10278.6834382546,2687066.0,15.0528658875905,6.577,9.0,0.0,46.0,0.0,0.0,0.0,0.0,0.0,0.5,0.0,15,17.4,1.32372510450574,10244.2066702878,13.5545023696682,6.539,0.0,9.0,1.1087615199578162,0.0,1.0,0.0,0.0,0.0,0.0
JAM,2006,0,0,17.3,2.89912534481287,10522.2367459591,2700968.0,8.56106408706157,6.605,9.0,0.0,47.0,0.0,0.0,0.0,0.0,0.0,0.5,0.0,16,17.3,0.893797935409893,10278.6834382546,15.0528658875905,6.577,0.0,9.0,1.8964616401113814,0.0,0.0,0.0,0.0,0.0,0.0
JAM,2007,1,0,17.4,1.43195403769627,10622.4442829007,2713800.0,9.24482067275562,6.607,9.0,0.0,48.0,0.0,0.0,0.0,0.0,0.0,0.5,0.0,17,17.3,2.89912534481287,10522.2367459591,8.56106408706157,6.605,0.0,9.0,2.16553969125457,0.0,0.0,0.0,0.0,0.0,0.0
JAM,2008,0,0,17.4,-0.811736702186792,10490.4686134498,2725635.0,22.0228384991843,6.666,9.0,0.0,49.0,0.0,0.0,0.0,0.0,0.0,0.5,0.0,0,17.4,1.43195403769627,10622.4442829007,9.24482067275562,6.607,0.0,9.0,0.31010866775473905,0.0,1.0,0.0,0.0,0.0,0.0
JAM,2009,0,0,17.4,-4.34530185828071,9992.97699539021,2736995.0,9.59224598930482,7.314,9.0,0.0,50.0,0.0,0.0,0.0,0.0,0.0,0.5,0.0,1,17.4,-0.811736702186792,10490.4686134498,22.0228384991843,6.666,0.0,9.0,-2.578519280233751,0.0,0.0,0.0,0.0,0.0,0.0
JAM,2010,0,0,17.4,-1.45714720850386,9805.90172806302,2748568.0,12.6105519975603,7.63,9.0,0.0,51.0,0.0,0.0,0.0,0.0,0.0,0.5,0.0,2,17.4,-4.34530185828071,9992.97699539021,9.59224598930482,7.314,0.0,9.0,-2.901224533392285,0.0,1.0,0.0,0.0,0.0,0.0
JAM,2011,1,0,17.3,1.73037627006349,9932.48380946963,2760494.0,7.555856465809,8.034,9.0,0.0,52.0,0.0,0.0,0.0,0.0,0.0,0.5,0.0,3,17.4,-1.45714720850386,9805.90172806302,12.6105519975603,7.63,0.0,9.0,0.136614530779815,0.0,0.0,0.0,0.0,0.0,0.0
JAM,2012,0,0,17.3,-0.613636042132399,9829.03510015044,2772430.0,6.87397708674309,8.695,9.0,0.0,53.0,0.0,0.0,0.0,0.0,0.0,0.5,0.0,0,17.3,1.73037627006349,9932.48380946963,7.555856465809,8.034,0.0,9.0,0.5583701139655455,0.0,0.0,0.0,0.0,0.0,0.0
JAM,2013,0,0,17.3,0.517686011311724,9839.96506606095,2783687.0,9.34150076569673,9.698,9.0,0.0,54.0,0.0,0.0,0.0,0.0,0.0,0.5,0.0,1,17.3,-0.613636042132399,9829.03510015044,6.87397708674309,8.695,0.0,9.0,-0.047975015410337496,0.0,0.0,0.0,0.0,0.0,0.0
JAM,2014,0,0,17.2,0.689822359762587,9872.15913752129,2793749.0,8.27407886231419,9.046,9.0,0.0,55.0,0.0,0.0,0.0,0.0,0.0,0.5,0.0,2,17.3,0.517686011311724,9839.96506606095,9.34150076569673,9.698,0.0,9.0,0.6037541855371555,0.0,0.0,0.0,0.0,0.0,0.0
JAM,2015,0,0,17.2,0.92148712399856,9931.89875715182,2802534.0,3.69154228855725,8.825,9.0,0.0,56.0,0.0,0.0,0.0,0.0,0.0,0.5,0.0,3,17.2,0.689822359762587,9872.15913752129,8.27407886231419,9.046,0.0,9.0,0.8056547418805735,0.0,0.0,0.0,0.0,0.0,0.0
JAM,2016,1,0,17.1,2.76043761369557,10179.2536486158,2809915.0,2.35102197485846,8.634,9.0,0.0,57.0,0.0,0.0,0.0,0.0,0.0,0.5,0.0,4,17.2,0.92148712399856,9931.89875715182,3.69154228855725,8.825,0.0,9.0,1.840962368847065,0.0,0.0,0.0,0.0,0.0,0.0
JAM,2017,0,0,17.2,2.29303371291363,10391.0378224678,2815764.0,4.37839864991561,7.399,9.0,0.0,58.0,0.0,0.0,0.0,0.0,0.0,0.5,0.0,0,17.1,2.76043761369557,10179.2536486158,2.35102197485846,8.634,0.0,9.0,2.5267356633046,0.0,0.0,0.0,0.0,0.0,0.0
JAM,2018,0,0,17.2,2.51584458612513,10636.0929784551,2820097.0,3.73663882152163,5.47,9.0,0.0,59.0,0.0,0.0,0.0,0.0,0.0,0.5,0.0,1,17.2,2.29303371291363,10391.0378224678,4.37839864991561,7.399,0.0,9.0,2.40443914951938,0.0,0.0,0.0,0.0,0.0,0.0
JAM,2019,0,0,17.2,1.80943147301357,10816.3720391154,2823271.0,3.90510000865872,4.987,9.0,0.0,59.0,0.0,0.0,0.0,0.0,0.0,0.5,0.0,2,17.2,2.51584458612513,10636.0929784551,3.73663882152163,5.47,0.0,9.0,2.16263802956935,0.0,0.0,0.0,0.0,0.0,0.0
JAM,2020,0,0,17.2,-8.30441923583135,9891.96932961548,2830739.0,5.2267777929352,6.501,9.0,0.0,59.0,0.0,0.0,0.0,0.0,0.0,0.5,0.0,3,17.2,1.80943147301357,10816.3720391154,3.90510000865872,4.987,0.0,9.0,-3.2474938814088903,0.0,0.0,0.0,0.0,0.0,0.0
JAM,2021,0,0,17.1,5.70467978309095,10430.6909771759,2837682.0,5.86278242801063,5.188,9.0,0.0,59.0,0.0,0.0,0.0,0.0,0.0,0.5,0.0,4,17.2,-8.30441923583135,9891.96932961548,5.2267777929352,6.501,0.0,9.0,-1.2998697263702002,0.0,0.0,0.0,0.0,0.0,0.0
JAM,2022,0,0,16.9,6.43930323656186,11096.6377085321,2839144.0,10.3495688391272,4.083,9.0,0.0,59.0,0.0,0.0,0.0,0.0,0.0,0.5,0.0,5,17.1,5.70467978309095,10430.6909771759,5.86278242801063,5.188,0.0,9.0,6.071991509826405,0.0,1.0,0.0,0.0,0.0,0.0
JAM,2023,0,0,16.7,2.74634433906714,11398.8120394641,2839786.0,6.47413734662063,3.022,9.0,0.0,59.0,0.0,0.0,0.0,0.0,0.0,0.5,0.0,6,16.9,6.43930323656186,11096.6377085321,10.3495688391272,4.083,0.0,9.0,4.5928237878145,0.0,0.0,0.0,0.0,0.0,0.0
JAM,2024,0,0,16.4,-0.535039063867487,11340.2638800451,2839175.0,5.41194447981659,3.151,9.0,0.0,59.0,0.0,0.0,0.0,0.0,0.0,0.5,0.0,7,16.7,2.74634433906714,11398.8120394641,6.47413734662063,3.022,0.0,9.0,1.1056526375998263,0.0,0.0,0.0,0.0,0.0,0.0
JOR,1970,0,0,71.1,3.51652574676669,18270.06444120635,1565163.0,5.89999999899992,6.6025,-9.0,0.0,13.0,7.0,3.0,0.0,4.0,1.0,0.5,0.0,0,18.4,3.53620866972961,18109.67372703895,5.66318573909345,6.662,0.0,8.0,3.4147232630745155,1.0,0.0,0.5,0.0,0.0,0.0
JOR,1971,0,0,68.2,3.51652574676669,18270.06444120635,1645145.0,4.81586402365268,6.6025,-9.0,0.0,14.0,0.0,0.0,0.0,0.0,0.0,0.5,0.0,1,71.1,3.53620866972961,18109.67372703895,5.89999999899992,6.662,7.0,-9.0,3.4147232630745155,1.0,0.0,0.5,0.0,0.0,0.0
JOR,1972,0,0,65.5,3.51652574676669,18270.06444120635,1714555.0,7.6576576576576,6.6025,-9.0,0.0,15.0,0.0,0.0,0.0,0.0,0.0,0.5,0.0,2,68.2,3.53620866972961,18109.67372703895,4.81586402365268,6.662,0.0,-9.0,3.4147232630745155,1.0,0.0,0.5,0.0,0.0,0.0
JOR,1973,0,0,62.8,3.51652574676669,18270.06444120635,1778094.0,11.1297071121337,6.6025,-9.0,0.0,16.0,0.0,0.0,0.0,0.0,0.0,0.5,0.0,3,65.5,3.53620866972961,18109.67372703895,7.6576576576576,6.662,0.0,-9.0,3.4147232630745155,1.0,1.0,0.5,0.0,0.0,0.0
JOR,1974,0,0,60.2,3.51652574676669,18270.06444120635,1839182.0,19.4277108435204,6.6025,-10.0,0.0,17.0,0.0,0.0,0.0,0.0,0.0,0.5,0.0,4,62.8,3.53620866972961,18109.67372703895,11.1297071121337,6.662,0.0,-9.0,3.4147232630745155,1.0,1.0,0.5,0.0,0.0,0.0
JOR,1975,0,0,57.7,3.51652574676669,18270.06444120635,1899055.0,11.9798234553088,6.6025,-10.0,0.0,18.0,0.0,0.0,0.0,0.0,0.0,0.5,0.0,5,60.2,3.53620866972961,18109.67372703895,19.4277108435204,6.662,0.0,-10.0,3.4147232630745155,1.0,1.0,0.5,0.0,0.0,0.0
JOR,1976,0,0,55.3,3.51652574676669,18270.06444120635,1958177.0,11.4999999999997,6.6025,-10.0,0.0,19.0,0.0,0.0,0.0,0.0,0.0,0.5,0.0,6,57.7,3.53620866972961,18109.67372703895,11.9798234553088,6.662,0.0,-10.0,3.4147232630745155,1.0,1.0,0.5,0.0,0.0,0.0
JOR,1977,0,0,53.0,8.29840885389555,18270.06444120635,2019002.0,14.5665171893876,6.6025,-10.0,0.0,20.0,0.0,0.0,0.0,0.0,0.0,0.5,0.0,7,55.3,3.53620866972961,18109.67372703895,11.4999999999997,6.662,0.0,-10.0,8.29840885389555,1.0,1.0,0.5,0.0,0.0,0.0
JOR,1978,0,0,50.8,14.6795660169677,18270.06444120635,2083595.0,6.92152129952408,6.6025,-10.0,0.0,21.0,0.0,0.0,0.0,0.0,0.0,0.5,0.0,8,53.0,8.29840885389555,18109.67372703895,14.5665171893876,6.662,0.0,-10.0,11.488987435431625,1.0,0.0,0.5,0.0,0.0,0.0
JOR,1979,0,0,48.6,20.8029092647021,18270.06444120635,2153882.0,14.2464917630784,6.6025,-10.0,0.0,22.0,0.0,0.0,0.0,0.0,0.0,0.5,0.0,9,50.8,14.6795660169677,18109.67372703895,6.92152129952408,6.662,0.0,-10.0,17.7412376408349,1.0,1.0,0.5,0.0,0.0,0.0
JOR,1980,0,1,46.6,11.1848464618953,18270.06444120635,2234186.0,11.1111111111113,6.6025,-10.0,0.0,23.0,0.0,0.0,0.0,0.0,0.0,0.5,0.0,10,48.6,20.8029092647021,18109.67372703895,14.2464917630784,6.662,0.0,-10.0,15.9938778632987,1.0,1.0,0.5,0.5,0.0,0.0
JOR,1981,0,1,44.7,17.1787174397624,18270.06444120635,2325517.0,7.69999999999975,6.6025,-10.0,0.0,24.0,0.0,0.0,0.0,0.0,0.0,0.5,0.0,11,46.6,11.1848464618953,18109.67372703895,11.1111111111113,6.662,0.0,-10.0,14.18178195082885,1.0,0.0,0.5,0.5,0.0,0.0
JOR,1982,0,1,42.8,7.025943387032,18270.06444120635,2426927.0,7.42804085422491,6.6025,-10.0,0.0,25.0,0.0,0.0,0.0,0.0,0.0,0.5,0.0,12,44.7,17.1787174397624,18109.67372703895,7.69999999999975,6.662,0.0,-10.0,12.102330413397201,1.0,0.0,0.5,0.5,0.0,0.0
JOR,1983,0,1,41.0,-2.219738554459,18270.06444120635,2537307.0,5.02016709831461,6.6025,-10.0,0.0,26.0,0.0,0.0,0.0,0.0,0.0,0.5,0.0,13,42.8,7.025943387032,18109.67372703895,7.42804085422491,6.662,0.0,-10.0,2.4031024162865,1.0,0.0,0.5,0.5,0.0,0.0
JOR,1984,0,1,39.3,4.29168776522472,18270.06444120635,2654688.0,3.84747273837611,6.6025,-9.0,0.0,27.0,0.0,0.0,0.0,0.0,0.0,0.5,0.0,14,41.0,-2.219738554459,18109.67372703895,5.02016709831461,6.662,0.0,-10.0,1.0359746053828598,1.0,0.0,0.5,0.5,0.0,0.0
JOR,1985,0,1,37.6,-2.70694716427701,18270.06444120635,2778810.0,2.98507462714756,6.6025,-9.0,0.0,28.0,0.0,0.0,0.0,0.0,0.0,0.5,0.0,15,39.3,4.29168776522472,18109.67372703895,3.84747273837611,6.662,0.0,-9.0,0.7923703004738547,1.0,0.0,0.5,0.5,0.0,0.0
JOR,1986,0,1,36.0,5.50463424186405,18270.06444120635,2909887.0,2.98507462714756,6.6025,-9.0,0.0,29.0,0.0,0.0,0.0,0.0,0.0,0.5,0.0,16,37.6,-2.70694716427701,18109.67372703895,2.98507462714756,6.662,0.0,-9.0,1.3988435387935199,1.0,0.0,0.5,0.5,0.0,0.0
JOR,1987,0,1,34.6,2.32327437695257,18270.06444120635,3047634.0,-0.199999999999908,6.6025,-9.0,0.0,30.0,0.0,0.0,0.0,0.0,0.0,0.5,0.0,17,36.0,5.50463424186405,18109.67372703895,2.98507462714756,6.662,0.0,-9.0,3.91395430940831,1.0,0.0,0.5,0.5,0.0,0.0
JOR,1988,0,1,33.3,1.46216981660774,18270.06444120635,3193039.0,6.61322645290578,6.6025,-9.0,0.0,31.0,0.0,0.0,0.0,0.0,0.0,0.5,0.0,18,34.6,2.32327437695257,18109.67372703895,-0.199999999999908,6.662,0.0,-9.0,1.892722096780155,1.0,0.0,0.5,0.5,0.0,0.0
JOR,1989,0,0,32.1,-10.7292192804856,18270.06444120635,3349627.0,25.7127192982454,6.6025,-4.0,1.0,0.0,0.0,0.0,0.0,0.0,0.0,0.5,0.0,19,33.3,1.46216981660774,18109.67372703895,6.61322645290578,6.662,0.0,-9.0,-4.63352473193893,1.0,1.0,0.5,0.0,0.0,0.0
JOR,1990,0,1,30.9,-0.275903907591626,8241.80478655254,3621908.0,16.1921375615233,6.6025,-4.0,1.0,0.0,0.0,0.0,0.0,0.0,0.0,0.5,0.0,20,32.1,-10.7292192804856,18109.67372703895,25.7127192982454,6.662,0.0,-4.0,-5.502561594038613,1.0,1.0,0.5,0.5,0.0,0.0
JOR,1991,0,1,29.9,1.60853107260195,7747.14378568886,3915149.0,8.15549597855212,21.439,-4.0,1.0,0.0,0.0,0.0,0.0,0.0,0.0,0.5,0.0,21,30.9,-0.275903907591626,8241.80478655254,16.1921375615233,6.662,0.0,-4.0,0.6663135825051629,1.0,0.0,0.5,0.5,0.0,0.0
JOR,1992,0,0,29.0,14.3497760596895,8402.68031410694,4127693.0,3.9958356055719,19.947,-2.0,1.0,0.0,0.0,0.0,0.0,0.0,0.0,0.5,0.0,22,29.9,1.60853107260195,7747.14378568886,8.15549597855212,21.439,0.0,-4.0,7.979153566145726,1.0,0.0,0.5,0.0,0.0,0.0
JOR,1993,0,0,28.1,4.48698977985747,8334.81403079152,4348020.0,3.31666666666706,19.7,-2.0,1.0,1.0,0.0,0.0,0.0,0.0,0.0,0.5,0.0,23,29.0,14.3497760596895,8402.68031410694,3.9958356055719,19.947,0.0,-2.0,9.418382919773485,1.0,0.0,0.5,0.0,0.0,0.0
JOR,1994,0,0,27.2,4.9714766996471,8339.88427710177,4561406.0,3.51669624132886,16.894,-2.0,1.0,2.0,0.0,0.0,0.0,0.0,0.0,0.5,0.0,24,28.1,4.48698977985747,8334.81403079152,3.31666666666706,19.7,0.0,-2.0,4.729233239752286,1.0,0.0,0.5,0.0,0.0,0.0
JOR,1995,0,0,26.4,6.20087444373824,8501.61905829876,4752096.0,2.35312451301273,14.6,-2.0,1.0,3.0,0.0,0.0,0.0,0.0,0.0,0.5,0.0,25,27.2,4.9714766996471,8339.88427710177,3.51669624132886,16.894,0.0,-2.0,5.586175571692671,1.0,0.0,0.5,0.0,0.0,0.0
JOR,1996,0,0,25.7,2.08702078168048,8395.63208718512,4912516.0,6.50121802679586,13.7,-2.0,1.0,4.0,0.0,0.0,0.0,0.0,0.0,0.5,0.0,26,26.4,6.20087444373824,8501.61905829876,2.35312451301273,14.6,0.0,-2.0,4.143947612709361,1.0,0.0,0.5,0.0,0.0,0.0
JOR,1997,0,0,24.9,3.30847538304697,8443.48146361982,5046285.0,3.0378842030025,13.74,-2.0,1.0,5.0,0.0,0.0,0.0,0.0,0.0,0.5,0.0,27,25.7,2.08702078168048,8395.63208718512,6.50121802679586,13.7,0.0,-2.0,2.6977480823637263,1.0,0.0,0.5,0.0,0.0,0.0
JOR,1998,0,0,24.2,3.0121726904659,8499.07689804781,5164284.0,3.09166666666703,13.841,-2.0,1.0,6.0,0.0,0.0,0.0,0.0,0.0,0.5,0.0,28,24.9,3.30847538304697,8443.48146361982,3.0378842030025,13.74,0.0,-2.0,3.1603240367564363,1.0,0.0,0.5,0.0,0.0,0.0
JOR,1999,0,0,23.5,3.38953079405096,8600.36943915146,5276444.0,0.606256567779427,13.763,-2.0,1.0,7.0,0.0,0.0,0.0,0.0,0.0,0.5,0.0,29,24.2,3.0121726904659,8499.07689804781,3.09166666666703,13.841,0.0,-2.0,3.200851742258431,1.0,0.0,0.5,0.0,0.0,0.0
JOR,2000,0,1,22.8,4.24571192079151,8781.60904744228,5386945.0,0.66688092559796,13.7,-2.0,1.0,8.0,0.0,0.0,0.0,0.0,0.0,0.5,0.0,30,23.5,3.38953079405096,8600.36943915146,0.606256567779427,13.763,0.0,-2.0,3.8176213574212357,1.0,0.0,0.5,0.5,0.0,0.0
JOR,2001,0,1,22.1,5.26995757513606,9056.19447281902,5498894.0,1.77220437351017,14.7,-2.0,1.0,9.0,0.0,0.0,0.0,0.0,0.0,0.5,0.0,31,22.8,4.24571192079151,8781.60904744228,0.66688092559796,13.7,0.0,-2.0,4.757834747963786,1.0,0.0,0.5,0.5,0.0,0.0
JOR,2002,0,1,21.5,5.78380792679309,9380.11324124271,5616066.0,1.83299389002049,15.3,-2.0,1.0,10.0,0.0,0.0,0.0,0.0,0.0,0.5,0.0,32,22.1,5.26995757513606,9056.19447281902,1.77220437351017,14.7,0.0,-2.0,5.526882750964576,1.0,0.0,0.5,0.5,0.0,0.0
JOR,2003,0,2,20.8,4.16166755544363,9556.48163712053,5741828.0,1.62999999999998,14.5,-2.0,1.0,11.0,0.0,0.0,0.0,0.0,0.0,0.5,0.0,33,21.5,5.78380792679309,9380.11324124271,1.83299389002049,15.3,0.0,-2.0,4.972737741118361,1.0,0.0,0.5,1.0,0.0,1.0
JOR,2004,0,2,20.2,8.56721424236906,10127.8527547101,5882061.0,3.36186821476601,14.626,-2.0,1.0,12.0,0.0,0.0,0.0,0.0,0.0,0.5,0.0,34,20.8,4.16166755544363,9556.48163712053,1.62999999999998,14.5,0.0,-2.0,6.364440898906346,1.0,0.0,0.5,1.0,0.0,1.0
JOR,2005,0,2,19.6,8.1465948107994,10684.9424228538,6029587.0,3.49368534619531,14.8,-2.0,1.0,13.0,0.0,0.0,0.0,0.0,0.0,0.5,0.0,35,20.2,8.56721424236906,10127.8527547101,3.36186821476601,14.626,0.0,-2.0,8.35690452658423,1.0,0.0,0.5,1.0,0.0,1.0
JOR,2006,0,2,19.0,8.09297527811921,10834.8737267915,6427371.0,6.25172466656443,14.0,-2.0,1.0,14.0,0.0,0.0,0.0,0.0,0.0,0.5,0.0,36,19.6,8.1465948107994,10684.9424228538,3.49368534619531,14.8,0.0,-2.0,8.119785044459306,1.0,0.0,0.5,1.0,0.0,1.0
JOR,2007,0,2,18.5,8.17616995204655,11034.2922176813,6827227.0,4.74390639021648,13.1,-3.0,1.0,15.0,0.0,0.0,0.0,0.0,0.0,0.5,0.0,37,19.0,8.09297527811921,10834.8737267915,6.25172466656443,14.0,0.0,-2.0,8.134572615082881,1.0,0.0,0.5,1.0,0.0,1.0
JOR,2008,0,2,18.0,7.22038637280149,11555.728825835,6989866.0,13.9712310012729,12.7,-3.0,1.0,16.0,0.0,0.0,0.0,0.0,0.0,0.5,0.0,38,18.5,8.17616995204655,11034.2922176813,4.74390639021648,13.1,0.0,-3.0,7.698278162424021,0.0,1.0,0.0,1.0,0.0,1.0
JOR,2009,0,2,17.5,5.11667226950634,11888.6617212582,7141753.0,-0.739069743144777,12.9,-3.0,1.0,17.0,0.0,0.0,0.0,0.0,0.0,0.5,0.0,39,18.0,7.22038637280149,11555.728825835,13.9712310012729,12.7,0.0,-3.0,6.168529321153915,0.0,0.0,0.0,1.0,0.0,1.0
JOR,2010,0,2,17.0,2.6377158262256,11942.572010796,7297043.0,4.84551875852116,12.5,-3.0,1.0,18.0,0.0,0.0,0.0,0.0,0.0,0.5,0.0,40,17.5,5.11667226950634,11888.6617212582,-0.739069743144777,12.9,0.0,-3.0,3.877194047865971,0.0,0.0,0.0,1.0,0.0,1.0
JOR,2011,0,3,16.6,2.90729315392207,11988.4963110815,7480424.0,4.1624416292779,12.9,-3.0,1.0,19.0,0.0,0.0,0.0,0.0,0.0,0.5,0.0,41,17.0,2.6377158262256,11942.572010796,4.84551875852116,12.5,0.0,-3.0,2.772504490073836,0.0,0.0,0.0,1.5,0.0,1.0
JOR,2012,0,3,16.2,2.40465716535539,12104.1217423938,7587127.0,4.5152295667099,12.2,-3.0,1.0,20.0,0.0,0.0,0.0,0.0,0.0,0.5,0.0,42,16.6,2.90729315392207,11988.4963110815,4.1624416292779,12.9,0.0,-3.0,2.655975159638731,0.0,0.0,0.0,1.5,0.0,1.0
JOR,2013,0,3,15.8,2.72311205964112,11804.1225335126,7991809.0,4.82462314269537,12.6,-3.0,1.0,21.0,0.0,0.0,0.0,0.0,0.0,0.5,0.0,43,16.2,2.40465716535539,12104.1217423938,4.5152295667099,12.2,0.0,-3.0,2.563884612498256,0.0,0.0,0.0,1.5,0.0,1.0
JOR,2014,0,3,15.4,3.32287328047509,11086.6905487513,8791710.0,2.89947905006057,11.9,-3.0,1.0,22.0,0.0,0.0,0.0,0.0,0.0,0.5,0.0,44,15.8,2.72311205964112,11804.1225335126,4.82462314269537,12.6,0.0,-3.0,3.022992670058106,0.0,0.0,0.0,1.5,0.0,1.0
JOR,2015,0,3,15.0,2.52261671092148,10469.6306302225,9544729.0,-0.876851359704049,13.075,-3.0,1.0,23.0,0.0,0.0,0.0,0.0,0.0,0.5,0.0,45,15.4,3.32287328047509,11086.6905487513,2.89947905006057,11.9,0.0,-3.0,2.922744995698286,0.0,0.0,0.0,1.5,0.0,1.0
JOR,2016,0,3,14.7,2.11166806967252,10197.5044990617,10006367.0,-0.778430463054142,15.275,-3.0,1.0,24.0,0.0,0.0,0.0,0.0,0.0,0.5,0.0,46,15.0,2.52261671092148,10469.6306302225,-0.876851359704049,13.075,0.0,-3.0,2.317142390297001,0.0,0.0,0.0,1.5,0.0,1.0
JOR,2017,0,3,14.3,2.50770398070352,10220.492781193,10234226.0,3.32389447576097,18.12,-3.0,1.0,25.0,0.0,0.0,0.0,0.0,0.0,0.5,0.0,47,14.7,2.11166806967252,10197.5044990617,-0.778430463054142,15.275,0.0,-3.0,2.3096860251880207,0.0,0.0,0.0,1.5,0.0,1.0
JOR,2018,0,2,14.0,1.85383415616927,10183.0248366235,10462306.0,4.46231108475481,18.257,-3.0,1.0,26.0,0.0,0.0,0.0,0.0,0.0,0.5,0.0,48,14.3,2.50770398070352,10220.492781193,3.32389447576097,18.12,0.0,-3.0,2.180769068436396,0.0,0.0,0.0,1.0,0.0,1.0
JOR,2019,0,2,13.7,1.85633006592765,10168.3588523537,10671891.0,0.761514047265601,16.801,-3.0,1.0,26.0,0.0,0.0,0.0,0.0,0.0,0.5,0.0,49,14.0,1.85383415616927,10183.0248366235,4.46231108475481,18.257,0.0,-3.0,1.855082111048461,0.0,0.0,0.0,1.0,0.0,1.0
JOR,2020,0,2,13.3,-1.15257534158022,9872.3094512325,10865228.0,0.333294350628378,19.213,-3.0,1.0,26.0,0.0,0.0,0.0,0.0,0.0,0.5,0.0,50,13.7,1.85633006592765,10168.3588523537,0.761514047265601,16.801,0.0,-3.0,0.3518773621737159,0.0,0.0,0.0,1.0,0.0,1.0
JOR,2021,0,2,13.0,3.75201276755828,10056.5611261239,11066356.0,1.34609377243118,19.837,-3.0,1.0,26.0,0.0,0.0,0.0,0.0,0.0,0.5,0.0,51,13.3,-1.15257534158022,9872.3094512325,0.333294350628378,19.213,0.0,-3.0,1.2997187129890309,0.0,0.0,0.0,1.0,0.0,1.0
JOR,2022,0,2,12.6,2.7468615450031,10158.4738771524,11256263.0,4.22915568897117,18.2,-3.0,1.0,26.0,0.0,0.0,0.0,0.0,0.0,0.5,0.0,52,13.0,3.75201276755828,10056.5611261239,1.34609377243118,19.837,0.0,-3.0,3.249437156280691,0.0,0.0,0.0,1.0,0.0,1.0
JOR,2023,0,2,12.3,3.12900102017251,10308.7821986337,11439213.0,2.08486986327134,16.62,-3.0,1.0,26.0,0.0,0.0,0.0,0.0,0.0,0.5,0.0,53,12.6,2.7468615450031,10158.4738771524,4.22915568897117,18.2,0.0,-3.0,2.9379312825878063,0.0,0.0,0.0,1.0,0.0,1.0
JOR,2024,0,2,12.0,2.55605891810194,10468.265334284,11552876.0,1.55659611283953,16.693,-3.0,1.0,26.0,0.0,0.0,0.0,0.0,0.0,0.5,0.0,54,12.3,3.12900102017251,10308.7821986337,2.08486986327134,16.62,0.0,-3.0,2.8425299691372263,0.0,0.0,0.0,1.0,0.0,1.0
JPN,1970,0,0,13.4,0.399050611065093,18270.06444120635,103403000.0,6.92417383485781,6.6025,10.0,0.0,18.0,0.0,0.0,0.0,0.0,0.0,0.5,0.0,0,18.4,3.53620866972961,18109.67372703895,5.66318573909345,6.662,0.0,8.0,0.399050611065093,0.0,0.0,0.0,0.0,0.0,0.0
JPN,1971,0,0,12.6,4.69899204214205,18270.06444120635,105697000.0,6.39534883720926,6.6025,10.0,0.0,19.0,0.0,0.0,0.0,0.0,0.0,0.5,0.0,1,13.4,0.399050611065093,18109.67372703895,6.92417383485781,6.662,0.0,10.0,2.5490213266035715,0.0,0.0,0.0,0.0,0.0,0.0
JPN,1972,0,0,11.9,8.41354725497627,18270.06444120635,107188000.0,4.84351713859905,6.6025,10.0,0.0,20.0,0.0,0.0,0.0,0.0,0.0,0.5,0.0,2,12.6,4.69899204214205,18109.67372703895,6.39534883720926,6.662,0.0,10.0,6.5562696485591605,0.0,0.0,0.0,0.0,0.0,0.0
JPN,1973,0,0,11.3,8.03259997458245,18270.06444120635,108707000.0,11.6086235489221,6.6025,10.0,0.0,21.0,0.0,0.0,0.0,0.0,0.0,0.5,0.0,3,11.9,8.41354725497627,18109.67372703895,4.84351713859905,6.662,0.0,10.0,8.22307361477936,0.0,1.0,0.0,0.0,0.0,0.0
JPN,1974,0,0,10.6,-1.22523982750916,18270.06444120635,110162000.0,23.2222458076842,6.6025,10.0,0.0,22.0,0.0,0.0,0.0,0.0,0.0,0.5,0.0,4,11.3,8.03259997458245,18109.67372703895,11.6086235489221,6.662,0.0,10.0,3.403680073536645,0.0,1.0,0.0,0.0,0.0,0.0
JPN,1975,0,0,10.0,3.09157591623077,18270.06444120635,111573000.0,11.7312661498708,6.6025,10.0,0.0,23.0,0.0,0.0,0.0,0.0,0.0,0.5,0.0,5,10.6,-1.22523982750916,18109.67372703895,23.2222458076842,6.662,0.0,10.0,0.933168044360805,0.0,1.0,0.0,0.0,0.0,0.0
JPN,1976,0,0,9.4,3.97498409113672,18270.06444120635,112775000.0,9.37403638606234,6.6025,10.0,0.0,24.0,0.0,0.0,0.0,0.0,0.0,0.5,0.0,6,10.0,3.09157591623077,18109.67372703895,11.7312661498708,6.662,0.0,10.0,3.5332800036837453,0.0,0.0,0.0,0.0,0.0,0.0
JPN,1977,0,0,8.8,4.39033795009327,18270.06444120635,113872000.0,8.16182689596842,6.6025,10.0,0.0,25.0,0.0,0.0,0.0,0.0,0.0,0.5,0.0,7,9.4,3.97498409113672,18109.67372703895,9.37403638606234,6.662,0.0,10.0,4.1826610206149955,0.0,0.0,0.0,0.0,0.0,0.0
JPN,1978,0,0,8.3,5.27194150317187,18270.06444120635,114913000.0,4.20956601068681,6.6025,10.0,0.0,26.0,0.0,0.0,0.0,0.0,0.0,0.5,0.0,8,8.8,4.39033795009327,18109.67372703895,8.16182689596842,6.662,0.0,10.0,4.83113972663257,0.0,0.0,0.0,0.0,0.0,0.0
JPN,1979,0,0,7.8,5.4840418324284,18270.06444120635,115890000.0,3.70185092546269,6.6025,10.0,0.0,27.0,0.0,0.0,0.0,0.0,0.0,0.5,0.0,9,8.3,5.27194150317187,18109.67372703895,4.20956601068681,6.662,0.0,10.0,5.377991667800135,0.0,0.0,0.0,0.0,0.0,0.0
JPN,1980,0,0,7.4,2.81759120738283,18270.06444120635,116807000.0,7.77858176555718,6.6025,10.0,0.0,28.0,0.0,0.0,0.0,0.0,0.0,0.5,0.0,10,7.8,5.4840418324284,18109.67372703895,3.70185092546269,6.662,0.0,10.0,4.150816519905615,0.0,0.0,0.0,0.0,0.0,0.0
JPN,1981,0,0,7.0,4.20933646523171,18270.06444120635,117661000.0,4.91216291820523,6.6025,10.0,0.0,29.0,0.0,0.0,0.0,0.0,0.0,0.5,0.0,11,7.4,2.81759120738283,18109.67372703895,7.77858176555718,6.662,0.0,10.0,3.51346383630727,0.0,0.0,0.0,0.0,0.0,0.0
JPN,1982,0,0,6.5,3.31245673740017,18270.06444120635,118480000.0,2.7410409556314,6.6025,10.0,0.0,30.0,0.0,0.0,0.0,0.0,0.0,0.5,0.0,12,7.0,4.20933646523171,18109.67372703895,4.91216291820523,6.662,0.0,10.0,3.76089660131594,0.0,0.0,0.0,0.0,0.0,0.0
JPN,1983,0,0,6.2,3.52304498510377,18270.06444120635,119307000.0,1.89971971348485,6.6025,10.0,0.0,31.0,0.0,0.0,0.0,0.0,0.0,0.5,0.0,13,6.5,3.31245673740017,18109.67372703895,2.7410409556314,6.662,0.0,10.0,3.41775086125197,0.0,0.0,0.0,0.0,0.0,0.0
JPN,1984,0,0,5.8,4.50199481622435,18270.06444120635,120083000.0,2.26161369193155,6.6025,10.0,0.0,32.0,0.0,0.0,0.0,0.0,0.0,0.5,0.0,14,6.2,3.52304498510377,18109.67372703895,1.89971971348485,6.662,0.0,10.0,4.01251990066406,0.0,0.0,0.0,0.0,0.0,0.0
JPN,1985,0,0,5.5,5.23338094687848,18270.06444120635,120837000.0,2.0322773460849,6.6025,10.0,0.0,33.0,0.0,0.0,0.0,0.0,0.0,0.5,0.0,15,5.8,4.50199481622435,18109.67372703895,2.26161369193155,6.662,0.0,10.0,4.867687881551415,0.0,0.0,0.0,0.0,0.0,0.0
JPN,1986,0,0,5.2,3.32652561623384,18270.06444120635,121482000.0,0.595586799453249,6.6025,10.0,0.0,34.0,0.0,0.0,0.0,0.0,0.0,0.5,0.0,16,5.5,5.23338094687848,18109.67372703895,2.0322773460849,6.662,0.0,10.0,4.2799532815561605,0.0,0.0,0.0,0.0,0.0,0.0
JPN,1987,0,0,5.0,4.73066586040017,18270.06444120635,122069000.0,0.126176841696583,6.6025,10.0,0.0,35.0,0.0,0.0,0.0,0.0,0.0,0.5,0.0,17,5.2,3.32652561623384,18109.67372703895,0.595586799453249,6.662,0.0,10.0,4.028595738317005,0.0,0.0,0.0,0.0,0.0,0.0
JPN,1988,0,0,4.8,6.78502010955764,18270.06444120635,122578000.0,0.678557580457558,6.6025,10.0,0.0,36.0,0.0,0.0,0.0,0.0,0.0,0.5,0.0,18,5.0,4.73066586040017,18109.67372703895,0.126176841696583,6.662,0.0,10.0,5.757842984978905,0.0,0.0,0.0,0.0,0.0,0.0
JPN,1989,0,0,4.7,4.85803768615389,18270.06444120635,123069000.0,2.27228962064317,6.6025,10.0,0.0,37.0,0.0,0.0,0.0,0.0,0.0,0.5,0.0,19,4.8,6.78502010955764,18109.67372703895,0.678557580457558,6.662,0.0,10.0,5.821528897855765,0.0,0.0,0.0,0.0,0.0,0.0
JPN,1990,0,0,4.6,4.89271306574565,36137.8442587458,123478000.0,3.0785162869516,6.6025,10.0,0.0,38.0,0.0,0.0,0.0,0.0,0.0,0.5,0.0,20,4.7,4.85803768615389,18109.67372703895,2.27228962064317,6.662,0.0,10.0,4.87537537594977,0.0,0.0,0.0,0.0,0.0,0.0
JPN,1991,0,0,4.5,3.41749676183089,37226.3339021829,123964000.0,3.25143848753308,2.059,10.0,0.0,39.0,0.0,0.0,0.0,0.0,0.0,0.5,0.0,21,4.6,4.89271306574565,36137.8442587458,3.0785162869516,6.662,0.0,10.0,4.15510491378827,0.0,0.0,0.0,0.0,0.0,0.0
JPN,1992,0,0,4.4,0.848069581218368,37402.9442395168,124425000.0,1.7602830605927,2.158,10.0,0.0,40.0,0.0,0.0,0.0,0.0,0.0,0.5,0.0,22,4.5,3.41749676183089,37226.3339021829,3.25143848753308,2.059,0.0,10.0,2.132783171524629,0.0,0.0,0.0,0.0,0.0,0.0
JPN,1993,1,0,4.4,-0.517919847117952,37088.8020049844,124829000.0,1.24304589707924,2.539,10.0,0.0,41.0,0.0,0.0,0.0,0.0,0.0,0.5,0.0,23,4.4,0.848069581218368,37402.9442395168,1.7602830605927,2.158,0.0,10.0,0.16507486705020796,0.0,0.0,0.0,0.0,0.0,0.0
JPN,1994,0,0,4.3,0.99306636322622,37352.6868581318,125178000.0,0.695458057869004,2.89,10.0,0.0,42.0,0.0,0.0,0.0,0.0,0.0,0.5,0.0,0,4.4,-0.517919847117952,37088.8020049844,1.24304589707924,2.539,0.0,10.0,0.23757325805413398,0.0,0.0,0.0,0.0,0.0,0.0
JPN,1995,0,0,4.1,2.34205546196849,38137.9346304016,125472000.0,-0.127899045020446,3.15,10.0,0.0,43.0,0.0,0.0,0.0,0.0,0.0,0.5,0.0,1,4.3,0.99306636322622,37352.6868581318,0.695458057869004,2.89,0.0,10.0,1.667560912597355,0.0,0.0,0.0,0.0,0.0,0.0
JPN,1996,0,0,4.0,3.07546731409349,39221.765120663,125757000.0,0.136600358575909,3.383,10.0,0.0,44.0,0.0,0.0,0.0,0.0,0.0,0.5,0.0,2,4.1,2.34205546196849,38137.9346304016,-0.127899045020446,3.15,0.0,10.0,2.70876138803099,0.0,0.0,0.0,0.0,0.0,0.0
JPN,1997,0,0,3.8,1.36297109407448,39661.7312762235,126057000.0,1.74780458692133,3.374,10.0,0.0,45.0,0.0,0.0,0.0,0.0,0.0,0.5,0.0,3,4.0,3.07546731409349,39221.765120663,0.136600358575909,3.383,0.0,10.0,2.219219204083985,0.0,0.0,0.0,0.0,0.0,0.0
JPN,1998,0,0,3.6,-1.77264091037956,38852.9526557943,126400000.0,0.661974191385911,4.078,10.0,0.0,46.0,0.0,0.0,0.0,0.0,0.0,0.5,0.0,4,3.8,1.36297109407448,39661.7312762235,1.74780458692133,3.374,0.0,10.0,-0.20483490815254002,0.0,0.0,0.0,0.0,0.0,0.0
JPN,1999,0,0,3.4,-0.347600398675738,38647.2705275615,126631000.0,-0.341296928327554,4.677,10.0,0.0,47.0,0.0,0.0,0.0,0.0,0.0,0.5,0.0,5,3.6,-1.77264091037956,38852.9526557943,0.661974191385911,4.078,0.0,10.0,-1.060120654527649,0.0,0.0,0.0,0.0,0.0,0.0
JPN,2000,0,0,3.3,2.97832688768516,39731.7953686304,126843000.0,-0.676578683595175,4.748,10.0,0.0,48.0,0.0,0.0,0.0,0.0,0.0,0.5,0.0,6,3.4,-0.347600398675738,38647.2705275615,-0.341296928327554,4.677,0.0,10.0,1.3153632445047112,0.0,0.0,0.0,0.0,0.0,0.0
JPN,2001,0,0,3.1,0.284608556379041,39748.9837725849,127149000.0,-0.740055504162738,5.02,10.0,0.0,49.0,0.0,0.0,0.0,0.0,0.0,0.5,0.0,7,3.3,2.97832688768516,39731.7953686304,-0.676578683595175,4.748,0.0,10.0,1.6314677220321008,0.0,0.0,0.0,0.0,0.0,0.0
JPN,2002,0,0,3.0,0.0849888050363319,39690.3676794625,127445000.0,-0.923494026942321,5.386,10.0,0.0,50.0,0.0,0.0,0.0,0.0,0.0,0.5,0.0,8,3.1,0.284608556379041,39748.9837725849,-0.740055504162738,5.02,0.0,10.0,0.18479868070768665,0.0,0.0,0.0,0.0,0.0,0.0
JPN,2003,0,0,2.9,1.38010935830795,40152.1282635641,127718000.0,-0.256541816316025,5.251,10.0,0.0,51.0,0.0,0.0,0.0,0.0,0.0,0.5,0.0,9,3.0,0.0849888050363319,39690.3676794625,-0.923494026942321,5.386,0.0,10.0,0.7325490816721412,0.0,0.0,0.0,0.0,0.0,0.0
JPN,2004,0,0,2.8,2.11294823723127,40986.7225710497,127761000.0,-0.00857338820310272,4.734,10.0,0.0,52.0,0.0,0.0,0.0,0.0,0.0,0.5,0.0,10,2.9,1.38010935830795,40152.1282635641,-0.256541816316025,5.251,0.0,10.0,1.7465287977696102,0.0,0.0,0.0,0.0,0.0,0.0
JPN,2005,0,0,2.7,1.8482813374834,41740.352036905,127773000.0,-0.282946068764391,4.446,10.0,0.0,53.0,0.0,0.0,0.0,0.0,0.0,0.5,0.0,11,2.8,2.11294823723127,40986.7225710497,-0.00857338820310272,4.734,0.0,10.0,1.9806147873573352,0.0,0.0,0.0,0.0,0.0,0.0
JPN,2006,0,0,2.7,1.54630843078741,42358.9337348253,127854000.0,0.249355116079085,4.192,10.0,0.0,54.0,0.0,0.0,0.0,0.0,0.0,0.5,0.0,12,2.7,1.8482813374834,41740.352036905,-0.282946068764391,4.446,0.0,10.0,1.6972948841354052,0.0,0.0,0.0,0.0,0.0,0.0
JPN,2007,0,0,2.6,1.72837912865577,43041.5697058021,128001000.0,0.060039454498669,3.888,10.0,0.0,55.0,0.0,0.0,0.0,0.0,0.0,0.5,0.0,13,2.7,1.54630843078741,42358.9337348253,0.249355116079085,4.192,0.0,10.0,1.6373437797215902,0.0,0.0,0.0,0.0,0.0,0.0
JPN,2008,0,0,2.5,-1.16662209355141,42518.8423408417,128063000.0,1.3800788616492,4.002,10.0,0.0,56.0,0.0,0.0,0.0,0.0,0.0,0.5,0.0,14,2.6,1.72837912865577,43041.5697058021,0.060039454498669,3.888,0.0,10.0,0.2808785175521802,0.0,0.0,0.0,0.0,0.0,0.0
JPN,2009,1,0,2.5,-5.9359411383964,39999.9464203408,128047000.0,-1.35283672951719,5.068,10.0,0.0,57.0,0.0,0.0,0.0,0.0,0.0,0.5,0.0,15,2.5,-1.16662209355141,42518.8423408417,1.3800788616492,4.002,0.0,10.0,-3.5512816159739047,0.0,0.0,0.0,0.0,0.0,0.0
JPN,2010,0,0,2.4,4.13645589222239,41647.0458542008,128070000.0,-0.728243207517779,5.102,10.0,0.0,58.0,0.0,0.0,0.0,0.0,0.0,0.5,0.0,0,2.5,-5.9359411383964,39999.9464203408,-1.35283672951719,5.068,0.0,10.0,-0.8997426230870049,0.0,0.0,0.0,0.0,0.0,0.0
JPN,2011,0,0,2.3,-0.20035785332982,41640.6608721251,127833000.0,-0.27245561610124,4.55,10.0,0.0,59.0,0.0,0.0,0.0,0.0,0.0,0.5,0.0,1,2.4,4.13645589222239,41647.0458542008,-0.728243207517779,5.102,0.0,10.0,1.968049019446285,0.0,0.0,0.0,0.0,0.0,0.0
JPN,2012,1,0,2.2,1.64893452981225,42394.9433175064,127629000.0,-0.0440645104432602,4.358,10.0,0.0,60.0,0.0,0.0,0.0,0.0,0.0,0.5,0.0,2,2.3,-0.20035785332982,41640.6608721251,-0.27245561610124,4.55,0.0,10.0,0.724288338241215,0.0,0.0,0.0,0.0,0.0,0.0
JPN,2013,0,0,2.2,1.99727653399265,43304.1181931426,127445000.0,0.335037912184741,4.038,10.0,0.0,61.0,0.0,0.0,0.0,0.0,0.0,0.5,0.0,0,2.2,1.64893452981225,42394.9433175064,-0.0440645104432602,4.358,0.0,10.0,1.82310553190245,0.0,0.0,0.0,0.0,0.0,0.0
JPN,2014,0,0,2.1,0.905915486065865,43754.438013293,127276000.0,2.75922671353253,3.589,10.0,0.0,62.0,0.0,0.0,0.0,0.0,0.0,0.5,0.0,1,2.2,1.99727653399265,43304.1181931426,0.335037912184741,4.038,0.0,10.0,1.4515960100292575,0.0,0.0,0.0,0.0,0.0,0.0
JPN,2015,0,0,2.0,1.79997735783475,44589.3032854003,127141000.0,0.795279630579839,3.385,10.0,0.0,63.0,0.0,0.0,0.0,0.0,0.0,0.5,0.0,2,2.1,0.905915486065865,43754.438013293,2.75922671353253,3.589,0.0,10.0,1.3529464219503076,0.0,0.0,0.0,0.0,0.0,0.0
JPN,2016,0,0,2.0,0.704986495111257,44926.6202909525,127076000.0,-0.127258844489754,3.132,10.0,0.0,64.0,0.0,0.0,0.0,0.0,0.0,0.5,0.0,3,2.0,1.79997735783475,44589.3032854003,0.795279630579839,3.385,0.0,10.0,1.2524819264730036,0.0,0.0,0.0,0.0,0.0,0.0
JPN,2017,0,0,1.9,1.62345062245441,45693.3776080987,126972000.0,0.484199796126385,2.822,10.0,0.0,65.0,0.0,0.0,0.0,0.0,0.0,0.5,0.0,4,2.0,0.704986495111257,44926.6202909525,-0.127258844489754,3.132,0.0,10.0,1.1642185587828335,0.0,0.0,0.0,0.0,0.0,0.0
JPN,2018,0,0,1.9,0.834143845965585,46133.0225978718,126811000.0,0.989094598021848,2.467,10.0,0.0,66.0,0.0,0.0,0.0,0.0,0.0,0.5,0.0,5,1.9,1.62345062245441,45693.3776080987,0.484199796126385,2.822,0.0,10.0,1.2287972342099975,0.0,0.0,0.0,0.0,0.0,0.0
JPN,2019,0,0,1.8,-0.308496921143259,46055.3498672487,126633000.0,0.46877615938395,2.351,10.0,0.0,66.0,0.0,0.0,0.0,0.0,0.0,0.5,0.0,6,1.9,0.834143845965585,46133.0225978718,0.989094598021848,2.467,0.0,10.0,0.262823462411163,0.0,0.0,0.0,0.0,0.0,0.0
JPN,2020,0,0,1.8,-4.28327942675573,44212.5503415724,126261000.0,-0.024995834027731,2.809,10.0,0.0,66.0,0.0,0.0,0.0,0.0,0.0,0.5,0.0,7,1.8,-0.308496921143259,46055.3498672487,0.46877615938395,2.351,0.0,10.0,-2.2958881739494945,0.0,0.0,0.0,0.0,0.0,0.0
JPN,2021,0,0,1.8,3.56419531474475,45999.4617966896,125681593.0,-0.233352779398264,2.808,10.0,0.0,66.0,0.0,0.0,0.0,0.0,0.0,0.5,0.0,8,1.8,-4.28327942675573,44212.5503415724,-0.024995834027731,2.809,0.0,10.0,-0.35954205600548983,0.0,0.0,0.0,0.0,0.0,0.0
JPN,2022,0,0,1.8,1.33164750653741,46819.360613609,125124989.0,2.49770278172255,2.614,10.0,0.0,66.0,0.0,0.0,0.0,0.0,0.0,0.5,0.0,9,1.8,3.56419531474475,45999.4617966896,-0.233352779398264,2.808,0.0,10.0,2.4479214106410803,0.0,0.0,0.0,0.0,0.0,0.0
JPN,2023,0,0,1.8,0.720785304749811,47387.2172542523,124516650.0,3.26813365933163,2.6,10.0,0.0,66.0,0.0,0.0,0.0,0.0,0.0,0.5,0.0,10,1.8,1.33164750653741,46819.360613609,2.49770278172255,2.614,0.0,10.0,1.0262164056436105,0.0,0.0,0.0,0.0,0.0,0.0
JPN,2024,0,0,1.8,-0.240084236041696,47479.8448545667,123975371.0,2.73853681635241,2.5,10.0,0.0,66.0,0.0,0.0,0.0,0.0,0.0,0.5,0.0,11,1.8,0.720785304749811,47387.2172542523,3.26813365933163,2.6,0.0,10.0,0.24035053435405748,0.0,0.0,0.0,0.0,0.0,0.0
KEN,1970,0,0,87.6,-4.65544691647621,18270.06444120635,11368791.0,2.18852703907439,6.6025,-7.0,0.0,1.0,0.0,0.0,0.0,0.0,0.0,0.5,0.0,0,18.4,3.53620866972961,18109.67372703895,5.66318573909345,6.662,0.0,8.0,-4.65544691647621,1.0,0.0,0.5,0.0,0.0,0.0
KEN,1971,0,0,86.0,22.1738919255764,18270.06444120635,11788904.0,3.78020612544907,6.6025,-7.0,0.0,2.0,0.0,0.0,0.0,0.0,0.0,0.5,0.0,1,87.6,-4.65544691647621,18109.67372703895,2.18852703907439,6.662,0.0,-7.0,8.759222504550095,1.0,0.0,0.5,0.0,0.0,0.0
KEN,1972,0,0,84.3,17.082429349983,18270.06444120635,12206060.0,5.83164474311005,6.6025,-7.0,0.0,3.0,0.0,0.0,0.0,0.0,0.0,0.5,0.0,2,86.0,22.1738919255764,18109.67372703895,3.78020612544907,6.662,0.0,-7.0,19.6281606377797,1.0,0.0,0.5,0.0,0.0,0.0
KEN,1973,0,0,82.5,5.89658021016672,18270.06444120635,12634835.0,9.28119422332106,6.6025,-7.0,0.0,4.0,0.0,0.0,0.0,0.0,0.0,0.5,0.0,3,84.3,17.082429349983,18109.67372703895,5.83164474311005,6.662,0.0,-7.0,11.48950478007486,1.0,0.0,0.5,0.0,0.0,0.0
KEN,1974,0,1,80.6,4.06561734893735,18270.06444120635,13070078.0,17.8099480331818,6.6025,-7.0,0.0,5.0,0.0,0.0,0.0,0.0,0.0,0.5,0.0,4,82.5,5.89658021016672,18109.67372703895,9.28119422332106,6.662,0.0,-7.0,4.981098779552035,1.0,1.0,0.5,0.5,0.0,0.0
KEN,1975,0,1,78.7,0.882203175319148,18270.06444120635,13511671.0,19.1201840136051,6.6025,-7.0,0.0,6.0,0.0,0.0,0.0,0.0,0.0,0.5,0.0,5,80.6,4.06561734893735,18109.67372703895,17.8099480331818,6.662,0.0,-7.0,2.473910262128249,1.0,1.0,0.5,0.5,0.0,0.0
KEN,1976,0,1,76.6,2.15396450322561,18270.06444120635,13957623.0,11.4490304932756,6.6025,-7.0,0.0,7.0,0.0,0.0,0.0,0.0,0.0,0.5,0.0,6,78.7,0.882203175319148,18109.67372703895,19.1201840136051,6.662,0.0,-7.0,1.518083839272379,1.0,1.0,0.5,0.5,0.0,0.0
KEN,1977,0,1,74.6,9.45379784408087,18270.06444120635,14428819.0,14.8209644818935,6.6025,-7.0,0.0,8.0,0.0,0.0,0.0,0.0,0.0,0.5,0.0,7,76.6,2.15396450322561,18109.67372703895,11.4490304932756,6.662,0.0,-7.0,5.80388117365324,1.0,1.0,0.5,0.5,0.0,0.0
KEN,1978,0,1,72.5,6.91249354626197,18270.06444120635,14934126.0,16.9317824582842,6.6025,-7.0,0.0,9.0,0.0,0.0,0.0,0.0,0.0,0.5,0.0,8,74.6,9.45379784408087,18109.67372703895,14.8209644818935,6.662,0.0,-7.0,8.18314569517142,1.0,1.0,0.5,0.5,0.0,0.0
KEN,1979,0,1,70.5,7.61522604591983,18270.06444120635,15460666.0,7.97935261848786,6.6025,-6.0,0.0,10.0,0.0,0.0,0.0,0.0,0.0,0.5,0.0,9,72.5,6.91249354626197,18109.67372703895,16.9317824582842,6.662,0.0,-7.0,7.2638597960909,1.0,0.0,0.5,0.5,0.0,0.0
KEN,1980,0,1,68.8,5.5919762059677,18270.06444120635,16018459.0,13.8581814562484,6.6025,-6.0,0.0,11.0,0.0,0.0,0.0,0.0,0.0,0.5,0.0,10,70.5,7.61522604591983,18109.67372703895,7.97935261848786,6.662,0.0,-6.0,6.603601125943765,1.0,1.0,0.5,0.5,0.0,0.0
KEN,1981,0,1,67.1,3.77354419402822,18270.06444120635,16601507.0,11.6030534351142,6.6025,-6.0,0.0,12.0,0.0,0.0,0.0,0.0,0.0,0.5,0.0,11,68.8,5.5919762059677,18109.67372703895,13.8581814562484,6.662,0.0,-6.0,4.68276019999796,1.0,1.0,0.5,0.5,0.0,0.0
KEN,1982,0,1,65.7,1.50647825757706,18270.06444120635,17206175.0,20.6667146662827,6.6025,-7.0,0.0,13.0,0.0,0.0,0.0,0.0,0.0,0.5,0.0,12,67.1,3.77354419402822,18109.67372703895,11.6030534351142,6.662,0.0,-6.0,2.64001122580264,1.0,1.0,0.5,0.5,0.0,0.0
KEN,1983,0,1,64.4,1.3090502411486,18270.06444120635,17846374.0,11.3977827368523,6.6025,-7.0,0.0,14.0,0.0,0.0,0.0,0.0,0.0,0.5,0.0,13,65.7,1.50647825757706,18109.67372703895,20.6667146662827,6.662,0.0,-7.0,1.4077642493628302,1.0,1.0,0.5,0.5,0.0,0.0
KEN,1984,0,1,63.5,1.75521697703473,18270.06444120635,18514906.0,10.284098213138,6.6025,-7.0,0.0,15.0,0.0,0.0,0.0,0.0,0.0,0.5,0.0,14,64.4,1.3090502411486,18109.67372703895,11.3977827368523,6.662,0.0,-7.0,1.532133609091665,1.0,1.0,0.5,0.5,0.0,0.0
KEN,1985,0,1,63.0,4.30056181879613,18270.06444120635,19201768.0,13.0065664218827,6.6025,-7.0,0.0,16.0,0.0,0.0,0.0,0.0,0.0,0.5,0.0,15,63.5,1.75521697703473,18109.67372703895,10.284098213138,6.662,0.0,-7.0,3.02788939791543,1.0,1.0,0.5,0.5,0.0,0.0
KEN,1986,0,1,62.9,7.17755539065963,18270.06444120635,19901646.0,2.53427598892888,6.6025,-7.0,0.0,17.0,0.0,0.0,0.0,0.0,0.0,0.5,0.0,16,63.0,4.30056181879613,18109.67372703895,13.0065664218827,6.662,0.0,-7.0,5.73905860472788,1.0,0.0,0.5,0.5,0.0,0.0
KEN,1987,0,1,63.3,5.93710744420895,18270.06444120635,20616096.0,8.63767318980084,6.6025,-7.0,0.0,18.0,0.0,0.0,0.0,0.0,0.0,0.5,0.0,17,62.9,7.17755539065963,18109.67372703895,2.53427598892888,6.662,0.0,-7.0,6.557331417434289,1.0,0.0,0.5,0.5,0.0,0.0
KEN,1988,0,1,64.3,6.20318382314591,18270.06444120635,21356219.0,12.2649630481582,6.6025,-7.0,0.0,19.0,0.0,0.0,0.0,0.0,0.0,0.5,0.0,18,63.3,5.93710744420895,18109.67372703895,8.63767318980084,6.662,0.0,-7.0,6.07014563367743,1.0,1.0,0.5,0.5,0.0,0.0
KEN,1989,0,1,65.8,4.69034876792047,18270.06444120635,22118434.0,13.7893172763883,6.6025,-7.0,0.0,20.0,0.0,0.0,0.0,0.0,0.0,0.5,0.0,19,64.3,6.20318382314591,18109.67372703895,12.2649630481582,6.662,0.0,-7.0,5.446766295533189,1.0,1.0,0.5,0.5,0.0,0.0
KEN,1990,0,1,67.5,4.19205097155167,4177.48603310346,22892651.0,17.78181442992,6.6025,-7.0,0.0,21.0,0.0,0.0,0.0,0.0,0.0,0.5,0.0,20,65.8,4.69034876792047,18109.67372703895,13.7893172763883,6.662,0.0,-7.0,4.44119986973607,1.0,1.0,0.5,0.5,0.0,0.0
KEN,1991,0,2,69.1,1.43834679171559,4102.47677512965,23646514.0,20.0844955754632,2.78,-5.0,1.0,22.0,1.0,0.0,1.0,0.0,1.0,0.5,0.0,21,67.5,4.19205097155167,4177.48603310346,17.78181442992,6.662,0.0,-7.0,2.81519888163363,1.0,1.0,0.5,1.0,0.0,1.0
KEN,1992,0,1,70.4,-0.799493958641349,3946.84093437851,24382460.0,27.3323644475784,2.894,-5.0,1.0,23.0,1.0,0.0,1.0,0.0,1.0,0.5,0.0,22,69.1,1.43834679171559,4102.47677512965,20.0844955754632,2.78,1.0,-5.0,0.31942641653712056,1.0,1.0,0.5,0.5,0.0,0.0
KEN,1993,0,1,71.2,0.353197256227247,3844.92029783599,25117188.0,45.9788813036218,2.979,-5.0,1.0,24.0,1.0,0.0,1.0,0.0,1.0,0.5,0.0,23,70.4,-0.799493958641349,3946.84093437851,27.3323644475784,2.894,1.0,-5.0,-0.22314835120705098,1.0,1.0,0.5,0.5,0.0,0.0
KEN,1994,0,1,71.3,2.632784517837,3833.22357838589,25857130.0,28.8143894306731,2.955,-5.0,1.0,25.0,0.0,0.0,0.0,0.0,0.0,0.5,0.0,24,71.2,0.353197256227247,3844.92029783599,45.9788813036218,2.979,1.0,-5.0,1.4929908870321236,1.0,1.0,0.5,0.5,0.0,0.0
KEN,1995,0,1,70.9,4.40621652482287,3890.0985511465,26601751.0,1.55432816055009,2.848,-5.0,1.0,26.0,0.0,0.0,0.0,0.0,0.0,0.5,0.0,25,71.3,2.632784517837,3833.22357838589,28.8143894306731,2.955,0.0,-5.0,3.519500521329935,1.0,0.0,0.5,0.5,0.0,0.0
KEN,1996,0,1,70.2,4.14683926876013,3941.40919481353,27344211.0,8.86408741577522,2.773,-5.0,1.0,27.0,0.0,0.0,0.0,0.0,0.0,0.5,0.0,26,70.9,4.40621652482287,3890.0985511465,1.55432816055009,2.848,0.0,-5.0,4.2765278967914995,1.0,0.0,0.5,0.5,0.0,0.0
KEN,1997,0,1,69.1,0.474901921293579,3853.37139280354,28101768.0,11.3618450505783,2.818,4.0,1.0,0.0,0.0,0.0,0.0,0.0,0.0,0.5,0.0,27,70.2,4.14683926876013,3941.40919481353,8.86408741577522,2.773,0.0,-5.0,2.3108705950268544,1.0,1.0,0.5,0.5,0.0,0.0
KEN,1998,0,2,67.7,3.29021372249065,3871.82176322447,28888057.0,6.72243650753928,2.843,4.0,1.0,1.0,0.0,0.0,0.0,0.0,0.0,0.5,0.0,28,69.1,0.474901921293579,3853.37139280354,11.3618450505783,2.818,0.0,4.0,1.8825578218921146,1.0,0.0,0.5,1.0,0.0,1.0
KEN,1999,0,2,66.0,2.30538859522412,3848.46470612727,29733408.0,5.74200109520484,2.884,4.0,1.0,2.0,0.0,0.0,0.0,0.0,0.0,0.5,0.0,29,67.7,3.29021372249065,3871.82176322447,6.72243650753928,2.843,0.0,4.0,2.797801158857385,1.0,0.0,0.5,1.0,0.0,1.0
KEN,2000,0,2,63.7,0.599695390807426,3756.63622296879,30642890.0,9.98002515350979,2.884,4.0,1.0,3.0,0.0,0.0,0.0,0.0,0.0,0.5,0.0,30,66.0,2.30538859522412,3848.46470612727,5.74200109520484,2.884,0.0,4.0,1.452541993015773,1.0,0.0,0.5,1.0,0.0,1.0
KEN,2001,0,1,61.2,3.77990649795343,3778.25854755615,31619170.0,5.73859814341467,2.876,4.0,1.0,4.0,0.0,0.0,0.0,0.0,0.0,0.5,0.0,31,63.7,0.599695390807426,3756.63622296879,9.98002515350979,2.884,0.0,4.0,2.189800944380428,1.0,0.0,0.5,0.5,0.0,0.0
KEN,2002,1,1,58.3,0.546859530175595,3681.2569427491,32629808.0,1.96130821739162,2.916,8.0,0.0,0.0,0.0,0.0,0.0,0.0,0.0,0.5,0.0,32,61.2,3.77990649795343,3778.25854755615,5.73859814341467,2.876,0.0,4.0,2.1633830140645127,1.0,0.0,0.5,0.5,0.0,0.0
KEN,2003,0,1,55.5,2.93247554570904,3674.08592758409,33652223.0,9.81569062979654,2.869,8.0,0.0,1.0,0.0,0.0,0.0,0.0,0.0,0.5,0.0,0,58.3,0.546859530175595,3681.2569427491,1.96130821739162,2.916,0.0,8.0,1.7396675379423174,1.0,0.0,0.5,0.5,0.0,0.0
KEN,2004,0,1,52.6,5.10429977629738,3743.56785736929,34713455.0,11.6240355442426,2.844,8.0,0.0,2.0,0.0,0.0,0.0,0.0,0.0,0.5,0.0,1,55.5,2.93247554570904,3674.08592758409,9.81569062979654,2.869,0.0,8.0,4.01838766100321,1.0,1.0,0.5,0.5,0.0,0.0
KEN,2005,0,1,49.5,5.90666607980057,3844.73557120578,35796484.0,10.3127783574683,2.739,8.0,0.0,3.0,0.0,0.0,0.0,0.0,0.0,0.5,0.0,2,52.6,5.10429977629738,3743.56785736929,11.6240355442426,2.844,0.0,8.0,5.505482928048975,1.0,1.0,0.5,0.5,0.0,0.0
KEN,2006,0,1,47.0,6.47249430015484,3970.73349887685,36904008.0,14.4537342081708,2.673,8.0,0.0,4.0,1.0,0.0,1.0,0.0,1.0,0.5,0.0,3,49.5,5.90666607980057,3844.73557120578,10.3127783574683,2.739,0.0,8.0,6.189580189977705,1.0,1.0,0.5,0.5,0.0,0.0
KEN,2007,0,1,45.0,6.85072976998784,4116.45094720856,38036349.0,9.75888023027529,2.642,7.0,0.0,5.0,1.0,0.0,1.0,0.0,1.0,0.5,0.0,4,47.0,6.47249430015484,3970.73349887685,14.4537342081708,2.673,1.0,8.0,6.6616120350713395,1.0,0.0,0.5,0.5,0.0,0.0
KEN,2008,0,1,42.6,0.232282744812977,4002.88364073792,39206351.0,26.2398166445063,2.751,7.0,0.0,6.0,4.0,0.0,4.0,0.0,1.0,0.5,0.0,5,45.0,6.85072976998784,4116.45094720856,9.75888023027529,2.642,1.0,7.0,3.5415062574004086,1.0,1.0,0.5,0.5,0.0,0.0
KEN,2009,0,1,42.1,3.30693981631089,4012.19428382397,40408891.0,9.23412592394652,2.816,7.0,0.0,7.0,4.0,0.0,4.0,0.0,1.0,0.5,0.0,6,42.6,0.232282744812977,4002.88364073792,26.2398166445063,2.751,4.0,7.0,1.7696112805619335,1.0,0.0,0.5,0.5,0.0,0.0
KEN,2010,0,1,41.5,8.05847360290906,4211.52462957784,41598567.0,3.96138889115385,2.793,8.0,0.0,8.0,0.0,0.0,0.0,0.0,0.0,0.5,0.0,7,42.1,3.30693981631089,4012.19428382397,9.23412592394652,2.816,4.0,7.0,5.682706709609976,1.0,0.0,0.5,0.5,0.0,0.0
KEN,2011,0,1,41.0,5.1211061197056,4307.10611556858,42758461.0,14.0224913014704,2.699,8.0,0.0,9.0,0.0,0.0,0.0,0.0,0.0,0.5,0.0,8,41.5,8.05847360290906,4211.52462957784,3.96138889115385,2.793,0.0,8.0,6.589789861307331,1.0,1.0,0.5,0.5,0.0,0.0
KEN,2012,0,1,41.1,4.56867961444982,4387.93790075409,43888303.0,9.37777003547598,2.678,8.0,0.0,10.0,0.0,0.0,0.0,0.0,0.0,0.5,0.0,9,41.0,5.1211061197056,4307.10611556858,14.0224913014704,2.699,0.0,8.0,4.844892867077711,1.0,0.0,0.5,0.5,0.0,0.0
KEN,2013,1,2,40.7,3.7978483925754,4443.371215682,44986791.0,5.71749357037733,2.762,9.0,0.0,11.0,0.0,0.0,0.0,0.0,0.0,0.5,0.0,10,41.1,4.56867961444982,4387.93790075409,9.37777003547598,2.678,0.0,8.0,4.18326400351261,1.0,0.0,0.5,1.0,0.0,1.0
KEN,2014,0,2,40.0,5.02011100232484,4558.55155266374,46051440.0,6.87815499275949,2.767,9.0,0.0,12.0,0.0,0.0,0.0,0.0,0.0,0.5,0.0,0,40.7,3.7978483925754,4443.371215682,5.71749357037733,2.762,0.0,9.0,4.408979697450119,1.0,0.0,0.5,1.0,0.0,1.0
KEN,2015,0,2,38.9,4.96772112759767,4679.62182831938,47088526.0,6.58215429284779,2.762,9.0,0.0,13.0,0.0,0.0,0.0,0.0,0.0,0.5,0.0,1,40.0,5.02011100232484,4558.55155266374,6.87815499275949,2.767,0.0,9.0,4.993916064961255,1.0,0.0,0.5,1.0,0.0,1.0
KEN,2016,0,2,38.4,4.21351706814744,4770.31046388086,48139687.0,6.29724953814625,2.757,9.0,0.0,14.0,0.0,0.0,0.0,0.0,0.0,0.5,0.0,2,38.9,4.96772112759767,4679.62182831938,6.58215429284779,2.762,0.0,9.0,4.590619097872555,1.0,0.0,0.5,1.0,0.0,1.0
KEN,2017,0,2,38.2,3.83795817364721,4846.86210851932,49197766.0,8.00564967709945,3.542,9.0,0.0,15.0,0.0,0.0,0.0,0.0,0.0,0.5,0.0,3,38.4,4.21351706814744,4770.31046388086,6.29724953814625,2.757,0.0,9.0,4.025737620897325,1.0,0.0,0.5,1.0,0.0,1.0
KEN,2018,0,2,37.5,5.64794640709219,5017.66784674664,50207107.0,4.6898064677633,4.284,9.0,0.0,16.0,0.0,0.0,0.0,0.0,0.0,0.5,0.0,4,38.2,3.83795817364721,4846.86210851932,8.00564967709945,3.542,0.0,9.0,4.742952290369701,1.0,0.0,0.5,1.0,0.0,1.0
KEN,2019,0,2,37.0,5.11415885767801,5171.71264279257,51202827.0,5.23963795764792,5.014,9.0,0.0,16.0,0.0,0.0,0.0,0.0,0.0,0.5,0.0,5,37.5,5.64794640709219,5017.66784674664,4.6898064677633,4.284,0.0,9.0,5.3810526323851,1.0,0.0,0.5,1.0,0.0,1.0
KEN,2020,0,3,36.5,-0.272766327438816,5057.40115537429,52217334.0,5.40516207933392,5.613,9.0,0.0,16.0,0.0,0.0,0.0,0.0,0.0,0.5,0.0,6,37.0,5.11415885767801,5171.71264279257,5.23963795764792,5.014,0.0,9.0,2.420696265119597,1.0,0.0,0.5,1.5,0.0,1.0
KEN,2021,0,3,36.0,7.59048947333467,5338.85243382781,53219166.0,6.10793603659176,5.693,9.0,0.0,16.0,0.0,0.0,0.0,0.0,0.0,0.5,0.0,7,36.5,-0.272766327438816,5057.40115537429,5.40516207933392,5.613,0.0,9.0,3.658861572947927,1.0,0.0,0.5,1.5,0.0,1.0
KEN,2022,1,3,35.5,4.85998104287999,5491.69378280246,54252461.0,7.65986268272224,5.565,9.0,0.0,16.0,0.0,0.0,0.0,0.0,0.0,0.5,0.0,8,36.0,7.59048947333467,5338.85243382781,6.10793603659176,5.693,0.0,9.0,6.22523525810733,1.0,0.0,0.5,1.5,0.0,1.0
KEN,2023,0,2,34.7,5.71999241214208,5691.82513474417,55339003.0,7.67139634029402,5.409,9.0,0.0,16.0,0.0,0.0,0.0,0.0,0.0,0.5,0.0,0,35.5,4.85998104287999,5491.69378280246,7.65986268272224,5.565,0.0,9.0,5.289986727511035,1.0,0.0,0.5,1.0,0.0,1.0
KEN,2024,0,2,34.2,4.66019594571891,5841.59866001706,56432944.0,4.48978854243448,5.487,9.0,0.0,16.0,0.0,0.0,0.0,0.0,0.0,0.5,0.0,1,34.7,5.71999241214208,5691.82513474417,7.67139634029402,5.409,0.0,9.0,5.1900941789304955,1.0,0.0,0.5,1.0,0.0,1.0
KOR,1970,0,0,45.3,10.1670415997143,18270.06444120635,32240827.0,15.9503423646945,6.6025,8.0,0.0,22.0,0.0,0.0,0.0,0.0,0.0,0.5,0.0,0,18.4,3.53620866972961,18109.67372703895,5.66318573909345,6.662,0.0,8.0,10.1670415997143,1.0,1.0,0.5,0.0,0.0,0.0
KOR,1971,0,0,42.5,10.6514008040897,18270.06444120635,32882704.0,13.5117023313079,6.6025,8.0,0.0,22.0,0.0,0.0,0.0,0.0,0.0,0.5,0.0,1,45.3,10.1670415997143,18109.67372703895,15.9503423646945,6.662,0.0,8.0,10.409221201902,1.0,1.0,0.5,0.0,0.0,0.0
KOR,1972,0,0,40.1,7.33682343209188,18270.06444120635,33505406.0,11.6889866806845,6.6025,8.0,0.0,22.0,0.0,0.0,0.0,0.0,0.0,0.5,0.0,2,42.5,10.6514008040897,18109.67372703895,13.5117023313079,6.662,0.0,8.0,8.99411211809079,1.0,1.0,0.5,0.0,0.0,0.0
KOR,1973,0,0,38.1,14.9746910473879,18270.06444120635,34103149.0,3.22102904692326,6.6025,8.0,0.0,22.0,0.0,0.0,0.0,0.0,0.0,0.5,0.0,3,40.1,7.33682343209188,18109.67372703895,11.6889866806845,6.662,0.0,8.0,11.15575723973989,1.0,0.0,0.5,0.0,0.0,0.0
KOR,1974,0,0,36.5,9.64890876792887,18270.06444120635,34692266.0,24.3041995402397,6.6025,8.0,0.0,22.0,0.0,0.0,0.0,0.0,0.0,0.5,0.0,4,38.1,14.9746910473879,18109.67372703895,3.22102904692326,6.662,0.0,8.0,12.311799907658385,1.0,1.0,0.5,0.0,0.0,0.0
KOR,1975,0,0,35.0,7.93151191415265,18270.06444120635,35280725.0,25.2492564056733,6.6025,8.0,0.0,22.0,0.0,0.0,0.0,0.0,0.0,0.5,0.0,5,36.5,9.64890876792887,18109.67372703895,24.3041995402397,6.662,0.0,8.0,8.79021034104076,1.0,1.0,0.5,0.0,0.0,0.0
KOR,1976,0,0,33.6,13.2631948828989,18270.06444120635,35848523.0,15.3273205213194,6.6025,8.0,0.0,22.0,0.0,0.0,0.0,0.0,0.0,0.5,0.0,6,35.0,7.93151191415265,18109.67372703895,25.2492564056733,6.662,0.0,8.0,10.597353398525774,1.0,1.0,0.5,0.0,0.0,0.0
KOR,1977,0,0,32.3,12.3772941278967,18270.06444120635,36411795.0,10.0966653313387,6.6025,8.0,0.0,22.0,0.0,0.0,0.0,0.0,0.0,0.5,0.0,7,33.6,13.2631948828989,18109.67372703895,15.3273205213194,6.662,0.0,8.0,12.820244505397799,1.0,1.0,0.5,0.0,0.0,0.0
KOR,1978,0,0,30.9,11.0694555184031,18270.06444120635,36969185.0,14.4602850195024,6.6025,8.0,0.0,22.0,0.0,0.0,0.0,0.0,0.0,0.5,0.0,8,32.3,12.3772941278967,18109.67372703895,10.0966653313387,6.662,0.0,8.0,11.7233748231499,1.0,1.0,0.5,0.0,0.0,0.0
KOR,1979,0,0,29.4,8.73691533999403,18270.06444120635,37534236.0,18.3234963421791,6.6025,8.0,0.0,22.0,0.0,0.0,0.0,0.0,0.0,0.5,0.0,9,30.9,11.0694555184031,18109.67372703895,14.4602850195024,6.662,0.0,8.0,9.903185429198565,1.0,1.0,0.5,0.0,0.0,0.0
KOR,1980,0,0,27.8,-1.52426391001066,18270.06444120635,38123775.0,28.6976086362017,6.6025,8.0,0.0,22.0,0.0,0.0,0.0,0.0,0.0,0.5,0.0,10,29.4,8.73691533999403,18109.67372703895,18.3234963421791,6.662,0.0,8.0,3.6063257149916845,1.0,1.0,0.5,0.0,0.0,0.0
KOR,1981,0,0,26.1,7.40382133739918,18270.06444120635,38723248.0,21.351640254,6.6025,8.0,0.0,22.0,0.0,0.0,0.0,0.0,0.0,0.5,0.0,11,27.8,-1.52426391001066,18109.67372703895,28.6976086362017,6.662,0.0,8.0,2.93977871369426,1.0,1.0,0.5,0.0,0.0,0.0
KOR,1982,0,0,24.3,8.46826958565821,18270.06444120635,39326352.0,7.1908466400687,6.6025,8.0,0.0,22.0,0.0,0.0,0.0,0.0,0.0,0.5,0.0,12,26.1,7.40382133739918,18109.67372703895,21.351640254,6.662,0.0,8.0,7.936045461528694,1.0,0.0,0.5,0.0,0.0,0.0
KOR,1983,0,0,22.5,13.4668057465528,18270.06444120635,39910403.0,3.42061419498921,6.6025,8.0,0.0,22.0,0.0,0.0,0.0,0.0,0.0,0.5,0.0,13,24.3,8.46826958565821,18109.67372703895,7.1908466400687,6.662,0.0,8.0,10.967537666105505,1.0,0.0,0.5,0.0,0.0,0.0
KOR,1984,0,0,20.6,10.6366054976723,18270.06444120635,40405956.0,2.27395640001863,6.6025,8.0,0.0,22.0,0.0,0.0,0.0,0.0,0.0,0.5,0.0,14,22.5,13.4668057465528,18109.67372703895,3.42061419498921,6.662,0.0,8.0,12.05170562211255,1.0,0.0,0.5,0.0,0.0,0.0
KOR,1985,0,0,18.9,7.93879547760545,18270.06444120635,40805744.0,2.45910879215274,6.6025,8.0,0.0,22.0,0.0,0.0,0.0,0.0,0.0,0.5,0.0,15,20.6,10.6366054976723,18109.67372703895,2.27395640001863,6.662,0.0,8.0,9.287700487638874,1.0,0.0,0.5,0.0,0.0,0.0
KOR,1986,0,0,17.2,11.50298504807,18270.06444120635,41213674.0,2.74998096063358,6.6025,8.0,0.0,22.0,0.0,0.0,0.0,0.0,0.0,0.5,0.0,16,18.9,7.93879547760545,18109.67372703895,2.45910879215274,6.662,0.0,8.0,9.720890262837726,0.0,0.0,0.0,0.0,0.0,0.0
KOR,1987,0,0,15.7,12.8922089918574,18270.06444120635,41621690.0,3.04966077087423,6.6025,8.0,0.0,22.0,0.0,0.0,0.0,0.0,0.0,0.5,0.0,17,17.2,11.50298504807,18109.67372703895,2.74998096063358,6.662,0.0,8.0,12.197597019963702,0.0,0.0,0.0,0.0,0.0,0.0
KOR,1988,0,0,14.3,12.1331951107172,18270.06444120635,42031247.0,7.14609773721605,6.6025,8.0,0.0,22.0,0.0,0.0,0.0,0.0,0.0,0.5,0.0,18,15.7,12.8922089918574,18109.67372703895,3.04966077087423,6.662,0.0,8.0,12.512702051287299,0.0,0.0,0.0,0.0,0.0,0.0
KOR,1989,0,0,13.1,7.16501737923842,18270.06444120635,42449038.0,5.70016544561401,6.6025,8.0,0.0,22.0,0.0,0.0,0.0,0.0,0.0,0.5,0.0,19,14.3,12.1331951107172,18109.67372703895,7.14609773721605,6.662,0.0,8.0,9.64910624497781,0.0,0.0,0.0,0.0,0.0,0.0
KOR,1990,0,0,12.0,10.0248996213899,14377.8839203268,42869283.0,8.57327225728677,6.6025,8.0,0.0,22.0,0.0,0.0,0.0,0.0,0.0,0.5,0.0,20,13.1,7.16501737923842,18109.67372703895,5.70016544561401,6.662,0.0,8.0,8.59495850031416,0.0,0.0,0.0,0.0,0.0,0.0
KOR,1991,0,0,11.1,10.8749739277708,15784.4668669974,43295704.0,9.33279048161495,2.407,8.0,0.0,22.0,0.0,0.0,0.0,0.0,0.0,0.5,0.0,21,12.0,10.0248996213899,14377.8839203268,8.57327225728677,6.662,0.0,8.0,10.44993677458035,0.0,0.0,0.0,0.0,0.0,0.0
KOR,1992,0,0,10.2,6.35159199606441,16613.4907015983,43747962.0,6.21328146355184,2.513,8.0,0.0,22.0,0.0,0.0,0.0,0.0,0.0,0.5,0.0,22,11.1,10.8749739277708,15784.4668669974,9.33279048161495,2.407,0.0,8.0,8.613282961917605,0.0,0.0,0.0,0.0,0.0,0.0
KOR,1993,0,0,9.4,6.99471791742556,17595.9036148432,44194628.0,4.80099660215354,2.878,8.0,0.0,22.0,0.0,0.0,0.0,0.0,0.0,0.5,0.0,23,10.2,6.35159199606441,16613.4907015983,6.21328146355184,2.513,0.0,8.0,6.673154956744985,0.0,0.0,0.0,0.0,0.0,0.0
KOR,1994,0,0,8.7,9.3718357757101,19052.2990926264,44641540.0,6.26585950039679,2.476,8.0,0.0,22.0,0.0,0.0,0.0,0.0,0.0,0.5,0.0,24,9.4,6.99471791742556,17595.9036148432,4.80099660215354,2.878,0.0,8.0,8.18327684656783,0.0,0.0,0.0,0.0,0.0,0.0
KOR,1995,0,0,8.1,9.7358937505409,20697.8969808345,45092991.0,4.48074108557248,2.063,8.0,0.0,22.0,0.0,0.0,0.0,0.0,0.0,0.5,0.0,25,8.7,9.3718357757101,19052.2990926264,6.26585950039679,2.476,0.0,8.0,9.5538647631255,0.0,0.0,0.0,0.0,0.0,0.0
KOR,1996,0,0,7.5,7.99042982526839,22139.7963785414,45524681.0,4.92454354292754,2.048,8.0,0.0,22.0,0.0,0.0,0.0,0.0,0.0,0.5,0.0,26,8.1,9.7358937505409,20697.8969808345,4.48074108557248,2.063,0.0,8.0,8.863161787904644,0.0,0.0,0.0,0.0,0.0,0.0
KOR,1997,1,0,7.0,6.2821926537929,23311.0420901741,45953580.0,4.4389318457463,2.608,8.0,0.0,22.0,0.0,0.0,0.0,0.0,0.0,0.5,0.0,27,7.5,7.99042982526839,22139.7963785414,4.92454354292754,2.048,0.0,8.0,7.136311239530645,0.0,0.0,0.0,0.0,0.0,0.0
KOR,1998,0,0,6.5,-4.9389297463141,22000.3387603516,46286503.0,7.51358008079307,6.963,8.0,0.0,22.0,0.0,0.0,0.0,0.0,0.0,0.5,0.0,0,7.0,6.2821926537929,23311.0420901741,4.4389318457463,2.608,0.0,8.0,0.6716314537393999,0.0,0.0,0.0,0.0,0.0,0.0
KOR,1999,0,0,6.1,11.6172629559591,24382.2508517369,46616677.0,0.81295725444637,6.342,8.0,0.0,22.0,0.0,0.0,0.0,0.0,0.0,0.5,0.0,1,6.5,-4.9389297463141,22000.3387603516,7.51358008079307,6.963,0.0,8.0,3.3391666048225,0.0,0.0,0.0,0.0,0.0,0.0
KOR,2000,0,0,5.8,9.2018583880479,26404.1588575745,47008111.0,2.25916580080157,4.063,8.0,0.0,22.0,0.0,0.0,0.0,0.0,0.0,0.5,0.0,2,6.1,11.6172629559591,24382.2508517369,0.81295725444637,6.342,0.0,8.0,10.4095606720035,0.0,0.0,0.0,0.0,0.0,0.0
KOR,2001,0,0,5.5,4.72593560322356,27440.6564915847,47370164.0,4.06657587897792,3.699,8.0,0.0,22.0,0.0,0.0,0.0,0.0,0.0,0.5,0.0,3,5.8,9.2018583880479,26404.1588575745,2.25916580080157,4.063,0.0,8.0,6.9638969956357295,0.0,0.0,0.0,0.0,0.0,0.0
KOR,2002,0,0,5.2,7.74399895319569,29395.2766036796,47644736.0,2.76226210296599,3.046,8.0,0.0,22.0,0.0,0.0,0.0,0.0,0.0,0.5,0.0,4,5.5,4.72593560322356,27440.6564915847,4.06657587897792,3.699,0.0,8.0,6.234967278209625,0.0,0.0,0.0,0.0,0.0,0.0
KOR,2003,0,0,4.9,3.07472661826947,30142.4605585814,47892330.0,3.51487451459939,3.348,8.0,0.0,22.0,0.0,0.0,0.0,0.0,0.0,0.5,0.0,5,5.2,7.74399895319569,29395.2766036796,2.76226210296599,3.046,0.0,8.0,5.40936278573258,0.0,0.0,0.0,0.0,0.0,0.0
KOR,2004,0,0,4.7,5.1836368597334,31579.5283048867,48082519.0,3.59066298882578,3.42,8.0,0.0,22.0,0.0,0.0,0.0,0.0,0.0,0.5,0.0,6,4.9,3.07472661826947,30142.4605585814,3.51487451459939,3.348,0.0,8.0,4.129181739001435,0.0,0.0,0.0,0.0,0.0,0.0
KOR,2005,0,0,4.3,4.35823667337156,32886.0472450743,48184561.0,2.75379162735039,3.482,8.0,0.0,22.0,0.0,0.0,0.0,0.0,0.0,0.5,0.0,7,4.7,5.1836368597334,31579.5283048867,3.59066298882578,3.42,0.0,8.0,4.77093676655248,0.0,0.0,0.0,0.0,0.0,0.0
KOR,2006,0,0,4.1,5.24500550580342,34429.6222013137,48438292.0,2.24234028518921,3.254,8.0,0.0,22.0,0.0,0.0,0.0,0.0,0.0,0.5,0.0,8,4.3,4.35823667337156,32886.0472450743,2.75379162735039,3.482,0.0,8.0,4.80162108958749,0.0,0.0,0.0,0.0,0.0,0.0
KOR,2007,1,0,3.8,5.8419633918717,36257.3401689702,48683638.0,2.53457382137932,3.013,8.0,0.0,22.0,0.0,0.0,0.0,0.0,0.0,0.5,0.0,9,4.1,5.24500550580342,34429.6222013137,2.24234028518921,3.254,0.0,8.0,5.54348444883756,0.0,0.0,0.0,0.0,0.0,0.0
KOR,2008,0,0,3.6,3.00440451679569,37064.1518484106,49054708.0,4.67389655533408,2.959,8.0,0.0,22.0,0.0,0.0,0.0,0.0,0.0,0.5,0.0,0,3.8,5.8419633918717,36257.3401689702,2.53457382137932,3.013,0.0,8.0,4.423183954333695,0.0,0.0,0.0,0.0,0.0,0.0
KOR,2009,0,0,3.4,0.81986175641795,37176.1939270969,49307835.0,2.7564965449393,3.363,8.0,0.0,22.0,0.0,0.0,0.0,0.0,0.0,0.5,0.0,1,3.6,3.00440451679569,37064.1518484106,4.67389655533408,2.959,0.0,8.0,1.9121331366068195,0.0,0.0,0.0,0.0,0.0,0.0
KOR,2010,0,0,3.3,6.98166138853071,39574.0500732947,49554112.0,2.93928652655686,3.324,8.0,0.0,22.0,0.0,0.0,0.0,0.0,0.0,0.5,0.0,2,3.4,0.81986175641795,37176.1939270969,2.7564965449393,3.363,0.0,8.0,3.9007615724743294,0.0,0.0,0.0,0.0,0.0,0.0
KOR,2011,0,0,3.2,3.6880320602952,40719.2273771671,49936638.0,4.0259650043609,2.992,8.0,0.0,22.0,0.0,0.0,0.0,0.0,0.0,0.5,0.0,3,3.3,6.98166138853071,39574.0500732947,2.93928652655686,3.324,0.0,8.0,5.334846724412954,0.0,0.0,0.0,0.0,0.0,0.0
KOR,2012,1,0,3.1,2.54766550568242,41537.6728611117,50199853.0,2.18707104433314,2.812,8.0,0.0,22.0,0.0,0.0,0.0,0.0,0.0,0.5,0.0,4,3.2,3.6880320602952,40719.2273771671,4.0259650043609,2.992,0.0,8.0,3.1178487829888093,0.0,0.0,0.0,0.0,0.0,0.0
KOR,2013,0,0,3.0,3.2913959543442,42709.9751857887,50428893.0,1.30134754547413,3.067,8.0,0.0,22.0,0.0,0.0,0.0,0.0,0.0,0.5,0.0,0,3.1,2.54766550568242,41537.6728611117,2.18707104433314,2.812,0.0,8.0,2.9195307300133093,0.0,0.0,0.0,0.0,0.0,0.0
KOR,2014,0,0,2.9,3.21468019683108,43806.9250985661,50746659.0,1.27477446401322,3.082,8.0,0.0,22.0,0.0,0.0,0.0,0.0,0.0,0.5,0.0,1,3.0,3.2913959543442,42709.9751857887,1.30134754547413,3.067,0.0,8.0,3.2530380755876394,0.0,0.0,0.0,0.0,0.0,0.0
KOR,2015,0,0,2.9,2.92029267301234,44849.106767089,51014947.0,0.70633177245575,3.546,8.0,0.0,22.0,0.0,0.0,0.0,0.0,0.0,0.5,0.0,2,2.9,3.21468019683108,43806.9250985661,1.27477446401322,3.082,0.0,8.0,3.0674864349217095,0.0,0.0,0.0,0.0,0.0,0.0
KOR,2016,0,0,2.8,3.17152748983935,46088.2430785383,51217803.0,0.971685739912168,3.65,8.0,0.0,22.0,0.0,0.0,0.0,0.0,0.0,0.5,0.0,3,2.9,2.92029267301234,44849.106767089,0.70633177245575,3.546,0.0,8.0,3.045910081425845,0.0,0.0,0.0,0.0,0.0,0.0
KOR,2017,1,0,2.7,3.433191763972,47536.7898568851,51361911.0,1.94433230786366,3.653,8.0,0.0,22.0,0.0,0.0,0.0,0.0,0.0,0.5,0.0,4,2.8,3.17152748983935,46088.2430785383,0.971685739912168,3.65,0.0,8.0,3.302359626905675,0.0,0.0,0.0,0.0,0.0,0.0
KOR,2018,0,0,2.6,3.17611568177327,48834.4471157733,51585058.0,1.47583935002645,3.824,8.0,0.0,22.0,0.0,0.0,0.0,0.0,0.0,0.5,0.0,0,2.7,3.433191763972,47536.7898568851,1.94433230786366,3.653,0.0,8.0,3.3046537228726347,0.0,0.0,0.0,0.0,0.0,0.0
KOR,2019,0,0,2.6,2.31380210595475,49790.8679884821,51764822.0,0.383000303608136,3.746,8.0,0.0,22.0,0.0,0.0,0.0,0.0,0.0,0.5,0.0,1,2.6,3.17611568177327,48834.4471157733,1.47583935002645,3.824,0.0,8.0,2.74495889386401,0.0,0.0,0.0,0.0,0.0,0.0
KOR,2020,0,0,2.5,-0.700242317542106,49374.0926148025,51836239.0,0.537288023411737,3.931,8.0,0.0,22.0,0.0,0.0,0.0,0.0,0.0,0.5,0.0,2,2.6,2.31380210595475,49790.8679884821,0.383000303608136,3.746,0.0,8.0,0.8067798942063217,0.0,0.0,0.0,0.0,0.0,0.0
KOR,2021,0,0,2.5,4.61296795454287,51718.2518656631,51769539.0,2.49833333333339,3.639,8.0,0.0,22.0,0.0,0.0,0.0,0.0,0.0,0.5,0.0,3,2.5,-0.700242317542106,49374.0926148025,0.537288023411737,3.931,0.0,8.0,1.9563628185003816,0.0,0.0,0.0,0.0,0.0,0.0
KOR,2022,1,0,2.4,2.72756456708991,53228.6035655365,51672569.0,5.08951365062842,2.857,8.0,0.0,22.0,0.0,0.0,0.0,0.0,0.0,0.5,0.0,4,2.5,4.61296795454287,51718.2518656631,2.49833333333339,3.639,0.0,8.0,3.6702662608163896,0.0,0.0,0.0,0.0,0.0,0.0
KOR,2023,0,0,2.4,1.58301467403629,54029.3434990785,51712619.0,3.5974562502901,2.675,8.0,0.0,22.0,0.0,0.0,0.0,0.0,0.0,0.5,0.0,0,2.4,2.72756456708991,53228.6035655365,5.08951365062842,2.857,0.0,8.0,2.1552896205630994,0.0,0.0,0.0,0.0,0.0,0.0
KOR,2024,0,0,2.3,2.00361101838986,55070.9386194121,51751065.0,2.32174328643542,2.784,8.0,0.0,22.0,0.0,0.0,0.0,0.0,0.0,0.5,0.0,1,2.4,1.58301467403629,54029.3434990785,3.5974562502901,2.675,0.0,8.0,1.7933128462130747,0.0,0.0,0.0,0.0,0.0,0.0
LBN,1970,0,0,53.2,3.51652574676669,18270.06444120635,2386114.0,5.531981770439344,6.6025,3.0,1.0,27.0,0.0,0.0,0.0,0.0,0.0,0.5,0.0,0,18.4,3.53620866972961,18109.67372703895,5.66318573909345,6.662,0.0,8.0,3.4147232630745155,1.0,0.0,0.5,0.0,0.0,0.0
LBN,1971,0,0,52.8,3.51652574676669,18270.06444120635,2446314.0,5.531981770439344,6.6025,3.0,1.0,28.0,0.0,0.0,0.0,0.0,0.0,0.5,0.0,1,53.2,3.53620866972961,18109.67372703895,5.66318573909345,6.662,0.0,3.0,3.4147232630745155,1.0,0.0,0.5,0.0,0.0,0.0
LBN,1972,0,0,52.4,3.51652574676669,18270.06444120635,2509729.0,5.531981770439344,6.6025,3.0,1.0,29.0,0.0,0.0,0.0,0.0,0.0,0.5,0.0,2,52.8,3.53620866972961,18109.67372703895,5.66318573909345,6.662,0.0,3.0,3.4147232630745155,1.0,0.0,0.5,0.0,0.0,0.0
LBN,1973,0,0,52.0,3.51652574676669,18270.06444120635,2572935.0,5.531981770439344,6.6025,3.0,1.0,30.0,0.0,0.0,0.0,0.0,0.0,0.5,0.0,3,52.4,3.53620866972961,18109.67372703895,5.66318573909345,6.662,0.0,3.0,3.4147232630745155,1.0,0.0,0.5,0.0,0.0,0.0
LBN,1974,0,0,51.4,3.51652574676669,18270.06444120635,2635185.0,5.531981770439344,6.6025,3.0,1.0,31.0,0.0,0.0,0.0,0.0,0.0,0.5,0.0,4,52.0,3.53620866972961,18109.67372703895,5.66318573909345,6.662,0.0,3.0,3.4147232630745155,1.0,0.0,0.5,0.0,0.0,0.0
LBN,1975,0,0,50.7,3.51652574676669,18270.06444120635,2693191.0,5.531981770439344,6.6025,0.0,1.0,0.0,5.0,0.0,5.0,0.0,1.0,0.5,0.0,5,51.4,3.53620866972961,18109.67372703895,5.66318573909345,6.662,0.0,3.0,3.4147232630745155,1.0,0.0,0.5,0.0,0.0,0.0
LBN,1976,0,0,112.4,3.51652574676669,18270.06444120635,2726469.0,5.531981770439344,6.6025,0.0,1.0,0.0,5.0,0.0,5.0,0.0,1.0,0.5,0.0,6,50.7,3.53620866972961,18109.67372703895,5.66318573909345,6.662,5.0,0.0,3.4147232630745155,1.0,0.0,0.5,0.0,0.0,0.0
LBN,1977,0,0,59.3,3.51652574676669,18270.06444120635,2762155.0,5.531981770439344,6.6025,0.0,1.0,0.0,5.0,0.0,5.0,0.0,1.0,0.5,0.0,7,112.4,3.53620866972961,18109.67372703895,5.66318573909345,6.662,5.0,0.0,3.4147232630745155,1.0,0.0,0.5,0.0,0.0,0.0
LBN,1978,0,0,57.8,3.51652574676669,18270.06444120635,2822682.0,5.531981770439344,6.6025,0.0,1.0,0.0,7.0,0.0,5.0,2.0,1.0,0.5,0.0,8,59.3,3.53620866972961,18109.67372703895,5.66318573909345,6.662,5.0,0.0,3.4147232630745155,1.0,0.0,0.5,0.0,0.0,0.0
LBN,1979,0,0,56.3,3.51652574676669,18270.06444120635,2882635.0,5.531981770439344,6.6025,0.0,1.0,0.0,5.0,0.0,5.0,0.0,1.0,0.5,0.0,9,57.8,3.53620866972961,18109.67372703895,5.66318573909345,6.662,7.0,0.0,3.4147232630745155,1.0,0.0,0.5,0.0,0.0,0.0
LBN,1980,0,0,54.6,3.51652574676669,18270.06444120635,2944763.0,5.531981770439344,6.6025,0.0,1.0,0.0,5.0,0.0,5.0,0.0,1.0,0.5,0.0,10,56.3,3.53620866972961,18109.67372703895,5.66318573909345,6.662,5.0,0.0,3.4147232630745155,1.0,0.0,0.5,0.0,0.0,0.0
LBN,1981,0,0,52.9,3.51652574676669,18270.06444120635,3008981.0,5.531981770439344,6.6025,0.0,1.0,0.0,5.0,0.0,5.0,0.0,1.0,0.5,0.0,11,54.6,3.53620866972961,18109.67372703895,5.66318573909345,6.662,5.0,0.0,3.4147232630745155,1.0,0.0,0.5,0.0,0.0,0.0
LBN,1982,0,0,73.3,3.51652574676669,18270.06444120635,3054931.0,5.531981770439344,6.6025,0.0,1.0,0.0,9.0,0.0,5.0,4.0,1.0,0.5,0.0,12,52.9,3.53620866972961,18109.67372703895,5.66318573909345,6.662,5.0,0.0,3.4147232630745155,1.0,0.0,0.5,0.0,0.0,0.0
LBN,1983,0,0,43.7,3.51652574676669,18270.06444120635,3094996.0,5.531981770439344,6.6025,0.0,1.0,0.0,9.0,0.0,5.0,4.0,1.0,0.5,0.0,13,73.3,3.53620866972961,18109.67372703895,5.66318573909345,6.662,9.0,0.0,3.4147232630745155,1.0,0.0,0.5,0.0,0.0,0.0
LBN,1984,0,0,41.9,3.51652574676669,18270.06444120635,3152744.0,5.531981770439344,6.6025,0.0,1.0,0.0,9.0,0.0,5.0,4.0,1.0,0.5,0.0,14,43.7,3.53620866972961,18109.67372703895,5.66318573909345,6.662,9.0,0.0,3.4147232630745155,1.0,0.0,0.5,0.0,0.0,0.0
LBN,1985,0,0,40.0,3.51652574676669,18270.06444120635,3217376.0,5.531981770439344,6.6025,0.0,1.0,0.0,9.0,0.0,5.0,4.0,1.0,0.5,0.0,15,41.9,3.53620866972961,18109.67372703895,5.66318573909345,6.662,9.0,0.0,3.4147232630745155,1.0,0.0,0.5,0.0,0.0,0.0
LBN,1986,0,0,38.1,3.51652574676669,18270.06444120635,3300365.0,5.531981770439344,6.6025,0.0,1.0,0.0,9.0,0.0,5.0,4.0,1.0,0.5,0.0,16,40.0,3.53620866972961,18109.67372703895,5.66318573909345,6.662,9.0,0.0,3.4147232630745155,1.0,0.0,0.5,0.0,0.0,0.0
LBN,1987,0,0,41.4,3.51652574676669,18270.06444120635,3385555.0,5.531981770439344,6.6025,0.0,1.0,0.0,9.0,0.0,5.0,4.0,1.0,0.5,0.0,17,38.1,3.53620866972961,18109.67372703895,5.66318573909345,6.662,9.0,0.0,3.4147232630745155,1.0,0.0,0.5,0.0,0.0,0.0
LBN,1988,0,0,39.6,3.51652574676669,18270.06444120635,3454649.0,5.531981770439344,6.6025,0.0,1.0,0.0,9.0,0.0,5.0,4.0,1.0,0.5,0.0,18,41.4,3.53620866972961,18109.67372703895,5.66318573909345,6.662,9.0,0.0,3.4147232630745155,1.0,0.0,0.5,0.0,0.0,0.0
LBN,1989,0,0,29.7,-42.4511182157698,18270.06444120635,3525285.0,5.531981770439344,6.6025,0.0,1.0,0.0,9.0,0.0,5.0,4.0,1.0,0.5,0.0,19,39.6,3.53620866972961,18109.67372703895,5.66318573909345,6.662,9.0,0.0,-42.4511182157698,1.0,0.0,0.5,0.0,0.0,0.0
LBN,1990,0,0,28.3,26.5331600932491,5345.51209718413,3595175.0,5.531981770439344,6.6025,0.0,0.0,0.0,9.0,0.0,5.0,4.0,1.0,0.5,0.0,20,29.7,-42.4511182157698,18109.67372703895,5.66318573909345,6.662,9.0,0.0,-7.958979061260351,1.0,0.0,0.5,0.0,0.0,0.0
LBN,1991,0,0,26.9,49.4473791849141,7828.17201077656,3668912.0,5.531981770439344,8.594,0.0,0.0,0.0,5.0,0.0,5.0,0.0,1.0,0.5,0.0,21,28.3,26.5331600932491,5345.51209718413,5.66318573909345,6.662,9.0,0.0,37.9902696390816,1.0,0.0,0.5,0.0,0.0,0.0
LBN,1992,0,0,25.6,16.4383457045728,8924.15264553271,3747371.0,5.531981770439344,8.225,0.0,0.0,0.0,0.0,0.0,0.0,0.0,0.0,0.5,0.0,22,26.9,49.4473791849141,7828.17201077656,5.66318573909345,8.594,5.0,0.0,32.94286244474345,1.0,0.0,0.5,0.0,0.0,0.0
LBN,1993,0,0,24.5,10.7656697971889,9695.31549182752,3820647.0,5.531981770439344,8.226,0.0,0.0,0.0,0.0,0.0,0.0,0.0,0.0,0.5,0.0,23,25.6,16.4383457045728,8924.15264553271,5.66318573909345,8.225,0.0,0.0,13.602007750880851,1.0,0.0,0.5,0.0,0.0,0.0
LBN,1994,0,0,23.3,8.10524197734502,10294.812771264,3889799.0,5.531981770439344,8.321,0.0,0.0,0.0,0.0,0.0,0.0,0.0,0.0,0.5,0.0,24,24.5,10.7656697971889,9695.31549182752,5.66318573909345,8.226,0.0,0.0,9.435455887266961,1.0,0.0,0.5,0.0,0.0,0.0
LBN,1995,0,0,22.3,6.44886256985258,10762.4426963776,3960735.0,5.531981770439344,8.421,0.0,0.0,0.0,0.0,0.0,0.0,0.0,0.0,0.5,0.0,25,23.3,8.10524197734502,10294.812771264,5.66318573909345,8.321,0.0,0.0,7.2770522735988,1.0,0.0,0.5,0.0,0.0,0.0
LBN,1996,0,0,21.3,11.2859357161668,11757.2824887935,4034781.0,5.531981770439344,8.413,0.0,0.0,0.0,0.0,0.0,0.0,0.0,0.0,0.5,0.0,26,22.3,6.44886256985258,10762.4426963776,5.66318573909345,8.421,0.0,0.0,8.86739914300969,1.0,0.0,0.5,0.0,0.0,0.0
LBN,1997,0,0,20.4,1.05496666740667,11668.4006854372,4108405.0,5.531981770439344,8.62,0.0,0.0,0.0,0.0,0.0,0.0,0.0,0.0,0.5,0.0,27,21.3,11.2859357161668,11757.2824887935,5.66318573909345,8.413,0.0,0.0,6.170451191786736,1.0,0.0,0.5,0.0,0.0,0.0
LBN,1998,0,0,19.5,3.66572378505683,11885.3072278409,4181281.0,5.531981770439344,8.571,0.0,0.0,0.0,0.0,0.0,0.0,0.0,0.0,0.5,0.0,28,20.4,1.05496666740667,11668.4006854372,5.66318573909345,8.62,0.0,0.0,2.36034522623175,1.0,0.0,0.5,0.0,0.0,0.0
LBN,1999,0,0,18.5,-0.525584634783087,11617.2497708538,4255277.0,5.531981770439344,8.787,0.0,0.0,0.0,0.0,0.0,0.0,0.0,0.0,0.5,0.0,29,19.5,3.66572378505683,11885.3072278409,5.66318573909345,8.571,0.0,0.0,1.5700695751368716,1.0,0.0,0.5,0.0,0.0,0.0
LBN,2000,0,0,17.6,1.34187161970405,11571.7326041085,4329340.0,5.531981770439344,8.641,0.0,0.0,0.0,0.0,0.0,0.0,0.0,0.0,0.5,0.0,30,18.5,-0.525584634783087,11617.2497708538,5.66318573909345,8.787,0.0,0.0,0.4081434924604814,0.0,0.0,0.0,0.0,0.0,0.0
LBN,2001,0,0,16.7,3.83966927702973,11817.9305012844,4401918.0,5.531981770439344,8.499,0.0,0.0,0.0,0.0,0.0,0.0,0.0,0.0,0.5,0.0,31,17.6,1.34187161970405,11571.7326041085,5.66318573909345,8.641,0.0,0.0,2.59077044836689,0.0,0.0,0.0,0.0,0.0,0.0
LBN,2002,0,0,15.8,3.42314982843781,12053.8341563826,4463504.0,5.531981770439344,8.248,0.0,0.0,0.0,0.0,0.0,0.0,0.0,0.0,0.5,0.0,32,16.7,3.83966927702973,11817.9305012844,5.66318573909345,8.499,0.0,0.0,3.63140955273377,0.0,0.0,0.0,0.0,0.0,0.0
LBN,2003,0,0,15.0,3.22709826879041,12272.3440677497,4525508.0,5.531981770439344,8.061,0.0,0.0,0.0,0.0,0.0,0.0,0.0,0.0,0.5,0.0,33,15.8,3.42314982843781,12053.8341563826,5.66318573909345,8.248,0.0,0.0,3.3251240486141103,0.0,0.0,0.0,0.0,0.0,0.0
LBN,2004,0,0,14.2,6.67944461641103,12882.0757995163,4599279.0,5.531981770439344,7.85,0.0,0.0,0.0,0.0,0.0,0.0,0.0,0.0,0.5,0.0,34,15.0,3.22709826879041,12272.3440677497,5.66318573909345,8.061,0.0,0.0,4.9532714426007205,0.0,0.0,0.0,0.0,0.0,0.0
LBN,2005,1,0,13.5,2.68577931016345,13024.6648924956,4671102.0,5.531981770439344,8.249,6.0,0.0,0.0,0.0,0.0,0.0,0.0,0.0,0.5,0.0,35,14.2,6.67944461641103,12882.0757995163,5.66318573909345,7.85,0.0,0.0,4.68261196328724,0.0,0.0,0.0,0.0,0.0,0.0
LBN,2006,0,0,12.9,1.54951500083213,13003.680803908,4751136.0,5.531981770439344,8.679,6.0,0.0,1.0,2.0,0.0,0.0,2.0,1.0,0.5,0.0,0,13.5,2.68577931016345,13024.6648924956,5.66318573909345,8.249,0.0,6.0,2.11764715549779,0.0,0.0,0.0,0.0,0.0,0.0
LBN,2007,0,0,12.3,9.31062252641144,13941.5614244767,4844118.0,5.531981770439344,8.98,6.0,0.0,2.0,1.0,0.0,1.0,0.0,1.0,0.5,0.0,1,12.9,1.54951500083213,13003.680803908,5.66318573909345,8.679,2.0,6.0,5.430068763621785,0.0,0.0,0.0,0.0,0.0,0.0
LBN,2008,0,0,11.9,9.06912826789082,14955.1413563252,4925354.0,5.531981770439344,7.666,6.0,0.0,3.0,1.0,0.0,1.0,0.0,1.0,0.5,0.0,2,12.3,9.31062252641144,13941.5614244767,5.66318573909345,8.98,1.0,6.0,9.18987539715113,0.0,0.0,0.0,0.0,0.0,0.0
LBN,2009,1,0,11.6,10.232155577776,16264.3506182706,4992287.0,1.19509671165543,6.355,6.0,0.0,4.0,0.0,0.0,0.0,0.0,0.0,0.5,0.0,3,11.9,9.06912826789082,14955.1413563252,5.66318573909345,7.666,1.0,6.0,9.65064192283341,0.0,0.0,0.0,0.0,0.0,0.0
LBN,2010,0,0,11.4,7.97513555844932,17390.7584012958,5041288.0,3.98347941855833,6.768,6.0,0.0,5.0,0.0,0.0,0.0,0.0,0.0,0.5,0.0,0,11.6,10.232155577776,16264.3506182706,1.19509671165543,6.355,0.0,6.0,9.103645568112661,0.0,0.0,0.0,0.0,0.0,0.0
LBN,2011,0,1,11.2,0.86733987855277,17353.1960845294,5096020.0,4.97148571692384,7.352,6.0,0.0,6.0,0.0,0.0,0.0,0.0,0.0,0.5,0.0,1,11.4,7.97513555844932,17390.7584012958,3.98347941855833,6.768,0.0,6.0,4.421237718501045,0.0,0.0,0.0,0.5,0.0,0.0
LBN,2012,0,1,11.1,2.56479133680038,17323.3013764282,5235742.0,6.58147447683677,7.952,6.0,0.0,7.0,0.0,0.0,0.0,0.0,0.0,0.5,0.0,2,11.2,0.86733987855277,17353.1960845294,4.97148571692384,7.352,0.0,6.0,1.716065607676575,0.0,0.0,0.0,0.5,0.0,0.0
LBN,2013,0,1,11.1,3.8278734986016,16396.4969302163,5743436.0,4.82101956297399,8.477,6.0,0.0,8.0,0.0,0.0,0.0,0.0,0.0,0.5,0.0,3,11.1,2.56479133680038,17323.3013764282,6.58147447683677,7.952,0.0,6.0,3.19633241770099,0.0,0.0,0.0,0.5,0.0,0.0
LBN,2014,0,1,11.2,2.48406010500743,15205.873265402,6346990.0,1.8546042134091,8.84,6.0,0.0,9.0,0.0,0.0,0.0,0.0,0.0,0.5,0.0,4,11.1,3.8278734986016,16396.4969302163,4.82101956297399,8.477,0.0,6.0,3.1559668018045146,0.0,0.0,0.0,0.5,0.0,0.0
LBN,2015,0,1,11.3,0.462320792597581,14980.020515614,6472469.0,-3.74914524799629,9.312,6.0,0.0,10.0,0.0,0.0,0.0,0.0,0.0,0.5,0.0,5,11.2,2.48406010500743,15205.873265402,1.8546042134091,8.84,0.0,6.0,1.4731904488025054,0.0,0.0,0.0,0.5,0.0,0.0
LBN,2016,0,1,11.5,1.55454940856943,15572.3611739774,6323060.0,-0.783359624361508,9.794,6.0,0.0,11.0,0.0,0.0,0.0,0.0,0.0,0.5,0.0,6,11.3,0.462320792597581,14980.020515614,-3.74914524799629,9.312,0.0,6.0,1.0084351005835055,0.0,0.0,0.0,0.5,0.0,0.0
LBN,2017,0,1,11.8,0.903028464073813,16128.5838196051,6160128.0,4.32135218303191,10.258,6.0,0.0,12.0,0.0,0.0,0.0,0.0,0.0,0.5,0.0,7,11.5,1.55454940856943,15572.3611739774,-0.783359624361508,9.794,0.0,6.0,1.2287889363216216,0.0,0.0,0.0,0.5,0.0,0.0
LBN,2018,1,1,12.2,-1.88470575631651,16290.0516478592,5984119.0,6.07698907889607,10.755,6.0,0.0,13.0,0.0,0.0,0.0,0.0,0.0,0.5,0.0,8,11.8,0.903028464073813,16128.5838196051,4.32135218303191,10.258,0.0,6.0,-0.49083864612134853,0.0,0.0,0.0,0.5,0.0,0.0
LBN,2019,0,1,12.6,-6.91492472851026,15659.5661040012,5794594.0,3.00538949390383,11.301,6.0,0.0,13.0,0.0,0.0,0.0,0.0,0.0,0.5,0.0,0,12.2,-1.88470575631651,16290.0516478592,6.07698907889607,10.755,0.0,6.0,-4.399815242413386,0.0,0.0,0.0,0.5,0.0,0.0
LBN,2020,0,1,13.1,-21.3998996914321,12507.4366368078,5702398.0,84.8643330472041,13.252,6.0,0.0,13.0,0.0,0.0,0.0,0.0,0.0,0.5,0.0,1,12.6,-6.91492472851026,15659.5661040012,3.00538949390383,11.301,0.0,6.0,-14.15741220997118,0.0,1.0,0.0,0.5,0.0,0.0
LBN,2021,0,1,13.6,-7.00123862514116,11599.7755083765,5718122.0,154.756096023393,12.715,6.0,0.0,13.0,0.0,0.0,0.0,0.0,0.0,0.5,0.0,2,13.1,-21.3998996914321,12507.4366368078,84.8643330472041,13.252,0.0,6.0,-14.20056915828663,0.0,1.0,0.0,0.5,0.0,0.0
LBN,2022,1,1,14.2,-0.621678970663112,11474.7505845558,5744489.0,171.205491336641,11.105,6.0,0.0,13.0,0.0,0.0,0.0,0.0,0.0,0.5,0.0,3,13.6,-7.00123862514116,11599.7755083765,154.756096023393,12.715,0.0,6.0,-3.811458797902136,0.0,1.0,0.0,0.5,0.0,0.0
LBN,2023,0,1,14.7,-0.760584470257314,11330.2687387422,5773493.0,221.341644023365,10.985,6.0,0.0,13.0,0.0,0.0,0.0,0.0,0.0,0.5,0.0,0,14.2,-0.621678970663112,11474.7505845558,171.205491336641,11.105,0.0,6.0,-0.691131720460213,0.0,1.0,0.0,0.5,0.0,0.0
LBN,2024,0,1,15.3,-7.07989192861814,10469.2210966932,5805962.0,45.2430422716718,10.985,6.0,0.0,13.0,0.0,0.0,0.0,0.0,0.0,0.5,0.0,1,14.7,-0.760584470257314,11330.2687387422,221.341644023365,10.985,0.0,6.0,-3.9202381994377267,0.0,1.0,0.0,0.5,0.0,0.0
MAR,1970,0,0,128.2,4.71346037515517,18270.06444120635,15129449.0,1.27918132376476,6.6025,-9.0,0.0,5.0,0.0,0.0,0.0,0.0,0.0,0.5,0.0,0,18.4,3.53620866972961,18109.67372703895,5.66318573909345,6.662,0.0,8.0,4.71346037515517,1.0,0.0,0.5,0.0,0.0,0.0
MAR,1971,0,0,126.5,5.5968936595313,18270.06444120635,15527225.0,4.1553520683533,6.6025,-9.0,0.0,6.0,0.0,0.0,0.0,0.0,0.0,0.5,0.0,1,128.2,4.71346037515517,18109.67372703895,1.27918132376476,6.662,0.0,-9.0,5.1551770173432345,1.0,0.0,0.5,0.0,0.0,0.0
MAR,1972,0,0,124.9,2.43723734665467,18270.06444120635,15924692.0,3.75917055722263,6.6025,-9.0,0.0,7.0,0.0,0.0,0.0,0.0,0.0,0.5,0.0,2,126.5,5.5968936595313,18109.67372703895,4.1553520683533,6.662,0.0,-9.0,4.017065503092985,1.0,0.0,0.5,0.0,0.0,0.0
MAR,1973,0,0,123.2,3.55931083241548,18270.06444120635,16326269.0,4.08461403612973,6.6025,-9.0,0.0,8.0,0.0,0.0,0.0,0.0,0.0,0.5,0.0,3,124.9,2.43723734665467,18109.67372703895,3.75917055722263,6.662,0.0,-9.0,2.998274089535075,1.0,0.0,0.5,0.0,0.0,0.0
MAR,1974,0,0,121.2,5.59604994440339,18270.06444120635,16733842.0,17.5568227452454,6.6025,-9.0,0.0,9.0,0.0,0.0,0.0,0.0,0.0,0.5,0.0,4,123.2,3.55931083241548,18109.67372703895,4.08461403612973,6.662,0.0,-9.0,4.577680388409435,1.0,1.0,0.5,0.0,0.0,0.0
MAR,1975,0,0,118.6,7.55822156113805,18270.06444120635,17150786.0,7.91828926702741,6.6025,-9.0,0.0,10.0,3.0,3.0,0.0,0.0,1.0,0.5,0.0,5,121.2,5.59604994440339,18109.67372703895,17.5568227452454,6.662,0.0,-9.0,6.57713575277072,1.0,0.0,0.5,0.0,0.0,0.0
MAR,1976,0,0,115.5,10.8127813442855,18270.06444120635,17574182.0,8.50215244349303,6.6025,-9.0,0.0,11.0,3.0,3.0,0.0,0.0,1.0,0.5,0.0,6,118.6,7.55822156113805,18109.67372703895,7.91828926702741,6.662,3.0,-9.0,9.185501452711776,1.0,0.0,0.5,0.0,0.0,0.0
MAR,1977,0,0,111.9,6.0591676788529,18270.06444120635,18014756.0,12.5970009920069,6.6025,-8.0,0.0,12.0,3.0,3.0,0.0,0.0,1.0,0.5,0.0,7,115.5,10.8127813442855,18109.67372703895,8.50215244349303,6.662,3.0,-9.0,8.4359745115692,1.0,1.0,0.5,0.0,0.0,0.0
MAR,1978,0,0,107.9,2.23266338861872,18270.06444120635,18477385.0,9.7160327495434,6.6025,-8.0,0.0,13.0,3.0,3.0,0.0,0.0,1.0,0.5,0.0,8,111.9,6.0591676788529,18109.67372703895,12.5970009920069,6.662,3.0,-8.0,4.145915533735809,1.0,0.0,0.5,0.0,0.0,0.0
MAR,1979,0,0,103.8,4.79378720493398,18270.06444120635,18955589.0,8.33136541815462,6.6025,-8.0,0.0,14.0,3.0,3.0,0.0,0.0,1.0,0.5,0.0,9,107.9,2.23266338861872,18109.67372703895,9.7160327495434,6.662,3.0,-8.0,3.513225296776349,1.0,0.0,0.5,0.0,0.0,0.0
MAR,1980,0,0,99.6,3.64216481334074,18270.06444120635,19459943.0,9.40837947437956,6.6025,-8.0,0.0,15.0,3.0,3.0,0.0,0.0,1.0,0.5,0.0,10,103.8,4.79378720493398,18109.67372703895,8.33136541815462,6.662,3.0,-8.0,4.2179760091373595,1.0,0.0,0.5,0.0,0.0,0.0
MAR,1981,0,0,95.5,-1.7434349305055,18270.06444120635,19985401.0,12.4925283921001,6.6025,-8.0,0.0,16.0,3.0,3.0,0.0,0.0,1.0,0.5,0.0,11,99.6,3.64216481334074,18109.67372703895,9.40837947437956,6.662,3.0,-8.0,0.9493649414176191,1.0,1.0,0.5,0.0,0.0,0.0
MAR,1982,0,0,91.4,8.95737202254297,18270.06444120635,20520318.0,10.5278072972983,6.6025,-8.0,0.0,17.0,3.0,3.0,0.0,0.0,1.0,0.5,0.0,12,95.5,-1.7434349305055,18109.67372703895,12.4925283921001,6.662,3.0,-8.0,3.606968546018734,1.0,1.0,0.5,0.0,0.0,0.0
MAR,1983,0,0,87.5,1.38656957735846,18270.06444120635,21060696.0,6.20793538870313,6.6025,-8.0,0.0,18.0,3.0,3.0,0.0,0.0,1.0,0.5,0.0,13,91.4,8.95737202254297,18109.67372703895,10.5278072972983,6.662,3.0,-8.0,5.171970799950714,1.0,0.0,0.5,0.0,0.0,0.0
MAR,1984,0,0,83.7,6.41838632129115,18270.06444120635,21593778.0,12.4475693291853,6.6025,-8.0,0.0,19.0,3.0,3.0,0.0,0.0,1.0,0.5,0.0,14,87.5,1.38656957735846,18109.67372703895,6.20793538870313,6.662,3.0,-8.0,3.9024779493248043,1.0,1.0,0.5,0.0,0.0,0.0
MAR,1985,0,0,80.0,6.00765207144033,18270.06444120635,22113953.0,7.7286389008592,6.6025,-8.0,0.0,20.0,3.0,3.0,0.0,0.0,1.0,0.5,0.0,15,83.7,6.41838632129115,18109.67372703895,12.4475693291853,6.662,3.0,-8.0,6.213019196365739,1.0,0.0,0.5,0.0,0.0,0.0
MAR,1986,0,0,76.6,9.27110576948627,18270.06444120635,22600803.0,8.73355918706675,6.6025,-8.0,0.0,21.0,3.0,3.0,0.0,0.0,1.0,0.5,0.0,16,80.0,6.00765207144033,18109.67372703895,7.7286389008592,6.662,3.0,-8.0,7.6393789204633,1.0,0.0,0.5,0.0,0.0,0.0
MAR,1987,0,0,73.5,-0.325004075650469,18270.06444120635,23054392.0,2.69873997713767,6.6025,-8.0,0.0,22.0,3.0,3.0,0.0,0.0,1.0,0.5,0.0,17,76.6,9.27110576948627,18109.67372703895,8.73355918706675,6.662,3.0,-8.0,4.4730508469179,1.0,0.0,0.5,0.0,0.0,0.0
MAR,1988,0,0,70.6,11.8752359788597,18270.06444120635,23500524.0,2.36905505487641,6.6025,-8.0,0.0,23.0,3.0,3.0,0.0,0.0,1.0,0.5,0.0,18,73.5,-0.325004075650469,18109.67372703895,2.69873997713767,6.662,3.0,-8.0,5.775115951604616,1.0,0.0,0.5,0.0,0.0,0.0
MAR,1989,0,0,67.9,2.84620258132841,18270.06444120635,23939414.0,3.2599694922639,6.6025,-8.0,0.0,24.0,3.0,3.0,0.0,0.0,1.0,0.5,0.0,19,70.6,11.8752359788597,18109.67372703895,2.36905505487641,6.662,3.0,-8.0,7.360719280094056,1.0,0.0,0.5,0.0,0.0,0.0
MAR,1990,0,0,65.5,3.41181222630115,4418.66015625,24375551.0,6.78259401511006,6.6025,-8.0,0.0,25.0,0.0,0.0,0.0,0.0,0.0,0.5,0.0,20,67.9,2.84620258132841,18109.67372703895,3.2599694922639,6.662,3.0,-8.0,3.1290074038147804,1.0,0.0,0.5,0.0,0.0,0.0
MAR,1991,0,0,63.2,7.21608815359085,4656.1259765625,24799014.0,7.98616600790512,13.502,-8.0,0.0,26.0,0.0,0.0,0.0,0.0,0.0,0.5,0.0,21,65.5,3.41181222630115,4418.66015625,6.78259401511006,6.662,0.0,-8.0,5.313950189946,1.0,0.0,0.5,0.0,0.0,0.0
MAR,1992,0,0,61.1,-2.097738754022,4483.24951171875,25212468.0,5.7402466286874,13.781,-7.0,0.0,27.0,0.0,0.0,0.0,0.0,0.0,0.5,0.0,22,63.2,7.21608815359085,4656.1259765625,7.98616600790512,13.502,0.0,-8.0,2.559174699784425,1.0,0.0,0.5,0.0,0.0,0.0
MAR,1993,0,0,58.9,-0.740591700332374,4379.76416015625,25614586.0,5.18311396030801,14.026,-7.0,0.0,28.0,0.0,0.0,0.0,0.0,0.0,0.5,0.0,23,61.1,-2.097738754022,4483.24951171875,5.7402466286874,13.781,0.0,-7.0,-1.4191652271771875,1.0,0.0,0.5,0.0,0.0,0.0
MAR,1994,0,0,56.8,10.5880004161286,4771.0927734375,26000822.0,5.14167152953361,13.858,-7.0,0.0,29.0,0.0,0.0,0.0,0.0,0.0,0.5,0.0,24,58.9,-0.740591700332374,4379.76416015625,5.18311396030801,14.026,0.0,-7.0,4.923704357898112,1.0,0.0,0.5,0.0,0.0,0.0
MAR,1995,0,0,54.7,-5.40544787197402,4444.228515625,26399429.0,6.12358164775523,14.054,-7.0,0.0,30.0,0.0,0.0,0.0,0.0,0.0,0.5,0.0,25,56.8,10.5880004161286,4771.0927734375,5.14167152953361,13.858,0.0,-7.0,2.591276272077289,1.0,0.0,0.5,0.0,0.0,0.0
MAR,1996,0,0,52.7,12.3728762700496,4916.47998046875,26808107.0,2.98680922773017,13.362,-7.0,0.0,31.0,0.0,0.0,0.0,0.0,0.0,0.5,0.0,26,54.7,-5.40544787197402,4444.228515625,6.12358164775523,14.054,0.0,-7.0,3.4837141990377893,1.0,0.0,0.5,0.0,0.0,0.0
MAR,1997,0,0,50.7,-1.56070234550782,4766.1103515625,27213337.0,1.03819895051614,14.025,-7.0,0.0,32.0,0.0,0.0,0.0,0.0,0.0,0.5,0.0,27,52.7,12.3728762700496,4916.47998046875,2.98680922773017,13.362,0.0,-7.0,5.406086962270889,1.0,0.0,0.5,0.0,0.0,0.0
MAR,1998,1,0,48.9,7.23855267691987,5033.92333984375,27621648.0,2.75311330764477,13.359,-6.0,0.0,33.0,0.0,0.0,0.0,0.0,0.0,0.5,0.0,28,50.7,-1.56070234550782,4766.1103515625,1.03819895051614,14.025,0.0,-7.0,2.838925165706024,1.0,0.0,0.5,0.0,0.0,0.0
MAR,1999,0,0,47.1,1.6970614772566,5043.6650390625,28027179.0,0.684782608695643,13.94,-6.0,0.0,34.0,0.0,0.0,0.0,0.0,0.0,0.5,0.0,0,48.9,7.23855267691987,5033.92333984375,2.75311330764477,13.359,0.0,-6.0,4.467807077088234,1.0,0.0,0.5,0.0,0.0,0.0
MAR,2000,0,0,45.4,2.58218091499747,5100.11572265625,28423435.0,1.89463456763464,13.58,-6.0,0.0,35.0,0.0,0.0,0.0,0.0,0.0,0.5,0.0,1,47.1,1.6970614772566,5043.6650390625,0.684782608695643,13.94,0.0,-6.0,2.139621196127034,1.0,0.0,0.5,0.0,0.0,0.0
MAR,2001,0,0,43.8,7.72182519577728,5417.57861328125,28814643.0,0.619801875297975,12.46,-6.0,0.0,36.0,0.0,0.0,0.0,0.0,0.0,0.5,0.0,2,45.4,2.58218091499747,5100.11572265625,1.89463456763464,13.58,0.0,-6.0,5.1520030553873735,1.0,0.0,0.5,0.0,0.0,0.0
MAR,2002,1,0,42.1,3.73019737485745,5544.07177734375,29198142.0,2.79561966936936,11.59,-6.0,0.0,37.0,0.0,0.0,0.0,0.0,0.0,0.5,0.0,3,43.8,7.72182519577728,5417.57861328125,0.619801875297975,12.46,0.0,-6.0,5.726011285317364,1.0,0.0,0.5,0.0,0.0,0.0
MAR,2003,0,0,40.4,6.17110214953244,5810.05322265625,29571415.0,1.16773367477592,11.92,-6.0,0.0,38.0,0.0,0.0,0.0,0.0,0.0,0.5,0.0,0,42.1,3.73019737485745,5544.07177734375,2.79561966936936,11.59,0.0,-6.0,4.950649762194944,1.0,0.0,0.5,0.0,0.0,0.0
MAR,2004,0,0,38.6,4.57138016516208,5996.39013671875,29953018.0,1.49344403381774,10.83,-6.0,0.0,39.0,0.0,0.0,0.0,0.0,0.0,0.5,0.0,1,40.4,6.17110214953244,5810.05322265625,1.16773367477592,11.92,0.0,-6.0,5.371241157347258,1.0,0.0,0.5,0.0,0.0,0.0
MAR,2005,0,0,36.8,3.19224973015831,6103.42236328125,30358144.0,0.982641660015951,11.01,-6.0,0.0,40.0,0.0,0.0,0.0,0.0,0.0,0.5,0.0,2,38.6,4.57138016516208,5996.39013671875,1.49344403381774,10.83,0.0,-6.0,3.881814947660194,1.0,0.0,0.5,0.0,0.0,0.0
MAR,2006,0,0,35.0,7.7908200104027,6488.673828125,30771178.0,3.28476166954811,9.67,-6.0,0.0,41.0,0.0,0.0,0.0,0.0,0.0,0.5,0.0,3,36.8,3.19224973015831,6103.42236328125,0.982641660015951,11.01,0.0,-6.0,5.491534870280504,1.0,0.0,0.5,0.0,0.0,0.0
MAR,2007,1,0,33.2,3.44106776690418,6620.59033203125,31186468.0,2.04208512673344,9.56,-6.0,0.0,42.0,0.0,0.0,0.0,0.0,0.0,0.5,0.0,4,35.0,7.7908200104027,6488.673828125,3.28476166954811,9.67,0.0,-6.0,5.615943888653439,1.0,0.0,0.5,0.0,0.0,0.0
MAR,2008,0,0,31.4,5.68453936284732,6901.95068359375,31606767.0,3.71484311494064,9.57,-6.0,0.0,43.0,0.0,0.0,0.0,0.0,0.0,0.5,0.0,0,33.2,3.44106776690418,6620.59033203125,2.04208512673344,9.56,0.0,-6.0,4.562803564875749,1.0,0.0,0.5,0.0,0.0,0.0
MAR,2009,0,0,29.7,3.74576940136258,7063.72705078125,32030778.0,0.971862998667636,8.96,-6.0,0.0,44.0,0.0,0.0,0.0,0.0,0.0,0.5,0.0,1,31.4,5.68453936284732,6901.95068359375,3.71484311494064,9.57,0.0,-6.0,4.7151543821049495,1.0,0.0,0.5,0.0,0.0,0.0
MAR,2010,0,0,28.1,3.49955709403216,7210.63671875,32467016.0,0.993557401226392,9.09,-6.0,0.0,45.0,0.0,0.0,0.0,0.0,0.0,0.5,0.0,2,29.7,3.74576940136258,7063.72705078125,0.971862998667636,8.96,0.0,-6.0,3.6226632476973686,1.0,0.0,0.5,0.0,0.0,0.0
MAR,2011,1,0,26.6,5.52464523319847,7503.79296875,32912588.0,0.9069249096918,8.91,-4.0,1.0,46.0,0.0,0.0,0.0,0.0,0.0,0.5,0.0,3,28.1,3.49955709403216,7210.63671875,0.993557401226392,9.09,0.0,-6.0,4.512101163615314,1.0,0.0,0.5,0.0,0.0,0.0
MAR,2012,0,0,25.2,3.06234368502997,7628.64404296875,33355241.0,1.28712240079219,8.99,-4.0,1.0,47.0,0.0,0.0,0.0,0.0,0.0,0.5,0.0,0,26.6,5.52464523319847,7503.79296875,0.9069249096918,8.91,0.0,-4.0,4.293494459114219,1.0,0.0,0.5,0.0,0.0,0.0
MAR,2013,0,0,23.8,4.12221286860944,7839.0322265625,33787571.0,1.88065466724086,9.23,-4.0,1.0,48.0,0.0,0.0,0.0,0.0,0.0,0.5,0.0,1,25.2,3.06234368502997,7628.64404296875,1.28712240079219,8.99,0.0,-4.0,3.5922782768197035,1.0,0.0,0.5,0.0,0.0,0.0
MAR,2014,0,0,22.5,2.7192440802029,7951.79833984375,34204780.0,0.442310053557048,9.7,-4.0,1.0,49.0,0.0,0.0,0.0,0.0,0.0,0.5,0.0,2,23.8,4.12221286860944,7839.0322265625,1.88065466724086,9.23,0.0,-4.0,3.4207284744061686,1.0,0.0,0.5,0.0,0.0,0.0
MAR,2015,0,0,21.4,4.34458297635238,8198.80859375,34607588.0,1.5579071134626,9.46,-4.0,1.0,50.0,0.0,0.0,0.0,0.0,0.0,0.5,0.0,3,22.5,2.7192440802029,7951.79833984375,0.442310053557048,9.7,0.0,-4.0,3.531913528277639,1.0,0.0,0.5,0.0,0.0,0.0
MAR,2016,1,0,20.3,0.52118550608968,8141.9404296875,35023457.0,1.63531114327064,9.3,-4.0,1.0,51.0,0.0,0.0,0.0,0.0,0.0,0.5,0.0,4,21.4,4.34458297635238,8198.80859375,1.5579071134626,9.46,0.0,-4.0,2.4328842412210285,1.0,0.0,0.5,0.0,0.0,0.0
MAR,2017,0,0,19.3,5.05789816173446,8450.0087890625,35446392.0,0.754663249323619,9.22,-4.0,1.0,52.0,0.0,0.0,0.0,0.0,0.0,0.5,0.0,0,20.3,0.52118550608968,8141.9404296875,1.63531114327064,9.3,0.0,-4.0,2.7895418339120686,1.0,0.0,0.5,0.0,0.0,0.0
MAR,2018,0,0,18.5,3.06564133025955,8611.75,35839760.0,1.80391671141896,9.272,-4.0,1.0,53.0,0.0,0.0,0.0,0.0,0.0,0.5,0.0,1,19.3,5.05789816173446,8450.0087890625,0.754663249323619,9.22,0.0,-4.0,4.061769745997004,1.0,0.0,0.5,0.0,0.0,0.0
MAR,2019,0,0,17.8,2.89097476137077,8768.17578125,36210898.0,0.303386036590383,9.191,-4.0,1.0,53.0,0.0,0.0,0.0,0.0,0.0,0.5,0.0,2,18.5,3.06564133025955,8611.75,1.80391671141896,9.272,0.0,-4.0,2.978308045815158,0.0,0.0,0.0,0.0,0.0,0.0
MAR,2020,0,0,17.1,-7.17820744246774,8054.56298828125,36584208.0,0.705968661338261,11.189,-4.0,1.0,53.0,0.0,0.0,0.0,0.0,0.0,0.5,0.0,3,17.8,2.89097476137077,8768.17578125,0.303386036590383,9.191,0.0,-4.0,-2.143616340548487,0.0,0.0,0.0,0.0,0.0,0.0
MAR,2021,1,0,16.5,8.15473889823681,8623.265625,36954442.0,1.40195883962006,10.551,-4.0,1.0,53.0,0.0,0.0,0.0,0.0,0.0,0.5,0.0,4,17.1,-7.17820744246774,8054.56298828125,0.705968661338261,11.189,0.0,-4.0,0.4882657278845328,0.0,0.0,0.0,0.0,0.0,0.0
MAR,2022,0,0,15.9,1.81269242194809,8690.4482421875,37329064.0,6.65704202759067,9.413,-4.0,1.0,53.0,0.0,0.0,0.0,0.0,0.0,0.5,0.0,0,16.5,8.15473889823681,8623.265625,1.40195883962006,10.551,0.0,-4.0,4.983715660092448,0.0,0.0,0.0,0.0,0.0,0.0
MAR,2023,0,0,15.3,3.65564411017931,8915.3515625,37712505.0,6.09114152504141,8.896,-4.0,1.0,53.0,0.0,0.0,0.0,0.0,0.0,0.5,0.0,1,15.9,1.81269242194809,8690.4482421875,6.65704202759067,9.413,0.0,-4.0,2.734168266063698,0.0,0.0,0.0,0.0,0.0,0.0
MAR,2024,0,0,14.7,3.79336515978963,9162.7470703125,38081173.0,0.985256592004507,9.103,-4.0,1.0,53.0,0.0,0.0,0.0,0.0,0.0,0.5,0.0,2,15.3,3.65564411017931,8915.3515625,6.09114152504141,8.896,0.0,-4.0,3.724504634984468,0.0,0.0,0.0,0.0,0.0,0.0
MEX,1970,0,1,82.0,6.50248403469675,18270.06444120635,50814953.0,5.00341205483431,6.6025,-6.0,0.0,40.0,0.0,0.0,0.0,0.0,0.0,0.5,0.0,0,18.4,3.53620866972961,18109.67372703895,5.66318573909345,6.662,0.0,8.0,6.50248403469675,1.0,0.0,0.5,0.5,0.0,0.0
MEX,1971,0,1,79.8,3.76246768495716,18270.06444120635,52412558.0,5.46902899376838,6.6025,-6.0,0.0,41.0,0.0,0.0,0.0,0.0,0.0,0.5,0.0,1,82.0,6.50248403469675,18109.67372703895,5.00341205483431,6.662,0.0,-6.0,5.132475859826955,1.0,0.0,0.5,0.5,0.0,0.0
MEX,1972,0,1,77.4,8.22880731245257,18270.06444120635,54030168.0,4.94369236377875,6.6025,-6.0,0.0,42.0,0.0,0.0,0.0,0.0,0.0,0.5,0.0,2,79.8,3.76246768495716,18109.67372703895,5.46902899376838,6.662,0.0,-6.0,5.995637498704864,1.0,0.0,0.5,0.5,0.0,0.0
MEX,1973,0,1,75.2,7.86111986063614,18270.06444120635,55667284.0,12.0819394612938,6.6025,-6.0,0.0,43.0,0.0,0.0,0.0,0.0,0.0,0.5,0.0,3,77.4,8.22880731245257,18109.67372703895,4.94369236377875,6.662,0.0,-6.0,8.044963586544354,1.0,1.0,0.5,0.5,0.0,0.0
MEX,1974,0,1,72.8,5.77682723020618,18270.06444120635,57320149.0,23.7840154425787,6.6025,-6.0,0.0,44.0,0.0,0.0,0.0,0.0,0.0,0.5,0.0,4,75.2,7.86111986063614,18109.67372703895,12.0819394612938,6.662,0.0,-6.0,6.818973545421159,1.0,1.0,0.5,0.5,0.0,0.0
MEX,1975,0,1,70.6,5.74448504862428,18270.06444120635,58982400.0,14.9445346409267,6.6025,-6.0,0.0,45.0,0.0,0.0,0.0,0.0,0.0,0.5,0.0,5,72.8,5.77682723020618,18109.67372703895,23.7840154425787,6.662,0.0,-6.0,5.760656139415229,1.0,1.0,0.5,0.5,0.0,0.0
MEX,1976,0,1,68.3,4.41744413626853,18270.06444120635,60645512.0,15.824722489347,6.6025,-6.0,0.0,46.0,0.0,0.0,0.0,0.0,0.0,0.5,0.0,6,70.6,5.74448504862428,18109.67372703895,14.9445346409267,6.662,0.0,-6.0,5.080964592446405,1.0,1.0,0.5,0.5,0.0,0.0
MEX,1977,0,1,66.0,3.39063970656844,18270.06444120635,62308493.0,29.0641247103461,6.6025,-3.0,1.0,0.0,0.0,0.0,0.0,0.0,0.0,0.5,0.0,7,68.3,4.41744413626853,18109.67372703895,15.824722489347,6.662,0.0,-6.0,3.904041921418484,1.0,1.0,0.5,0.5,0.0,0.0
MEX,1978,0,1,63.6,8.95694232786306,18270.06444120635,63979046.0,17.4572925678265,6.6025,-3.0,1.0,1.0,0.0,0.0,0.0,0.0,0.0,0.5,0.0,8,66.0,3.39063970656844,18109.67372703895,29.0641247103461,6.662,0.0,-3.0,6.173791017215749,1.0,1.0,0.5,0.5,0.0,0.0
MEX,1979,0,1,61.3,9.69817013704461,18270.06444120635,65648865.0,18.1912462987643,6.6025,-3.0,1.0,2.0,0.0,0.0,0.0,0.0,0.0,0.5,0.0,9,63.6,8.95694232786306,18109.67372703895,17.4572925678265,6.662,0.0,-3.0,9.327556232453833,1.0,1.0,0.5,0.5,0.0,0.0
MEX,1980,0,1,58.8,8.75662242586424,18270.06444120635,67300334.0,26.3516513562834,6.6025,-3.0,1.0,3.0,0.0,0.0,0.0,0.0,0.0,0.5,0.0,10,61.3,9.69817013704461,18109.67372703895,18.1912462987643,6.662,0.0,-3.0,9.227396281454425,1.0,1.0,0.5,0.5,0.0,0.0
MEX,1981,0,1,56.4,9.58584115454994,18270.06444120635,68892108.0,27.9337625982399,6.6025,-3.0,1.0,4.0,0.0,0.0,0.0,0.0,0.0,0.5,0.0,11,58.8,8.75662242586424,18109.67372703895,26.3516513562834,6.662,0.0,-3.0,9.171231790207088,1.0,1.0,0.5,0.5,0.0,0.0
MEX,1982,0,1,54.1,-0.0495863656386035,18270.06444120635,70433260.0,58.9134198531048,6.6025,-3.0,1.0,5.0,0.0,0.0,0.0,0.0,0.0,0.5,0.0,12,56.4,9.58584115454994,18109.67372703895,27.9337625982399,6.662,0.0,-3.0,4.768127394455667,1.0,1.0,0.5,0.5,0.0,0.0
MEX,1983,0,1,51.8,-4.62412795987231,18270.06444120635,71971240.0,101.874938435992,6.6025,-3.0,1.0,6.0,0.0,0.0,0.0,0.0,0.0,0.5,0.0,13,54.1,-0.0495863656386035,18109.67372703895,58.9134198531048,6.662,0.0,-3.0,-2.3368571627554577,1.0,1.0,0.5,0.5,0.0,0.0
MEX,1984,0,1,49.6,3.51341334932273,18270.06444120635,73506846.0,65.4488071277602,6.6025,-3.0,1.0,7.0,0.0,0.0,0.0,0.0,0.0,0.5,0.0,14,51.8,-4.62412795987231,18109.67372703895,101.874938435992,6.662,0.0,-3.0,-0.5553573052747909,1.0,1.0,0.5,0.5,0.0,0.0
MEX,1985,0,1,47.6,1.91921578613494,18270.06444120635,75043414.0,57.7484484008702,6.6025,-3.0,1.0,8.0,0.0,0.0,0.0,0.0,0.0,0.5,0.0,15,49.6,3.51341334932273,18109.67372703895,65.4488071277602,6.662,0.0,-3.0,2.7163145677288343,1.0,1.0,0.5,0.5,0.0,0.0
MEX,1986,0,1,45.6,-3.92995990782299,18270.06444120635,76585637.0,86.2333169923538,6.6025,-3.0,1.0,9.0,0.0,0.0,0.0,0.0,0.0,0.5,0.0,16,47.6,1.91921578613494,18109.67372703895,57.7484484008702,6.662,0.0,-3.0,-1.005372060844026,1.0,1.0,0.5,0.5,0.0,0.0
MEX,1987,0,1,43.6,2.06336322631584,18270.06444120635,78136651.0,131.82738392309,6.6025,-3.0,1.0,10.0,0.0,0.0,0.0,0.0,0.0,0.5,0.0,17,45.6,-3.92995990782299,18109.67372703895,86.2333169923538,6.662,0.0,-3.0,-0.933298340753576,1.0,1.0,0.5,0.5,0.0,0.0
MEX,1988,0,1,41.8,1.21826122938586,18270.06444120635,79695531.0,114.162258549066,6.6025,0.0,1.0,0.0,0.0,0.0,0.0,0.0,0.0,0.5,0.0,18,43.6,2.06336322631584,18109.67372703895,131.82738392309,6.662,0.0,-3.0,1.6408122278508492,1.0,1.0,0.5,0.5,0.0,0.0
MEX,1989,0,1,39.9,3.62544873456009,18270.06444120635,81247182.0,20.0078767139978,6.6025,0.0,1.0,1.0,0.0,0.0,0.0,0.0,0.0,0.5,0.0,19,41.8,1.21826122938586,18109.67372703895,114.162258549066,6.662,0.0,0.0,2.4218549819729738,1.0,1.0,0.5,0.5,0.0,0.0
MEX,1990,0,1,38.2,5.25004329944582,17169.5925859795,82820170.0,26.6516725646771,6.6025,0.0,1.0,2.0,0.0,0.0,0.0,0.0,0.0,0.5,0.0,20,39.9,3.62544873456009,18109.67372703895,20.0078767139978,6.662,0.0,0.0,4.437746017002954,1.0,1.0,0.5,0.5,0.0,0.0
MEX,1991,0,1,36.5,3.97590497138043,17511.7313112492,84430572.0,22.662359455061,3.145,0.0,1.0,3.0,0.0,0.0,0.0,0.0,0.0,0.5,0.0,21,38.2,5.25004329944582,17169.5925859795,26.6516725646771,6.662,0.0,0.0,4.612974135413124,1.0,1.0,0.5,0.5,0.0,0.0
MEX,1992,0,1,34.8,3.56861354412243,17796.4059662866,86044809.0,15.5078962533573,3.235,0.0,1.0,4.0,0.0,0.0,0.0,0.0,0.0,0.5,0.0,22,36.5,3.97590497138043,17511.7313112492,22.662359455061,3.145,0.0,0.0,3.772259257751429,1.0,1.0,0.5,0.5,0.0,0.0
MEX,1993,0,1,33.3,2.86699945461075,17970.5871869693,87653807.0,9.75146045357553,3.365,0.0,1.0,5.0,0.0,0.0,0.0,0.0,0.0,0.5,0.0,23,34.8,3.56861354412243,17796.4059662866,15.5078962533573,3.235,0.0,0.0,3.217806499366589,1.0,0.0,0.5,0.5,0.0,0.0
MEX,1994,0,1,31.7,4.39412788764169,18422.8199296267,89259205.0,6.96581237191123,4.436,4.0,1.0,0.0,1.0,0.0,1.0,0.0,1.0,0.5,0.0,24,33.3,2.86699945461075,17970.5871869693,9.75146045357553,3.365,0.0,0.0,3.630563671126219,1.0,0.0,0.5,0.5,0.0,0.0
MEX,1995,0,1,30.3,-5.91029962358286,17028.1215022837,90862455.0,34.9992712889592,7.095,4.0,1.0,0.0,1.0,0.0,1.0,0.0,1.0,0.5,0.0,25,31.7,4.39412788764169,18422.8199296267,6.96581237191123,4.436,1.0,4.0,-0.758085867970586,1.0,1.0,0.5,0.5,0.0,0.0
MEX,1996,0,1,28.9,6.21829715869302,17775.8727889128,92452702.0,34.3783832235168,5.465,4.0,1.0,0.0,1.0,0.0,1.0,0.0,1.0,0.5,0.0,26,30.3,-5.91029962358286,17028.1215022837,34.9992712889592,7.095,1.0,4.0,0.15399876755507913,1.0,1.0,0.5,0.5,0.0,0.0
MEX,1997,0,0,27.5,7.19887615284711,18737.6426464292,94021207.0,20.6256287259247,4.235,6.0,0.0,0.0,1.0,0.0,1.0,0.0,1.0,0.5,0.0,27,28.9,6.21829715869302,17775.8727889128,34.3783832235168,5.465,1.0,4.0,6.708586655770064,1.0,1.0,0.5,0.0,0.0,0.0
MEX,1998,0,0,26.3,6.18507893082885,19573.0654561328,95575245.0,15.9283950119353,3.733,6.0,0.0,1.0,0.0,0.0,0.0,0.0,0.0,0.5,0.0,28,27.5,7.19887615284711,18737.6426464292,20.6256287259247,4.235,1.0,6.0,6.691977541837979,1.0,1.0,0.5,0.0,0.0,0.0
MEX,1999,0,0,25.1,2.75503039300564,19793.2852863293,97115707.0,16.5856169707538,2.598,6.0,0.0,2.0,0.0,0.0,0.0,0.0,0.0,0.5,0.0,29,26.3,6.18507893082885,19573.0654561328,15.9283950119353,3.733,0.0,6.0,4.470054661917244,1.0,1.0,0.5,0.0,0.0,0.0
MEX,2000,1,0,24.0,5.02928399378261,20470.4937669158,98625552.0,9.49156149435403,2.646,8.0,0.0,3.0,0.0,0.0,0.0,0.0,0.0,0.5,0.0,30,25.1,2.75503039300564,19793.2852863293,16.5856169707538,2.598,0.0,6.0,3.8921571933941244,1.0,0.0,0.5,0.0,0.0,0.0
MEX,2001,0,0,22.9,-0.450845253215945,20078.2183931307,100099099.0,6.36773806235037,2.627,8.0,0.0,4.0,0.0,0.0,0.0,0.0,0.0,0.5,0.0,0,24.0,5.02928399378261,20470.4937669158,9.49156149435403,2.646,0.0,8.0,2.2892193702833317,1.0,0.0,0.5,0.0,0.0,0.0
MEX,2002,0,0,21.9,-0.236588001922641,19744.7933675609,101548624.0,5.03072733151295,3.003,8.0,0.0,5.0,0.0,0.0,0.0,0.0,0.0,0.5,0.0,1,22.9,-0.450845253215945,20078.2183931307,6.36773806235037,2.627,0.0,8.0,-0.3437166275692939,1.0,0.0,0.5,0.0,0.0,0.0
MEX,2003,0,0,21.0,1.18554486709559,19701.4633898714,102978515.0,4.54690012118718,3.455,8.0,0.0,6.0,0.0,0.0,0.0,0.0,0.0,0.5,0.0,2,21.9,-0.236588001922641,19744.7933675609,5.03072733151295,3.003,0.0,8.0,0.4744784325864736,1.0,0.0,0.5,0.0,0.0,0.0
MEX,2004,0,0,20.2,3.56544102622887,20127.2242902968,104394131.0,4.68840884843143,3.937,8.0,0.0,7.0,0.0,0.0,0.0,0.0,0.0,0.5,0.0,3,21.0,1.18554486709559,19701.4633898714,4.54690012118718,3.455,0.0,8.0,2.375492946662229,1.0,0.0,0.5,0.0,0.0,0.0
MEX,2005,0,0,19.5,2.11324711473297,20277.2552852007,105811504.0,3.98805714597437,3.558,8.0,0.0,8.0,0.0,0.0,0.0,0.0,0.0,0.5,0.0,4,20.2,3.56544102622887,20127.2242902968,4.68840884843143,3.937,0.0,8.0,2.8393440704809194,1.0,0.0,0.5,0.0,0.0,0.0
MEX,2006,0,0,18.9,4.80501351664901,20965.8256087044,107253666.0,3.62946762439132,3.566,8.0,0.0,9.0,4.0,4.0,0.0,0.0,1.0,0.5,0.0,5,19.5,2.11324711473297,20277.2552852007,3.98805714597437,3.558,0.0,8.0,3.45913031569099,1.0,0.0,0.5,0.0,0.0,0.0
MEX,2007,0,0,18.4,2.0778639395329,21102.2688338349,108774360.0,3.96684905458235,3.628,8.0,0.0,10.0,4.0,4.0,0.0,0.0,1.0,0.5,0.0,6,18.9,4.80501351664901,20965.8256087044,3.62946762439132,3.566,4.0,8.0,3.441438728090955,1.0,0.0,0.5,0.0,0.0,0.0
MEX,2008,0,0,17.9,0.943331872912935,20992.5602662364,110374288.0,5.12498274575896,3.874,8.0,0.0,11.0,4.0,4.0,0.0,0.0,1.0,0.5,0.0,7,18.4,2.0778639395329,21102.2688338349,3.96684905458235,3.628,4.0,8.0,1.5105979062229171,0.0,0.0,0.0,0.0,0.0,0.0
MEX,2009,0,0,17.4,-6.29525056697287,19385.5437251877,111999721.0,5.29735584228856,5.356,8.0,0.0,12.0,4.0,4.0,0.0,0.0,1.0,0.5,0.0,8,17.9,0.943331872912935,20992.5602662364,5.12498274575896,3.874,4.0,8.0,-2.675959347029968,0.0,0.0,0.0,0.0,0.0,0.0
MEX,2010,0,0,17.0,4.9713345832195,20058.3854882301,113623895.0,4.15672722680174,5.303,8.0,0.0,13.0,4.0,4.0,0.0,0.0,1.0,0.5,0.0,9,17.4,-6.29525056697287,19385.5437251877,5.29735584228856,5.356,4.0,8.0,-0.6619579918766858,0.0,0.0,0.0,0.0,0.0,0.0
MEX,2011,0,0,16.6,3.44404505297089,20457.6001677783,115243504.0,3.40737824605742,5.175,8.0,0.0,14.0,4.0,4.0,0.0,0.0,1.0,0.5,0.0,10,17.0,4.9713345832195,20058.3854882301,4.15672722680174,5.303,4.0,8.0,4.207689818095194,0.0,0.0,0.0,0.0,0.0,0.0
MEX,2012,1,0,16.2,3.55321076010608,20898.935720908,116818208.0,4.11150981070289,4.892,8.0,0.0,15.0,4.0,4.0,0.0,0.0,1.0,0.5,0.0,11,16.6,3.44404505297089,20457.6001677783,3.40737824605742,5.175,4.0,8.0,3.498627906538484,0.0,0.0,0.0,0.0,0.0,0.0
MEX,2013,0,0,15.8,0.852101550164704,20805.3480406564,118343573.0,3.80639069747204,4.921,8.0,0.0,16.0,4.0,4.0,0.0,0.0,1.0,0.5,0.0,0,16.2,3.55321076010608,20898.935720908,4.11150981070289,4.892,4.0,8.0,2.202656155135391,0.0,0.0,0.0,0.0,0.0,0.0
MEX,2014,0,0,15.4,2.50376350783593,21069.7661653886,119784261.0,4.01861608078679,4.819,8.0,0.0,17.0,4.0,4.0,0.0,0.0,1.0,0.5,0.0,1,15.8,0.852101550164704,20805.3480406564,3.80639069747204,4.921,4.0,8.0,1.677932529000316,0.0,0.0,0.0,0.0,0.0,0.0
MEX,2015,0,0,15.0,2.70232343024026,21408.9283216195,121072306.0,2.72064064964023,4.311,8.0,0.0,18.0,4.0,4.0,0.0,0.0,1.0,0.5,0.0,2,15.4,2.50376350783593,21069.7661653886,4.01861608078679,4.819,4.0,8.0,2.603043469038094,0.0,0.0,0.0,0.0,0.0,0.0
MEX,2016,0,0,14.7,1.7724932254128,21578.263354126,122251351.0,2.8217078474766,3.853,8.0,0.0,19.0,4.0,4.0,0.0,0.0,1.0,0.5,0.0,3,15.0,2.70232343024026,21408.9283216195,2.72064064964023,4.311,4.0,8.0,2.2374083278265293,0.0,0.0,0.0,0.0,0.0,0.0
MEX,2017,0,0,14.4,1.87172854648381,21777.5225127275,123400057.0,6.04145724018986,3.419,8.0,0.0,20.0,4.0,4.0,0.0,0.0,1.0,0.5,0.0,4,14.7,1.7724932254128,21578.263354126,2.8217078474766,3.853,4.0,8.0,1.8221108859483042,0.0,0.0,0.0,0.0,0.0,0.0
MEX,2018,1,0,14.0,1.97208211101069,21997.7730219494,124573711.0,4.89935015356551,3.275,8.0,0.0,21.0,4.0,4.0,0.0,0.0,1.0,0.5,0.0,5,14.4,1.87172854648381,21777.5225127275,6.04145724018986,3.419,4.0,8.0,1.9219053287472492,0.0,0.0,0.0,0.0,0.0,0.0
MEX,2019,0,0,13.7,-0.392690513290532,21704.185952748,125762982.0,3.63596142127046,3.477,8.0,0.0,21.0,4.0,4.0,0.0,0.0,1.0,0.5,0.0,0,14.0,1.97208211101069,21997.7730219494,4.89935015356551,3.275,4.0,8.0,0.7896957988600781,0.0,0.0,0.0,0.0,0.0,0.0
MEX,2020,0,0,13.4,-8.35403459379062,19728.4817827455,126799054.0,3.39683415570006,4.44,8.0,0.0,21.0,4.0,4.0,0.0,0.0,1.0,0.5,0.0,1,13.7,-0.392690513290532,21704.185952748,3.63596142127046,3.477,4.0,8.0,-4.373362553540577,0.0,0.0,0.0,0.0,0.0,0.0
MEX,2021,0,0,13.1,6.04848347173572,20782.5877440905,127648148.0,5.68920847683753,4.019,8.0,0.0,21.0,4.0,4.0,0.0,0.0,1.0,0.5,0.0,2,13.4,-8.35403459379062,19728.4817827455,3.39683415570006,4.44,4.0,8.0,-1.1527755610274513,0.0,0.0,0.0,0.0,0.0,0.0
MEX,2022,0,0,12.8,3.70975708309098,21391.8573698845,128613117.0,7.8962761916855,3.256,8.0,0.0,21.0,4.0,4.0,0.0,0.0,1.0,0.5,0.0,3,13.1,6.04848347173572,20782.5877440905,5.68920847683753,4.019,4.0,8.0,4.8791202774133495,0.0,0.0,0.0,0.0,0.0,0.0
MEX,2023,0,0,12.4,3.1067964131456,21864.9236104145,129739759.0,5.52796087314389,2.765,8.0,0.0,21.0,4.0,4.0,0.0,0.0,1.0,0.5,0.0,4,12.8,3.70975708309098,21391.8573698845,7.8962761916855,3.256,4.0,8.0,3.408276748118289,0.0,0.0,0.0,0.0,0.0,0.0
MEX,2024,0,0,12.1,1.35057631384696,21970.3520412926,130861007.0,4.72225588452932,2.678,8.0,0.0,21.0,4.0,4.0,0.0,0.0,1.0,0.5,0.0,5,12.4,3.1067964131456,21864.9236104145,5.52796087314389,2.765,4.0,8.0,2.228686363496279,0.0,0.0,0.0,0.0,0.0,0.0
MUS,1970,0,0,57.2,-0.402343022292158,18270.06444120635,826000.0,1.5418659432567,6.6025,9.0,0.0,2.0,0.0,0.0,0.0,0.0,0.0,0.5,0.0,0,18.4,3.53620866972961,18109.67372703895,5.66318573909345,6.662,0.0,8.0,-0.402343022292158,1.0,0.0,0.5,0.0,0.0,0.0
MUS,1971,0,0,57.0,4.27356344804618,18270.06444120635,839230.0,0.316344463692538,6.6025,9.0,0.0,3.0,0.0,0.0,0.0,0.0,0.0,0.5,0.0,1,57.2,-0.402343022292158,18109.67372703895,1.5418659432567,6.662,0.0,9.0,1.935610212877011,1.0,0.0,0.5,0.0,0.0,0.0
MUS,1972,0,0,60.1,8.34636213858396,18270.06444120635,852053.0,5.39593552933404,6.6025,9.0,0.0,4.0,0.0,0.0,0.0,0.0,0.0,0.5,0.0,2,57.0,4.27356344804618,18109.67372703895,0.316344463692538,6.662,0.0,9.0,6.309962793315069,1.0,0.0,0.5,0.0,0.0,0.0
MUS,1973,0,0,60.4,11.9816863254232,18270.06444120635,864819.0,13.4507978726776,6.6025,9.0,0.0,5.0,0.0,0.0,0.0,0.0,0.0,0.5,0.0,3,60.1,8.34636213858396,18109.67372703895,5.39593552933404,6.662,0.0,9.0,10.16402423200358,1.0,1.0,0.5,0.0,0.0,0.0
MUS,1974,0,0,55.0,8.8118261979331,18270.06444120635,878042.0,29.115630311092,6.6025,9.0,0.0,6.0,0.0,0.0,0.0,0.0,0.0,0.5,0.0,4,60.4,11.9816863254232,18109.67372703895,13.4507978726776,6.662,0.0,9.0,10.39675626167815,1.0,1.0,0.5,0.0,0.0,0.0
MUS,1975,0,0,48.1,0.90609027935335,18270.06444120635,892000.0,14.738323271755,6.6025,9.0,0.0,7.0,0.0,0.0,0.0,0.0,0.0,0.5,0.0,5,55.0,8.8118261979331,18109.67372703895,29.115630311092,6.662,0.0,9.0,4.858958238643225,1.0,1.0,0.5,0.0,0.0,0.0
MUS,1976,0,0,42.6,23.7524440170884,18270.06444120635,906507.0,12.9557291671836,6.6025,9.0,0.0,8.0,0.0,0.0,0.0,0.0,0.0,0.5,0.0,6,48.1,0.90609027935335,18109.67372703895,14.738323271755,6.662,0.0,9.0,12.329267148220875,1.0,1.0,0.5,0.0,0.0,0.0
MUS,1977,0,0,39.0,6.54761905410257,18270.06444120635,921379.0,9.172498970748,6.6025,9.0,0.0,9.0,0.0,0.0,0.0,0.0,0.0,0.5,0.0,7,42.6,23.7524440170884,18109.67372703895,12.9557291671836,6.662,0.0,9.0,15.150031535595485,1.0,0.0,0.5,0.0,0.0,0.0
MUS,1978,0,0,36.6,3.830806086073,18270.06444120635,933499.0,8.54513915082285,6.6025,9.0,0.0,10.0,0.0,0.0,0.0,0.0,0.0,0.5,0.0,8,39.0,6.54761905410257,18109.67372703895,9.172498970748,6.662,0.0,9.0,5.1892125700877845,1.0,0.0,0.5,0.0,0.0,0.0
MUS,1979,0,0,34.7,3.51652574676669,18270.06444120635,949888.0,14.4663702058303,6.6025,9.0,0.0,11.0,0.0,0.0,0.0,0.0,0.0,0.5,0.0,9,36.6,3.830806086073,18109.67372703895,8.54513915082285,6.662,0.0,9.0,3.673665916419845,1.0,1.0,0.5,0.0,0.0,0.0
MUS,1980,0,0,32.8,-10.0612584967252,18270.06444120635,966039.0,41.9995143865699,6.6025,9.0,0.0,12.0,0.0,0.0,0.0,0.0,0.0,0.5,0.0,10,34.7,3.51652574676669,18109.67372703895,14.4663702058303,6.662,0.0,9.0,-3.272366374979255,1.0,1.0,0.5,0.0,0.0,0.0
MUS,1981,0,0,30.2,5.88235290139731,18270.06444120635,980462.0,14.4615910742106,6.6025,9.0,0.0,13.0,0.0,0.0,0.0,0.0,0.0,0.5,0.0,11,32.8,-10.0612584967252,18109.67372703895,41.9995143865699,6.662,0.0,9.0,-2.089452797663945,1.0,1.0,0.5,0.0,0.0,0.0
MUS,1982,1,0,27.6,5.49707592772926,18270.06444120635,992521.0,11.4156931283651,6.6025,10.0,0.0,14.0,0.0,0.0,0.0,0.0,0.0,0.5,0.0,12,30.2,5.88235290139731,18109.67372703895,14.4615910742106,6.662,0.0,9.0,5.689714414563285,1.0,1.0,0.5,0.0,0.0,0.0
MUS,1983,0,0,25.6,0.383795309593339,18270.06444120635,1001691.0,5.58949801843939,6.6025,10.0,0.0,15.0,0.0,0.0,0.0,0.0,0.0,0.5,0.0,0,27.6,5.49707592772926,18109.67372703895,11.4156931283651,6.662,0.0,10.0,2.9404356186612994,1.0,0.0,0.5,0.0,0.0,0.0
MUS,1984,0,0,24.6,4.69838572777765,18270.06444120635,1012221.0,7.38916256169471,6.6025,10.0,0.0,16.0,0.0,0.0,0.0,0.0,0.0,0.5,0.0,1,25.6,0.383795309593339,18109.67372703895,5.58949801843939,6.662,0.0,10.0,2.541090518685494,1.0,0.0,0.5,0.0,0.0,0.0
MUS,1985,0,0,24.1,6.95447546147048,18270.06444120635,1020528.0,6.69870394658498,6.6025,10.0,0.0,17.0,0.0,0.0,0.0,0.0,0.0,0.5,0.0,2,24.6,4.69838572777765,18109.67372703895,7.38916256169471,6.662,0.0,10.0,5.826430594624065,1.0,0.0,0.5,0.0,0.0,0.0
MUS,1986,0,0,24.1,9.74203332131593,18270.06444120635,1028360.0,1.63265306122486,6.6025,10.0,0.0,18.0,0.0,0.0,0.0,0.0,0.0,0.5,0.0,3,24.1,6.95447546147048,18109.67372703895,6.69870394658498,6.662,0.0,10.0,8.348254391393205,1.0,0.0,0.5,0.0,0.0,0.0
MUS,1987,0,0,24.0,8.89103982665293,18270.06444120635,1036082.0,0.518741633199852,6.6025,10.0,0.0,19.0,0.0,0.0,0.0,0.0,0.0,0.5,0.0,4,24.1,9.74203332131593,18109.67372703895,1.63265306122486,6.662,0.0,10.0,9.316536573984429,1.0,0.0,0.5,0.0,0.0,0.0
MUS,1988,0,0,23.2,6.79134674767185,18270.06444120635,1043239.0,9.15931413351054,6.6025,10.0,0.0,20.0,0.0,0.0,0.0,0.0,0.0,0.5,0.0,5,24.0,8.89103982665293,18109.67372703895,0.518741633199852,6.662,0.0,10.0,7.84119328716239,1.0,0.0,0.5,0.0,0.0,0.0
MUS,1989,0,0,21.5,4.46514860724656,18270.06444120635,1051260.0,12.670042091136,6.6025,10.0,0.0,21.0,0.0,0.0,0.0,0.0,0.0,0.5,0.0,6,23.2,6.79134674767185,18109.67372703895,9.15931413351054,6.662,0.0,10.0,5.628247677459205,1.0,1.0,0.5,0.0,0.0,0.0
MUS,1990,0,0,19.9,7.18673677096,8986.03307171492,1058775.0,13.4880887926371,6.6025,10.0,0.0,22.0,0.0,0.0,0.0,0.0,0.0,0.5,0.0,7,21.5,4.46514860724656,18109.67372703895,12.670042091136,6.662,0.0,10.0,5.82594268910328,1.0,1.0,0.5,0.0,0.0,0.0
MUS,1991,0,0,18.8,4.43544626177224,9283.84516043242,1070266.0,7.00101377541879,9.493,10.0,0.0,23.0,0.0,0.0,0.0,0.0,0.0,0.5,0.0,8,19.9,7.18673677096,8986.03307171492,13.4880887926371,6.662,0.0,10.0,5.81109151636612,1.0,0.0,0.5,0.0,0.0,0.0
MUS,1992,0,0,18.3,6.51269858283476,9759.21929141358,1084441.0,4.64351929883709,9.428,10.0,0.0,24.0,0.0,0.0,0.0,0.0,0.0,0.5,0.0,9,18.8,4.43544626177224,9283.84516043242,7.00101377541879,9.493,0.0,10.0,5.4740724223035,1.0,0.0,0.5,0.0,0.0,0.0
MUS,1993,0,0,18.4,5.08206295574259,10134.3273767613,1097374.0,10.5178384472896,9.5,10.0,0.0,25.0,0.0,0.0,0.0,0.0,0.0,0.5,0.0,10,18.3,6.51269858283476,9759.21929141358,4.64351929883709,9.428,0.0,10.0,5.797380769288675,1.0,1.0,0.5,0.0,0.0,0.0
MUS,1994,0,0,18.9,4.1361428614553,10406.771389602,1112846.0,7.32347154412294,9.513,10.0,0.0,26.0,0.0,0.0,0.0,0.0,0.0,0.5,0.0,11,18.4,5.08206295574259,10134.3273767613,10.5178384472896,9.5,0.0,10.0,4.6091029085989454,1.0,0.0,0.5,0.0,0.0,0.0
MUS,1995,1,0,19.5,4.28773657145267,10760.058004935,1122457.0,6.02933188484532,9.59,10.0,0.0,27.0,0.0,0.0,0.0,0.0,0.0,0.5,0.0,12,18.9,4.1361428614553,10406.771389602,7.32347154412294,9.513,0.0,10.0,4.211939716453985,1.0,0.0,0.5,0.0,0.0,0.0
MUS,1996,0,0,19.8,5.5878439266625,11245.7059722003,1133996.0,6.55097336065573,9.503,10.0,0.0,28.0,0.0,0.0,0.0,0.0,0.0,0.5,0.0,0,19.5,4.28773657145267,10760.058004935,6.02933188484532,9.59,0.0,10.0,4.937790249057585,1.0,0.0,0.5,0.0,0.0,0.0
MUS,1997,0,0,19.8,5.68747741886639,11737.4151476327,1148284.0,6.83334334996102,9.381,10.0,0.0,29.0,0.0,0.0,0.0,0.0,0.0,0.5,0.0,1,19.8,5.5878439266625,11245.7059722003,6.55097336065573,9.503,0.0,10.0,5.637660672764445,1.0,0.0,0.5,0.0,0.0,0.0
MUS,1998,0,0,19.1,6.07194017756207,12319.8866544456,1160421.0,6.81079323797193,9.253,10.0,0.0,30.0,0.0,0.0,0.0,0.0,0.0,0.5,0.0,2,19.8,5.68747741886639,11737.4151476327,6.83334334996102,9.381,0.0,10.0,5.87970879821423,1.0,0.0,0.5,0.0,0.0,0.0
MUS,1999,0,0,17.8,2.61093234412995,12481.8622000201,1175267.0,6.90914624866773,9.278,10.0,0.0,31.0,0.0,0.0,0.0,0.0,0.0,0.5,0.0,3,19.1,6.07194017756207,12319.8866544456,6.81079323797193,9.253,0.0,10.0,4.3414362608460095,0.0,0.0,0.0,0.0,0.0,0.0
MUS,2000,1,0,16.5,8.20279174865273,13373.655799097,1186873.0,4.19928825622807,9.125,10.0,0.0,32.0,0.0,0.0,0.0,0.0,0.0,0.5,0.0,4,17.8,2.61093234412995,12481.8622000201,6.90914624866773,9.278,0.0,10.0,5.40686204639134,0.0,0.0,0.0,0.0,0.0,0.0
MUS,2001,0,0,15.4,3.3475407273143,13712.5793901042,1196287.0,5.38934426229508,9.14,10.0,0.0,33.0,0.0,0.0,0.0,0.0,0.0,0.5,0.0,0,16.5,8.20279174865273,13373.655799097,4.19928825622807,9.125,0.0,10.0,5.775166237983515,0.0,0.0,0.0,0.0,0.0,0.0
MUS,2002,0,0,14.6,1.61491865862438,13837.6258025605,1204621.0,6.41933372221149,8.205,10.0,0.0,34.0,0.0,0.0,0.0,0.0,0.0,0.5,0.0,1,15.4,3.3475407273143,13712.5793901042,5.38934426229508,9.14,0.0,10.0,2.48122969296934,0.0,0.0,0.0,0.0,0.0,0.0
MUS,2003,0,0,14.1,5.9254454894774,14551.8784442579,1213370.0,3.92105357558188,8.318,10.0,0.0,35.0,0.0,0.0,0.0,0.0,0.0,0.5,0.0,2,14.6,1.61491865862438,13837.6258025605,6.41933372221149,8.205,0.0,10.0,3.77018207405089,0.0,0.0,0.0,0.0,0.0,0.0
MUS,2004,0,0,13.8,4.33001985464323,15087.0687832797,1221003.0,4.71037060105883,8.337,10.0,0.0,36.0,0.0,0.0,0.0,0.0,0.0,0.5,0.0,3,14.1,5.9254454894774,14551.8784442579,3.92105357558188,8.318,0.0,10.0,5.127732672060315,0.0,0.0,0.0,0.0,0.0,0.0
MUS,2005,1,0,13.7,1.77754302034465,15264.5981839157,1228254.0,4.93717004981795,9.524,10.0,0.0,37.0,0.0,0.0,0.0,0.0,0.0,0.5,0.0,4,13.8,4.33001985464323,15087.0687832797,4.71037060105883,8.337,0.0,10.0,3.05378143749394,0.0,0.0,0.0,0.0,0.0,0.0
MUS,2006,0,0,13.5,4.86554460775534,15932.8192222795,1233996.0,8.91350105650142,9.04,10.0,0.0,38.0,0.0,0.0,0.0,0.0,0.0,0.5,0.0,0,13.7,1.77754302034465,15264.5981839157,4.93717004981795,9.524,0.0,10.0,3.321543814049995,0.0,0.0,0.0,0.0,0.0,0.0
MUS,2007,0,0,13.3,5.76380219453068,16774.5685137565,1239630.0,8.82729272393294,8.475,10.0,0.0,39.0,0.0,0.0,0.0,0.0,0.0,0.5,0.0,1,13.5,4.86554460775534,15932.8192222795,8.91350105650142,9.04,0.0,10.0,5.3146734011430095,0.0,0.0,0.0,0.0,0.0,0.0
MUS,2008,0,0,13.2,5.4630565042284,17627.1121948078,1244121.0,9.73228317146887,7.17,10.0,0.0,40.0,0.0,0.0,0.0,0.0,0.0,0.5,0.0,2,13.3,5.76380219453068,16774.5685137565,8.82729272393294,8.475,0.0,10.0,5.61342934937954,0.0,0.0,0.0,0.0,0.0,0.0
MUS,2009,0,0,13.1,3.36352090607312,18171.6870025783,1247429.0,2.51609128145113,7.257,10.0,0.0,41.0,0.0,0.0,0.0,0.0,0.0,0.5,0.0,3,13.2,5.4630565042284,17627.1121948078,9.73228317146887,7.17,0.0,10.0,4.4132887051507605,0.0,0.0,0.0,0.0,0.0,0.0
MUS,2010,0,0,13.0,4.39672657214976,18925.5713852829,1250400.0,2.93236301369857,7.654,10.0,0.0,42.0,0.0,0.0,0.0,0.0,0.0,0.5,0.0,4,13.1,3.36352090607312,18171.6870025783,2.51609128145113,7.257,0.0,10.0,3.88012373911144,0.0,0.0,0.0,0.0,0.0,0.0
MUS,2011,0,0,13.1,4.14555262561014,19678.6022639733,1252404.0,6.52249254869341,7.447,10.0,0.0,43.0,0.0,0.0,0.0,0.0,0.0,0.5,0.0,5,13.0,4.39672657214976,18925.5713852829,2.93236301369857,7.654,0.0,10.0,4.27113959887995,0.0,0.0,0.0,0.0,0.0,0.0
MUS,2012,0,0,13.2,3.51062090167264,20313.0328941469,1255882.0,3.85216033315983,7.472,10.0,0.0,44.0,0.0,0.0,0.0,0.0,0.0,0.5,0.0,6,13.1,4.14555262561014,19678.6022639733,6.52249254869341,7.447,0.0,10.0,3.82808676364139,0.0,0.0,0.0,0.0,0.0,0.0
MUS,2013,0,0,13.2,3.39755085220649,20952.3775734986,1258927.0,3.54329573934839,7.322,10.0,0.0,45.0,0.0,0.0,0.0,0.0,0.0,0.5,0.0,7,13.2,3.51062090167264,20313.0328941469,3.85216033315983,7.472,0.0,10.0,3.454085876939565,0.0,0.0,0.0,0.0,0.0,0.0
MUS,2014,1,0,13.0,3.85773905280689,21721.3096444788,1261208.0,3.21769191994684,7.467,10.0,0.0,46.0,0.0,0.0,0.0,0.0,0.0,0.5,0.0,8,13.2,3.39755085220649,20952.3775734986,3.54329573934839,7.322,0.0,10.0,3.62764495250669,0.0,0.0,0.0,0.0,0.0,0.0
MUS,2015,0,0,12.9,3.71766362108832,22499.0254570551,1262879.0,1.28654970760232,7.41,10.0,0.0,47.0,0.0,0.0,0.0,0.0,0.0,0.5,0.0,0,13.0,3.85773905280689,21721.3096444788,3.21769191994684,7.467,0.0,10.0,3.787701336947605,0.0,0.0,0.0,0.0,0.0,0.0
MUS,2016,0,0,13.0,3.88576121076034,23357.230006621,1263747.0,0.977675134718965,6.814,10.0,0.0,48.0,0.0,0.0,0.0,0.0,0.0,0.5,0.0,1,12.9,3.71766362108832,22499.0254570551,1.28654970760232,7.41,0.0,10.0,3.80171241592433,0.0,0.0,0.0,0.0,0.0,0.0
MUS,2017,0,0,13.3,3.95441730960265,24258.988821567,1264887.0,3.66699702675925,6.752,10.0,0.0,49.0,0.0,0.0,0.0,0.0,0.0,0.5,0.0,2,13.0,3.88576121076034,23357.230006621,0.977675134718965,6.814,0.0,10.0,3.920089260181495,0.0,0.0,0.0,0.0,0.0,0.0
MUS,2018,0,0,13.7,4.11669369456492,25243.886462031,1265577.0,3.2160538314457,6.426,10.0,0.0,50.0,0.0,0.0,0.0,0.0,0.0,0.5,0.0,3,13.3,3.95441730960265,24258.988821567,3.66699702675925,6.752,0.0,10.0,4.035555502083785,0.0,0.0,0.0,0.0,0.0,0.0
MUS,2019,0,0,14.0,2.86394938684734,25958.4900281465,1265985.0,0.405655190309553,6.331,10.0,0.0,50.0,0.0,0.0,0.0,0.0,0.0,0.5,0.0,4,13.7,4.11669369456492,25243.886462031,3.2160538314457,6.426,0.0,10.0,3.49032154070613,0.0,0.0,0.0,0.0,0.0,0.0
MUS,2020,0,0,14.1,-14.1974358137792,22272.5398696677,1266014.0,2.5808007718283,8.626,10.0,0.0,50.0,0.0,0.0,0.0,0.0,0.0,0.5,0.0,5,14.0,2.86394938684734,25958.4900281465,0.405655190309553,6.331,0.0,10.0,-5.66674321346593,0.0,0.0,0.0,0.0,0.0,0.0
MUS,2021,0,0,14.1,3.33809084057279,23010.2013826906,1266334.0,4.02852888157376,7.719,10.0,0.0,50.0,0.0,0.0,0.0,0.0,0.0,0.5,0.0,6,14.1,-14.1974358137792,22272.5398696677,2.5808007718283,8.626,0.0,10.0,-5.429672486603204,0.0,0.0,0.0,0.0,0.0,0.0
MUS,2022,0,0,13.9,8.3424438025047,25005.0666145723,1262523.0,10.7737512242899,6.322,10.0,0.0,50.0,0.0,0.0,0.0,0.0,0.0,0.5,0.0,7,14.1,3.33809084057279,23010.2013826906,4.02852888157376,7.719,0.0,10.0,5.840267321538746,0.0,1.0,0.0,0.0,0.0,0.0
MUS,2023,0,0,13.8,4.69918189687444,26471.0351422892,1248647.0,7.05298238454736,5.571,10.0,0.0,50.0,0.0,0.0,0.0,0.0,0.0,0.5,0.0,8,13.9,8.3424438025047,25005.0666145723,10.7737512242899,6.322,0.0,10.0,6.520812849689571,0.0,0.0,0.0,0.0,0.0,0.0
MUS,2024,1,0,13.8,4.94844235250574,27844.8956114831,1245779.0,3.6045220384796,5.548,10.0,0.0,50.0,0.0,0.0,0.0,0.0,0.0,0.5,0.0,9,13.8,4.69918189687444,26471.0351422892,7.05298238454736,5.571,0.0,10.0,4.823812124690091,0.0,0.0,0.0,0.0,0.0,0.0
MYS,1970,0,0,40.9,5.98653863031986,18270.06444120635,10178802.0,1.84393596556387,6.6025,1.0,1.0,1.0,0.0,0.0,0.0,0.0,0.0,0.5,0.0,0,18.4,3.53620866972961,18109.67372703895,5.66318573909345,6.662,0.0,8.0,5.98653863031986,1.0,0.0,0.5,0.0,0.0,0.0
MYS,1971,0,0,39.2,10.0346605803438,18270.06444120635,10423453.0,1.61303596395808,6.6025,4.0,1.0,0.0,0.0,0.0,0.0,0.0,0.0,0.5,0.0,1,40.9,5.98653863031986,18109.67372703895,1.84393596556387,6.662,0.0,1.0,8.01059960533183,1.0,0.0,0.5,0.0,0.0,0.0
MYS,1972,0,0,37.3,9.38844499098961,18270.06444120635,10676835.0,3.23155422354874,6.6025,4.0,1.0,1.0,0.0,0.0,0.0,0.0,0.0,0.5,0.0,2,39.2,10.0346605803438,18109.67372703895,1.61303596395808,6.662,0.0,4.0,9.711552785666704,1.0,0.0,0.5,0.0,0.0,0.0
MYS,1973,0,0,35.4,11.7010816119945,18270.06444120635,10935621.0,10.5601757413101,6.6025,4.0,1.0,2.0,0.0,0.0,0.0,0.0,0.0,0.5,0.0,3,37.3,9.38844499098961,18109.67372703895,3.23155422354874,6.662,0.0,4.0,10.544763301492054,1.0,1.0,0.5,0.0,0.0,0.0
MYS,1974,0,0,33.3,8.31866197361978,18270.06444120635,11200906.0,17.3289809824411,6.6025,4.0,1.0,3.0,0.0,0.0,0.0,0.0,0.0,0.5,0.0,4,35.4,11.7010816119945,18109.67372703895,10.5601757413101,6.662,0.0,4.0,10.00987179280714,1.0,1.0,0.5,0.0,0.0,0.0
MYS,1975,0,0,31.4,0.801068092192338,18270.06444120635,11471914.0,4.48772226915906,6.6025,4.0,1.0,4.0,0.0,0.0,0.0,0.0,0.0,0.5,0.0,5,33.3,8.31866197361978,18109.67372703895,17.3289809824411,6.662,0.0,4.0,4.5598650329060595,1.0,0.0,0.5,0.0,0.0,0.0
MYS,1976,0,0,29.4,11.5634897772546,18270.06444120635,11750097.0,2.63371150730571,6.6025,4.0,1.0,5.0,0.0,0.0,0.0,0.0,0.0,0.5,0.0,6,31.4,0.801068092192338,18109.67372703895,4.48772226915906,6.662,0.0,4.0,6.1822789347234695,1.0,0.0,0.5,0.0,0.0,0.0
MYS,1977,0,0,27.6,7.75305838033998,18270.06444120635,12035713.0,4.78822401445964,6.6025,4.0,1.0,6.0,0.0,0.0,0.0,0.0,0.0,0.5,0.0,7,29.4,11.5634897772546,18109.67372703895,2.63371150730571,6.662,0.0,4.0,9.658274078797291,1.0,0.0,0.5,0.0,0.0,0.0
MYS,1978,0,0,25.8,6.65389221500463,18270.06444120635,12328157.0,4.86006458554252,6.6025,4.0,1.0,7.0,0.0,0.0,0.0,0.0,0.0,0.5,0.0,8,27.6,7.75305838033998,18109.67372703895,4.78822401445964,6.662,0.0,4.0,7.2034752976723055,1.0,0.0,0.5,0.0,0.0,0.0
MYS,1979,0,0,24.1,9.34909993075928,18270.06444120635,12627862.0,3.65446799796414,6.6025,4.0,1.0,8.0,0.0,0.0,0.0,0.0,0.0,0.5,0.0,9,25.8,6.65389221500463,18109.67372703895,4.86006458554252,6.662,0.0,4.0,8.001496072881956,1.0,0.0,0.5,0.0,0.0,0.0
MYS,1980,0,0,22.5,7.44182677934407,18270.06444120635,12983363.0,6.6749195345051,6.6025,4.0,1.0,9.0,0.0,0.0,0.0,0.0,0.0,0.5,0.0,10,24.1,9.34909993075928,18109.67372703895,3.65446799796414,6.662,0.0,4.0,8.395463355051676,1.0,0.0,0.5,0.0,0.0,0.0
MYS,1981,0,0,21.0,6.94210420118173,18270.06444120635,13399203.0,9.70000000000015,6.6025,4.0,1.0,10.0,0.0,0.0,0.0,0.0,0.0,0.5,0.0,11,22.5,7.44182677934407,18109.67372703895,6.6749195345051,6.662,0.0,4.0,7.191965490262901,1.0,0.0,0.5,0.0,0.0,0.0
MYS,1982,0,0,19.7,5.94315245801018,18270.06444120635,13832798.0,5.8189000297783,6.6025,4.0,1.0,11.0,0.0,0.0,0.0,0.0,0.0,0.5,0.0,12,21.0,6.94210420118173,18109.67372703895,9.70000000000015,6.662,0.0,4.0,6.442628329595957,1.0,0.0,0.5,0.0,0.0,0.0
MYS,1983,0,0,18.4,6.25223081092673,18270.06444120635,14285907.0,3.70423546319373,6.6025,4.0,1.0,12.0,0.0,0.0,0.0,0.0,0.0,0.5,0.0,13,19.7,5.94315245801018,18109.67372703895,5.8189000297783,6.662,0.0,4.0,6.097691634468456,1.0,0.0,0.5,0.0,0.0,0.0
MYS,1984,0,0,17.2,7.76179012218883,18270.06444120635,14759009.0,3.89727260149768,6.6025,4.0,1.0,13.0,0.0,0.0,0.0,0.0,0.0,0.5,0.0,14,18.4,6.25223081092673,18109.67372703895,3.70423546319373,6.662,0.0,4.0,7.007010466557781,0.0,0.0,0.0,0.0,0.0,0.0
MYS,1985,0,0,16.2,-1.02525025342071,18270.06444120635,15252258.0,0.346458791259884,6.6025,4.0,1.0,14.0,0.0,0.0,0.0,0.0,0.0,0.5,0.0,15,17.2,7.76179012218883,18109.67372703895,3.89727260149768,6.662,0.0,4.0,3.368269934384061,0.0,0.0,0.0,0.0,0.0,0.0
MYS,1986,0,0,15.2,1.24059492750688,18270.06444120635,15760419.0,0.737002855391939,6.6025,4.0,1.0,15.0,0.0,0.0,0.0,0.0,0.0,0.5,0.0,16,16.2,-1.02525025342071,18109.67372703895,0.346458791259884,6.662,0.0,4.0,0.10767233704308588,0.0,0.0,0.0,0.0,0.0,0.0
MYS,1987,0,0,14.4,5.19193211272702,18270.06444120635,16276737.0,0.290007909438412,6.6025,4.0,1.0,16.0,0.0,0.0,0.0,0.0,0.0,0.5,0.0,17,15.2,1.24059492750688,18109.67372703895,0.737002855391939,6.662,0.0,4.0,3.216263520116951,0.0,0.0,0.0,0.0,0.0,0.0
MYS,1988,0,0,13.7,9.93771967651989,18270.06444120635,16796605.0,2.55651945320742,6.6025,4.0,1.0,17.0,0.0,0.0,0.0,0.0,0.0,0.5,0.0,18,14.4,5.19193211272702,18109.67372703895,0.290007909438412,6.662,0.0,4.0,7.564825894623456,0.0,0.0,0.0,0.0,0.0,0.0
MYS,1989,0,0,13.0,9.0596008665043,18270.06444120635,17314997.0,2.81320089714805,6.6025,4.0,1.0,18.0,0.0,0.0,0.0,0.0,0.0,0.5,0.0,19,13.7,9.93771967651989,18109.67372703895,2.55651945320742,6.662,0.0,4.0,9.498660271512097,0.0,0.0,0.0,0.0,0.0,0.0
MYS,1990,0,0,12.4,9.00852713774628,12013.6969483112,17833171.0,2.61780104712051,6.6025,4.0,1.0,19.0,0.0,0.0,0.0,0.0,0.0,0.5,0.0,20,13.0,9.0596008665043,18109.67372703895,2.81320089714805,6.662,0.0,4.0,9.034064002125291,0.0,0.0,0.0,0.0,0.0,0.0
MYS,1991,0,0,11.8,9.54546741443052,12795.0498964228,18342464.0,4.358333333333,3.7,4.0,1.0,20.0,0.0,0.0,0.0,0.0,0.0,0.5,0.0,21,12.4,9.00852713774628,12013.6969483112,2.61780104712051,6.662,0.0,4.0,9.276997276088402,0.0,0.0,0.0,0.0,0.0,0.0
MYS,1992,0,0,11.3,8.88511797832156,13567.8936121181,18834572.0,4.76722829992821,3.71,4.0,1.0,21.0,0.0,0.0,0.0,0.0,0.0,0.5,0.0,22,11.8,9.54546741443052,12795.0498964228,4.358333333333,3.7,0.0,4.0,9.215292696376041,0.0,0.0,0.0,0.0,0.0,0.0
MYS,1993,0,0,10.8,9.89494333377064,14533.790397007,19322664.0,3.53658536585389,4.11,4.0,1.0,22.0,0.0,0.0,0.0,0.0,0.0,0.5,0.0,23,11.3,8.88511797832156,13567.8936121181,4.76722829992821,3.71,0.0,4.0,9.3900306560461,0.0,0.0,0.0,0.0,0.0,0.0
MYS,1994,0,0,10.4,9.21204179334867,15474.0144648307,19820446.0,3.72497055359284,3.64,4.0,1.0,23.0,0.0,0.0,0.0,0.0,0.0,0.5,0.0,24,10.8,9.89494333377064,14533.790397007,3.53658536585389,4.11,0.0,4.0,9.553492563559654,0.0,0.0,0.0,0.0,0.0,0.0
MYS,1995,0,0,10.0,9.82908519730812,16568.5160590209,20330599.0,3.45057509584895,3.15,4.0,1.0,24.0,0.0,0.0,0.0,0.0,0.0,0.5,0.0,25,10.4,9.21204179334867,15474.0144648307,3.72497055359284,3.64,0.0,4.0,9.520563495328396,0.0,0.0,0.0,0.0,0.0,0.0
MYS,1996,0,0,9.7,10.0027006861844,17771.7118795056,20850087.0,3.48855945858916,2.52,3.0,1.0,25.0,0.0,0.0,0.0,0.0,0.0,0.5,0.0,26,10.0,9.82908519730812,16568.5160590209,3.45057509584895,3.15,0.0,4.0,9.915892941746261,0.0,0.0,0.0,0.0,0.0,0.0
MYS,1997,0,0,9.3,7.32274185035924,18604.514527465,21375218.0,2.66251459711946,2.45,3.0,1.0,26.0,0.0,0.0,0.0,0.0,0.0,0.5,0.0,27,9.7,10.0027006861844,17771.7118795056,3.48855945858916,2.52,0.0,3.0,8.66272126827182,0.0,0.0,0.0,0.0,0.0,0.0
MYS,1998,0,0,8.8,-7.35941518817556,16817.1719190401,21906713.0,5.27034200348766,3.2,3.0,1.0,27.0,0.0,0.0,0.0,0.0,0.0,0.5,0.0,28,9.3,7.32274185035924,18604.514527465,2.66251459711946,2.45,0.0,3.0,-0.018336668908159215,0.0,0.0,0.0,0.0,0.0,0.0
MYS,1999,0,0,8.1,6.13761201057692,17428.6256563043,22435531.0,2.74456130240604,3.43,3.0,1.0,28.0,0.0,0.0,0.0,0.0,0.0,0.5,0.0,29,8.8,-7.35941518817556,16817.1719190401,5.27034200348766,3.2,0.0,3.0,-0.6109015887993192,0.0,0.0,0.0,0.0,0.0,0.0
MYS,2000,0,0,7.5,8.85886816969386,18532.9096706227,22967816.0,1.53474023697699,3.0,3.0,1.0,29.0,0.0,0.0,0.0,0.0,0.0,0.5,0.0,30,8.1,6.13761201057692,17428.6256563043,2.74456130240604,3.43,0.0,3.0,7.498240090135391,0.0,0.0,0.0,0.0,0.0,0.0
MYS,2001,0,0,7.1,0.517675319192861,18186.4411330146,23526538.0,1.41678473206098,3.53,3.0,1.0,30.0,0.0,0.0,0.0,0.0,0.0,0.5,0.0,31,7.5,8.85886816969386,18532.9096706227,1.53474023697699,3.0,0.0,3.0,4.6882717444433615,0.0,0.0,0.0,0.0,0.0,0.0
MYS,2002,0,0,6.8,5.39098830692797,18708.8694877279,24102477.0,1.80787246281536,3.48,3.0,1.0,31.0,0.0,0.0,0.0,0.0,0.0,0.5,0.0,32,7.1,0.517675319192861,18186.4411330146,1.41678473206098,3.53,0.0,3.0,2.9543318130604166,0.0,0.0,0.0,0.0,0.0,0.0
MYS,2003,0,0,6.6,5.7884992858875,19329.0062757538,24679602.0,1.08967632577286,3.61,3.0,1.0,32.0,0.0,0.0,0.0,0.0,0.0,0.5,0.0,33,6.8,5.39098830692797,18708.8694877279,1.80787246281536,3.48,0.0,3.0,5.5897437964077366,0.0,0.0,0.0,0.0,0.0,0.0
MYS,2004,0,0,6.5,6.78343772370305,20168.5062099425,25256772.0,1.42127115937402,3.54,3.0,1.0,33.0,0.0,0.0,0.0,0.0,0.0,0.5,0.0,34,6.6,5.7884992858875,19329.0062757538,1.08967632577286,3.61,0.0,3.0,6.285968504795276,0.0,0.0,0.0,0.0,0.0,0.0
MYS,2005,0,0,6.5,5.33213916141486,20767.5857243346,25836071.0,2.97507092684449,3.53,3.0,1.0,34.0,0.0,0.0,0.0,0.0,0.0,0.5,0.0,35,6.5,6.78343772370305,20168.5062099425,1.42127115937402,3.54,0.0,3.0,6.057788442558955,0.0,0.0,0.0,0.0,0.0,0.0
MYS,2006,0,0,6.5,5.5848470671515,21444.4857715028,26417909.0,3.60923564224389,3.32,3.0,1.0,35.0,0.0,0.0,0.0,0.0,0.0,0.5,0.0,36,6.5,5.33213916141486,20767.5857243346,2.97507092684449,3.53,0.0,3.0,5.458493114283181,0.0,0.0,0.0,0.0,0.0,0.0
MYS,2007,0,0,6.5,6.29878592740947,22305.118263117,26998389.0,2.02735317779569,3.31,3.0,1.0,36.0,0.0,0.0,0.0,0.0,0.0,0.5,0.0,37,6.5,5.5848470671515,21444.4857715028,3.60923564224389,3.32,0.0,3.0,5.941816497280486,0.0,0.0,0.0,0.0,0.0,0.0
MYS,2008,0,0,6.5,4.83176988913097,22898.0027575442,27570059.0,5.44078221100769,3.34,6.0,0.0,0.0,0.0,0.0,0.0,0.0,0.0,0.5,0.0,38,6.5,6.29878592740947,22305.118263117,2.02735317779569,3.31,0.0,3.0,5.565277908270221,0.0,0.0,0.0,0.0,0.0,0.0
MYS,2009,0,0,6.5,-1.51352871598714,22106.6417311801,28124778.0,0.583308405623702,3.62,6.0,0.0,1.0,0.0,0.0,0.0,0.0,0.0,0.5,0.0,39,6.5,4.83176988913097,22898.0027575442,5.44078221100769,3.34,0.0,6.0,1.659120586571916,0.0,0.0,0.0,0.0,0.0,0.0
MYS,2010,0,0,6.5,7.42484738326097,23307.9698543785,28655776.0,1.62285235577035,3.32,6.0,0.0,2.0,0.0,0.0,0.0,0.0,0.0,0.5,0.0,40,6.5,-1.51352871598714,22106.6417311801,0.583308405623702,3.62,0.0,6.0,2.955659333636916,0.0,0.0,0.0,0.0,0.0,0.0
MYS,2011,0,0,6.5,5.29391283414003,24115.8181203958,29162039.0,3.1744709215131,3.05,6.0,0.0,3.0,0.0,0.0,0.0,0.0,0.0,0.5,0.0,41,6.5,7.42484738326097,23307.9698543785,1.62285235577035,3.32,0.0,6.0,6.359380108700501,0.0,0.0,0.0,0.0,0.0,0.0
MYS,2012,0,0,6.5,5.47345419253853,25006.3587781537,29662831.0,1.66357102479206,3.04,6.0,0.0,4.0,0.0,0.0,0.0,0.0,0.0,0.5,0.0,42,6.5,5.29391283414003,24115.8181203958,3.1744709215131,3.05,0.0,6.0,5.383683513339281,0.0,0.0,0.0,0.0,0.0,0.0
MYS,2013,0,0,6.5,4.69372252557893,25736.3525554142,30174265.0,2.10501231233612,3.14,6.0,0.0,5.0,0.0,0.0,0.0,0.0,0.0,0.5,0.0,43,6.5,5.47345419253853,25006.3587781537,1.66357102479206,3.04,0.0,6.0,5.083588359058731,0.0,0.0,0.0,0.0,0.0,0.0
MYS,2014,0,0,6.6,6.00672194558203,26818.4317281659,30696137.0,3.14299050879095,2.88,5.0,1.0,6.0,0.0,0.0,0.0,0.0,0.0,0.5,0.0,44,6.5,4.69372252557893,25736.3525554142,2.10501231233612,3.14,0.0,6.0,5.350222235580481,0.0,0.0,0.0,0.0,0.0,0.0
MYS,2015,0,0,6.7,5.09153242155011,27699.6278860387,31232798.0,2.10438980238359,3.1,5.0,1.0,7.0,0.0,0.0,0.0,0.0,0.0,0.5,0.0,45,6.6,6.00672194558203,26818.4317281659,3.14299050879095,2.88,0.0,5.0,5.549127183566071,0.0,0.0,0.0,0.0,0.0,0.0
MYS,2016,0,0,6.7,4.44978139761541,28425.3707609412,31789685.0,2.09056659525742,3.44,5.0,1.0,8.0,0.0,0.0,0.0,0.0,0.0,0.5,0.0,46,6.7,5.09153242155011,27699.6278860387,2.10438980238359,3.1,0.0,5.0,4.770656909582761,0.0,0.0,0.0,0.0,0.0,0.0
MYS,2017,0,0,6.7,5.81272240983328,29551.5457597197,32355644.0,3.87120115774237,3.41,5.0,1.0,9.0,0.0,0.0,0.0,0.0,0.0,0.5,0.0,47,6.7,4.44978139761541,28425.3707609412,2.09056659525742,3.44,0.0,5.0,5.131251903724346,0.0,0.0,0.0,0.0,0.0,0.0
MYS,2018,1,0,6.8,4.84308697634881,30459.9655338061,32910967.0,0.884709160571235,3.3,7.0,0.0,10.0,0.0,0.0,0.0,0.0,0.0,0.5,0.0,48,6.7,5.81272240983328,29551.5457597197,3.87120115774237,3.41,0.0,5.0,5.327904693091046,0.0,0.0,0.0,0.0,0.0,0.0
MYS,2019,0,0,6.8,4.41318742129586,31300.5086554849,33440596.0,0.662891865764326,3.33,7.0,0.0,10.0,0.0,0.0,0.0,0.0,0.0,0.5,0.0,0,6.8,4.84308697634881,30459.9655338061,0.884709160571235,3.3,0.0,7.0,4.628137198822336,0.0,0.0,0.0,0.0,0.0,0.0
MYS,2020,0,0,6.8,-5.45684658426701,29200.452632127,33889558.0,-1.1387021539305,4.54,7.0,0.0,10.0,0.0,0.0,0.0,0.0,0.0,0.5,0.0,1,6.8,4.41318742129586,31300.5086554849,0.662891865764326,3.33,0.0,7.0,-0.5218295814855742,0.0,0.0,0.0,0.0,0.0,0.0
MYS,2021,0,0,6.8,3.31534954399166,29822.8491831618,34282399.0,2.47710241465447,4.64,7.0,0.0,10.0,0.0,0.0,0.0,0.0,0.0,0.5,0.0,2,6.8,-5.45684658426701,29200.452632127,-1.1387021539305,4.54,0.0,7.0,-1.0707485201376743,0.0,0.0,0.0,0.0,0.0,0.0
MYS,2022,0,0,6.9,9.03173723044451,32129.2217820113,34695493.0,3.37869862549928,3.93,7.0,0.0,10.0,0.0,0.0,0.0,0.0,0.0,0.5,0.0,3,6.8,3.31534954399166,29822.8491831618,2.47710241465447,4.64,0.0,7.0,6.173543387218086,0.0,0.0,0.0,0.0,0.0,0.0
MYS,2023,0,0,6.9,3.5370638041057,32857.6676600774,35126298.0,2.48886560125754,3.858,7.0,0.0,10.0,0.0,0.0,0.0,0.0,0.0,0.5,0.0,4,6.9,9.03173723044451,32129.2217820113,3.37869862549928,3.93,0.0,7.0,6.284400517275106,0.0,0.0,0.0,0.0,0.0,0.0
MYS,2024,0,0,7.0,5.10545921024041,34116.2317848885,35557673.0,1.834100204499,3.846,7.0,0.0,10.0,0.0,0.0,0.0,0.0,0.0,0.5,0.0,5,6.9,3.5370638041057,32857.6676600774,2.48886560125754,3.858,0.0,7.0,4.321261507173055,0.0,0.0,0.0,0.0,0.0,0.0
NGA,1970,0,0,206.6,25.0072419293896,18270.06444120635,55893838.0,13.757079924793,6.6025,-7.0,0.0,4.0,6.0,0.0,6.0,0.0,1.0,0.5,0.0,0,18.4,3.53620866972961,18109.67372703895,5.66318573909345,6.662,0.0,8.0,25.0072419293896,1.0,1.0,0.5,0.0,0.0,0.0
NGA,1971,0,0,142.5,14.2375315562508,18270.06444120635,57214684.0,15.9991148482235,6.6025,-7.0,0.0,5.0,0.0,0.0,0.0,0.0,0.0,0.5,0.0,1,206.6,25.0072419293896,18109.67372703895,13.757079924793,6.662,6.0,-7.0,19.6223867428202,1.0,1.0,0.5,0.0,0.0,0.0
NGA,1972,0,0,137.7,3.3642620350363,18270.06444120635,58601748.0,3.45764975201502,6.6025,-7.0,0.0,6.0,0.0,0.0,0.0,0.0,0.0,0.5,0.0,2,142.5,14.2375315562508,18109.67372703895,15.9991148482235,6.662,0.0,-7.0,8.80089679564355,1.0,0.0,0.5,0.0,0.0,0.0
NGA,1973,0,0,132.9,5.39276048395909,18270.06444120635,60082139.0,5.40266445394219,6.6025,-7.0,0.0,7.0,0.0,0.0,0.0,0.0,0.0,0.5,0.0,3,137.7,3.3642620350363,18109.67372703895,3.45764975201502,6.662,0.0,-7.0,4.378511259497695,1.0,0.0,0.5,0.0,0.0,0.0
NGA,1974,0,0,128.3,11.1606745454862,18270.06444120635,61679144.0,12.674393177433,6.6025,-7.0,0.0,8.0,0.0,0.0,0.0,0.0,0.0,0.5,0.0,4,132.9,5.39276048395909,18109.67372703895,5.40266445394219,6.662,0.0,-7.0,8.276717514722645,1.0,1.0,0.5,0.0,0.0,0.0
NGA,1975,0,0,123.6,-5.22774755532079,18270.06444120635,63410815.0,33.9641883221776,6.6025,-7.0,0.0,9.0,0.0,0.0,0.0,0.0,0.0,0.5,0.0,5,128.3,11.1606745454862,18109.67372703895,12.674393177433,6.662,0.0,-7.0,2.966463495082705,1.0,1.0,0.5,0.0,0.0,0.0
NGA,1976,0,0,119.3,9.04235172630207,18270.06444120635,65258009.0,24.2999999999997,6.6025,-7.0,0.0,10.0,0.0,0.0,0.0,0.0,0.0,0.5,0.0,6,123.6,-5.22774755532079,18109.67372703895,33.9641883221776,6.662,0.0,-7.0,1.9073020854906404,1.0,1.0,0.5,0.0,0.0,0.0
NGA,1977,0,0,115.4,6.02411784954168,18270.06444120635,67234590.0,15.0878340572688,6.6025,-7.0,0.0,11.0,0.0,0.0,0.0,0.0,0.0,0.5,0.0,7,119.3,9.04235172630207,18109.67372703895,24.2999999999997,6.662,0.0,-7.0,7.5332347879218755,1.0,1.0,0.5,0.0,0.0,0.0
NGA,1978,0,0,111.9,-5.76415839390282,18270.06444120635,69326532.0,21.7092457416664,6.6025,0.0,1.0,0.0,0.0,0.0,0.0,0.0,0.0,0.5,0.0,8,115.4,6.02411784954168,18109.67372703895,15.0878340572688,6.662,0.0,-7.0,0.129979727819431,1.0,1.0,0.5,0.0,0.0,0.0
NGA,1979,0,0,108.9,6.75943093519177,18270.06444120635,71498242.0,11.7097306212117,6.6025,7.0,0.0,0.0,0.0,0.0,0.0,0.0,0.0,0.5,0.0,9,111.9,-5.76415839390282,18109.67372703895,21.7092457416664,6.662,0.0,0.0,0.49763627064447613,1.0,1.0,0.5,0.0,0.0,0.0
NGA,1980,0,0,106.5,4.20483104427292,18270.06444120635,73764641.0,9.97226199001429,6.6025,7.0,0.0,1.0,2.0,0.0,2.0,0.0,1.0,0.5,0.0,10,108.9,6.75943093519177,18109.67372703895,11.7097306212117,6.662,0.0,7.0,5.482130989732346,1.0,0.0,0.5,0.0,0.0,0.0
NGA,1981,0,0,104.7,-13.1278804850514,18270.06444120635,76068103.0,20.8128229121949,6.6025,7.0,0.0,2.0,2.0,0.0,2.0,0.0,1.0,0.5,0.0,11,106.5,4.20483104427292,18109.67372703895,9.97226199001429,6.662,2.0,7.0,-4.461524720389239,1.0,1.0,0.5,0.0,0.0,0.0
NGA,1982,0,0,103.5,-6.80338881534801,18270.06444120635,78378701.0,7.69774724714248,6.6025,7.0,0.0,3.0,2.0,0.0,2.0,0.0,1.0,0.5,0.0,12,104.7,-13.1278804850514,18109.67372703895,20.8128229121949,6.662,2.0,7.0,-9.965634650199704,1.0,0.0,0.5,0.0,0.0,0.0
NGA,1983,0,0,102.9,-10.9240850339388,18270.06444120635,80438260.0,23.2123315511559,6.6025,7.0,0.0,4.0,2.0,0.0,2.0,0.0,1.0,0.5,0.0,13,103.5,-6.80338881534801,18109.67372703895,7.69774724714248,6.662,2.0,7.0,-8.863736924643405,1.0,1.0,0.5,0.0,0.0,0.0
NGA,1984,0,0,102.8,-1.11562321716821,18270.06444120635,82526443.0,17.8205332860842,6.6025,-7.0,0.0,0.0,2.0,0.0,2.0,0.0,1.0,0.5,0.0,14,102.9,-10.9240850339388,18109.67372703895,23.2123315511559,6.662,2.0,7.0,-6.019854125553504,1.0,1.0,0.5,0.0,0.0,0.0
NGA,1985,0,0,103.0,5.91302745911393,18270.06444120635,84897973.0,7.43534482758627,6.6025,-7.0,0.0,1.0,2.0,0.0,2.0,0.0,1.0,0.5,0.0,15,102.8,-1.11562321716821,18109.67372703895,17.8205332860842,6.662,2.0,-7.0,2.39870212097286,1.0,0.0,0.5,0.0,0.0,0.0
NGA,1986,0,0,103.4,0.0609452742066878,18270.06444120635,87235953.0,5.71715145436308,6.6025,-7.0,0.0,2.0,2.0,0.0,2.0,0.0,1.0,0.5,0.0,16,103.0,5.91302745911393,18109.67372703895,7.43534482758627,6.662,2.0,-7.0,2.9869863666603087,1.0,0.0,0.5,0.0,0.0,0.0
NGA,1987,0,0,103.8,3.20012546702944,18270.06444120635,89591716.0,11.2903225806451,6.6025,-7.0,0.0,3.0,2.0,0.0,2.0,0.0,1.0,0.5,0.0,17,103.4,0.0609452742066878,18109.67372703895,5.71715145436308,6.662,2.0,-7.0,1.6305353706180639,1.0,1.0,0.5,0.0,0.0,0.0
NGA,1988,0,0,104.2,7.33402548758716,18270.06444120635,92020090.0,54.5112247797672,6.6025,-7.0,0.0,4.0,2.0,0.0,2.0,0.0,1.0,0.5,0.0,18,103.8,3.20012546702944,18109.67372703895,11.2903225806451,6.662,2.0,-7.0,5.2670754773083,1.0,1.0,0.5,0.0,0.0,0.0
NGA,1989,0,0,104.4,1.91938129589555,18270.06444120635,94531014.0,50.4666881235916,6.6025,-5.0,1.0,5.0,2.0,0.0,2.0,0.0,1.0,0.5,0.0,19,104.2,7.33402548758716,18109.67372703895,54.5112247797672,6.662,2.0,-7.0,4.626703391741355,1.0,1.0,0.5,0.0,0.0,0.0
NGA,1990,0,0,104.7,11.7768859342067,5423.80689586993,97120925.0,7.36440030557697,6.6025,-5.0,1.0,6.0,2.0,0.0,2.0,0.0,1.0,0.5,0.0,20,104.4,1.91938129589555,18109.67372703895,50.4666881235916,6.662,2.0,-5.0,6.8481336150511245,1.0,0.0,0.5,0.0,0.0,0.0
NGA,1991,0,0,104.7,0.358352601622002,5301.3634227925,99720162.0,13.0069731037427,3.831,-5.0,1.0,7.0,2.0,0.0,2.0,0.0,1.0,0.5,0.0,21,104.7,11.7768859342067,5423.80689586993,7.36440030557697,6.662,2.0,-5.0,6.067619267914351,1.0,1.0,0.5,0.0,0.0,0.0
NGA,1992,0,0,104.7,4.63119294610988,5403.15311796788,102372770.0,44.588842715023,3.79,-5.0,1.0,8.0,2.0,0.0,2.0,0.0,1.0,0.5,0.0,22,104.7,0.358352601622002,5301.3634227925,13.0069731037427,3.831,2.0,-5.0,2.494772773865941,1.0,1.0,0.5,0.0,0.0,0.0
NGA,1993,0,0,104.7,-2.03511877399539,5154.7575789977,105122069.0,57.1652528349217,4.023,-7.0,0.0,9.0,2.0,0.0,2.0,0.0,1.0,0.5,0.0,23,104.7,4.63119294610988,5403.15311796788,44.588842715023,3.79,2.0,-5.0,1.2980370860572448,1.0,1.0,0.5,0.0,0.0,0.0
NGA,1994,0,0,104.6,-1.81492448517923,4929.26827912601,107935714.0,57.031708911966,4.064,-7.0,0.0,10.0,0.0,0.0,0.0,0.0,0.0,0.5,0.0,24,104.7,-2.03511877399539,5154.7575789977,57.1652528349217,4.023,2.0,-7.0,-1.9250216295873102,1.0,1.0,0.5,0.0,0.0,0.0
NGA,1995,0,0,104.2,-0.0726647640626794,4797.5115213682,110819428.0,72.8355022972636,4.152,-6.0,0.0,11.0,0.0,0.0,0.0,0.0,0.0,0.5,0.0,25,104.6,-1.81492448517923,4929.26827912601,57.031708911966,4.064,0.0,-7.0,-0.9437946246209548,1.0,1.0,0.5,0.0,0.0,0.0
NGA,1996,0,0,103.4,4.19592404666709,4869.82113323478,113754779.0,29.2682926829272,4.043,-6.0,0.0,12.0,0.0,0.0,0.0,0.0,0.0,0.5,0.0,26,104.2,-0.0726647640626794,4797.5115213682,72.8355022972636,4.152,0.0,-6.0,2.0616296413022055,1.0,1.0,0.5,0.0,0.0,0.0
NGA,1997,0,0,102.1,2.93709941923106,4884.0474326173,116754792.0,8.52987421383633,3.964,-6.0,0.0,13.0,1.0,0.0,1.0,0.0,1.0,0.5,0.0,27,103.4,4.19592404666709,4869.82113323478,29.2682926829272,4.043,0.0,-6.0,3.566511732949075,1.0,0.0,0.5,0.0,0.0,0.0
NGA,1998,0,0,100.2,2.58125410190809,4880.87997109799,119846254.0,9.99637812386806,3.922,-1.0,1.0,0.0,1.0,0.0,1.0,0.0,1.0,0.5,0.0,28,102.1,2.93709941923106,4884.0474326173,8.52987421383633,3.964,1.0,-6.0,2.759176760569575,1.0,0.0,0.5,0.0,0.0,0.0
NGA,1999,1,0,97.7,0.584126892882125,4781.67310983975,123047320.0,6.61837339479756,3.986,4.0,1.0,0.0,1.0,0.0,1.0,0.0,1.0,0.5,0.0,29,100.2,2.58125410190809,4880.87997109799,9.99637812386806,3.922,1.0,-1.0,1.5826904973951075,1.0,0.0,0.5,0.0,0.0,0.0
NGA,2000,0,0,94.9,5.01593475936546,4889.00321921229,126382494.0,6.9332921556516,3.953,4.0,1.0,1.0,1.0,0.0,1.0,0.0,1.0,0.5,0.0,0,97.7,0.584126892882125,4781.67310983975,6.61837339479756,3.986,1.0,4.0,2.8000308261237925,1.0,0.0,0.5,0.0,0.0,0.0
NGA,2001,0,0,91.8,5.91768464924425,5039.54869754112,129862595.0,18.8736462093863,3.9,4.0,1.0,2.0,4.0,0.0,4.0,0.0,1.0,0.5,0.0,1,94.9,5.01593475936546,4889.00321921229,6.9332921556516,3.953,1.0,4.0,5.466809704304855,1.0,1.0,0.5,0.0,0.0,0.0
NGA,2002,0,0,88.6,15.3291557409618,5654.89706044216,133471989.0,12.8765792031099,3.669,4.0,1.0,3.0,4.0,0.0,4.0,0.0,1.0,0.5,0.0,2,91.8,5.91768464924425,5039.54869754112,18.8736462093863,3.9,4.0,4.0,10.623420195103025,1.0,1.0,0.5,0.0,0.0,0.0
NGA,2003,0,0,85.6,7.34719496793299,5905.31482781101,137202644.0,14.0317836131437,3.637,4.0,1.0,4.0,4.0,0.0,4.0,0.0,1.0,0.5,0.0,3,88.6,15.3291557409618,5654.89706044216,12.8765792031099,3.669,4.0,4.0,11.338175354447396,1.0,1.0,0.5,0.0,0.0,0.0
NGA,2004,0,0,82.7,9.25055822923169,6275.29894506434,141057045.0,14.9980338183251,3.59,4.0,1.0,5.0,4.0,0.0,4.0,0.0,1.0,0.5,0.0,4,85.6,7.34719496793299,5905.31482781101,14.0317836131437,3.637,4.0,4.0,8.298876598582341,1.0,1.0,0.5,0.0,0.0,0.0
NGA,2005,0,1,80.0,6.43851652535925,6496.93228175977,145017253.0,17.8634933661605,3.727,4.0,1.0,6.0,1.0,0.0,1.0,0.0,1.0,0.5,0.0,5,82.7,9.25055822923169,6275.29894506434,14.9980338183251,3.59,4.0,4.0,7.844537377295472,1.0,1.0,0.5,0.5,0.0,0.0
NGA,2006,0,1,77.7,6.05942803202491,6702.94533333874,149077334.0,8.22743678120907,3.749,4.0,1.0,7.0,1.0,0.0,1.0,0.0,1.0,0.5,0.0,6,80.0,6.43851652535925,6496.93228175977,17.8634933661605,3.727,1.0,4.0,6.248972278692082,1.0,0.0,0.5,0.5,0.0,0.0
NGA,2007,1,1,75.6,6.59113036066867,6949.42650711567,153267261.0,5.38610421570143,3.794,4.0,1.0,8.0,1.0,0.0,1.0,0.0,1.0,0.5,0.0,7,77.7,6.05942803202491,6702.94533333874,8.22743678120907,3.749,1.0,4.0,6.325279196346791,1.0,0.0,0.5,0.5,0.0,0.0
NGA,2008,0,1,73.8,6.76447277784263,7215.76946195762,157595014.0,11.583054796681,3.792,4.0,1.0,9.0,2.0,0.0,2.0,0.0,1.0,0.5,0.0,0,75.6,6.59113036066867,6949.42650711567,5.38610421570143,3.794,1.0,4.0,6.677801569255651,1.0,1.0,0.5,0.5,0.0,0.0
NGA,2009,0,1,72.3,8.03692510100366,7581.40572089092,162049464.0,12.5379242951095,3.763,4.0,1.0,10.0,5.0,3.0,2.0,0.0,1.0,0.5,0.0,1,73.8,6.76447277784263,7215.76946195762,11.583054796681,3.792,2.0,4.0,7.400698939423147,1.0,1.0,0.5,0.5,0.0,0.0
NGA,2010,0,0,71.1,8.00565591623166,7962.63957281031,166642886.0,13.7400521363694,3.744,4.0,1.0,11.0,5.0,3.0,2.0,0.0,1.0,0.5,0.0,2,72.3,8.03692510100366,7581.40572089092,12.5379242951095,3.763,5.0,4.0,8.021290508617662,1.0,1.0,0.5,0.0,0.0,0.0
NGA,2011,0,0,70.0,5.30792420293915,8153.53178650271,171379598.0,10.8261371880018,3.77,4.0,1.0,12.0,4.0,3.0,1.0,0.0,1.0,0.5,0.0,3,71.1,8.00565591623166,7962.63957281031,13.7400521363694,3.744,5.0,4.0,6.656790059585407,1.0,1.0,0.5,0.0,0.0,0.0
NGA,2012,0,0,69.1,4.23006117492493,8265.90551181051,176200625.0,12.2242413020582,3.761,4.0,1.0,13.0,4.0,3.0,1.0,0.0,1.0,0.5,0.0,4,70.0,5.30792420293915,8153.53178650271,10.8261371880018,3.77,4.0,4.0,4.768992688932041,1.0,1.0,0.5,0.0,0.0,0.0
NGA,2013,0,0,68.5,6.67133539308232,8581.20782264031,181049443.0,8.49551838265678,3.711,4.0,1.0,14.0,4.0,3.0,1.0,0.0,1.0,0.5,0.0,5,69.1,4.23006117492493,8265.90551181051,12.2242413020582,3.761,4.0,4.0,5.450698284003627,1.0,0.0,0.5,0.0,0.0,0.0
NGA,2014,0,0,68.1,6.30971865521856,8884.77428628672,185896915.0,8.04741087967907,3.9,4.0,1.0,15.0,4.0,3.0,1.0,0.0,1.0,0.5,0.0,6,68.5,6.67133539308232,8581.20782264031,8.49551838265678,3.711,4.0,4.0,6.490527024150442,1.0,0.0,0.5,0.0,0.0,0.0
NGA,2015,1,1,68.0,2.65269329541779,8892.05798673631,190671878.0,9.00943498007706,4.134,7.0,0.0,0.0,4.0,3.0,1.0,0.0,1.0,0.5,0.0,7,68.1,6.30971865521856,8884.77428628672,8.04741087967907,3.9,4.0,4.0,4.4812059753181765,1.0,0.0,0.5,0.5,0.0,0.0
NGA,2016,0,2,68.1,-1.61686894903467,8534.69281482375,195443700.0,15.6968126387972,4.499,7.0,0.0,1.0,4.0,3.0,1.0,0.0,1.0,0.5,0.0,0,68.0,2.65269329541779,8892.05798673631,9.00943498007706,4.134,4.0,7.0,0.5179121731915618,1.0,1.0,0.5,1.0,0.0,1.0
NGA,2017,0,2,68.3,0.805886619091581,8396.78452243227,200254579.0,16.5022662139641,4.83,7.0,0.0,2.0,4.0,3.0,1.0,0.0,1.0,0.5,0.0,1,68.1,-1.61686894903467,8534.69281482375,15.6968126387972,4.499,4.0,7.0,-0.4054911649715427,1.0,1.0,0.5,1.0,0.0,1.0
NGA,2018,0,2,68.7,1.92275734199798,8362.62330860296,204938755.0,12.0951065173432,5.069,7.0,0.0,3.0,4.0,3.0,1.0,0.0,1.0,0.5,0.0,2,68.3,0.805886619091581,8396.78452243227,16.5022662139641,4.83,4.0,7.0,1.3643219805447822,1.0,1.0,0.5,1.0,0.0,1.0
NGA,2019,0,2,69.1,2.20842927835211,8361.78664836,209485641.0,11.3964223378115,5.206,7.0,0.0,3.0,4.0,3.0,1.0,0.0,1.0,0.5,0.0,3,68.7,1.92275734199798,8362.62330860296,12.0951065173432,5.069,4.0,7.0,2.0655933101750468,1.0,1.0,0.5,1.0,0.0,1.0
NGA,2020,0,3,69.5,-6.36889840468527,7664.21099575168,213996181.0,13.2460234276598,5.714,7.0,0.0,3.0,4.0,3.0,1.0,0.0,1.0,0.5,0.0,4,69.1,2.20842927835211,8361.78664836,11.3964223378115,5.206,4.0,7.0,-2.080234563166578,1.0,1.0,0.5,1.5,0.0,1.0
NGA,2021,0,3,69.9,1.109252540249,7588.47885587002,218529286.0,16.9528457221608,5.404,7.0,0.0,3.0,4.0,3.0,1.0,0.0,1.0,0.5,0.0,5,69.5,-6.36889840468527,7664.21099575168,13.2460234276598,5.714,4.0,7.0,-2.6298229322181332,1.0,1.0,0.5,1.5,0.0,1.0
NGA,2022,0,3,70.2,4.31882949157136,7752.26206495247,223150896.0,18.8471877843274,3.827,7.0,0.0,3.0,4.0,3.0,1.0,0.0,1.0,0.5,0.0,6,69.9,1.109252540249,7588.47885587002,16.9528457221608,5.404,4.0,7.0,2.7140410159101815,1.0,1.0,0.5,1.5,0.0,1.0
NGA,2023,1,3,70.1,3.31590368111438,7843.00399007675,227882945.0,24.659550203114,3.074,7.0,0.0,3.0,4.0,3.0,1.0,0.0,1.0,0.5,0.0,7,70.2,4.31882949157136,7752.26206495247,18.8471877843274,3.827,4.0,7.0,3.817366586342872,1.0,1.0,0.5,1.5,0.0,1.0
NGA,2024,0,3,69.8,4.07106650147703,7994.03754470824,232679478.0,33.2416590552749,3.045,7.0,0.0,3.0,4.0,3.0,1.0,0.0,1.0,0.5,0.0,0,70.1,3.31590368111438,7843.00399007675,24.659550203114,3.074,4.0,7.0,3.6934850912957065,1.0,1.0,0.5,1.5,0.0,1.0
NIC,1970,0,0,123.2,1.35382659012741,18270.06444120635,2423065.0,5.531981770439344,6.6025,-8.0,0.0,34.0,0.0,0.0,0.0,0.0,0.0,0.5,0.0,0,18.4,3.53620866972961,18109.67372703895,5.66318573909345,6.662,0.0,8.0,1.35382659012741,1.0,0.0,0.5,0.0,0.0,0.0
NIC,1971,0,0,121.8,3.30475650020483,18270.06444120635,2499825.0,5.531981770439344,6.6025,-8.0,0.0,35.0,0.0,0.0,0.0,0.0,0.0,0.5,0.0,1,123.2,1.35382659012741,18109.67372703895,5.66318573909345,6.662,0.0,-8.0,2.32929154516612,1.0,0.0,0.5,0.0,0.0,0.0
NIC,1972,0,0,130.4,2.22072289181064,18270.06444120635,2573578.0,5.531981770439344,6.6025,-8.0,0.0,36.0,0.0,0.0,0.0,0.0,0.0,0.5,0.0,2,121.8,3.30475650020483,18109.67372703895,5.66318573909345,6.662,0.0,-8.0,2.762739696007735,1.0,0.0,0.5,0.0,0.0,0.0
NIC,1973,0,0,118.4,6.41701397366108,18270.06444120635,2649278.0,5.531981770439344,6.6025,-8.0,0.0,37.0,0.0,0.0,0.0,0.0,0.0,0.5,0.0,3,130.4,2.22072289181064,18109.67372703895,5.66318573909345,6.662,0.0,-8.0,4.31886843273586,1.0,0.0,0.5,0.0,0.0,0.0
NIC,1974,0,0,115.5,14.1924250953043,18270.06444120635,2732075.0,5.531981770439344,6.6025,-8.0,0.0,38.0,0.0,0.0,0.0,0.0,0.0,0.5,0.0,4,118.4,6.41701397366108,18109.67372703895,5.66318573909345,6.662,0.0,-8.0,10.30471953448269,1.0,0.0,0.5,0.0,0.0,0.0
NIC,1975,0,0,111.5,-0.153246894342743,18270.06444120635,2816943.0,5.531981770439344,6.6025,-8.0,0.0,39.0,0.0,0.0,0.0,0.0,0.0,0.5,0.0,5,115.5,14.1924250953043,18109.67372703895,5.66318573909345,6.662,0.0,-8.0,7.019589100480778,1.0,0.0,0.5,0.0,0.0,0.0
NIC,1976,0,0,106.7,5.20945449847707,18270.06444120635,2903851.0,5.531981770439344,6.6025,-8.0,0.0,40.0,0.0,0.0,0.0,0.0,0.0,0.5,0.0,6,111.5,-0.153246894342743,18109.67372703895,5.66318573909345,6.662,0.0,-8.0,2.5281038020671636,1.0,0.0,0.5,0.0,0.0,0.0
NIC,1977,0,0,101.2,8.36848053029937,18270.06444120635,2992534.0,5.531981770439344,6.6025,-8.0,0.0,41.0,0.0,0.0,0.0,0.0,0.0,0.5,0.0,7,106.7,5.20945449847707,18109.67372703895,5.66318573909345,6.662,0.0,-8.0,6.78896751438822,1.0,0.0,0.5,0.0,0.0,0.0
NIC,1978,0,0,95.3,-7.83880037064259,18270.06444120635,3080314.0,5.531981770439344,6.6025,-8.0,0.0,42.0,3.0,3.0,0.0,0.0,1.0,0.5,0.0,8,101.2,8.36848053029937,18109.67372703895,5.66318573909345,6.662,0.0,-8.0,0.2648400798283901,1.0,0.0,0.5,0.0,0.0,0.0
NIC,1979,0,0,89.1,-26.478788867521,18270.06444120635,3164525.0,5.531981770439344,6.6025,-3.0,1.0,0.0,3.0,3.0,0.0,0.0,1.0,0.5,0.0,9,95.3,-7.83880037064259,18109.67372703895,5.66318573909345,6.662,3.0,-8.0,-17.158794619081796,1.0,0.0,0.5,0.0,0.0,0.0
NIC,1980,0,0,83.4,4.6117322795338,18270.06444120635,3252403.0,5.531981770439344,6.6025,-3.0,1.0,1.0,0.0,0.0,0.0,0.0,0.0,0.5,0.0,10,89.1,-26.478788867521,18109.67372703895,5.66318573909345,6.662,3.0,-3.0,-10.9335282939936,1.0,0.0,0.5,0.0,0.0,0.0
NIC,1981,0,0,78.5,5.36329018938126,18270.06444120635,3345674.0,5.531981770439344,6.6025,-5.0,1.0,2.0,4.0,3.0,0.0,1.0,1.0,0.5,0.0,11,83.4,4.6117322795338,18109.67372703895,5.66318573909345,6.662,0.0,-3.0,4.98751123445753,1.0,0.0,0.5,0.0,0.0,0.0
NIC,1982,0,0,73.9,-0.816361918743468,18270.06444120635,3438745.0,5.531981770439344,6.6025,-5.0,1.0,3.0,4.0,3.0,0.0,1.0,1.0,0.5,0.0,12,78.5,5.36329018938126,18109.67372703895,5.66318573909345,6.662,4.0,-5.0,2.2734641353188962,1.0,0.0,0.5,0.0,0.0,0.0
NIC,1983,0,0,70.0,4.61321162700499,18270.06444120635,3530282.0,5.531981770439344,6.6025,-5.0,1.0,4.0,4.0,3.0,0.0,1.0,1.0,0.5,0.0,13,73.9,-0.816361918743468,18109.67372703895,5.66318573909345,6.662,4.0,-5.0,1.8984248541307611,1.0,0.0,0.5,0.0,0.0,0.0
NIC,1984,0,0,67.1,-1.56609391319724,18270.06444120635,3619104.0,5.531981770439344,6.6025,-1.0,1.0,0.0,4.0,3.0,0.0,1.0,1.0,0.5,0.0,14,70.0,4.61321162700499,18109.67372703895,5.66318573909345,6.662,4.0,-5.0,1.523558856903875,1.0,0.0,0.5,0.0,0.0,0.0
NIC,1985,0,0,65.0,-4.08185148731935,18270.06444120635,3706479.0,5.531981770439344,6.6025,-1.0,1.0,1.0,4.0,3.0,0.0,1.0,1.0,0.5,0.0,15,67.1,-1.56609391319724,18109.67372703895,5.66318573909345,6.662,4.0,-1.0,-2.823972700258295,1.0,0.0,0.5,0.0,0.0,0.0
NIC,1986,0,0,63.5,-1.01730916120101,18270.06444120635,3794157.0,5.531981770439344,6.6025,-1.0,1.0,2.0,4.0,3.0,0.0,1.0,1.0,0.5,0.0,16,65.0,-4.08185148731935,18109.67372703895,5.66318573909345,6.662,4.0,-1.0,-2.5495803242601798,1.0,0.0,0.5,0.0,0.0,0.0
NIC,1987,0,0,62.1,-0.706352941499915,18270.06444120635,3882164.0,5.531981770439344,6.6025,-1.0,1.0,3.0,3.0,3.0,0.0,0.0,1.0,0.5,0.0,17,63.5,-1.01730916120101,18109.67372703895,5.66318573909345,6.662,4.0,-1.0,-0.8618310513504625,1.0,0.0,0.5,0.0,0.0,0.0
NIC,1988,0,0,60.7,-12.4498220367125,18270.06444120635,3972320.0,5.531981770439344,6.6025,-1.0,1.0,4.0,3.0,3.0,0.0,0.0,1.0,0.5,0.0,18,62.1,-0.706352941499915,18109.67372703895,5.66318573909345,6.662,3.0,-1.0,-6.578087489106208,1.0,0.0,0.5,0.0,0.0,0.0
NIC,1989,0,0,59.0,-1.73821633052118,18270.06444120635,4066476.0,5.531981770439344,6.6025,-1.0,1.0,5.0,3.0,3.0,0.0,0.0,1.0,0.5,0.0,19,60.7,-12.4498220367125,18109.67372703895,5.66318573909345,6.662,3.0,-1.0,-7.09401918361684,1.0,0.0,0.5,0.0,0.0,0.0
NIC,1990,1,0,56.8,-0.0524997212688305,4217.60862404171,4162559.0,5.531981770439344,6.6025,6.0,0.0,0.0,3.0,3.0,0.0,0.0,1.0,0.5,0.0,20,59.0,-1.73821633052118,18109.67372703895,5.66318573909345,6.662,3.0,-1.0,-0.8953580258950052,1.0,0.0,0.5,0.0,0.0,0.0
NIC,1991,0,0,54.0,-0.189281493926757,4113.68724441326,4259637.0,5.531981770439344,7.909,6.0,0.0,1.0,0.0,0.0,0.0,0.0,0.0,0.5,0.0,0,56.8,-0.0524997212688305,4217.60862404171,5.66318573909345,6.662,3.0,6.0,-0.12089060759779374,1.0,0.0,0.5,0.0,0.0,0.0
NIC,1992,0,0,51.0,0.386346578416166,4037.27523925249,4357026.0,5.531981770439344,7.809,6.0,0.0,2.0,0.0,0.0,0.0,0.0,0.0,0.5,0.0,1,54.0,-0.189281493926757,4113.68724441326,5.66318573909345,7.909,0.0,6.0,0.09853254224470451,1.0,0.0,0.5,0.0,0.0,0.0
NIC,1993,0,0,48.1,-0.392936046663081,3934.09251375615,4453732.0,5.531981770439344,7.833,6.0,0.0,3.0,0.0,0.0,0.0,0.0,0.0,0.5,0.0,2,51.0,0.386346578416166,4037.27523925249,5.66318573909345,7.809,0.0,6.0,-0.0032947341234575156,1.0,0.0,0.5,0.0,0.0,0.0
NIC,1994,0,0,45.5,3.33772611282539,3979.9850907218,4549316.0,5.531981770439344,7.668,6.0,0.0,4.0,0.0,0.0,0.0,0.0,0.0,0.5,0.0,3,48.1,-0.392936046663081,3934.09251375615,5.66318573909345,7.833,0.0,6.0,1.4723950330811544,1.0,0.0,0.5,0.0,0.0,0.0
NIC,1995,0,0,43.1,5.91190793658714,4130.28587120845,4642931.0,5.531981770439344,7.414,8.0,0.0,5.0,0.0,0.0,0.0,0.0,0.0,0.5,0.0,4,45.5,3.33772611282539,3979.9850907218,5.66318573909345,7.668,0.0,6.0,4.624817024706265,1.0,0.0,0.5,0.0,0.0,0.0
NIC,1996,1,0,40.6,6.3442683605154,4311.49290177286,4729974.0,5.531981770439344,7.12,8.0,0.0,6.0,0.0,0.0,0.0,0.0,0.0,0.5,0.0,5,43.1,5.91190793658714,4130.28587120845,5.66318573909345,7.414,0.0,8.0,6.12808814855127,1.0,0.0,0.5,0.0,0.0,0.0
NIC,1997,0,0,38.2,3.96665092760821,4408.32862712595,4809573.0,5.531981770439344,7.1,8.0,0.0,7.0,0.0,0.0,0.0,0.0,0.0,0.5,0.0,0,40.6,6.3442683605154,4311.49290177286,5.66318573909345,7.12,0.0,8.0,5.155459644061805,1.0,0.0,0.5,0.0,0.0,0.0
NIC,1998,0,0,38.5,3.71168146396694,4502.59808761279,4883655.0,5.531981770439344,7.203,8.0,0.0,8.0,0.0,0.0,0.0,0.0,0.0,0.5,0.0,1,38.2,3.96665092760821,4408.32862712595,5.66318573909345,7.1,0.0,8.0,3.839166195787575,1.0,0.0,0.5,0.0,0.0,0.0
NIC,1999,0,0,33.5,7.03597046350201,4750.94857427409,4954018.0,5.531981770439344,7.18,8.0,0.0,9.0,0.0,0.0,0.0,0.0,0.0,0.5,0.0,2,38.5,3.71168146396694,4502.59808761279,5.66318573909345,7.203,0.0,8.0,5.3738259637344745,1.0,0.0,0.5,0.0,0.0,0.0
NIC,2000,0,0,31.6,4.10159025073438,4878.2474679883,5022633.0,7.06991352252517,7.181,8.0,0.0,10.0,0.0,0.0,0.0,0.0,0.0,0.5,0.0,3,33.5,7.03597046350201,4750.94857427409,5.66318573909345,7.18,0.0,8.0,5.568780357118195,1.0,0.0,0.5,0.0,0.0,0.0
NIC,2001,0,0,30.1,2.96084349057273,4958.32740448527,5087825.0,5.98604186279518,7.222,8.0,0.0,11.0,0.0,0.0,0.0,0.0,0.0,0.5,0.0,4,31.6,4.10159025073438,4878.2474679883,7.06991352252517,7.181,0.0,8.0,3.5312168706535543,1.0,0.0,0.5,0.0,0.0,0.0
NIC,2002,0,0,28.8,0.753938876079573,4935.48508468148,5149909.0,3.75017465778466,7.517,8.0,0.0,12.0,0.0,0.0,0.0,0.0,0.0,0.5,0.0,5,30.1,2.96084349057273,4958.32740448527,5.98604186279518,7.222,0.0,8.0,1.8573911833261512,1.0,0.0,0.5,0.0,0.0,0.0
NIC,2003,0,0,27.7,2.52073289551447,5000.61145616409,5210963.0,5.30238773219936,7.6,8.0,0.0,13.0,0.0,0.0,0.0,0.0,0.0,0.5,0.0,6,28.8,0.753938876079573,4935.48508468148,3.75017465778466,7.517,0.0,8.0,1.637335885797021,1.0,0.0,0.5,0.0,0.0,0.0
NIC,2004,0,0,26.6,5.31217056950739,5204.38170601052,5272912.0,8.47021063584077,6.41,8.0,0.0,14.0,0.0,0.0,0.0,0.0,0.0,0.5,0.0,7,27.7,2.52073289551447,5000.61145616409,5.30238773219936,7.6,0.0,8.0,3.9164517325109296,1.0,0.0,0.5,0.0,0.0,0.0
NIC,2005,0,0,25.5,4.28239833770654,5356.95817825808,5342105.0,9.59909986064425,5.37,8.0,0.0,15.0,0.0,0.0,0.0,0.0,0.0,0.5,0.0,8,26.6,5.31217056950739,5204.38170601052,8.47021063584077,6.41,0.0,8.0,4.797284453606964,1.0,0.0,0.5,0.0,0.0,0.0
NIC,2006,1,0,24.4,4.15294559846254,5500.40543544526,5418855.0,9.1401996677772,5.31,8.0,0.0,16.0,0.0,0.0,0.0,0.0,0.0,0.5,0.0,9,25.5,4.28239833770654,5356.95817825808,9.59909986064425,5.37,0.0,8.0,4.21767196808454,1.0,0.0,0.5,0.0,0.0,0.0
NIC,2007,0,0,23.3,5.0763520180987,5697.2107429964,5497243.0,11.1269347446118,4.89,9.0,0.0,17.0,0.0,0.0,0.0,0.0,0.0,0.5,0.0,0,24.4,4.15294559846254,5500.40543544526,9.1401996677772,5.31,0.0,8.0,4.61464880828062,1.0,1.0,0.5,0.0,0.0,0.0
NIC,2008,0,0,22.3,3.43571693608081,5809.09928522386,5576593.0,19.8262031287429,6.2,9.0,0.0,18.0,0.0,0.0,0.0,0.0,0.0,0.5,0.0,1,23.3,5.0763520180987,5697.2107429964,11.1269347446118,4.89,0.0,9.0,4.256034477089755,1.0,1.0,0.5,0.0,0.0,0.0
NIC,2009,0,0,21.2,-3.2926651586197,5538.36555049931,5656601.0,3.68700160498797,8.16,9.0,0.0,19.0,0.0,0.0,0.0,0.0,0.0,0.5,0.0,2,22.3,3.43571693608081,5809.09928522386,19.8262031287429,6.2,0.0,9.0,0.07152588873055454,1.0,0.0,0.5,0.0,0.0,0.0
NIC,2010,0,0,20.1,4.41009911716546,5701.12754906379,5737450.0,5.45513425887423,7.83,9.0,0.0,20.0,0.0,0.0,0.0,0.0,0.0,0.5,0.0,3,21.2,-3.2926651586197,5538.36555049931,3.68700160498797,8.16,0.0,9.0,0.5587169792728797,1.0,0.0,0.5,0.0,0.0,0.0
NIC,2011,0,0,19.0,6.31668553491842,5976.25247519395,5819051.0,8.082387980991,6.613,9.0,0.0,21.0,0.0,0.0,0.0,0.0,0.0,0.5,0.0,4,20.1,4.41009911716546,5701.12754906379,5.45513425887423,7.83,0.0,9.0,5.363392326041939,1.0,0.0,0.5,0.0,0.0,0.0
NIC,2012,0,0,18.0,6.4961364710876,6275.78730248003,5901287.0,7.1935505333896,5.208,9.0,0.0,22.0,0.0,0.0,0.0,0.0,0.0,0.5,0.0,5,19.0,6.31668553491842,5976.25247519395,8.082387980991,6.613,0.0,9.0,6.40641100300301,0.0,0.0,0.0,0.0,0.0,0.0
NIC,2013,0,0,17.0,4.92709413447304,6494.14920922407,5983845.0,7.13546785289407,5.28,9.0,0.0,23.0,0.0,0.0,0.0,0.0,0.0,0.5,0.0,6,18.0,6.4961364710876,6275.78730248003,7.1935505333896,5.208,0.0,9.0,5.71161530278032,0.0,0.0,0.0,0.0,0.0,0.0
NIC,2014,0,0,16.0,4.78546013589983,6712.21708286288,6066492.0,6.03596861798425,4.52,9.0,0.0,24.0,0.0,0.0,0.0,0.0,0.0,0.5,0.0,7,17.0,4.92709413447304,6494.14920922407,7.13546785289407,5.28,0.0,9.0,4.856277135186435,0.0,0.0,0.0,0.0,0.0,0.0
NIC,2015,0,0,15.0,4.79226768332697,6939.03243274344,6149417.0,3.99737996694396,4.7,9.0,0.0,25.0,0.0,0.0,0.0,0.0,0.0,0.5,0.0,8,16.0,4.78546013589983,6712.21708286288,6.03596861798425,4.52,0.0,9.0,4.788863909613399,0.0,0.0,0.0,0.0,0.0,0.0
NIC,2016,0,0,14.2,4.56314739524967,7158.75755467501,6232666.0,3.52317317628473,3.9,6.0,0.0,0.0,0.0,0.0,0.0,0.0,0.0,0.5,0.0,9,15.0,4.79226768332697,6939.03243274344,3.99737996694396,4.7,0.0,9.0,4.67770753928832,0.0,0.0,0.0,0.0,0.0,0.0
NIC,2017,0,0,13.4,4.63120757580209,7391.19638215265,6316231.0,3.85067166284727,3.3,6.0,0.0,1.0,0.0,0.0,0.0,0.0,0.0,0.5,0.0,10,14.2,4.56314739524967,7158.75755467501,3.52317317628473,3.9,0.0,6.0,4.597177485525879,0.0,0.0,0.0,0.0,0.0,0.0
NIC,2018,0,0,12.9,-3.3633566598573,7049.02709828403,6400080.0,4.94723728039886,5.2,6.0,0.0,2.0,0.0,0.0,0.0,0.0,0.0,0.5,0.0,11,13.4,4.63120757580209,7391.19638215265,3.85067166284727,3.3,0.0,6.0,0.6339254579723947,0.0,0.0,0.0,0.0,0.0,0.0
NIC,2019,0,0,12.6,-2.89686986728901,6756.59334024487,6483657.0,5.37628990844126,5.457,6.0,0.0,2.0,0.0,0.0,0.0,0.0,0.0,0.5,0.0,12,12.9,-3.3633566598573,7049.02709828403,4.94723728039886,5.2,0.0,6.0,-3.1301132635731554,0.0,0.0,0.0,0.0,0.0,0.0
NIC,2020,0,0,12.5,-2.23654176262323,6523.36944661195,6565267.0,3.68181341625572,6.18,6.0,0.0,2.0,0.0,0.0,0.0,0.0,0.0,0.5,0.0,13,12.6,-2.89686986728901,6756.59334024487,5.37628990844126,5.457,0.0,6.0,-2.56670581495612,0.0,0.0,0.0,0.0,0.0,0.0
NIC,2021,0,0,12.5,10.4543887816515,7119.16874782601,6644741.0,4.92841396948968,6.076,6.0,0.0,2.0,0.0,0.0,0.0,0.0,0.0,0.5,0.0,14,12.5,-2.23654176262323,6523.36944661195,3.68181341625572,6.18,0.0,6.0,4.108923509514135,0.0,0.0,0.0,0.0,0.0,0.0
NIC,2022,0,0,12.6,3.55027477135765,7277.82041652584,6730654.0,10.4674244465991,4.969,6.0,0.0,2.0,0.0,0.0,0.0,0.0,0.0,0.5,0.0,15,12.5,10.4543887816515,7119.16874782601,4.92841396948968,6.076,0.0,6.0,7.002331776504575,0.0,1.0,0.0,0.0,0.0,0.0
NIC,2023,0,0,12.0,4.42779393186883,7496.53056557505,6823613.0,8.38765854872536,4.698,6.0,0.0,2.0,0.0,0.0,0.0,0.0,0.0,0.5,0.0,16,12.6,3.55027477135765,7277.82041652584,10.4674244465991,4.969,0.0,6.0,3.98903435161324,0.0,0.0,0.0,0.0,0.0,0.0
NIC,2024,0,0,9.4,3.58094495324541,7661.09410113202,6916140.0,4.62473841057141,4.98,6.0,0.0,2.0,0.0,0.0,0.0,0.0,0.0,0.5,0.0,17,12.0,4.42779393186883,7496.53056557505,8.38765854872536,4.698,0.0,6.0,4.00436944255712,0.0,0.0,0.0,0.0,0.0,0.0
NLD,1970,0,0,12.6,6.14018151825016,18270.06444120635,13038526.0,3.66891820184056,6.6025,10.0,0.0,25.0,0.0,0.0,0.0,0.0,0.0,0.5,0.0,0,18.4,3.53620866972961,18109.67372703895,5.66318573909345,6.662,0.0,8.0,6.14018151825016,0.0,0.0,0.0,0.0,0.0,0.0
NLD,1971,0,0,12.1,4.31698034729853,18270.06444120635,13194497.0,7.47769255204135,6.6025,10.0,0.0,26.0,0.0,0.0,0.0,0.0,0.0,0.5,0.0,1,12.6,6.14018151825016,18109.67372703895,3.66891820184056,6.662,0.0,10.0,5.228580932774346,0.0,0.0,0.0,0.0,0.0,0.0
NLD,1972,0,0,11.7,3.53387449555808,18270.06444120635,13328593.0,7.80279143456221,6.6025,10.0,0.0,27.0,0.0,0.0,0.0,0.0,0.0,0.5,0.0,2,12.1,4.31698034729853,18109.67372703895,7.47769255204135,6.662,0.0,10.0,3.925427421428305,0.0,0.0,0.0,0.0,0.0,0.0
NLD,1973,0,0,11.3,5.44422319799096,18270.06444120635,13439322.0,8.02220374966094,6.6025,10.0,0.0,28.0,0.0,0.0,0.0,0.0,0.0,0.5,0.0,3,11.7,3.53387449555808,18109.67372703895,7.80279143456221,6.662,0.0,10.0,4.489048846774519,0.0,0.0,0.0,0.0,0.0,0.0
NLD,1974,0,0,10.8,3.4387177026689,18270.06444120635,13545056.0,9.591424843251,6.6025,10.0,0.0,29.0,0.0,0.0,0.0,0.0,0.0,0.5,0.0,4,11.3,5.44422319799096,18109.67372703895,8.02220374966094,6.662,0.0,10.0,4.44147045032993,0.0,0.0,0.0,0.0,0.0,0.0
NLD,1975,0,0,10.4,0.00202875594803231,18270.06444120635,13666335.0,10.2174805273043,6.6025,10.0,0.0,30.0,0.0,0.0,0.0,0.0,0.0,0.5,0.0,5,10.8,3.4387177026689,18109.67372703895,9.591424843251,6.662,0.0,10.0,1.7203732293084661,0.0,1.0,0.0,0.0,0.0,0.0
NLD,1976,0,0,10.0,4.45630944629636,18270.06444120635,13774037.0,8.83064355905726,6.6025,10.0,0.0,31.0,0.0,0.0,0.0,0.0,0.0,0.5,0.0,6,10.4,0.00202875594803231,18109.67372703895,10.2174805273043,6.662,0.0,10.0,2.229169101122196,0.0,0.0,0.0,0.0,0.0,0.0
NLD,1977,0,0,9.7,2.52044058142084,18270.06444120635,13856185.0,6.39930319039242,6.6025,10.0,0.0,32.0,0.0,0.0,0.0,0.0,0.0,0.5,0.0,7,10.0,4.45630944629636,18109.67372703895,8.83064355905726,6.662,0.0,10.0,3.4883750138586,0.0,0.0,0.0,0.0,0.0,0.0
NLD,1978,0,0,9.3,2.6962468211259,18270.06444120635,13941700.0,4.11201316875867,6.6025,10.0,0.0,33.0,0.0,0.0,0.0,0.0,0.0,0.5,0.0,8,9.7,2.52044058142084,18109.67372703895,6.39930319039242,6.662,0.0,10.0,2.60834370127337,0.0,0.0,0.0,0.0,0.0,0.0
NLD,1979,0,0,9.0,2.01416625857843,18270.06444120635,14038270.0,4.19929296222732,6.6025,10.0,0.0,34.0,0.0,0.0,0.0,0.0,0.0,0.5,0.0,9,9.3,2.6962468211259,18109.67372703895,4.11201316875867,6.662,0.0,10.0,2.355206539852165,0.0,0.0,0.0,0.0,0.0,0.0
NLD,1980,0,0,8.8,1.34191409240884,18270.06444120635,14149800.0,6.51345686297215,6.6025,10.0,0.0,35.0,0.0,0.0,0.0,0.0,0.0,0.5,0.0,10,9.0,2.01416625857843,18109.67372703895,4.19929296222732,6.662,0.0,10.0,1.678040175493635,0.0,0.0,0.0,0.0,0.0,0.0
NLD,1981,0,0,8.5,-0.78361166175803,18270.06444120635,14247208.0,6.73892955078451,6.6025,10.0,0.0,36.0,0.0,0.0,0.0,0.0,0.0,0.5,0.0,11,8.8,1.34191409240884,18109.67372703895,6.51345686297215,6.662,0.0,10.0,0.279151215325405,0.0,0.0,0.0,0.0,0.0,0.0
NLD,1982,0,0,8.4,-1.24075669199284,18270.06444120635,14312690.0,5.91109323984916,6.6025,10.0,0.0,37.0,0.0,0.0,0.0,0.0,0.0,0.5,0.0,12,8.5,-0.78361166175803,18109.67372703895,6.73892955078451,6.662,0.0,10.0,-1.0121841768754352,0.0,0.0,0.0,0.0,0.0,0.0
NLD,1983,0,0,8.2,2.06995815677583,18270.06444120635,14367070.0,2.74084282543433,6.6025,10.0,0.0,38.0,0.0,0.0,0.0,0.0,0.0,0.5,0.0,13,8.4,-1.24075669199284,18109.67372703895,5.91109323984916,6.662,0.0,10.0,0.414600732391495,0.0,0.0,0.0,0.0,0.0,0.0
NLD,1984,0,0,8.0,3.06167877138195,18270.06444120635,14424211.0,3.30163841997983,6.6025,10.0,0.0,39.0,0.0,0.0,0.0,0.0,0.0,0.5,0.0,14,8.2,2.06995815677583,18109.67372703895,2.74084282543433,6.662,0.0,10.0,2.56581846407889,0.0,0.0,0.0,0.0,0.0,0.0
NLD,1985,0,0,7.9,2.58018000128781,18270.06444120635,14491632.0,2.25858401255268,6.6025,10.0,0.0,40.0,0.0,0.0,0.0,0.0,0.0,0.5,0.0,15,8.0,3.06167877138195,18109.67372703895,3.30163841997983,6.662,0.0,10.0,2.82092938633488,0.0,0.0,0.0,0.0,0.0,0.0
NLD,1986,0,0,7.7,2.78697583712109,18270.06444120635,14572278.0,0.0833479494867508,6.6025,10.0,0.0,41.0,0.0,0.0,0.0,0.0,0.0,0.5,0.0,16,7.9,2.58018000128781,18109.67372703895,2.25858401255268,6.662,0.0,10.0,2.68357791920445,0.0,0.0,0.0,0.0,0.0,0.0
NLD,1987,0,0,7.5,1.9312485744144,18270.06444120635,14665037.0,-0.691203091336868,6.6025,10.0,0.0,42.0,0.0,0.0,0.0,0.0,0.0,0.5,0.0,17,7.7,2.78697583712109,18109.67372703895,0.0833479494867508,6.662,0.0,10.0,2.359112205767745,0.0,0.0,0.0,0.0,0.0,0.0
NLD,1988,0,0,7.2,3.44121890433911,18270.06444120635,14760094.0,0.737943045747553,6.6025,10.0,0.0,43.0,0.0,0.0,0.0,0.0,0.0,0.5,0.0,18,7.5,1.9312485744144,18109.67372703895,-0.691203091336868,6.662,0.0,10.0,2.686233739376755,0.0,0.0,0.0,0.0,0.0,0.0
NLD,1989,0,0,7.0,4.42011793059889,18270.06444120635,14848907.0,1.08216015577775,6.6025,10.0,0.0,44.0,0.0,0.0,0.0,0.0,0.0,0.5,0.0,19,7.2,3.44121890433911,18109.67372703895,0.737943045747553,6.662,0.0,10.0,3.930668417469,0.0,0.0,0.0,0.0,0.0,0.0
NLD,1990,0,0,6.8,4.18322289611109,43128.3071656086,14951510.0,2.45408985919675,6.6025,10.0,0.0,45.0,0.0,0.0,0.0,0.0,0.0,0.5,0.0,20,7.0,4.42011793059889,18109.67372703895,1.08216015577775,6.662,0.0,10.0,4.30167041335499,0.0,0.0,0.0,0.0,0.0,0.0
NLD,1991,0,0,6.5,2.4391343395225,43833.4785051351,15069798.0,3.15819751859096,7.285,10.0,0.0,46.0,0.0,0.0,0.0,0.0,0.0,0.5,0.0,21,6.8,4.18322289611109,43128.3071656086,2.45408985919675,6.662,0.0,10.0,3.311178617816795,0.0,0.0,0.0,0.0,0.0,0.0
NLD,1992,0,0,6.3,1.70607100505794,44245.5198247957,15184166.0,3.18358569499581,5.555,10.0,0.0,47.0,0.0,0.0,0.0,0.0,0.0,0.5,0.0,22,6.5,2.4391343395225,43833.4785051351,3.15819751859096,7.285,0.0,10.0,2.0726026722902198,0.0,0.0,0.0,0.0,0.0,0.0
NLD,1993,0,0,6.1,1.25755214528137,44490.7504466441,15290368.0,2.58418115634715,6.287,10.0,0.0,48.0,0.0,0.0,0.0,0.0,0.0,0.5,0.0,23,6.3,1.70607100505794,44245.5198247957,3.18358569499581,5.555,0.0,10.0,1.481811575169655,0.0,0.0,0.0,0.0,0.0,0.0
NLD,1994,1,0,5.9,2.96109252246121,45532.7986659915,15382838.0,2.80152693672192,7.159,10.0,0.0,49.0,0.0,0.0,0.0,0.0,0.0,0.5,0.0,24,6.1,1.25755214528137,44490.7504466441,2.58418115634715,6.287,0.0,10.0,2.1093223338712903,0.0,0.0,0.0,0.0,0.0,0.0
NLD,1995,0,0,5.7,3.11603593857495,46720.2819318959,15459006.0,1.92322457166359,7.157,10.0,0.0,50.0,0.0,0.0,0.0,0.0,0.0,0.5,0.0,0,5.9,2.96109252246121,45532.7986659915,2.80152693672192,7.159,0.0,10.0,3.0385642305180802,0.0,0.0,0.0,0.0,0.0,0.0
NLD,1996,0,0,5.5,3.42063535269868,48095.986838021,15530498.0,2.11378787066774,6.421,10.0,0.0,51.0,0.0,0.0,0.0,0.0,0.0,0.5,0.0,1,5.7,3.11603593857495,46720.2819318959,1.92322457166359,7.157,0.0,10.0,3.2683356456368147,0.0,0.0,0.0,0.0,0.0,0.0
NLD,1997,0,0,5.4,4.24847396941847,49881.8947516083,15610650.0,2.10924562739483,5.511,10.0,0.0,52.0,0.0,0.0,0.0,0.0,0.0,0.5,0.0,2,5.5,3.42063535269868,48095.986838021,2.11378787066774,6.421,0.0,10.0,3.834554661058575,0.0,0.0,0.0,0.0,0.0,0.0
NLD,1998,0,0,5.3,4.64770326997895,51879.3596710206,15707209.0,1.95913632274257,4.394,10.0,0.0,53.0,0.0,0.0,0.0,0.0,0.0,0.5,0.0,3,5.4,4.24847396941847,49881.8947516083,2.10924562739483,5.511,0.0,10.0,4.44808861969871,0.0,0.0,0.0,0.0,0.0,0.0
NLD,1999,0,0,5.2,5.04334216651563,54134.3514543153,15812088.0,2.1571791805505,3.622,10.0,0.0,54.0,0.0,0.0,0.0,0.0,0.0,0.5,0.0,4,5.3,4.64770326997895,51879.3596710206,1.95913632274257,4.394,0.0,10.0,4.84552271824729,0.0,0.0,0.0,0.0,0.0,0.0
NLD,2000,0,0,5.1,4.21970034558892,56016.8327946434,15925513.0,2.36052233801958,2.725,10.0,0.0,55.0,0.0,0.0,0.0,0.0,0.0,0.5,0.0,5,5.2,5.04334216651563,54134.3514543153,2.1571791805505,3.622,0.0,10.0,4.631521256052275,0.0,0.0,0.0,0.0,0.0,0.0
NLD,2001,0,0,5.0,2.32358454925847,56887.3976406444,16046180.0,4.15584127195612,2.119,10.0,0.0,56.0,0.0,0.0,0.0,0.0,0.0,0.5,0.0,6,5.1,4.21970034558892,56016.8327946434,2.36052233801958,2.725,0.0,10.0,3.271642447423695,0.0,0.0,0.0,0.0,0.0,0.0
NLD,2002,1,0,4.9,0.24582951723049,56664.4027354437,16148929.0,3.28753104712766,2.554,10.0,0.0,57.0,0.0,0.0,0.0,0.0,0.0,0.5,0.0,7,5.0,2.32358454925847,56887.3976406444,4.15584127195612,2.119,0.0,10.0,1.28470703324448,0.0,0.0,0.0,0.0,0.0,0.0
NLD,2003,0,0,4.8,0.0978549395212411,56452.8695506734,16225302.0,2.09199838997655,3.593,10.0,0.0,58.0,0.0,0.0,0.0,0.0,0.0,0.5,0.0,0,4.9,0.24582951723049,56664.4027354437,3.28753104712766,2.554,0.0,10.0,0.17184222837586555,0.0,0.0,0.0,0.0,0.0,0.0
NLD,2004,0,0,4.6,2.01628331561487,57391.3516342059,16281779.0,1.26364739183177,4.646,10.0,0.0,59.0,0.0,0.0,0.0,0.0,0.0,0.5,0.0,1,4.8,0.0978549395212411,56452.8695506734,2.09199838997655,3.593,0.0,10.0,1.0570691275680555,0.0,0.0,0.0,0.0,0.0,0.0
NLD,2005,0,0,4.4,2.03401576512488,58422.0304069674,16319868.0,1.6881301786962,5.872,10.0,0.0,60.0,0.0,0.0,0.0,0.0,0.0,0.5,0.0,2,4.6,2.01628331561487,57391.3516342059,1.26364739183177,4.646,0.0,10.0,2.025149540369875,0.0,0.0,0.0,0.0,0.0,0.0
NLD,2006,0,0,4.3,3.53729585853395,60391.5155033324,16346101.0,1.10150106517709,5.007,10.0,0.0,61.0,0.0,0.0,0.0,0.0,0.0,0.5,0.0,3,4.4,2.03401576512488,58422.0304069674,1.6881301786962,5.872,0.0,10.0,2.785655811829415,0.0,0.0,0.0,0.0,0.0,0.0
NLD,2007,0,0,4.1,3.88542348324803,62601.6612832425,16381696.0,1.61385859802102,4.153,10.0,0.0,62.0,0.0,0.0,0.0,0.0,0.0,0.5,0.0,4,4.3,3.53729585853395,60391.5155033324,1.10150106517709,5.007,0.0,10.0,3.7113596708909897,0.0,0.0,0.0,0.0,0.0,0.0
NLD,2008,0,0,4.0,2.11674514240192,63678.4005491428,16445593.0,2.48650198289457,3.658,10.0,0.0,63.0,0.0,0.0,0.0,0.0,0.0,0.5,0.0,5,4.1,3.88542348324803,62601.6612832425,1.61385859802102,4.153,0.0,10.0,3.001084312824975,0.0,0.0,0.0,0.0,0.0,0.0
NLD,2009,0,0,3.9,-3.66528147002826,61029.7329801783,16530388.0,1.18977687021548,4.352,10.0,0.0,64.0,0.0,0.0,0.0,0.0,0.0,0.5,0.0,6,4.0,2.11674514240192,63678.4005491428,2.48650198289457,3.658,0.0,10.0,-0.7742681638131701,0.0,0.0,0.0,0.0,0.0,0.0
NLD,2010,1,0,3.8,1.31935287897116,61518.5768954231,16615394.0,1.27530569556679,4.991,10.0,0.0,65.0,0.0,0.0,0.0,0.0,0.0,0.5,0.0,7,3.9,-3.66528147002826,61029.7329801783,1.18977687021548,4.352,0.0,10.0,-1.17296429552855,0.0,0.0,0.0,0.0,0.0,0.0
NLD,2011,0,0,3.7,1.77330320575034,62318.1391154389,16693074.0,2.34107017751373,4.977,10.0,0.0,66.0,0.0,0.0,0.0,0.0,0.0,0.5,0.0,0,3.8,1.31935287897116,61518.5768954231,1.27530569556679,4.991,0.0,10.0,1.54632804236075,0.0,0.0,0.0,0.0,0.0,0.0
NLD,2012,1,0,3.6,-0.977826121310997,61480.8416416324,16754962.0,2.45554765291614,5.821,10.0,0.0,67.0,0.0,0.0,0.0,0.0,0.0,0.5,0.0,1,3.7,1.77330320575034,62318.1391154389,2.34107017751373,4.977,0.0,10.0,0.3977385422196715,0.0,0.0,0.0,0.0,0.0,0.0
NLD,2013,0,0,3.6,-0.0302410184270769,61281.3125686741,16804432.0,2.50689852657875,7.241,10.0,0.0,68.0,0.0,0.0,0.0,0.0,0.0,0.5,0.0,0,3.6,-0.977826121310997,61480.8416416324,2.45554765291614,5.821,0.0,10.0,-0.5040335698690369,0.0,0.0,0.0,0.0,0.0,0.0
NLD,2014,0,0,3.5,1.61255885112396,62045.849197561,16865008.0,0.976035079699679,7.419,10.0,0.0,69.0,0.0,0.0,0.0,0.0,0.0,0.5,0.0,1,3.6,-0.0302410184270769,61281.3125686741,2.50689852657875,7.241,0.0,10.0,0.7911589163484416,0.0,0.0,0.0,0.0,0.0,0.0
NLD,2015,0,0,3.5,2.12064007193544,63081.4083495966,16939923.0,0.600248147278776,6.872,10.0,0.0,70.0,0.0,0.0,0.0,0.0,0.0,0.5,0.0,2,3.5,1.61255885112396,62045.849197561,0.976035079699679,7.419,0.0,10.0,1.8665994615297,0.0,0.0,0.0,0.0,0.0,0.0
NLD,2016,0,0,3.5,2.42428065449427,64267.7476553623,17030314.0,0.316666666666652,6.007,10.0,0.0,71.0,0.0,0.0,0.0,0.0,0.0,0.5,0.0,3,3.5,2.12064007193544,63081.4083495966,0.600248147278776,6.872,0.0,10.0,2.272460363214855,0.0,0.0,0.0,0.0,0.0,0.0
NLD,2017,1,0,3.5,2.78150834679987,65665.9910229578,17131296.0,1.38145871407216,4.837,10.0,0.0,72.0,0.0,0.0,0.0,0.0,0.0,0.5,0.0,4,3.5,2.42428065449427,64267.7476553623,0.316666666666652,6.007,0.0,10.0,2.6028945006470696,0.0,0.0,0.0,0.0,0.0,0.0
NLD,2018,0,0,3.5,2.25873158164956,66758.2454283317,17231624.0,1.70349794744479,3.832,10.0,0.0,73.0,0.0,0.0,0.0,0.0,0.0,0.5,0.0,0,3.5,2.78150834679987,65665.9910229578,1.38145871407216,4.837,0.0,10.0,2.520119964224715,0.0,0.0,0.0,0.0,0.0,0.0
NLD,2019,0,0,3.5,2.3001616053659,67847.8818461095,17344874.0,2.63369910249591,3.379,10.0,0.0,73.0,0.0,0.0,0.0,0.0,0.0,0.5,0.0,1,3.5,2.25873158164956,66758.2454283317,1.70349794744479,3.832,0.0,10.0,2.27944659350773,0.0,0.0,0.0,0.0,0.0,0.0
NLD,2020,0,0,3.5,-3.86799714191608,64862.1890353474,17441500.0,1.27246037789161,3.82,10.0,0.0,73.0,0.0,0.0,0.0,0.0,0.0,0.5,0.0,2,3.5,2.3001616053659,67847.8818461095,2.63369910249591,3.379,0.0,10.0,-0.78391776827509,0.0,0.0,0.0,0.0,0.0,0.0
NLD,2021,0,0,3.5,6.27683593745216,68573.5648786447,17533044.0,2.67572008805385,4.209,10.0,0.0,73.0,0.0,0.0,0.0,0.0,0.0,0.5,0.0,3,3.5,-3.86799714191608,64862.1890353474,1.27246037789161,3.82,0.0,10.0,1.2044193977680397,0.0,0.0,0.0,0.0,0.0,0.0
NLD,2022,0,0,3.4,5.00723453395074,71324.0360229425,17700982.0,10.0012078753473,3.526,10.0,0.0,73.0,0.0,0.0,0.0,0.0,0.0,0.5,0.0,4,3.5,6.27683593745216,68573.5648786447,2.67572008805385,4.209,0.0,10.0,5.642035235701449,0.0,1.0,0.0,0.0,0.0,0.0
NLD,2023,1,0,3.4,-0.598061017580278,70198.9546022361,17877117.0,3.83839354342808,3.535,10.0,0.0,73.0,0.0,0.0,0.0,0.0,0.0,0.5,0.0,5,3.4,5.00723453395074,71324.0360229425,10.0012078753473,3.526,0.0,10.0,2.204586758185231,0.0,0.0,0.0,0.0,0.0,0.0
NLD,2024,0,0,3.4,1.07383137319854,70493.9051219267,17993485.0,3.34754304219953,3.7,10.0,0.0,73.0,0.0,0.0,0.0,0.0,0.0,0.5,0.0,0,3.4,-0.598061017580278,70198.9546022361,3.83839354342808,3.535,0.0,10.0,0.2378851778091311,0.0,0.0,0.0,0.0,0.0,0.0
NOR,1970,0,0,13.1,1.94330054570493,18270.06444120635,3875763.0,10.6372065264183,6.6025,10.0,0.0,25.0,0.0,0.0,0.0,0.0,0.0,0.5,0.0,0,18.4,3.53620866972961,18109.67372703895,5.66318573909345,6.662,0.0,8.0,1.94330054570493,0.0,1.0,0.0,0.0,0.0,0.0
NOR,1971,0,0,12.6,5.7147684412603,18270.06444120635,3903039.0,6.22386323501293,6.6025,10.0,0.0,26.0,0.0,0.0,0.0,0.0,0.0,0.5,0.0,1,13.1,1.94330054570493,18109.67372703895,10.6372065264183,6.662,0.0,10.0,3.829034493482615,0.0,0.0,0.0,0.0,0.0,0.0
NOR,1972,0,0,12.1,5.28421650140392,18270.06444120635,3933004.0,7.2584358296152,6.6025,10.0,0.0,27.0,0.0,0.0,0.0,0.0,0.0,0.5,0.0,2,12.6,5.7147684412603,18109.67372703895,6.22386323501293,6.662,0.0,10.0,5.499492471332109,0.0,0.0,0.0,0.0,0.0,0.0
NOR,1973,0,0,11.5,4.49029469472772,18270.06444120635,3960612.0,7.41947283637503,6.6025,10.0,0.0,28.0,0.0,0.0,0.0,0.0,0.0,0.5,0.0,3,12.1,5.28421650140392,18109.67372703895,7.2584358296152,6.662,0.0,10.0,4.8872555980658205,0.0,0.0,0.0,0.0,0.0,0.0
NOR,1974,0,0,11.0,3.96443769084686,18270.06444120635,3985258.0,9.4117681321189,6.6025,10.0,0.0,29.0,0.0,0.0,0.0,0.0,0.0,0.5,0.0,4,11.5,4.49029469472772,18109.67372703895,7.41947283637503,6.662,0.0,10.0,4.22736619278729,0.0,0.0,0.0,0.0,0.0,0.0
NOR,1975,0,0,10.4,4.94798609099843,18270.06444120635,4007313.0,11.6892234816853,6.6025,10.0,0.0,30.0,0.0,0.0,0.0,0.0,0.0,0.5,0.0,5,11.0,3.96443769084686,18109.67372703895,9.4117681321189,6.662,0.0,10.0,4.456211890922646,0.0,1.0,0.0,0.0,0.0,0.0
NOR,1976,0,0,9.8,5.84956345415462,18270.06444120635,4026152.0,9.16147276547566,6.6025,10.0,0.0,31.0,0.0,0.0,0.0,0.0,0.0,0.5,0.0,6,10.4,4.94798609099843,18109.67372703895,11.6892234816853,6.662,0.0,10.0,5.398774772576525,0.0,0.0,0.0,0.0,0.0,0.0
NOR,1977,0,0,9.3,4.15190588338356,18270.06444120635,4043205.0,9.10383971160297,6.6025,10.0,0.0,32.0,0.0,0.0,0.0,0.0,0.0,0.5,0.0,7,9.8,5.84956345415462,18109.67372703895,9.16147276547566,6.662,0.0,10.0,5.00073466876909,0.0,0.0,0.0,0.0,0.0,0.0
NOR,1978,0,0,8.8,3.85568468692183,18270.06444120635,4058671.0,8.1616715433962,6.6025,10.0,0.0,33.0,0.0,0.0,0.0,0.0,0.0,0.5,0.0,8,9.3,4.15190588338356,18109.67372703895,9.10383971160297,6.662,0.0,10.0,4.0037952851526954,0.0,0.0,0.0,0.0,0.0,0.0
NOR,1979,0,0,8.4,4.35122903414562,18270.06444120635,4072517.0,4.50972761206209,6.6025,10.0,0.0,34.0,0.0,0.0,0.0,0.0,0.0,0.5,0.0,9,8.8,3.85568468692183,18109.67372703895,8.1616715433962,6.662,0.0,10.0,4.103456860533726,0.0,0.0,0.0,0.0,0.0,0.0
NOR,1980,0,0,8.1,4.5267984596924,18270.06444120635,4085620.0,10.8786610878661,6.6025,10.0,0.0,35.0,0.0,0.0,0.0,0.0,0.0,0.5,0.0,10,8.4,4.35122903414562,18109.67372703895,4.50972761206209,6.662,0.0,10.0,4.43901374691901,0.0,1.0,0.0,0.0,0.0,0.0
NOR,1981,1,0,8.0,1.67423049803278,18270.06444120635,4099702.0,13.6429608127721,6.6025,10.0,0.0,36.0,0.0,0.0,0.0,0.0,0.0,0.5,0.0,11,8.1,4.5267984596924,18109.67372703895,10.8786610878661,6.662,0.0,10.0,3.1005144788625905,0.0,1.0,0.0,0.0,0.0,0.0
NOR,1982,0,0,8.0,0.242440465084144,18270.06444120635,4114787.0,11.3409961685823,6.6025,10.0,0.0,37.0,0.0,0.0,0.0,0.0,0.0,0.5,0.0,0,8.0,1.67423049803278,18109.67372703895,13.6429608127721,6.662,0.0,10.0,0.9583354815584625,0.0,1.0,0.0,0.0,0.0,0.0
NOR,1983,0,0,8.1,3.94088668258857,18270.06444120635,4128432.0,8.46524432209224,6.6025,10.0,0.0,38.0,0.0,0.0,0.0,0.0,0.0,0.5,0.0,1,8.0,0.242440465084144,18109.67372703895,11.3409961685823,6.662,0.0,10.0,2.0916635738363576,0.0,0.0,0.0,0.0,0.0,0.0
NOR,1984,0,0,8.2,6.07555820534726,18270.06444120635,4140099.0,6.21827411167509,6.6025,10.0,0.0,39.0,0.0,0.0,0.0,0.0,0.0,0.5,0.0,2,8.1,3.94088668258857,18109.67372703895,8.46524432209224,6.662,0.0,10.0,5.008222443967916,0.0,0.0,0.0,0.0,0.0,0.0
NOR,1985,0,0,8.3,5.56110673396684,18270.06444120635,4152516.0,5.71485463958583,6.6025,10.0,0.0,40.0,0.0,0.0,0.0,0.0,0.0,0.5,0.0,3,8.2,6.07555820534726,18109.67372703895,6.21827411167509,6.662,0.0,10.0,5.818332469657051,0.0,0.0,0.0,0.0,0.0,0.0
NOR,1986,1,0,8.3,4.04765910229874,18270.06444120635,4167354.0,7.1764927481635,6.6025,10.0,0.0,41.0,0.0,0.0,0.0,0.0,0.0,0.5,0.0,4,8.3,5.56110673396684,18109.67372703895,5.71485463958583,6.662,0.0,10.0,4.804382918132791,0.0,0.0,0.0,0.0,0.0,0.0
NOR,1987,0,0,8.2,1.74427870145095,18270.06444120635,4186905.0,8.7170474516696,6.6025,10.0,0.0,42.0,0.0,0.0,0.0,0.0,0.0,0.5,0.0,0,8.3,4.04765910229874,18109.67372703895,7.1764927481635,6.662,0.0,10.0,2.895968901874846,0.0,0.0,0.0,0.0,0.0,0.0
NOR,1988,0,0,8.0,-0.330025653077698,18270.06444120635,4209488.0,6.6763659877142,6.6025,10.0,0.0,43.0,0.0,0.0,0.0,0.0,0.0,0.5,0.0,1,8.2,1.74427870145095,18109.67372703895,8.7170474516696,6.662,0.0,10.0,0.7071265241866269,0.0,0.0,0.0,0.0,0.0,0.0
NOR,1989,1,0,7.5,1.02954207990309,18270.06444120635,4226901.0,4.5461433550538,6.6025,10.0,0.0,44.0,0.0,0.0,0.0,0.0,0.0,0.5,0.0,2,8.0,-0.330025653077698,18109.67372703895,6.6763659877142,6.662,0.0,10.0,0.34975821341269697,0.0,0.0,0.0,0.0,0.0,0.0
NOR,1990,1,0,7.0,1.95899042256056,56608.2547514372,4241473.0,4.1310334831135,6.6025,10.0,0.0,45.0,0.0,0.0,0.0,0.0,0.0,0.5,0.0,0,7.5,1.02954207990309,18109.67372703895,4.5461433550538,6.662,0.0,10.0,1.494266251231826,0.0,0.0,0.0,0.0,0.0,0.0
NOR,1991,0,0,6.4,2.85865596855008,57949.698676313,4261732.0,3.43819599109134,5.407,10.0,0.0,46.0,0.0,0.0,0.0,0.0,0.0,0.5,0.0,0,7.0,1.95899042256056,56608.2547514372,4.1310334831135,6.662,0.0,10.0,2.408823195555321,0.0,0.0,0.0,0.0,0.0,0.0
NOR,1992,0,0,5.9,3.56422602983729,59669.7590202519,4286401.0,2.32808504911848,5.91,10.0,0.0,47.0,0.0,0.0,0.0,0.0,0.0,0.5,0.0,1,6.4,2.85865596855008,57949.698676313,3.43819599109134,5.407,0.0,10.0,3.211440999193686,0.0,0.0,0.0,0.0,0.0,0.0
NOR,1993,0,0,5.4,2.87306009185421,61019.8161031696,4311991.0,2.28826933193061,5.965,10.0,0.0,48.0,0.0,0.0,0.0,0.0,0.0,0.5,0.0,2,5.9,3.56422602983729,59669.7590202519,2.32808504911848,5.91,0.0,10.0,3.2186430608457512,0.0,0.0,0.0,0.0,0.0,0.0
NOR,1994,0,1,4.9,5.03933284247313,63730.8964637618,4336613.0,1.37567498071478,5.349,10.0,0.0,49.0,0.0,0.0,0.0,0.0,0.0,0.5,0.0,3,5.4,2.87306009185421,61019.8161031696,2.28826933193061,5.965,0.0,10.0,3.9561964671636716,0.0,0.0,0.0,0.5,0.0,0.0
NOR,1995,0,1,4.6,4.15289526465317,66033.8837831197,4359184.0,2.46036778693729,6.307,10.0,0.0,50.0,0.0,0.0,0.0,0.0,0.0,0.5,0.0,4,4.9,5.03933284247313,63730.8964637618,1.37567498071478,5.349,0.0,10.0,4.59611405356315,0.0,0.0,0.0,0.5,0.0,0.0
NOR,1996,0,1,4.4,4.96949434701779,68964.9756218258,4381336.0,1.26253249164501,5.036,10.0,0.0,51.0,0.0,0.0,0.0,0.0,0.0,0.5,0.0,5,4.6,4.15289526465317,66033.8837831197,2.46036778693729,6.307,0.0,10.0,4.5611948058354805,0.0,0.0,0.0,0.5,0.0,0.0
NOR,1997,1,0,4.2,5.09208924000464,72084.8139194678,4405157.0,2.56692335900252,4.687,10.0,0.0,52.0,0.0,0.0,0.0,0.0,0.0,0.5,0.0,6,4.4,4.96949434701779,68964.9756218258,1.26253249164501,5.036,0.0,10.0,5.030791793511216,0.0,0.0,0.0,0.0,0.0,0.0
NOR,1998,0,0,4.1,2.72590814782492,73610.1896687065,4431464.0,2.25241329996429,3.737,10.0,0.0,53.0,0.0,0.0,0.0,0.0,0.0,0.5,0.0,0,4.2,5.09208924000464,72084.8139194678,2.56692335900252,4.687,0.0,10.0,3.9089986939147807,0.0,0.0,0.0,0.0,0.0,0.0
NOR,1999,0,1,4.0,2.18261230296261,74703.5199133097,4461913.0,2.36596736596733,3.247,10.0,0.0,54.0,0.0,0.0,0.0,0.0,0.0,0.5,0.0,1,4.1,2.72590814782492,73610.1896687065,2.25241329996429,3.737,0.0,10.0,2.4542602253937655,0.0,0.0,0.0,0.5,0.0,0.0
NOR,2000,0,1,3.9,3.443416131481,76775.9420600924,4490967.0,3.08550609131279,3.458,10.0,0.0,55.0,0.0,0.0,0.0,0.0,0.0,0.5,0.0,2,4.0,2.18261230296261,74703.5199133097,2.36596736596733,3.247,0.0,10.0,2.813014217221806,0.0,0.0,0.0,0.5,0.0,0.0
NOR,2001,1,0,3.8,2.1634350595868,78041.0146260585,4513751.0,3.00419703998233,3.738,10.0,0.0,56.0,0.0,0.0,0.0,0.0,0.0,0.5,0.0,3,3.9,3.443416131481,76775.9420600924,3.08550609131279,3.458,0.0,10.0,2.803425595533901,0.0,0.0,0.0,0.0,0.0,0.0
NOR,2002,0,0,3.7,1.45747886087304,78752.5931631095,4538159.0,1.28672528415184,4.022,10.0,0.0,57.0,0.0,0.0,0.0,0.0,0.0,0.5,0.0,0,3.8,2.1634350595868,78041.0146260585,3.00419703998233,3.738,0.0,10.0,1.810456960229921,0.0,0.0,0.0,0.0,0.0,0.0
NOR,2003,0,0,3.6,1.09635781210122,79150.3962863661,4564855.0,2.48782553461781,4.221,10.0,0.0,58.0,0.0,0.0,0.0,0.0,0.0,0.5,0.0,1,3.7,1.45747886087304,78752.5931631095,1.28672528415184,4.022,0.0,10.0,1.2769183364871308,0.0,0.0,0.0,0.0,0.0,0.0
NOR,2004,0,0,3.4,4.33015597691212,82091.1935035949,4591910.0,0.454498502220863,4.256,10.0,0.0,59.0,0.0,0.0,0.0,0.0,0.0,0.5,0.0,2,3.6,1.09635781210122,79150.3962863661,2.48782553461781,4.221,0.0,10.0,2.713256894506671,0.0,0.0,0.0,0.0,0.0,0.0
NOR,2005,1,0,3.3,2.96973597025936,83955.3365007578,4623291.0,1.53213367609249,4.381,10.0,0.0,60.0,0.0,0.0,0.0,0.0,0.0,0.5,0.0,3,3.4,4.33015597691212,82091.1935035949,0.454498502220863,4.256,0.0,10.0,3.6499459735857402,0.0,0.0,0.0,0.0,0.0,0.0
NOR,2006,0,0,3.2,2.84726376691944,85653.1367825864,4660677.0,2.3293498075755,3.397,10.0,0.0,61.0,0.0,0.0,0.0,0.0,0.0,0.5,0.0,0,3.3,2.96973597025936,83955.3365007578,1.53213367609249,4.381,0.0,10.0,2.9084998685894004,0.0,0.0,0.0,0.0,0.0,0.0
NOR,2007,0,0,3.0,3.42030119916608,87670.8617980792,4709153.0,0.712589073634201,2.493,10.0,0.0,62.0,0.0,0.0,0.0,0.0,0.0,0.5,0.0,1,3.2,2.84726376691944,85653.1367825864,2.3293498075755,3.397,0.0,10.0,3.1337824830427605,0.0,0.0,0.0,0.0,0.0,0.0
NOR,2008,0,0,2.9,0.822805797014865,87297.3980291813,4768212.0,3.75393081761005,2.521,10.0,0.0,63.0,0.0,0.0,0.0,0.0,0.0,0.5,0.0,2,3.0,3.42030119916608,87670.8617980792,0.712589073634201,2.493,0.0,10.0,2.121553498090473,0.0,0.0,0.0,0.0,0.0,0.0
NOR,2009,0,0,2.8,-1.61327151945869,84812.6851277638,4828726.0,2.19738586853568,3.1,10.0,0.0,64.0,0.0,0.0,0.0,0.0,0.0,0.5,0.0,3,2.9,0.822805797014865,87297.3980291813,3.75393081761005,2.521,0.0,10.0,-0.39523286122191204,0.0,0.0,0.0,0.0,0.0,0.0
NOR,2010,0,0,2.7,1.00493269017117,84604.5143891947,4889252.0,2.41890639481003,3.527,10.0,0.0,65.0,0.0,0.0,0.0,0.0,0.0,0.5,0.0,4,2.8,-1.61327151945869,84812.6851277638,2.19738586853568,3.1,0.0,10.0,-0.3041694146437596,0.0,0.0,0.0,0.0,0.0,0.0
NOR,2011,0,0,2.6,1.38505117083945,84670.8344398355,4953088.0,1.2849515880916,3.196,10.0,0.0,66.0,0.0,0.0,0.0,0.0,0.0,0.5,0.0,5,2.7,1.00493269017117,84604.5143891947,2.41890639481003,3.527,0.0,10.0,1.1949919305053105,0.0,0.0,0.0,0.0,0.0,0.0
NOR,2012,0,0,2.5,2.82395673492459,85925.8723352057,5018573.0,0.696864111498263,3.129,10.0,0.0,67.0,0.0,0.0,0.0,0.0,0.0,0.5,0.0,6,2.6,1.38505117083945,84670.8344398355,1.2849515880916,3.196,0.0,10.0,2.10450395288202,0.0,0.0,0.0,0.0,0.0,0.0
NOR,2013,1,0,2.4,1.27290177696287,85973.7694976801,5079623.0,2.12048620353112,3.425,10.0,0.0,68.0,0.0,0.0,0.0,0.0,0.0,0.5,0.0,7,2.5,2.82395673492459,85925.8723352057,0.696864111498263,3.129,0.0,10.0,2.0484292559437303,0.0,0.0,0.0,0.0,0.0,0.0
NOR,2014,0,0,2.3,2.09521388080101,86790.7924625691,5137232.0,2.04170286707211,3.486,10.0,0.0,69.0,0.0,0.0,0.0,0.0,0.0,0.5,0.0,0,2.4,1.27290177696287,85973.7694976801,2.12048620353112,3.425,0.0,10.0,1.6840578288819403,0.0,0.0,0.0,0.0,0.0,0.0
NOR,2015,0,0,2.2,2.04428845501438,87688.1196708993,5188607.0,2.17113665389527,4.296,10.0,0.0,70.0,0.0,0.0,0.0,0.0,0.0,0.5,0.0,1,2.3,2.09521388080101,86790.7924625691,2.04170286707211,3.486,0.0,10.0,2.069751167907695,0.0,0.0,0.0,0.0,0.0,0.0
NOR,2016,0,0,2.1,1.29158732771135,88041.6414808956,5234519.0,3.55000000000007,4.68,10.0,0.0,71.0,0.0,0.0,0.0,0.0,0.0,0.5,0.0,2,2.2,2.04428845501438,87688.1196708993,2.17113665389527,4.296,0.0,10.0,1.667937891362865,0.0,0.0,0.0,0.0,0.0,0.0
NOR,2017,0,0,2.1,2.66964474273466,89664.9086415829,5276968.0,1.87510059552545,4.164,10.0,0.0,72.0,0.0,0.0,0.0,0.0,0.0,0.5,0.0,3,2.1,1.29158732771135,88041.6414808956,3.55000000000007,4.68,0.0,10.0,1.9806160352230053,0.0,0.0,0.0,0.0,0.0,0.0
NOR,2018,0,0,2.0,1.1103912365576,90064.0687974358,5311916.0,2.76483134528797,3.801,10.0,0.0,73.0,0.0,0.0,0.0,0.0,0.0,0.5,0.0,4,2.1,2.66964474273466,89664.9086415829,1.87510059552545,4.164,0.0,10.0,1.8900179896461302,0.0,0.0,0.0,0.0,0.0,0.0
NOR,2019,0,0,2.0,1.46970781954143,90772.9017041865,5347896.0,2.16773003305411,3.684,10.0,0.0,73.0,0.0,0.0,0.0,0.0,0.0,0.5,0.0,5,2.0,1.1103912365576,90064.0687974358,2.76483134528797,3.801,0.0,10.0,1.2900495280495154,0.0,0.0,0.0,0.0,0.0,0.0
NOR,2020,0,0,2.0,-1.36055723261586,89012.2723804504,5379475.0,1.28658490707996,4.424,10.0,0.0,73.0,0.0,0.0,0.0,0.0,0.0,0.5,0.0,6,2.0,1.46970781954143,90772.9017041865,2.16773003305411,3.684,0.0,10.0,0.054575293462785446,0.0,0.0,0.0,0.0,0.0,0.0
NOR,2021,1,0,1.9,4.14314688769197,92205.7698636049,5408320.0,3.48388055266669,4.359,10.0,0.0,73.0,0.0,0.0,0.0,0.0,0.0,0.5,0.0,7,2.0,-1.36055723261586,89012.2723804504,1.28658490707996,4.424,0.0,10.0,1.3912948275380557,0.0,0.0,0.0,0.0,0.0,0.0
NOR,2022,0,1,2.0,4.08039770659241,95109.8201605729,5457127.0,5.76412317852272,3.231,10.0,0.0,73.0,0.0,0.0,0.0,0.0,0.0,0.5,0.0,0,1.9,4.14314688769197,92205.7698636049,3.48388055266669,4.359,0.0,10.0,4.11177229714219,0.0,0.0,0.0,0.5,0.0,0.0
NOR,2023,0,1,2.0,0.352695581319765,94364.9641754336,5519601.0,5.51784987104659,3.574,10.0,0.0,73.0,0.0,0.0,0.0,0.0,0.0,0.5,0.0,1,2.0,4.08039770659241,95109.8201605729,5.76412317852272,3.231,0.0,10.0,2.2165466439560877,0.0,0.0,0.0,0.5,0.0,0.0
NOR,2024,0,1,2.0,1.42372134524737,94803.6704931641,5572279.0,3.14530134431081,4.0,10.0,0.0,73.0,0.0,0.0,0.0,0.0,0.0,0.5,0.0,2,2.0,0.352695581319765,94364.9641754336,5.51784987104659,3.574,0.0,10.0,0.888208463283568,0.0,0.0,0.0,0.5,0.0,0.0
NZL,1970,0,0,16.9,-1.39760788020411,18270.06444120635,2810700.0,6.5171810515548,6.6025,10.0,0.0,93.0,0.0,0.0,0.0,0.0,0.0,0.5,0.0,0,18.4,3.53620866972961,18109.67372703895,5.66318573909345,6.662,0.0,8.0,-1.39760788020411,0.0,0.0,0.0,0.0,0.0,0.0
NZL,1971,0,0,16.6,3.78545741843028,18270.06444120635,2853000.0,10.3875683188138,6.6025,10.0,0.0,94.0,0.0,0.0,0.0,0.0,0.0,0.5,0.0,1,16.9,-1.39760788020411,18109.67372703895,6.5171810515548,6.662,0.0,10.0,1.1939247691130848,0.0,1.0,0.0,0.0,0.0,0.0
NZL,1972,0,0,16.2,5.1191086821659,18270.06444120635,2903900.0,6.93280459206854,6.6025,10.0,0.0,95.0,0.0,0.0,0.0,0.0,0.0,0.5,0.0,2,16.6,3.78545741843028,18109.67372703895,10.3875683188138,6.662,0.0,10.0,4.452283050298091,0.0,0.0,0.0,0.0,0.0,0.0
NZL,1973,0,0,15.8,7.80027793991758,18270.06444120635,2961300.0,8.16666927326658,6.6025,10.0,0.0,96.0,0.0,0.0,0.0,0.0,0.0,0.5,0.0,3,16.2,5.1191086821659,18109.67372703895,6.93280459206854,6.662,0.0,10.0,6.45969331104174,0.0,0.0,0.0,0.0,0.0,0.0
NZL,1974,0,0,15.4,5.99344071907922,18270.06444120635,3023700.0,11.1094020122224,6.6025,10.0,0.0,97.0,0.0,0.0,0.0,0.0,0.0,0.5,0.0,4,15.8,7.80027793991758,18109.67372703895,8.16666927326658,6.662,0.0,10.0,6.896859329498399,0.0,1.0,0.0,0.0,0.0,0.0
NZL,1975,0,0,15.0,-1.73168325405558,18270.06444120635,3083100.0,14.6849834723994,6.6025,10.0,0.0,98.0,0.0,0.0,0.0,0.0,0.0,0.5,0.0,5,15.4,5.99344071907922,18109.67372703895,11.1094020122224,6.662,0.0,10.0,2.13087873251182,0.0,1.0,0.0,0.0,0.0,0.0
NZL,1976,0,0,14.5,0.928812762144631,18270.06444120635,3110500.0,16.906857005945,6.6025,10.0,0.0,99.0,0.0,0.0,0.0,0.0,0.0,0.5,0.0,6,15.0,-1.73168325405558,18109.67372703895,14.6849834723994,6.662,0.0,10.0,-0.4014352459554745,0.0,1.0,0.0,0.0,0.0,0.0
NZL,1977,0,0,14.0,-3.93633767566311,18270.06444120635,3120200.0,14.3835494194622,6.6025,10.0,0.0,100.0,0.0,0.0,0.0,0.0,0.0,0.5,0.0,7,14.5,0.928812762144631,18109.67372703895,16.906857005945,6.662,0.0,10.0,-1.5037624567592394,0.0,1.0,0.0,0.0,0.0,0.0
NZL,1978,0,0,13.6,0.318563365865202,18270.06444120635,3121200.0,11.9566179733303,6.6025,10.0,0.0,101.0,0.0,0.0,0.0,0.0,0.0,0.5,0.0,8,14.0,-3.93633767566311,18109.67372703895,14.3835494194622,6.662,0.0,10.0,-1.808887154898954,0.0,1.0,0.0,0.0,0.0,0.0
NZL,1979,0,0,13.2,2.19177502002559,18270.06444120635,3109000.0,13.6995950156642,6.6025,10.0,0.0,102.0,0.0,0.0,0.0,0.0,0.0,0.5,0.0,9,13.6,0.318563365865202,18109.67372703895,11.9566179733303,6.662,0.0,10.0,1.2551691929453959,0.0,1.0,0.0,0.0,0.0,0.0
NZL,1980,0,0,12.8,1.28425192493805,18270.06444120635,3112900.0,17.1505454240954,6.6025,10.0,0.0,103.0,0.0,0.0,0.0,0.0,0.0,0.5,0.0,10,13.2,2.19177502002559,18109.67372703895,13.6995950156642,6.662,0.0,10.0,1.73801347248182,0.0,1.0,0.0,0.0,0.0,0.0
NZL,1981,0,0,12.5,4.65565287633527,18270.06444120635,3124900.0,15.3701595831853,6.6025,10.0,0.0,104.0,0.0,0.0,0.0,0.0,0.0,0.5,0.0,11,12.8,1.28425192493805,18109.67372703895,17.1505454240954,6.662,0.0,10.0,2.96995240063666,0.0,1.0,0.0,0.0,0.0,0.0
NZL,1982,0,0,12.2,0.929685035623876,18270.06444120635,3156100.0,16.1636941231018,6.6025,10.0,0.0,105.0,0.0,0.0,0.0,0.0,0.0,0.5,0.0,12,12.5,4.65565287633527,18109.67372703895,15.3701595831853,6.662,0.0,10.0,2.792668955979573,0.0,1.0,0.0,0.0,0.0,0.0
NZL,1983,0,0,11.9,3.49152457902733,18270.06444120635,3199300.0,7.34107586057345,6.6025,10.0,0.0,106.0,0.0,0.0,0.0,0.0,0.0,0.5,0.0,13,12.2,0.929685035623876,18109.67372703895,16.1636941231018,6.662,0.0,10.0,2.210604807325603,0.0,0.0,0.0,0.0,0.0,0.0
NZL,1984,1,0,11.6,4.79269907520923,18270.06444120635,3227100.0,6.17125347924442,6.6025,10.0,0.0,107.0,0.0,0.0,0.0,0.0,0.0,0.5,0.0,14,11.9,3.49152457902733,18109.67372703895,7.34107586057345,6.662,0.0,10.0,4.1421118271182795,0.0,0.0,0.0,0.0,0.0,0.0
NZL,1985,0,0,11.3,1.61533480446978,18270.06444120635,3247100.0,15.4176555719917,6.6025,10.0,0.0,108.0,0.0,0.0,0.0,0.0,0.0,0.5,0.0,0,11.6,4.79269907520923,18109.67372703895,6.17125347924442,6.662,0.0,10.0,3.204016939839504,0.0,1.0,0.0,0.0,0.0,0.0
NZL,1986,0,0,11.0,2.71326964068473,18270.06444120635,3246300.0,13.2133980640021,6.6025,10.0,0.0,109.0,0.0,0.0,0.0,0.0,0.0,0.5,0.0,1,11.3,1.61533480446978,18109.67372703895,15.4176555719917,6.662,0.0,10.0,2.1643022225772546,0.0,1.0,0.0,0.0,0.0,0.0
NZL,1987,0,0,10.6,0.962508198457385,18270.06444120635,3274400.0,15.7443007888927,6.6025,10.0,0.0,110.0,0.0,0.0,0.0,0.0,0.0,0.5,0.0,2,11.0,2.71326964068473,18109.67372703895,13.2133980640021,6.662,0.0,10.0,1.837888919571057,0.0,1.0,0.0,0.0,0.0,0.0
NZL,1988,0,0,10.1,-0.334621133273799,18270.06444120635,3283400.0,6.37524944411053,6.6025,10.0,0.0,111.0,0.0,0.0,0.0,0.0,0.0,0.5,0.0,3,10.6,0.962508198457385,18109.67372703895,15.7443007888927,6.662,0.0,10.0,0.31394353259179253,0.0,0.0,0.0,0.0,0.0,0.0
NZL,1989,0,0,9.6,0.164699005861976,18270.06444120635,3299200.0,5.7159915513563,6.6025,10.0,0.0,112.0,0.0,0.0,0.0,0.0,0.0,0.5,0.0,4,10.1,-0.334621133273799,18109.67372703895,6.37524944411053,6.662,0.0,10.0,-0.08496106370591194,0.0,0.0,0.0,0.0,0.0,0.0
NZL,1990,1,0,9.1,0.136887537634095,30785.701752556,3329800.0,6.09844414810204,6.6025,10.0,0.0,113.0,0.0,0.0,0.0,0.0,0.0,0.5,0.0,5,9.6,0.164699005861976,18109.67372703895,5.7159915513563,6.662,0.0,10.0,0.15079327174803506,0.0,0.0,0.0,0.0,0.0,0.0
NZL,1991,0,0,8.7,-1.07586748814022,29014.1499420181,3495100.0,2.60239285999773,10.614,10.0,0.0,114.0,0.0,0.0,0.0,0.0,0.0,0.5,0.0,0,9.1,0.136887537634095,30785.701752556,6.09844414810204,6.662,0.0,10.0,-0.4694899752530629,0.0,0.0,0.0,0.0,0.0,0.0
NZL,1992,0,0,8.2,1.10092234546755,29029.5811361611,3531700.0,1.01456027171236,10.667,10.0,0.0,115.0,0.0,0.0,0.0,0.0,0.0,0.5,0.0,1,8.7,-1.07586748814022,29014.1499420181,2.60239285999773,10.614,0.0,10.0,0.01252742866366463,0.0,0.0,0.0,0.0,0.0,0.0
NZL,1993,0,0,7.8,6.3836309435096,30532.5880166798,3572200.0,1.28820776574386,9.804,10.0,0.0,116.0,0.0,0.0,0.0,0.0,0.0,0.5,0.0,2,8.2,1.10092234546755,29029.5811361611,1.01456027171236,10.667,0.0,10.0,3.742276644488575,0.0,0.0,0.0,0.0,0.0,0.0
NZL,1994,0,0,7.5,5.11167356780264,31669.5406509196,3620000.0,1.74537790773743,8.354,10.0,0.0,117.0,0.0,0.0,0.0,0.0,0.0,0.5,0.0,3,7.8,6.3836309435096,30532.5880166798,1.28820776574386,9.804,0.0,10.0,5.74765225565612,0.0,0.0,0.0,0.0,0.0,0.0
NZL,1995,0,0,7.2,4.73676080285628,32687.4657703706,3673400.0,3.75494413677554,6.461,10.0,0.0,118.0,0.0,0.0,0.0,0.0,0.0,0.5,0.0,4,7.5,5.11167356780264,31669.5406509196,1.74537790773743,8.354,0.0,10.0,4.92421718532946,0.0,0.0,0.0,0.0,0.0,0.0
NZL,1996,0,0,6.9,3.59083953715972,33329.5301011769,3732000.0,2.28571305402195,6.29,10.0,0.0,119.0,0.0,0.0,0.0,0.0,0.0,0.5,0.0,5,7.2,4.73676080285628,32687.4657703706,3.75494413677554,6.461,0.0,10.0,4.163800170008,0.0,0.0,0.0,0.0,0.0,0.0
NZL,1997,0,0,6.6,2.07551582422867,33577.7254994905,3781300.0,1.18714833105632,6.857,10.0,0.0,120.0,0.0,0.0,0.0,0.0,0.0,0.5,0.0,6,6.9,3.59083953715972,33329.5301011769,2.28571305402195,6.29,0.0,10.0,2.8331776806941944,0.0,0.0,0.0,0.0,0.0,0.0
NZL,1998,0,0,6.4,0.855188594957326,33565.7312220905,3815000.0,1.26524409915406,7.718,10.0,0.0,121.0,0.0,0.0,0.0,0.0,0.0,0.5,0.0,7,6.6,2.07551582422867,33577.7254994905,1.18714833105632,6.857,0.0,10.0,1.4653522095929976,0.0,0.0,0.0,0.0,0.0,0.0
NZL,1999,1,0,6.2,5.38315295474565,35187.2357200331,3835100.0,-0.114267129777524,7.023,10.0,0.0,122.0,0.0,0.0,0.0,0.0,0.0,0.5,0.0,8,6.4,0.855188594957326,33565.7312220905,1.26524409915406,7.718,0.0,10.0,3.1191707748514874,0.0,0.0,0.0,0.0,0.0,0.0
NZL,2000,0,0,6.1,2.86879087314065,35984.6288016116,3857700.0,2.6152344624632,6.13,10.0,0.0,123.0,0.0,0.0,0.0,0.0,0.0,0.5,0.0,0,6.2,5.38315295474565,35187.2357200331,-0.114267129777524,7.023,0.0,10.0,4.125971913943149,0.0,0.0,0.0,0.0,0.0,0.0
NZL,2001,0,0,5.9,3.41557461751114,36995.0603198774,3880500.0,2.62581630392903,5.433,10.0,0.0,124.0,0.0,0.0,0.0,0.0,0.0,0.5,0.0,1,6.1,2.86879087314065,35984.6288016116,2.6152344624632,6.13,0.0,10.0,3.1421827453258944,0.0,0.0,0.0,0.0,0.0,0.0
NZL,2002,0,0,5.8,4.71514593471419,38072.2713835052,3948500.0,2.67709257711605,5.282,10.0,0.0,125.0,0.0,0.0,0.0,0.0,0.0,0.5,0.0,2,5.9,3.41557461751114,36995.0603198774,2.62581630392903,5.433,0.0,10.0,4.065360276112664,0.0,0.0,0.0,0.0,0.0,0.0
NZL,2003,0,0,5.7,4.72587484712128,39092.3455202712,4027200.0,1.75357444759557,4.745,10.0,0.0,126.0,0.0,0.0,0.0,0.0,0.0,0.5,0.0,3,5.8,4.71514593471419,38072.2713835052,2.67709257711605,5.282,0.0,10.0,4.720510390917735,0.0,0.0,0.0,0.0,0.0,0.0
NZL,2004,0,0,5.5,4.09053577279863,40091.1399487332,4087500.0,2.29024902847571,4.005,10.0,0.0,127.0,0.0,0.0,0.0,0.0,0.0,0.5,0.0,4,5.7,4.72587484712128,39092.3455202712,1.75357444759557,4.745,0.0,10.0,4.408205309959953,0.0,0.0,0.0,0.0,0.0,0.0
NZL,2005,0,0,5.5,3.35295444152619,40970.295838255,4133900.0,3.03702332617012,3.807,10.0,0.0,128.0,0.0,0.0,0.0,0.0,0.0,0.5,0.0,5,5.5,4.09053577279863,40091.1399487332,2.29024902847571,4.005,0.0,10.0,3.721745107162409,0.0,0.0,0.0,0.0,0.0,0.0
NZL,2006,0,0,5.4,2.7744428588158,41596.8311289998,4184600.0,3.36540196171993,3.857,10.0,0.0,129.0,0.0,0.0,0.0,0.0,0.0,0.5,0.0,6,5.5,3.35295444152619,40970.295838255,3.03702332617012,3.807,0.0,10.0,3.063698650170994,0.0,0.0,0.0,0.0,0.0,0.0
NZL,2007,0,0,5.3,3.06312221869514,42473.1182614499,4223800.0,2.37614310290659,3.661,10.0,0.0,130.0,0.0,0.0,0.0,0.0,0.0,0.5,0.0,7,5.4,2.7744428588158,41596.8311289998,3.36540196171993,3.857,0.0,10.0,2.918782538755469,0.0,0.0,0.0,0.0,0.0,0.0
NZL,2008,1,0,5.3,-1.02561134479848,41682.2459069155,4259800.0,3.9589493731206,4.167,10.0,0.0,131.0,0.0,0.0,0.0,0.0,0.0,0.5,0.0,8,5.3,3.06312221869514,42473.1182614499,2.37614310290659,3.661,0.0,10.0,1.0187554369483292,0.0,0.0,0.0,0.0,0.0,0.0
NZL,2009,0,0,5.2,-0.040259885205117,41250.9985717425,4302600.0,2.1156511055456,6.121,10.0,0.0,132.0,0.0,0.0,0.0,0.0,0.0,0.5,0.0,0,5.3,-1.02561134479848,41682.2459069155,3.9589493731206,4.167,0.0,10.0,-0.5329356150017994,0.0,0.0,0.0,0.0,0.0,0.0
NZL,2010,0,0,5.2,1.47182504276788,41395.370375582,4350700.0,2.30202385958572,6.557,10.0,0.0,133.0,0.0,0.0,0.0,0.0,0.0,0.5,0.0,1,5.2,-0.040259885205117,41250.9985717425,2.1156511055456,6.121,0.0,10.0,0.7157825787813806,0.0,0.0,0.0,0.0,0.0,0.0
NZL,2011,0,0,5.1,2.1445004445998,41961.9202263641,4384000.0,4.0279066739204,6.491,10.0,0.0,134.0,0.0,0.0,0.0,0.0,0.0,0.5,0.0,2,5.2,1.47182504276788,41395.370375582,2.30202385958572,6.557,0.0,10.0,1.8081627436838392,0.0,0.0,0.0,0.0,0.0,0.0
NZL,2012,0,0,5.0,2.30256429520961,42693.4234516571,4408100.0,1.05991318445632,6.931,10.0,0.0,135.0,0.0,0.0,0.0,0.0,0.0,0.5,0.0,3,5.1,2.1445004445998,41961.9202263641,4.0279066739204,6.491,0.0,10.0,2.223532369904704,0.0,0.0,0.0,0.0,0.0,0.0
NZL,2013,0,0,4.9,2.5648360739867,43453.2814172317,4442100.0,1.13442266445817,5.839,10.0,0.0,136.0,0.0,0.0,0.0,0.0,0.0,0.5,0.0,4,5.0,2.30256429520961,42693.4234516571,1.05991318445632,6.931,0.0,10.0,2.4337001845981536,0.0,0.0,0.0,0.0,0.0,0.0
NZL,2014,0,0,4.8,3.81933619307242,44369.7664241859,4516500.0,1.227507505974,5.428,10.0,0.0,137.0,0.0,0.0,0.0,0.0,0.0,0.5,0.0,5,4.9,2.5648360739867,43453.2814172317,1.13442266445817,5.839,0.0,10.0,3.1920861335295587,0.0,0.0,0.0,0.0,0.0,0.0
NZL,2015,0,0,4.7,3.72968312125018,45097.016468387,4609400.0,0.292704628136101,5.415,10.0,0.0,138.0,0.0,0.0,0.0,0.0,0.0,0.5,0.0,6,4.8,3.81933619307242,44369.7664241859,1.227507505974,5.428,0.0,10.0,3.774509657161299,0.0,0.0,0.0,0.0,0.0,0.0
NZL,2016,0,0,4.6,3.7435247472109,45746.135981069,4714100.0,0.646240284454524,5.147,10.0,0.0,139.0,0.0,0.0,0.0,0.0,0.0,0.5,0.0,7,4.7,3.72968312125018,45097.016468387,0.292704628136101,5.415,0.0,10.0,3.736603934230539,0.0,0.0,0.0,0.0,0.0,0.0
NZL,2017,1,0,4.5,3.31568621648204,46285.9810980642,4813600.0,1.85078767452536,4.736,10.0,0.0,140.0,0.0,0.0,0.0,0.0,0.0,0.5,0.0,8,4.6,3.7435247472109,45746.135981069,0.646240284454524,5.147,0.0,10.0,3.529605481846469,0.0,0.0,0.0,0.0,0.0,0.0
NZL,2018,0,0,4.5,3.32219666491432,46974.6818400482,4900600.0,1.59829703801696,4.335,10.0,0.0,141.0,0.0,0.0,0.0,0.0,0.0,0.5,0.0,0,4.5,3.31568621648204,46285.9810980642,1.85078767452536,4.736,0.0,10.0,3.318941440698179,0.0,0.0,0.0,0.0,0.0,0.0
NZL,2019,0,0,4.4,2.32371708441623,47392.1933135172,4970300.0,1.61963190184048,4.109,10.0,0.0,141.0,0.0,0.0,0.0,0.0,0.0,0.5,0.0,1,4.5,3.32219666491432,46974.6818400482,1.59829703801696,4.335,0.0,10.0,2.822956874665274,0.0,0.0,0.0,0.0,0.0,0.0
NZL,2020,0,0,4.3,-0.240916114758988,46326.3804672976,5072400.0,1.71456170007245,4.595,10.0,0.0,141.0,0.0,0.0,0.0,0.0,0.0,0.5,0.0,2,4.4,2.32371708441623,47392.1933135172,1.61963190184048,4.109,0.0,10.0,1.0414004848286198,0.0,0.0,0.0,0.0,0.0,0.0
NZL,2021,0,0,4.3,4.29916005216614,48202.0913368233,5084600.0,3.94112060778728,3.776,10.0,0.0,141.0,0.0,0.0,0.0,0.0,0.0,0.5,0.0,3,4.3,-0.240916114758988,46326.3804672976,1.71456170007245,4.595,0.0,10.0,2.029121968703575,0.0,0.0,0.0,0.0,0.0,0.0
NZL,2022,0,0,4.2,3.34521847792682,49842.9845334162,5081700.0,7.17222476016441,3.299,10.0,0.0,141.0,0.0,0.0,0.0,0.0,0.0,0.5,0.0,4,4.3,4.29916005216614,48202.0913368233,3.94112060778728,3.776,0.0,10.0,3.8221892650464793,0.0,0.0,0.0,0.0,0.0,0.0
NZL,2023,1,0,4.1,1.81389453412019,49592.5875512098,5200000.0,5.73316283034957,3.734,10.0,0.0,141.0,0.0,0.0,0.0,0.0,0.0,0.5,0.0,5,4.2,3.34521847792682,49842.9845334162,7.17222476016441,3.299,0.0,10.0,2.579556506023504,0.0,0.0,0.0,0.0,0.0,0.0
NZL,2024,0,0,4.0,-0.868722371893952,48325.3650985684,5290000.0,2.92279782301957,4.724,10.0,0.0,141.0,0.0,0.0,0.0,0.0,0.0,0.5,0.0,0,4.1,1.81389453412019,49592.5875512098,5.73316283034957,3.734,0.0,10.0,0.4725860811131181,0.0,0.0,0.0,0.0,0.0,0.0
PAN,1970,0,1,50.9,6.95922610779934,18270.06444120635,1513070.0,3.08329498367026,6.6025,-7.0,0.0,2.0,0.0,0.0,0.0,0.0,0.0,0.5,0.0,0,18.4,3.53620866972961,18109.67372703895,5.66318573909345,6.662,0.0,8.0,6.95922610779934,1.0,0.0,0.5,0.5,0.0,0.0
PAN,1971,0,1,48.6,9.61613757840476,18270.06444120635,1556081.0,1.91964285715145,6.6025,-7.0,0.0,3.0,0.0,0.0,0.0,0.0,0.0,0.5,0.0,1,50.9,6.95922610779934,18109.67372703895,3.08329498367026,6.662,0.0,-7.0,8.28768184310205,1.0,0.0,0.5,0.5,0.0,0.0
PAN,1972,0,1,46.1,4.58281250525241,18270.06444120635,1599723.0,5.40954883948927,6.6025,-7.0,0.0,4.0,0.0,0.0,0.0,0.0,0.0,0.5,0.0,2,48.6,9.61613757840476,18109.67372703895,1.91964285715145,6.662,0.0,-7.0,7.099475041828585,1.0,0.0,0.5,0.5,0.0,0.0
PAN,1973,0,1,43.6,5.36431021720534,18270.06444120635,1643690.0,6.85643050053375,6.6025,-7.0,0.0,5.0,0.0,0.0,0.0,0.0,0.0,0.5,0.0,3,46.1,4.58281250525241,18109.67372703895,5.40954883948927,6.662,0.0,-7.0,4.9735613612288745,1.0,0.0,0.5,0.5,0.0,0.0
PAN,1974,0,1,41.4,2.44831956246551,18270.06444120635,1687926.0,16.2680666277125,6.6025,-7.0,0.0,6.0,0.0,0.0,0.0,0.0,0.0,0.5,0.0,4,43.6,5.36431021720534,18109.67372703895,6.85643050053375,6.662,0.0,-7.0,3.906314889835425,1.0,1.0,0.5,0.5,0.0,0.0
PAN,1975,0,1,39.5,1.74091944012658,18270.06444120635,1732389.0,5.88104130650948,6.6025,-7.0,0.0,7.0,0.0,0.0,0.0,0.0,0.0,0.5,0.0,5,41.4,2.44831956246551,18109.67372703895,16.2680666277125,6.662,0.0,-7.0,2.094619501296045,1.0,0.0,0.5,0.5,0.0,0.0
PAN,1976,0,1,38.0,1.66446135972971,18270.06444120635,1776935.0,3.9499999994172,6.6025,-7.0,0.0,8.0,0.0,0.0,0.0,0.0,0.0,0.5,0.0,6,39.5,1.74091944012658,18109.67372703895,5.88104130650948,6.662,0.0,-7.0,1.7026903999281449,1.0,0.0,0.5,0.5,0.0,0.0
PAN,1977,0,1,36.7,1.0940258905988,18270.06444120635,1821543.0,4.58553791889612,6.6025,-7.0,0.0,9.0,0.0,0.0,0.0,0.0,0.0,0.5,0.0,7,38.0,1.66446135972971,18109.67372703895,3.9499999994172,6.662,0.0,-7.0,1.379243625164255,1.0,0.0,0.5,0.5,0.0,0.0
PAN,1978,0,1,35.7,9.79264391816659,18270.06444120635,1866311.0,4.20052123266097,6.6025,-6.0,0.0,10.0,0.0,0.0,0.0,0.0,0.0,0.5,0.0,8,36.7,1.0940258905988,18109.67372703895,4.58553791889612,6.662,0.0,-7.0,5.443334904382695,1.0,0.0,0.5,0.5,0.0,0.0
PAN,1979,0,1,34.7,4.51475107985127,18270.06444120635,1911552.0,7.98881859610768,6.6025,-6.0,0.0,11.0,0.0,0.0,0.0,0.0,0.0,0.5,0.0,9,35.7,9.79264391816659,18109.67372703895,4.20052123266097,6.662,0.0,-6.0,7.1536974990089295,1.0,0.0,0.5,0.5,0.0,0.0
PAN,1980,0,1,33.8,13.0844817290489,18270.06444120635,1957534.0,13.8079019078008,6.6025,-6.0,0.0,12.0,0.0,0.0,0.0,0.0,0.0,0.5,0.0,10,34.7,4.51475107985127,18109.67372703895,7.98881859610768,6.662,0.0,-6.0,8.799616404450084,1.0,1.0,0.5,0.5,0.0,0.0
PAN,1981,0,1,32.7,9.20680945357908,18270.06444120635,2004418.0,7.30232836526218,6.6025,-6.0,0.0,13.0,0.0,0.0,0.0,0.0,0.0,0.5,0.0,11,33.8,13.0844817290489,18109.67372703895,13.8079019078008,6.662,0.0,-6.0,11.14564559131399,1.0,0.0,0.5,0.5,0.0,0.0
PAN,1982,0,1,31.6,5.34845643837734,18270.06444120635,2052271.0,4.25057176328125,6.6025,-5.0,1.0,14.0,0.0,0.0,0.0,0.0,0.0,0.5,0.0,12,32.7,9.20680945357908,18109.67372703895,7.30232836526218,6.662,0.0,-6.0,7.27763294597821,1.0,0.0,0.5,0.5,0.0,0.0
PAN,1983,0,1,30.5,-4.49136434642946,18270.06444120635,2101106.0,2.10284124368166,6.6025,-5.0,1.0,15.0,0.0,0.0,0.0,0.0,0.0,0.5,0.0,13,31.6,5.34845643837734,18109.67372703895,4.25057176328125,6.662,0.0,-5.0,0.4285460459739401,1.0,0.0,0.5,0.5,0.0,0.0
PAN,1984,0,1,29.3,2.70947377305887,18270.06444120635,2150782.0,1.58264332858587,6.6025,-6.0,0.0,16.0,0.0,0.0,0.0,0.0,0.0,0.5,0.0,14,30.5,-4.49136434642946,18109.67372703895,2.10284124368166,6.662,0.0,-5.0,-0.8909452866852952,1.0,0.0,0.5,0.5,0.0,0.0
PAN,1985,0,1,28.2,4.94223365153981,18270.06444120635,2200915.0,1.02661989275158,6.6025,-6.0,0.0,17.0,0.0,0.0,0.0,0.0,0.0,0.5,0.0,15,29.3,2.70947377305887,18109.67372703895,1.58264332858587,6.662,0.0,-6.0,3.82585371229934,1.0,0.0,0.5,0.5,0.0,0.0
PAN,1986,0,1,27.2,3.56778822819052,18270.06444120635,2251325.0,-0.0663841083593701,6.6025,-6.0,0.0,18.0,0.0,0.0,0.0,0.0,0.0,0.5,0.0,16,28.2,4.94223365153981,18109.67372703895,1.02661989275158,6.662,0.0,-6.0,4.255010939865166,1.0,0.0,0.5,0.5,0.0,0.0
PAN,1987,0,1,26.3,-1.80905548139501,18270.06444120635,2301970.0,0.996423096679179,6.6025,-8.0,0.0,19.0,0.0,0.0,0.0,0.0,0.0,0.5,0.0,17,27.2,3.56778822819052,18109.67372703895,-0.0663841083593701,6.662,0.0,-6.0,0.879366373397755,1.0,0.0,0.5,0.5,0.0,0.0
PAN,1988,0,1,25.4,-13.3798437826627,18270.06444120635,2352848.0,0.35922084492817,6.6025,-8.0,0.0,20.0,0.0,0.0,0.0,0.0,0.0,0.5,0.0,18,26.3,-1.80905548139501,18109.67372703895,0.996423096679179,6.662,0.0,-8.0,-7.594449632028855,1.0,0.0,0.5,0.5,0.0,0.0
PAN,1989,0,1,24.7,1.56224700549564,18270.06444120635,2403820.0,0.20586725831776,6.6025,8.0,0.0,0.0,1.0,0.0,0.0,1.0,1.0,0.5,0.0,19,25.4,-13.3798437826627,18109.67372703895,0.35922084492817,6.662,0.0,-8.0,-5.90879838858353,1.0,0.0,0.5,0.5,0.0,0.0
PAN,1990,0,1,24.0,8.09899300573224,10263.6928426466,2455583.0,0.76948535495601,6.6025,8.0,0.0,1.0,0.0,0.0,0.0,0.0,0.0,0.5,0.0,20,24.7,1.56224700549564,18109.67372703895,0.20586725831776,6.662,1.0,8.0,4.83062000561394,1.0,0.0,0.5,0.5,0.0,0.0
PAN,1991,0,1,23.5,9.41900604873607,10994.5538811637,2508265.0,1.25626077674687,6.443,8.0,0.0,2.0,0.0,0.0,0.0,0.0,0.0,0.5,0.0,21,24.0,8.09899300573224,10263.6928426466,0.76948535495601,6.662,0.0,8.0,8.758999527234156,1.0,0.0,0.5,0.5,0.0,0.0
PAN,1992,0,1,23.0,8.20167952936097,11649.8002384174,2561336.0,1.82452156989959,6.317,8.0,0.0,3.0,0.0,0.0,0.0,0.0,0.0,0.5,0.0,22,23.5,9.41900604873607,10994.5538811637,1.25626077674687,6.443,0.0,8.0,8.81034278904852,1.0,0.0,0.5,0.5,0.0,0.0
PAN,1993,0,1,22.7,5.45574476975436,12032.8122579156,2615099.0,0.45393007884036,6.374,8.0,0.0,4.0,0.0,0.0,0.0,0.0,0.0,0.5,0.0,23,23.0,8.20167952936097,11649.8002384174,1.82452156989959,6.317,0.0,8.0,6.828712149557665,1.0,0.0,0.5,0.5,0.0,0.0
PAN,1994,1,1,22.5,2.85014717061981,12123.3539257861,2669546.0,1.26843190106196,6.428,9.0,0.0,5.0,0.0,0.0,0.0,0.0,0.0,0.5,0.0,24,22.7,5.45574476975436,12032.8122579156,0.45393007884036,6.374,0.0,8.0,4.152945970187085,1.0,0.0,0.5,0.5,0.0,0.0
PAN,1995,0,1,22.3,1.75167890389389,12086.6481153656,2724557.0,0.99420698293387,6.512,9.0,0.0,6.0,0.0,0.0,0.0,0.0,0.0,0.5,0.0,0,22.5,2.85014717061981,12123.3539257861,1.26843190106196,6.428,0.0,9.0,2.30091303725685,1.0,0.0,0.5,0.5,0.0,0.0
PAN,1996,0,1,22.0,4.0797027065703,12327.8562890077,2780227.0,1.25571661111546,6.728,9.0,0.0,7.0,0.0,0.0,0.0,0.0,0.0,0.5,0.0,1,22.3,1.75167890389389,12086.6481153656,0.99420698293387,6.512,0.0,9.0,2.915690805232095,1.0,0.0,0.5,0.5,0.0,0.0
PAN,1997,0,1,21.8,7.70904000189154,13013.8959932208,2836695.0,1.32435122100608,6.588,9.0,0.0,8.0,0.0,0.0,0.0,0.0,0.0,0.5,0.0,2,22.0,4.0797027065703,12327.8562890077,1.25571661111546,6.728,0.0,9.0,5.89437135423092,1.0,0.0,0.5,0.5,0.0,0.0
PAN,1998,0,1,21.4,8.38747212468969,13826.5376778781,2893914.0,0.559081293442494,6.397,9.0,0.0,9.0,0.0,0.0,0.0,0.0,0.0,0.5,0.0,3,21.8,7.70904000189154,13013.8959932208,1.32435122100608,6.588,0.0,9.0,8.048256063290616,1.0,0.0,0.5,0.5,0.0,0.0
PAN,1999,1,1,21.0,5.21164584606353,14261.7464595428,2951822.0,1.24718256949635,6.168,9.0,0.0,10.0,0.0,0.0,0.0,0.0,0.0,0.5,0.0,4,21.4,8.38747212468969,13826.5376778781,0.559081293442494,6.397,0.0,9.0,6.79955898537661,1.0,0.0,0.5,0.5,0.0,0.0
PAN,2000,0,1,20.5,4.20900547865375,14572.9808700068,3010369.0,1.49896111605778,6.188,9.0,0.0,11.0,0.0,0.0,0.0,0.0,0.0,0.5,0.0,0,21.0,5.21164584606353,14261.7464595428,1.24718256949635,6.168,0.0,9.0,4.710325662358639,1.0,0.0,0.5,0.5,0.0,0.0
PAN,2001,0,1,19.9,0.949908149985234,14427.8355424862,3069537.0,0.307062436028722,6.293,9.0,0.0,12.0,0.0,0.0,0.0,0.0,0.0,0.5,0.0,1,20.5,4.20900547865375,14572.9808700068,1.49896111605778,6.188,0.0,9.0,2.579456814319491,1.0,0.0,0.5,0.5,0.0,0.0
PAN,2002,0,1,19.3,2.50884372716125,14507.1494232714,3129344.0,1.00583090379039,6.302,9.0,0.0,13.0,0.0,0.0,0.0,0.0,0.0,0.5,0.0,2,19.9,0.949908149985234,14427.8355424862,0.307062436028722,6.293,0.0,9.0,1.729375938573241,1.0,0.0,0.5,0.5,0.0,0.0
PAN,2003,0,1,18.7,5.09686030493801,14957.5590503323,3189807.0,0.391666666666709,6.303,9.0,0.0,14.0,0.0,0.0,0.0,0.0,0.0,0.5,0.0,3,19.3,2.50884372716125,14507.1494232714,1.00583090379039,6.302,0.0,9.0,3.8028520160496293,1.0,0.0,0.5,0.5,0.0,0.0
PAN,2004,1,1,18.0,8.17565333965649,15875.1188201453,3251155.0,0.474723078204362,6.097,9.0,0.0,15.0,0.0,0.0,0.0,0.0,0.0,0.5,0.0,4,18.7,5.09686030493801,14957.5590503323,0.391666666666709,6.303,0.0,9.0,6.636256822297249,0.0,0.0,0.0,0.5,0.0,0.0
PAN,2005,0,1,17.4,8.27618334503531,16867.9674513124,3313026.0,2.85588324760957,5.967,9.0,0.0,16.0,0.0,0.0,0.0,0.0,0.0,0.5,0.0,0,18.0,8.17565333965649,15875.1188201453,0.474723078204362,6.097,0.0,9.0,8.2259183423459,0.0,0.0,0.0,0.5,0.0,0.0
PAN,2006,0,1,16.9,9.85723870564752,18190.281154717,3375024.0,2.45789346442102,5.792,9.0,0.0,17.0,0.0,0.0,0.0,0.0,0.0,0.5,0.0,1,17.4,8.27618334503531,16867.9674513124,2.85588324760957,5.967,0.0,9.0,9.066711025341414,0.0,0.0,0.0,0.5,0.0,0.0
PAN,2007,0,1,16.3,13.1530653782933,20208.8293911964,3437490.0,4.1686330029888,5.665,9.0,0.0,18.0,0.0,0.0,0.0,0.0,0.0,0.5,0.0,2,16.9,9.85723870564752,18190.281154717,2.45789346442102,5.792,0.0,9.0,11.505152041970408,0.0,0.0,0.0,0.5,0.0,0.0
PAN,2008,0,1,15.8,10.1974325907958,21867.8272186787,3500648.0,8.7586831772878,5.639,9.0,0.0,19.0,0.0,0.0,0.0,0.0,0.0,0.5,0.0,3,16.3,13.1530653782933,20208.8293911964,4.1686330029888,5.665,0.0,9.0,11.675248984544549,0.0,0.0,0.0,0.5,0.0,0.0
PAN,2009,1,1,15.3,1.61186405976055,21822.996136155,3564381.0,2.40905304082201,5.857,9.0,0.0,20.0,0.0,0.0,0.0,0.0,0.0,0.5,0.0,4,15.8,10.1974325907958,21867.8272186787,8.7586831772878,5.639,0.0,9.0,5.904648325278174,0.0,0.0,0.0,0.5,0.0,0.0
PAN,2010,0,1,14.9,6.07339353106087,22739.1194141341,3628535.0,3.49128872618809,5.845,9.0,0.0,21.0,0.0,0.0,0.0,0.0,0.0,0.5,0.0,0,15.3,1.61186405976055,21822.996136155,2.40905304082201,5.857,0.0,9.0,3.8426287954107092,0.0,0.0,0.0,0.5,0.0,0.0
PAN,2011,0,1,14.5,11.9088772249531,24999.4702655482,3693505.0,5.87580243678763,4.03,9.0,0.0,22.0,0.0,0.0,0.0,0.0,0.0,0.5,0.0,1,14.9,6.07339353106087,22739.1194141341,3.49128872618809,5.845,0.0,9.0,8.991135378006984,0.0,0.0,0.0,0.5,0.0,0.0
PAN,2012,0,1,14.2,9.62729346439019,26926.8956928065,3759256.0,5.69819959165993,3.691,9.0,0.0,23.0,0.0,0.0,0.0,0.0,0.0,0.5,0.0,2,14.5,11.9088772249531,24999.4702655482,5.87580243678763,4.03,0.0,9.0,10.768085344671645,0.0,0.0,0.0,0.5,0.0,0.0
PAN,2013,0,1,14.0,6.32435388662846,28135.3387835383,3825329.0,4.02715991571061,3.674,9.0,0.0,24.0,0.0,0.0,0.0,0.0,0.0,0.5,0.0,3,14.2,9.62729346439019,26926.8956928065,5.69819959165993,3.691,0.0,9.0,7.975823675509324,0.0,0.0,0.0,0.5,0.0,0.0
PAN,2014,1,1,13.8,4.62581375565551,28931.8156401199,3892101.0,2.62652699929143,4.391,9.0,0.0,25.0,0.0,0.0,0.0,0.0,0.0,0.5,0.0,4,14.0,6.32435388662846,28135.3387835383,4.02715991571061,3.674,0.0,9.0,5.475083821141984,0.0,0.0,0.0,0.5,0.0,0.0
PAN,2015,0,1,13.6,5.26691719595516,29933.1671530011,3960035.0,0.137492058461588,4.335,9.0,0.0,26.0,0.0,0.0,0.0,0.0,0.0,0.5,0.0,0,13.8,4.62581375565551,28931.8156401199,2.62652699929143,4.391,0.0,9.0,4.946365475805334,0.0,0.0,0.0,0.5,0.0,0.0
PAN,2016,0,1,13.5,4.57196707937275,30765.2490653506,4029086.0,0.73973402529995,4.717,9.0,0.0,27.0,0.0,0.0,0.0,0.0,0.0,0.5,0.0,1,13.6,5.26691719595516,29933.1671530011,0.137492058461588,4.335,0.0,9.0,4.919442137663954,0.0,0.0,0.0,0.5,0.0,0.0
PAN,2017,0,0,13.3,5.7440594635578,31979.8246437748,4098707.0,0.875585918759963,5.338,9.0,0.0,28.0,0.0,0.0,0.0,0.0,0.0,0.5,0.0,2,13.5,4.57196707937275,30765.2490653506,0.73973402529995,4.717,0.0,9.0,5.158013271465274,0.0,0.0,0.0,0.0,0.0,0.0
PAN,2018,0,0,12.9,3.91824253321265,32681.4729886331,4167860.0,0.761578359399945,5.161,9.0,0.0,29.0,0.0,0.0,0.0,0.0,0.0,0.5,0.0,3,13.3,5.7440594635578,31979.8246437748,0.875585918759963,5.338,0.0,9.0,4.831150998385224,0.0,0.0,0.0,0.0,0.0,0.0
PAN,2019,1,0,12.6,3.10295395631086,33163.7172814857,4234700.0,-0.355083821021246,6.256,9.0,0.0,29.0,0.0,0.0,0.0,0.0,0.0,0.5,0.0,4,12.9,3.91824253321265,32681.4729886331,0.761578359399945,5.161,0.0,9.0,3.510598244761754,0.0,0.0,0.0,0.0,0.0,0.0
PAN,2020,0,0,12.2,-17.8211174074602,26881.8277221689,4293261.0,-1.55027540803761,14.663,9.0,0.0,29.0,0.0,0.0,0.0,0.0,0.0,0.5,0.0,0,12.6,3.10295395631086,33163.7172814857,-0.355083821021246,6.256,0.0,9.0,-7.359081725574671,0.0,0.0,0.0,0.0,0.0,0.0
PAN,2021,0,0,12.0,16.4669992022652,30932.7627780514,4345405.0,1.63070337301898,10.177,9.0,0.0,29.0,0.0,0.0,0.0,0.0,0.0,0.5,0.0,1,12.2,-17.8211174074602,26881.8277221689,-1.55027540803761,14.663,0.0,9.0,-0.6770591025975019,0.0,0.0,0.0,0.0,0.0,0.0
PAN,2022,0,0,11.9,11.0386022908773,33915.1693306309,4400773.0,2.85965128834711,8.086,9.0,0.0,29.0,0.0,0.0,0.0,0.0,0.0,0.5,0.0,2,12.0,16.4669992022652,30932.7627780514,1.63070337301898,10.177,0.0,9.0,13.752800746571248,0.0,0.0,0.0,0.0,0.0,0.0
PAN,2023,0,0,11.9,7.16634016390665,35872.9719200069,4458759.0,1.48641355277038,6.544,9.0,0.0,29.0,0.0,0.0,0.0,0.0,0.0,0.5,0.0,3,11.9,11.0386022908773,33915.1693306309,2.85965128834711,8.086,0.0,9.0,9.102471227391973,0.0,0.0,0.0,0.0,0.0,0.0
PAN,2024,1,0,12.0,2.74784148771307,36394.9235366316,4515577.0,0.69322555100446,8.451,9.0,0.0,29.0,0.0,0.0,0.0,0.0,0.0,0.5,0.0,4,11.9,7.16634016390665,35872.9719200069,1.48641355277038,6.544,0.0,9.0,4.957090825809859,0.0,0.0,0.0,0.0,0.0,0.0
PER,1970,0,1,127.3,3.36594600332614,18270.06444120635,13501237.0,5.02523590072424,6.6025,-7.0,0.0,2.0,0.0,0.0,0.0,0.0,0.0,0.5,0.0,0,18.4,3.53620866972961,18109.67372703895,5.66318573909345,6.662,0.0,8.0,3.36594600332614,1.0,0.0,0.5,0.5,0.0,0.0
PER,1971,0,1,111.2,4.59053992759885,18270.06444120635,13838067.0,6.79063936495415,6.6025,-7.0,0.0,3.0,0.0,0.0,0.0,0.0,0.0,0.5,0.0,1,127.3,3.36594600332614,18109.67372703895,5.02523590072424,6.662,0.0,-7.0,3.9782429654624947,1.0,0.0,0.5,0.5,0.0,0.0
PER,1972,0,1,108.2,3.47753512310473,18270.06444120635,14210147.0,7.21972216770545,6.6025,-7.0,0.0,4.0,0.0,0.0,0.0,0.0,0.0,0.5,0.0,2,111.2,4.59053992759885,18109.67372703895,6.79063936495415,6.662,0.0,-7.0,4.03403752535179,1.0,0.0,0.5,0.5,0.0,0.0
PER,1973,0,1,105.2,6.27693475562022,18270.06444120635,14582867.0,9.48905109503398,6.6025,-7.0,0.0,5.0,0.0,0.0,0.0,0.0,0.0,0.5,0.0,3,108.2,3.47753512310473,18109.67372703895,7.21972216770545,6.662,0.0,-7.0,4.877234939362475,1.0,0.0,0.5,0.5,0.0,0.0
PER,1974,0,1,102.1,9.38683491938303,18270.06444120635,14956552.0,16.8916666665703,6.6025,-7.0,0.0,6.0,0.0,0.0,0.0,0.0,0.0,0.5,0.0,4,105.2,6.27693475562022,18109.67372703895,9.48905109503398,6.662,0.0,-7.0,7.831884837501626,1.0,1.0,0.5,0.5,0.0,0.0
PER,1975,0,1,99.3,4.30086316548426,18270.06444120635,15333957.0,23.6187352963326,6.6025,-7.0,0.0,7.0,0.0,0.0,0.0,0.0,0.0,0.5,0.0,5,102.1,9.38683491938303,18109.67372703895,16.8916666665703,6.662,0.0,-7.0,6.843849042433645,1.0,1.0,0.5,0.5,0.0,0.0
PER,1976,0,1,97.0,1.44711099517411,18270.06444120635,15716809.0,33.4832756634566,6.6025,-7.0,0.0,8.0,0.0,0.0,0.0,0.0,0.0,0.5,0.0,6,99.3,4.30086316548426,18109.67372703895,23.6187352963326,6.662,0.0,-7.0,2.8739870803291847,1.0,1.0,0.5,0.5,0.0,0.0
PER,1977,0,1,94.9,0.349063699303812,18270.06444120635,16109806.0,38.0540914196793,6.6025,-7.0,0.0,9.0,0.0,0.0,0.0,0.0,0.0,0.5,0.0,7,97.0,1.44711099517411,18109.67372703895,33.4832756634566,6.662,0.0,-7.0,0.898087347238961,1.0,1.0,0.5,0.5,0.0,0.0
PER,1978,0,1,93.1,-2.64250297882154,18270.06444120635,16516059.0,57.8487826251505,6.6025,-2.0,1.0,0.0,0.0,0.0,0.0,0.0,0.0,0.5,0.0,8,94.9,0.349063699303812,18109.67372703895,38.0540914196793,6.662,0.0,-7.0,-1.1467196397588642,1.0,1.0,0.5,0.5,0.0,0.0
PER,1979,0,1,91.4,4.09075057410003,18270.06444120635,16933139.0,66.6944229664876,6.6025,3.0,1.0,0.0,0.0,0.0,0.0,0.0,0.0,0.5,0.0,9,93.1,-2.64250297882154,18109.67372703895,57.8487826251505,6.662,0.0,-2.0,0.7241237976392447,1.0,1.0,0.5,0.5,0.0,0.0
PER,1980,0,1,89.7,5.94333539830841,18270.06444120635,17360949.0,59.1450712444914,6.6025,7.0,0.0,0.0,0.0,0.0,0.0,0.0,0.0,0.5,0.0,10,91.4,4.09075057410003,18109.67372703895,66.6944229664876,6.662,0.0,3.0,5.01704298620422,1.0,1.0,0.5,0.5,0.0,0.0
PER,1981,0,1,87.8,5.55204181484046,18270.06444120635,17798805.0,75.4332687576064,6.6025,7.0,0.0,1.0,0.0,0.0,0.0,0.0,0.0,0.5,0.0,11,89.7,5.94333539830841,18109.67372703895,59.1450712444914,6.662,0.0,7.0,5.747688606574435,1.0,1.0,0.5,0.5,0.0,0.0
PER,1982,0,1,85.5,-0.2227234441863,18270.06444120635,18246503.0,64.4481585387929,6.6025,7.0,0.0,2.0,3.0,3.0,0.0,0.0,1.0,0.5,0.0,12,87.8,5.55204181484046,18109.67372703895,75.4332687576064,6.662,0.0,7.0,2.66465918532708,1.0,1.0,0.5,0.5,0.0,0.0
PER,1983,0,1,82.9,-10.408085798297,18270.06444120635,18705957.0,111.150635209157,6.6025,7.0,0.0,3.0,3.0,3.0,0.0,0.0,1.0,0.5,0.0,13,85.5,-0.2227234441863,18109.67372703895,64.4481585387929,6.662,3.0,7.0,-5.31540462124165,1.0,1.0,0.5,0.5,0.0,0.0
PER,1984,0,1,79.8,3.60828653816966,18270.06444120635,19174716.0,110.208519562543,6.6025,7.0,0.0,4.0,3.0,3.0,0.0,0.0,1.0,0.5,0.0,14,82.9,-10.408085798297,18109.67372703895,111.150635209157,6.662,3.0,7.0,-3.39989963006367,1.0,1.0,0.5,0.5,0.0,0.0
PER,1985,1,1,76.3,2.06113206625895,18270.06444120635,19648204.0,163.399505243688,6.6025,7.0,0.0,5.0,3.0,3.0,0.0,0.0,1.0,0.5,0.0,15,79.8,3.60828653816966,18109.67372703895,110.208519562543,6.662,3.0,7.0,2.8347093022143053,1.0,1.0,0.5,0.5,0.0,0.0
PER,1986,0,1,72.8,9.42596236073652,18270.06444120635,20117122.0,77.9210255473595,6.6025,7.0,0.0,6.0,3.0,3.0,0.0,0.0,1.0,0.5,0.0,0,76.3,2.06113206625895,18109.67372703895,163.399505243688,6.662,3.0,7.0,5.7435472134977354,1.0,1.0,0.5,0.5,0.0,0.0
PER,1987,0,1,69.3,9.72614643050372,18270.06444120635,20582320.0,85.8223062381846,6.6025,7.0,0.0,7.0,3.0,3.0,0.0,0.0,1.0,0.5,0.0,1,72.8,9.42596236073652,18109.67372703895,77.9210255473595,6.662,3.0,7.0,9.576054395620119,1.0,1.0,0.5,0.5,0.0,0.0
PER,1988,0,1,65.9,-9.44127344629392,18270.06444120635,21054702.0,667.019328585961,6.6025,7.0,0.0,8.0,3.0,3.0,0.0,0.0,1.0,0.5,0.0,2,69.3,9.72614643050372,18109.67372703895,85.8223062381846,6.662,3.0,7.0,0.14243649210489995,1.0,1.0,0.5,0.5,0.0,0.0
PER,1989,0,1,62.9,-12.3120414471296,18270.06444120635,21532589.0,3398.67901005332,6.6025,7.0,0.0,9.0,3.0,3.0,0.0,0.0,1.0,0.5,0.0,3,65.9,-9.44127344629392,18109.67372703895,667.019328585961,6.662,3.0,7.0,-10.87665744671176,1.0,1.0,0.5,0.5,0.0,0.0
PER,1990,1,1,60.0,-4.98256353646605,6316.2269138715,22014771.0,7481.66361124526,6.6025,8.0,0.0,10.0,3.0,3.0,0.0,0.0,1.0,0.5,0.0,4,62.9,-12.3120414471296,18109.67372703895,3398.67901005332,6.662,3.0,7.0,-8.647302491797825,1.0,1.0,0.5,0.5,0.0,0.0
PER,1991,0,1,57.0,2.2192591027909,6321.7220102527,22483775.0,409.530166622023,4.926,8.0,0.0,11.0,3.0,3.0,0.0,0.0,1.0,0.5,0.0,0,60.0,-4.98256353646605,6316.2269138715,7481.66361124526,6.662,3.0,8.0,-1.381652216837575,1.0,1.0,0.5,0.5,0.0,0.0
PER,1992,0,1,54.0,-0.540509124723926,6160.80456813974,22946340.0,73.5282942442641,5.068,-4.0,1.0,0.0,3.0,3.0,0.0,0.0,1.0,0.5,0.0,1,57.0,2.2192591027909,6321.7220102527,409.530166622023,4.926,3.0,8.0,0.839374989033487,1.0,1.0,0.5,0.5,0.0,0.0
PER,1993,0,1,50.9,5.24357700773291,6354.40466195469,23413783.0,48.5799864468885,4.795,-1.0,1.0,0.0,3.0,3.0,0.0,0.0,1.0,0.5,0.0,2,54.0,-0.540509124723926,6160.80456813974,73.5282942442641,5.068,3.0,-4.0,2.351533941504492,1.0,1.0,0.5,0.5,0.0,0.0
PER,1994,0,1,47.7,12.3083661848445,6996.76185617847,23881493.0,23.7369050565046,4.491,-1.0,1.0,1.0,3.0,3.0,0.0,0.0,1.0,0.5,0.0,3,50.9,5.24357700773291,6354.40466195469,48.5799864468885,4.795,3.0,-1.0,8.775971596288706,1.0,1.0,0.5,0.5,0.0,0.0
PER,1995,0,1,44.4,7.41139504735119,7371.04799020402,24348919.0,11.1287029707089,4.708,-1.0,1.0,2.0,4.0,3.0,0.0,1.0,1.0,0.5,0.0,4,47.7,12.3083661848445,6996.76185617847,23.7369050565046,4.491,3.0,-1.0,9.859880616097845,1.0,1.0,0.5,0.5,0.0,0.0
PER,1996,0,1,41.2,2.79897307912609,7436.18931908276,24811171.0,11.5379424115177,4.929,-1.0,1.0,3.0,3.0,3.0,0.0,0.0,1.0,0.5,0.0,5,44.4,7.41139504735119,7371.04799020402,11.1287029707089,4.708,4.0,-1.0,5.1051840632386405,1.0,1.0,0.5,0.5,0.0,0.0
PER,1997,0,1,38.1,6.47682442079709,7772.77834225556,25274147.0,8.56218948953653,4.762,-1.0,1.0,4.0,3.0,3.0,0.0,0.0,1.0,0.5,0.0,6,41.2,2.79897307912609,7436.18931908276,11.5379424115177,4.929,3.0,-1.0,4.63789874996159,1.0,0.0,0.5,0.5,0.0,0.0
PER,1998,0,1,35.2,-0.391537555833821,7602.78356076635,25738095.0,7.24782175213469,5.099,-1.0,1.0,5.0,0.0,0.0,0.0,0.0,0.0,0.5,0.0,7,38.1,6.47682442079709,7772.77834225556,8.56218948953653,4.762,3.0,-1.0,3.0426434324816345,1.0,0.0,0.5,0.5,0.0,0.0
PER,1999,0,1,32.5,1.49491064308833,7584.30465257181,26186504.0,3.46965996293019,5.011,-1.0,1.0,6.0,0.0,0.0,0.0,0.0,0.0,0.5,0.0,8,35.2,-0.391537555833821,7602.78356076635,7.24782175213469,5.099,0.0,-1.0,0.5516865436272546,1.0,0.0,0.5,0.5,0.0,0.0
PER,2000,1,1,30.1,2.69437139806912,7668.06078201131,26598331.0,3.75733833344474,4.959,4.0,1.0,0.0,0.0,0.0,0.0,0.0,0.0,0.5,0.0,9,32.5,1.49491064308833,7584.30465257181,3.46965996293019,5.011,0.0,-1.0,2.094641020578725,1.0,0.0,0.5,0.5,0.0,0.0
PER,2001,0,1,27.8,0.617892325624297,7610.63949294843,26964601.0,1.97709878502053,5.068,9.0,0.0,0.0,0.0,0.0,0.0,0.0,0.0,0.5,0.0,0,30.1,2.69437139806912,7668.06078201131,3.75733833344474,4.959,0.0,4.0,1.6561318618467085,1.0,0.0,0.5,0.5,0.0,0.0
PER,2002,0,1,25.9,5.45352893818767,7930.50980631714,27288217.0,0.193135003853722,4.84,9.0,0.0,1.0,0.0,0.0,0.0,0.0,0.0,0.5,0.0,1,27.8,0.617892325624297,7610.63949294843,1.97709878502053,5.068,0.0,9.0,3.0357106319059834,1.0,0.0,0.5,0.5,0.0,0.0
PER,2003,0,1,24.2,4.16502313666112,8173.27672987692,27580490.0,2.25937753363072,4.15,9.0,0.0,2.0,0.0,0.0,0.0,0.0,0.0,0.5,0.0,2,25.9,5.45352893818767,7930.50980631714,0.193135003853722,4.84,0.0,9.0,4.809276037424395,1.0,0.0,0.5,0.5,0.0,0.0
PER,2004,0,1,22.7,4.95820320611745,8494.84031217202,27852190.0,3.66247320092233,4.71,9.0,0.0,3.0,0.0,0.0,0.0,0.0,0.0,0.5,0.0,3,24.2,4.16502313666112,8173.27672987692,2.25937753363072,4.15,0.0,9.0,4.561613171389285,1.0,0.0,0.5,0.5,0.0,0.0
PER,2005,0,1,21.3,6.28506032509601,8948.74710742664,28101180.0,1.61630193862544,4.87,9.0,0.0,4.0,0.0,0.0,0.0,0.0,0.0,0.5,0.0,4,22.7,4.95820320611745,8494.84031217202,3.66247320092233,4.71,0.0,9.0,5.621631765606731,1.0,0.0,0.5,0.5,0.0,0.0
PER,2006,1,1,20.1,7.5288990440594,9546.62529545456,28324491.0,2.00225801248819,4.17,9.0,0.0,5.0,0.0,0.0,0.0,0.0,0.0,0.5,0.0,5,21.3,6.28506032509601,8948.74710742664,1.61630193862544,4.87,0.0,9.0,6.9069796845777045,1.0,0.0,0.5,0.5,0.0,0.0
PER,2007,0,1,19.1,8.5183877690955,10284.9672238506,28530699.0,1.77998644680372,4.08,9.0,0.0,6.0,0.0,0.0,0.0,0.0,0.0,0.5,0.0,0,20.1,7.5288990440594,9546.62529545456,2.00225801248819,4.17,0.0,9.0,8.023643406577449,1.0,0.0,0.5,0.5,0.0,0.0
PER,2008,0,1,18.1,9.1265683014642,11150.0262166889,28719041.0,5.78587598206755,4.03,9.0,0.0,7.0,0.0,0.0,0.0,0.0,0.0,0.5,0.0,1,19.1,8.5183877690955,10284.9672238506,1.77998644680372,4.08,0.0,9.0,8.82247803527985,0.0,0.0,0.0,0.5,0.0,0.0
PER,2009,0,1,17.3,1.0958236592427,11202.8654418496,28896811.0,2.936231535967,3.96,9.0,0.0,8.0,0.0,0.0,0.0,0.0,0.0,0.5,0.0,2,18.1,9.1265683014642,11150.0262166889,5.78587598206755,4.03,0.0,9.0,5.1111959803534495,0.0,0.0,0.0,0.5,0.0,0.0
PER,2010,0,1,16.5,8.33245910749577,12057.3912963716,29086019.0,1.52832059732901,3.6,9.0,0.0,9.0,0.0,0.0,0.0,0.0,0.0,0.5,0.0,3,17.3,1.0958236592427,11202.8654418496,2.936231535967,3.96,0.0,9.0,4.714141383369235,0.0,0.0,0.0,0.5,0.0,0.0
PER,2011,1,1,15.8,6.32719240161117,12724.8832049429,29304086.0,3.36931095333853,3.477,9.0,0.0,10.0,0.0,0.0,0.0,0.0,0.0,0.5,0.0,4,16.5,8.33245910749577,12057.3912963716,1.52832059732901,3.6,0.0,9.0,7.32982575455347,0.0,0.0,0.0,0.5,0.0,0.0
PER,2012,0,1,15.2,6.13972470560435,13393.5923851679,29550366.0,3.61121294940163,3.238,9.0,0.0,11.0,0.0,0.0,0.0,0.0,0.0,0.5,0.0,0,15.8,6.32719240161117,12724.8832049429,3.36931095333853,3.477,0.0,9.0,6.233458553607759,0.0,0.0,0.0,0.5,0.0,0.0
PER,2013,0,1,14.7,5.85251821084928,14050.2420319137,29817919.0,2.76789666082002,3.575,9.0,0.0,12.0,0.0,0.0,0.0,0.0,0.0,0.5,0.0,1,15.2,6.13972470560435,13393.5923851679,3.61121294940163,3.238,0.0,9.0,5.996121458226814,0.0,0.0,0.0,0.5,0.0,0.0
PER,2014,0,1,14.2,2.38215737180541,14242.6444760801,30115826.0,3.41194579807465,3.208,9.0,0.0,13.0,0.0,0.0,0.0,0.0,0.0,0.5,0.0,2,14.7,5.85251821084928,14050.2420319137,2.76789666082002,3.575,0.0,9.0,4.117337791327344,0.0,0.0,0.0,0.5,0.0,0.0
PER,2015,0,1,13.8,3.25224477218451,14540.8313160635,30457600.0,3.39809194746308,3.272,9.0,0.0,14.0,0.0,0.0,0.0,0.0,0.0,0.5,0.0,3,14.2,2.38215737180541,14242.6444760801,3.41194579807465,3.208,0.0,9.0,2.817201071994959,0.0,0.0,0.0,0.5,0.0,0.0
PER,2016,1,1,13.4,3.95331871520767,14915.4366324454,30866494.0,3.55717663556279,3.741,9.0,0.0,15.0,0.0,0.0,0.0,0.0,0.0,0.5,0.0,4,13.8,3.25224477218451,14540.8313160635,3.39809194746308,3.272,0.0,9.0,3.602781743696089,0.0,0.0,0.0,0.5,0.0,0.0
PER,2017,0,0,13.1,2.51883544233135,15067.489279382,31324637.0,2.99490045809443,3.691,9.0,0.0,16.0,0.0,0.0,0.0,0.0,0.0,0.5,0.0,0,13.4,3.95331871520767,14915.4366324454,3.55717663556279,3.741,0.0,9.0,3.236077078769509,0.0,0.0,0.0,0.0,0.0,0.0
PER,2018,0,0,12.8,3.969351341365,15384.1846082423,31897584.0,1.50915423024742,3.492,9.0,0.0,17.0,0.0,0.0,0.0,0.0,0.0,0.5,0.0,1,13.1,2.51883544233135,15067.489279382,2.99490045809443,3.691,0.0,9.0,3.244093391848174,0.0,0.0,0.0,0.0,0.0,0.0
PER,2019,0,0,12.5,2.24063176875049,15461.4572585466,32449303.0,2.25212191358027,3.379,9.0,0.0,17.0,0.0,0.0,0.0,0.0,0.0,0.5,0.0,2,12.8,3.969351341365,15384.1846082423,1.50915423024742,3.492,0.0,9.0,3.104991555057744,0.0,0.0,0.0,0.0,0.0,0.0
PER,2020,0,0,12.2,-10.9333065010382,13607.7640705828,32838579.0,2.00241205759292,7.179,9.0,0.0,17.0,0.0,0.0,0.0,0.0,0.0,0.5,0.0,3,12.5,2.24063176875049,15461.4572585466,2.25212191358027,3.379,0.0,9.0,-4.346337366143856,0.0,0.0,0.0,0.0,0.0,0.0
PER,2021,1,0,11.9,13.4166456126513,15285.7706852395,33155882.0,4.27166381536798,5.097,9.0,0.0,17.0,0.0,0.0,0.0,0.0,0.0,0.5,0.0,4,12.2,-10.9333065010382,13607.7640705828,2.00241205759292,7.179,0.0,9.0,1.2416695558065491,0.0,0.0,0.0,0.0,0.0,0.0
PER,2022,0,0,11.6,2.81819976419922,15566.5242612563,33475438.0,8.33370630096231,4.291,9.0,0.0,17.0,0.0,0.0,0.0,0.0,0.0,0.5,0.0,0,11.9,13.4166456126513,15285.7706852395,4.27166381536798,5.097,0.0,9.0,8.11742268842526,0.0,0.0,0.0,0.0,0.0,0.0
PER,2023,0,0,11.3,-0.350699814345759,15342.2741359642,33845617.0,6.45561348369586,4.899,9.0,0.0,17.0,0.0,0.0,0.0,0.0,0.0,0.5,0.0,1,11.6,2.81819976419922,15566.5242612563,8.33370630096231,4.291,0.0,9.0,1.2337499749267296,0.0,0.0,0.0,0.0,0.0,0.0
PER,2024,0,0,11.0,3.5152749274832,15708.8329440963,34217848.0,2.00770739412712,5.199,9.0,0.0,17.0,0.0,0.0,0.0,0.0,0.0,0.5,0.0,2,11.3,-0.350699814345759,15342.2741359642,6.45561348369586,4.899,0.0,9.0,1.5822875565687196,0.0,0.0,0.0,0.0,0.0,0.0
PHL,1970,0,0,53.2,3.69248748654796,18270.06444120635,37622204.0,14.3814616757328,6.6025,2.0,1.0,0.0,0.0,0.0,0.0,0.0,0.0,0.5,0.0,0,18.4,3.53620866972961,18109.67372703895,5.66318573909345,6.662,0.0,8.0,3.69248748654796,1.0,1.0,0.5,0.0,0.0,0.0
PHL,1971,0,0,52.9,5.38900841621259,18270.06444120635,38518659.0,21.4033435366143,6.6025,2.0,1.0,0.0,0.0,0.0,0.0,0.0,0.0,0.5,0.0,1,53.2,3.69248748654796,18109.67372703895,14.3814616757328,6.662,0.0,2.0,4.5407479513802755,1.0,1.0,0.5,0.0,0.0,0.0
PHL,1972,0,0,52.9,5.43038749392343,18270.06444120635,39408560.0,8.20403413498834,6.6025,-9.0,0.0,0.0,6.0,3.0,3.0,0.0,1.0,0.5,0.0,2,52.9,5.38900841621259,18109.67372703895,21.4033435366143,6.662,0.0,2.0,5.40969795506801,1.0,0.0,0.5,0.0,0.0,0.0
PHL,1973,0,0,53.0,8.78200912237088,18270.06444120635,40294130.0,16.5800322638464,6.6025,-9.0,0.0,1.0,6.0,3.0,3.0,0.0,1.0,0.5,0.0,3,52.9,5.43038749392343,18109.67372703895,8.20403413498834,6.662,6.0,-9.0,7.106198308147155,1.0,1.0,0.5,0.0,0.0,0.0
PHL,1974,0,0,53.1,3.39460637850206,18270.06444120635,41174341.0,34.1635916359165,6.6025,-9.0,0.0,2.0,6.0,3.0,3.0,0.0,1.0,0.5,0.0,4,53.0,8.78200912237088,18109.67372703895,16.5800322638464,6.662,6.0,-9.0,6.08830775043647,1.0,1.0,0.5,0.0,0.0,0.0
PHL,1975,0,0,53.3,5.45110286965478,18270.06444120635,42120826.0,6.76140270456077,6.6025,-9.0,0.0,3.0,6.0,3.0,3.0,0.0,1.0,0.5,0.0,5,53.1,3.39460637850206,18109.67372703895,34.1635916359165,6.662,6.0,-9.0,4.42285462407842,1.0,0.0,0.5,0.0,0.0,0.0
PHL,1976,0,0,53.4,8.77840333051334,18270.06444120635,43201488.0,9.19922713611011,6.6025,-9.0,0.0,4.0,6.0,3.0,3.0,0.0,1.0,0.5,0.0,6,53.3,5.45110286965478,18109.67372703895,6.76140270456077,6.662,6.0,-9.0,7.1147531000840605,1.0,0.0,0.5,0.0,0.0,0.0
PHL,1977,0,0,53.4,5.56297025151267,18270.06444120635,44367962.0,9.89875159736566,6.6025,-9.0,0.0,5.0,6.0,3.0,3.0,0.0,1.0,0.5,0.0,7,53.4,8.77840333051334,18109.67372703895,9.19922713611011,6.662,6.0,-9.0,7.170686791013005,1.0,0.0,0.5,0.0,0.0,0.0
PHL,1978,0,0,53.3,5.19238453027808,18270.06444120635,45575281.0,7.33452593917692,6.6025,-9.0,0.0,6.0,6.0,3.0,3.0,0.0,1.0,0.5,0.0,8,53.4,5.56297025151267,18109.67372703895,9.89875159736566,6.662,6.0,-9.0,5.377677390895375,1.0,0.0,0.5,0.0,0.0,0.0
PHL,1979,0,0,52.9,5.59557107591131,18270.06444120635,46807103.0,17.5333333327501,6.6025,-9.0,0.0,7.0,6.0,3.0,3.0,0.0,1.0,0.5,0.0,9,53.3,5.19238453027808,18109.67372703895,7.33452593917692,6.662,6.0,-9.0,5.393977803094694,1.0,1.0,0.5,0.0,0.0,0.0
PHL,1980,0,0,52.6,5.20071107911187,18270.06444120635,48043740.0,18.2005104938508,6.6025,-9.0,0.0,8.0,6.0,3.0,3.0,0.0,1.0,0.5,0.0,10,52.9,5.59557107591131,18109.67372703895,17.5333333327501,6.662,6.0,-9.0,5.39814107751159,1.0,1.0,0.5,0.0,0.0,0.0
PHL,1981,0,0,52.1,3.42220873753665,18270.06444120635,49311727.0,13.0825985241676,6.6025,-8.0,0.0,0.0,6.0,3.0,3.0,0.0,1.0,0.5,0.0,11,52.6,5.20071107911187,18109.67372703895,18.2005104938508,6.662,6.0,-9.0,4.3114599083242595,1.0,1.0,0.5,0.0,0.0,0.0
PHL,1982,0,0,51.5,3.69840609851109,18270.06444120635,50695707.0,10.2217271376892,6.6025,-7.0,0.0,0.0,6.0,3.0,3.0,0.0,1.0,0.5,0.0,12,52.1,3.42220873753665,18109.67372703895,13.0825985241676,6.662,6.0,-8.0,3.5603074180238696,1.0,1.0,0.5,0.0,0.0,0.0
PHL,1983,0,0,50.7,1.89695178959097,18270.06444120635,52194620.0,10.0293565620481,6.6025,-6.0,0.0,0.0,6.0,3.0,3.0,0.0,1.0,0.5,0.0,13,51.5,3.69840609851109,18109.67372703895,10.2217271376892,6.662,6.0,-7.0,2.7976789440510297,1.0,1.0,0.5,0.0,0.0,0.0
PHL,1984,0,0,49.9,-7.0393782012259,18270.06444120635,53726181.0,50.3389756374498,6.6025,-6.0,0.0,1.0,6.0,3.0,3.0,0.0,1.0,0.5,0.0,14,50.7,1.89695178959097,18109.67372703895,10.0293565620481,6.662,6.0,-6.0,-2.5712132058174646,1.0,1.0,0.5,0.0,0.0,0.0
PHL,1985,0,0,48.7,-6.85837720864683,18270.06444120635,55213006.0,23.1031071803888,6.6025,-6.0,0.0,2.0,6.0,3.0,3.0,0.0,1.0,0.5,0.0,15,49.9,-7.0393782012259,18109.67372703895,50.3389756374498,6.662,6.0,-6.0,-6.948877704936365,1.0,1.0,0.5,0.0,0.0,0.0
PHL,1986,1,0,47.2,3.51068403005506,18270.06444120635,56645077.0,1.14813777653338,6.6025,1.0,1.0,0.0,6.0,3.0,3.0,0.0,1.0,0.5,0.0,16,48.7,-6.85837720864683,18109.67372703895,23.1031071803888,6.662,6.0,-6.0,-1.6738465892958847,1.0,0.0,0.5,0.0,0.0,0.0
PHL,1987,0,0,45.4,4.36180967277697,18270.06444120635,58157496.0,4.06976744186024,6.6025,8.0,0.0,0.0,6.0,3.0,3.0,0.0,1.0,0.5,0.0,0,47.2,3.51068403005506,18109.67372703895,1.14813777653338,6.662,6.0,1.0,3.9362468514160156,1.0,0.0,0.5,0.0,0.0,0.0
PHL,1988,0,0,43.3,6.69693110468185,18270.06444120635,59739052.0,13.8600691673319,6.6025,8.0,0.0,1.0,6.0,3.0,3.0,0.0,1.0,0.5,0.0,1,45.4,4.36180967277697,18109.67372703895,4.06976744186024,6.662,6.0,8.0,5.529370388729411,1.0,1.0,0.5,0.0,0.0,0.0
PHL,1989,0,0,41.0,6.18391820283388,18270.06444120635,61265260.0,12.2429906542055,6.6025,8.0,0.0,2.0,6.0,3.0,3.0,0.0,1.0,0.5,0.0,2,43.3,6.69693110468185,18109.67372703895,13.8600691673319,6.662,6.0,8.0,6.440424653757866,1.0,1.0,0.5,0.0,0.0,0.0
PHL,1990,0,0,38.8,3.08267252855887,4504.46230383567,62854666.0,12.1773522064946,6.6025,8.0,0.0,3.0,6.0,3.0,3.0,0.0,1.0,0.5,0.0,3,41.0,6.18391820283388,18109.67372703895,12.2429906542055,6.662,6.0,8.0,4.633295365696375,1.0,1.0,0.5,0.0,0.0,0.0
PHL,1991,0,0,36.7,-0.436390080533428,4378.39532090518,64382249.0,19.2614585266282,3.727,8.0,0.0,4.0,6.0,3.0,3.0,0.0,1.0,0.5,0.0,4,38.8,3.08267252855887,4504.46230383567,12.1773522064946,6.662,6.0,8.0,1.3231412240127214,1.0,1.0,0.5,0.0,0.0,0.0
PHL,1992,1,0,34.9,0.417629066097945,4293.71810131081,65926125.0,8.65100357865265,3.849,8.0,0.0,5.0,6.0,3.0,3.0,0.0,1.0,0.5,0.0,5,36.7,-0.436390080533428,4378.39532090518,19.2614585266282,3.727,6.0,8.0,-0.009380507217741058,1.0,0.0,0.5,0.0,0.0,0.0
PHL,1993,0,0,33.3,2.181889985613,4283.15967786629,67530621.0,6.71631104109973,3.869,8.0,0.0,6.0,6.0,3.0,3.0,0.0,1.0,0.5,0.0,0,34.9,0.417629066097945,4293.71810131081,8.65100357865265,3.849,6.0,8.0,1.299759525855473,1.0,0.0,0.5,0.0,0.0,0.0
PHL,1994,0,0,32.0,4.37366591819077,4374.06721651165,69019291.0,10.3864734299517,3.767,8.0,0.0,7.0,6.0,3.0,3.0,0.0,1.0,0.5,0.0,1,33.3,2.181889985613,4283.15967786629,6.71631104109973,3.869,6.0,8.0,3.2777779519018857,1.0,1.0,0.5,0.0,0.0,0.0
PHL,1995,0,0,30.8,4.62522511739661,4477.32317711022,70546246.0,6.83199610989534,3.68,8.0,0.0,8.0,6.0,3.0,3.0,0.0,1.0,0.5,0.0,2,32.0,4.37366591819077,4374.06721651165,10.3864734299517,3.767,6.0,8.0,4.49944551779369,1.0,0.0,0.5,0.0,0.0,0.0
PHL,1996,0,0,29.8,5.8603478716379,4631.77197705972,72190242.0,7.4761037778791,3.607,8.0,0.0,9.0,6.0,3.0,3.0,0.0,1.0,0.5,0.0,3,30.8,4.62522511739661,4477.32317711022,6.83199610989534,3.68,6.0,8.0,5.242786494517255,1.0,0.0,0.5,0.0,0.0,0.0
PHL,1997,0,0,29.0,5.18641167406165,4758.70845808515,73908810.0,5.59025939650601,3.592,8.0,0.0,10.0,6.0,3.0,3.0,0.0,1.0,0.5,0.0,4,29.8,5.8603478716379,4631.77197705972,7.4761037778791,3.607,6.0,8.0,5.5233797728497755,1.0,0.0,0.5,0.0,0.0,0.0
PHL,1998,1,0,28.3,-0.514090599541888,4616.67292900617,75791024.0,9.23493432267121,3.697,8.0,0.0,11.0,6.0,3.0,3.0,0.0,1.0,0.5,0.0,5,29.0,5.18641167406165,4758.70845808515,5.59025939650601,3.592,6.0,8.0,2.3361605372598815,1.0,0.0,0.5,0.0,0.0,0.0
PHL,1999,0,0,27.7,3.34645118398267,4650.75926947589,77753257.0,5.93904901780808,3.751,8.0,0.0,12.0,6.0,3.0,3.0,0.0,1.0,0.5,0.0,0,28.3,-0.514090599541888,4616.67292900617,9.23493432267121,3.697,6.0,8.0,1.4161802922203914,1.0,0.0,0.5,0.0,0.0,0.0
PHL,2000,0,0,27.3,4.38250500083399,4740.43891694569,79625397.0,3.9771250324928,3.77,8.0,0.0,13.0,6.0,3.0,3.0,0.0,1.0,0.5,0.0,1,27.7,3.34645118398267,4650.75926947589,5.93904901780808,3.751,6.0,8.0,3.8644780924083304,1.0,0.0,0.5,0.0,0.0,0.0
PHL,2001,0,0,26.8,3.04923134463486,4778.4008437474,81401488.0,5.34550195567142,3.698,8.0,0.0,14.0,3.0,0.0,3.0,0.0,1.0,0.5,0.0,2,27.3,4.38250500083399,4740.43891694569,3.9771250324928,3.77,6.0,8.0,3.7158681727344254,1.0,0.0,0.5,0.0,0.0,0.0
PHL,2002,0,0,26.4,3.71625500158383,4856.49948429567,83068889.0,2.72277227722765,3.616,8.0,0.0,15.0,3.0,0.0,3.0,0.0,1.0,0.5,0.0,3,26.8,3.04923134463486,4778.4008437474,5.34550195567142,3.698,3.0,8.0,3.382743173109345,1.0,0.0,0.5,0.0,0.0,0.0
PHL,2003,0,0,25.9,5.08691113513073,5003.38317718716,84731835.0,2.28915662650607,3.527,8.0,0.0,16.0,3.0,0.0,3.0,0.0,1.0,0.5,0.0,4,26.4,3.71625500158383,4856.49948429567,2.72277227722765,3.616,3.0,8.0,4.40158306835728,1.0,0.0,0.5,0.0,0.0,0.0
PHL,2004,0,0,25.4,6.56922851180626,5229.45080700165,86394504.0,4.82921083627795,3.554,8.0,0.0,17.0,3.0,0.0,3.0,0.0,1.0,0.5,0.0,5,25.9,5.08691113513073,5003.38317718716,2.28915662650607,3.527,3.0,8.0,5.828069823468495,1.0,0.0,0.5,0.0,0.0,0.0
PHL,2005,0,0,25.0,4.94250511877678,5386.81653712891,88015962.0,6.51685393258433,3.795,8.0,0.0,18.0,3.0,0.0,3.0,0.0,1.0,0.5,0.0,6,25.4,6.56922851180626,5229.45080700165,4.82921083627795,3.554,3.0,8.0,5.755866815291521,1.0,0.0,0.5,0.0,0.0,0.0
PHL,2006,0,0,24.5,5.31641682136939,5578.57225112139,89508986.0,5.4852320675105,4.052,8.0,0.0,19.0,3.0,0.0,3.0,0.0,1.0,0.5,0.0,7,25.0,4.94250511877678,5386.81653712891,6.51685393258433,3.795,3.0,8.0,5.129460970073085,1.0,0.0,0.5,0.0,0.0,0.0
PHL,2007,0,0,24.1,6.51929155018938,5840.06810169965,91075184.0,2.90000000000003,3.434,8.0,0.0,20.0,3.0,0.0,3.0,0.0,1.0,0.5,0.0,8,24.5,5.31641682136939,5578.57225112139,5.4852320675105,4.052,3.0,8.0,5.917854185779385,1.0,0.0,0.5,0.0,0.0,0.0
PHL,2008,0,0,23.7,4.34448730509183,5987.03757861835,92699095.0,8.26044703595725,3.72,8.0,0.0,21.0,3.0,0.0,3.0,0.0,1.0,0.5,0.0,9,24.1,6.51929155018938,5840.06810169965,2.90000000000003,3.434,3.0,8.0,5.431889427640606,1.0,0.0,0.5,0.0,0.0,0.0
PHL,2009,0,0,23.3,1.44832306275669,5965.30730902221,94384250.0,4.21903052064628,3.858,8.0,0.0,22.0,3.0,0.0,3.0,0.0,1.0,0.5,0.0,10,23.7,4.34448730509183,5987.03757861835,8.26044703595725,3.72,3.0,8.0,2.89640518392426,1.0,0.0,0.5,0.0,0.0,0.0
PHL,2010,1,0,23.0,7.33449996034538,6273.03927731515,96337125.0,3.78983634797591,3.605,8.0,0.0,23.0,3.0,0.0,3.0,0.0,1.0,0.5,0.0,11,23.3,1.44832306275669,5965.30730902221,4.21903052064628,3.858,3.0,8.0,4.391411511551035,1.0,0.0,0.5,0.0,0.0,0.0
PHL,2011,0,0,22.7,3.85823282795663,6388.31296959977,98248614.0,4.7184170471842,3.592,8.0,0.0,24.0,3.0,0.0,3.0,0.0,1.0,0.5,0.0,0,23.0,7.33449996034538,6273.03927731515,3.78983634797591,3.605,3.0,8.0,5.596366394151005,1.0,0.0,0.5,0.0,0.0,0.0
PHL,2012,0,0,22.4,6.89695171050985,6697.55620962768,100175512.0,3.02696391124796,3.504,8.0,0.0,25.0,3.0,0.0,3.0,0.0,1.0,0.5,0.0,1,22.7,3.85823282795663,6388.31296959977,4.7184170471842,3.592,3.0,8.0,5.37759226923324,1.0,0.0,0.5,0.0,0.0,0.0
PHL,2013,0,0,22.2,6.75053130142255,7016.53846470436,102076336.0,2.58268766141795,3.497,8.0,0.0,26.0,3.0,0.0,3.0,0.0,1.0,0.5,0.0,2,22.4,6.89695171050985,6697.55620962768,3.02696391124796,3.504,3.0,8.0,6.823741505966199,1.0,0.0,0.5,0.0,0.0,0.0
PHL,2014,0,0,22.1,6.34798748260867,7340.361585912,103767130.0,3.59782343864211,3.6,8.0,0.0,27.0,3.0,0.0,3.0,0.0,1.0,0.5,0.0,3,22.2,6.75053130142255,7016.53846470436,2.58268766141795,3.497,3.0,8.0,6.5492593920156095,1.0,0.0,0.5,0.0,0.0,0.0
PHL,2015,0,0,22.1,6.34830971672761,7691.76308685047,105312992.0,0.674192536845408,3.068,8.0,0.0,28.0,3.0,0.0,3.0,0.0,1.0,0.5,0.0,4,22.1,6.34798748260867,7340.361585912,3.59782343864211,3.6,3.0,8.0,6.348148599668139,1.0,0.0,0.5,0.0,0.0,0.0
PHL,2016,1,0,22.2,7.14945675000752,8131.82537948653,106735719.0,1.25369880080982,2.695,8.0,0.0,29.0,5.0,2.0,3.0,0.0,1.0,0.5,0.0,5,22.1,6.34830971672761,7691.76308685047,0.674192536845408,3.068,3.0,8.0,6.748883233367565,1.0,0.0,0.5,0.0,0.0,0.0
PHL,2017,0,0,22.3,6.9309883258402,8584.13622709699,108119693.0,2.85318772590947,2.552,8.0,0.0,30.0,5.0,2.0,3.0,0.0,1.0,0.5,0.0,0,22.2,7.14945675000752,8131.82537948653,1.25369880080982,2.695,5.0,8.0,7.04022253792386,1.0,0.0,0.5,0.0,0.0,0.0
PHL,2018,0,0,22.5,6.34148557153473,9016.28659637608,109465287.0,5.30934661627707,2.338,8.0,0.0,31.0,5.0,2.0,3.0,0.0,1.0,0.5,0.0,1,22.3,6.9309883258402,8584.13622709699,2.85318772590947,2.552,5.0,8.0,6.636236948687465,1.0,0.0,0.5,0.0,0.0,0.0
PHL,2019,0,0,22.6,6.11852566221303,9452.2939715981,110804683.0,2.39206534422404,2.237,8.0,0.0,31.0,5.0,2.0,3.0,0.0,1.0,0.5,0.0,2,22.5,6.34148557153473,9016.28659637608,5.30934661627707,2.338,5.0,8.0,6.23000561687388,1.0,0.0,0.5,0.0,0.0,0.0
PHL,2020,0,0,22.7,-9.51829474045297,8455.18457134106,112081264.0,2.3931623931624,2.522,8.0,0.0,31.0,5.0,2.0,3.0,0.0,1.0,0.5,0.0,3,22.6,6.11852566221303,9452.2939715981,2.39206534422404,2.237,5.0,8.0,-1.6998845391199695,1.0,0.0,0.5,0.0,0.0,0.0
PHL,2021,0,0,22.6,5.71473313185116,8857.78995115514,113100950.0,3.92718022100332,3.398,8.0,0.0,31.0,5.0,2.0,3.0,0.0,1.0,0.5,0.0,4,22.7,-9.51829474045297,8455.18457134106,2.3931623931624,2.522,5.0,8.0,-1.9017808043009046,1.0,0.0,0.5,0.0,0.0,0.0
PHL,2022,1,0,22.4,7.58098212785563,9457.10395402883,113964338.0,5.82115811213955,2.598,8.0,0.0,31.0,5.0,2.0,3.0,0.0,1.0,0.5,0.0,5,22.6,5.71473313185116,8857.78995115514,3.92718022100332,3.398,5.0,8.0,6.6478576298533945,1.0,0.0,0.5,0.0,0.0,0.0
PHL,2023,0,0,22.0,5.51894967856043,9898.53294588106,114891199.0,5.97802515541409,2.2,8.0,0.0,31.0,5.0,2.0,3.0,0.0,1.0,0.5,0.0,0,22.4,7.58098212785563,9457.10395402883,5.82115811213955,2.598,5.0,8.0,6.5499659032080295,1.0,0.0,0.5,0.0,0.0,0.0
PHL,2024,0,0,21.7,5.71474526128652,10378.1717703535,115843670.0,3.21260487006347,2.202,8.0,0.0,31.0,5.0,2.0,3.0,0.0,1.0,0.5,0.0,1,22.0,5.51894967856043,9898.53294588106,5.97802515541409,2.2,5.0,8.0,5.616847469923475,1.0,0.0,0.5,0.0,0.0,0.0
POL,1970,0,0,31.9,3.51652574676669,18270.06444120635,32664300.0,5.531981770439344,6.6025,-7.0,0.0,23.0,0.0,0.0,0.0,0.0,0.0,0.5,0.0,0,18.4,3.53620866972961,18109.67372703895,5.66318573909345,6.662,0.0,8.0,3.4147232630745155,1.0,0.0,0.5,0.0,0.0,0.0
POL,1971,0,0,30.4,3.51652574676669,18270.06444120635,32783500.0,1.09999999900022,6.6025,-7.0,0.0,24.0,0.0,0.0,0.0,0.0,0.0,0.5,0.0,1,31.9,3.53620866972961,18109.67372703895,5.66318573909345,6.662,0.0,-7.0,3.4147232630745155,1.0,0.0,0.5,0.0,0.0,0.0
POL,1972,0,0,28.6,3.51652574676669,18270.06444120635,33055650.0,-0.0989119673601228,6.6025,-7.0,0.0,25.0,0.0,0.0,0.0,0.0,0.0,0.5,0.0,2,30.4,3.53620866972961,18109.67372703895,1.09999999900022,6.662,0.0,-7.0,3.4147232630745155,1.0,0.0,0.5,0.0,0.0,0.0
POL,1973,0,0,27.0,3.51652574676669,18270.06444120635,33357200.0,2.47524752475226,6.6025,-7.0,0.0,26.0,0.0,0.0,0.0,0.0,0.0,0.5,0.0,3,28.6,3.53620866972961,18109.67372703895,-0.0989119673601228,6.662,0.0,-7.0,3.4147232630745155,1.0,0.0,0.5,0.0,0.0,0.0
POL,1974,0,0,25.7,3.51652574676669,18270.06444120635,33678899.0,7.05314009565234,6.6025,-7.0,0.0,27.0,0.0,0.0,0.0,0.0,0.0,0.5,0.0,4,27.0,3.53620866972961,18109.67372703895,2.47524752475226,6.662,0.0,-7.0,3.4147232630745155,1.0,0.0,0.5,0.0,0.0,0.0
POL,1975,0,0,24.6,3.51652574676669,18270.06444120635,34015199.0,2.25631768955094,6.6025,-7.0,0.0,28.0,0.0,0.0,0.0,0.0,0.0,0.5,0.0,5,25.7,3.53620866972961,18109.67372703895,7.05314009565234,6.662,0.0,-7.0,3.4147232630745155,1.0,0.0,0.5,0.0,0.0,0.0
POL,1976,0,0,23.8,3.51652574676669,18270.06444120635,34356300.0,4.41306266552889,6.6025,-7.0,0.0,29.0,0.0,0.0,0.0,0.0,0.0,0.5,0.0,6,24.6,3.53620866972961,18109.67372703895,2.25631768955094,6.662,0.0,-7.0,3.4147232630745155,1.0,0.0,0.5,0.0,0.0,0.0
POL,1977,0,0,23.1,3.51652574676669,18270.06444120635,34689050.0,4.90278951821563,6.6025,-7.0,0.0,30.0,0.0,0.0,0.0,0.0,0.0,0.5,0.0,7,23.8,3.53620866972961,18109.67372703895,4.41306266552889,6.662,0.0,-7.0,3.4147232630745155,1.0,0.0,0.5,0.0,0.0,0.0
POL,1978,0,0,22.4,3.51652574676669,18270.06444120635,34965600.0,8.10126582278465,6.6025,-7.0,0.0,31.0,0.0,0.0,0.0,0.0,0.0,0.5,0.0,8,23.1,3.53620866972961,18109.67372703895,4.90278951821563,6.662,0.0,-7.0,3.4147232630745155,1.0,0.0,0.5,0.0,0.0,0.0
POL,1979,0,0,21.7,3.51652574676669,18270.06444120635,35247217.0,7.0257611241218,6.6025,-7.0,0.0,32.0,0.0,0.0,0.0,0.0,0.0,0.5,0.0,9,22.4,3.53620866972961,18109.67372703895,8.10126582278465,6.662,0.0,-7.0,3.4147232630745155,1.0,0.0,0.5,0.0,0.0,0.0
POL,1980,0,0,21.1,3.51652574676669,18270.06444120635,35574150.0,9.68271334792132,6.6025,-6.0,0.0,33.0,0.0,0.0,0.0,0.0,0.0,0.5,0.0,10,21.7,3.53620866972961,18109.67372703895,7.0257611241218,6.662,0.0,-7.0,3.4147232630745155,1.0,0.0,0.5,0.0,0.0,0.0
POL,1981,0,0,20.5,3.51652574676669,18270.06444120635,35898587.0,19.1271820448877,6.6025,-8.0,0.0,34.0,0.0,0.0,0.0,0.0,0.0,0.5,0.0,11,21.1,3.53620866972961,18109.67372703895,9.68271334792132,6.662,0.0,-6.0,3.4147232630745155,1.0,1.0,0.5,0.0,0.0,0.0
POL,1982,0,0,19.9,3.51652574676669,18270.06444120635,36230481.0,103.55871886121,6.6025,-8.0,0.0,35.0,0.0,0.0,0.0,0.0,0.0,0.5,0.0,12,20.5,3.53620866972961,18109.67372703895,19.1271820448877,6.662,0.0,-8.0,3.4147232630745155,1.0,1.0,0.5,0.0,0.0,0.0
POL,1983,0,0,19.3,3.51652574676669,18270.06444120635,36571808.0,25.534759358289,6.6025,-7.0,0.0,36.0,0.0,0.0,0.0,0.0,0.0,0.5,0.0,13,19.9,3.53620866972961,18109.67372703895,103.55871886121,6.662,0.0,-8.0,3.4147232630745155,1.0,1.0,0.5,0.0,0.0,0.0
POL,1984,0,0,18.5,3.51652574676669,18270.06444120635,36904134.0,15.4009994265582,6.6025,-7.0,0.0,37.0,0.0,0.0,0.0,0.0,0.0,0.5,0.0,14,19.3,3.53620866972961,18109.67372703895,25.534759358289,6.662,0.0,-7.0,3.4147232630745155,1.0,1.0,0.5,0.0,0.0,0.0
POL,1985,0,0,17.8,3.51652574676669,18270.06444120635,37201885.0,11.5212607368496,6.6025,-7.0,0.0,38.0,0.0,0.0,0.0,0.0,0.0,0.5,0.0,15,18.5,3.53620866972961,18109.67372703895,15.4009994265582,6.662,0.0,-7.0,3.4147232630745155,0.0,1.0,0.0,0.0,0.0,0.0
POL,1986,0,0,17.2,3.51652574676669,18270.06444120635,37456119.0,16.5499681731381,6.6025,-7.0,0.0,39.0,0.0,0.0,0.0,0.0,0.0,0.5,0.0,16,17.8,3.53620866972961,18109.67372703895,11.5212607368496,6.662,0.0,-7.0,3.4147232630745155,0.0,1.0,0.0,0.0,0.0,0.0
POL,1987,0,0,16.6,3.51652574676669,18270.06444120635,37668045.0,26.3790278536324,6.6025,-6.0,0.0,40.0,0.0,0.0,0.0,0.0,0.0,0.5,0.0,17,17.2,3.53620866972961,18109.67372703895,16.5499681731381,6.662,0.0,-7.0,3.4147232630745155,0.0,1.0,0.0,0.0,0.0,0.0
POL,1988,0,0,16.1,3.51652574676669,18270.06444120635,37824487.0,58.7208297320653,6.6025,-6.0,0.0,41.0,0.0,0.0,0.0,0.0,0.0,0.5,0.0,18,16.6,3.53620866972961,18109.67372703895,26.3790278536324,6.662,0.0,-6.0,3.4147232630745155,0.0,1.0,0.0,0.0,0.0,0.0
POL,1989,1,0,15.6,3.51652574676669,18270.06444120635,37961529.0,244.550932984826,6.6025,5.0,1.0,0.0,0.0,0.0,0.0,0.0,0.0,0.5,0.0,19,16.1,3.53620866972961,18109.67372703895,58.7208297320653,6.662,0.0,-6.0,3.4147232630745155,0.0,1.0,0.0,0.0,0.0,0.0
POL,1990,0,0,15.2,3.51652574676669,12821.4636316574,38110782.0,567.878800666191,6.6025,5.0,1.0,0.0,0.0,0.0,0.0,0.0,0.0,0.5,0.0,0,15.6,3.53620866972961,18109.67372703895,244.550932984826,6.662,0.0,5.0,3.4147232630745155,0.0,1.0,0.0,0.0,0.0,0.0
POL,1991,0,0,14.8,-7.01557879301123,11879.7539252619,38246193.0,76.7694992087347,13.621,8.0,0.0,0.0,0.0,0.0,0.0,0.0,0.0,0.5,0.0,1,15.2,3.53620866972961,12821.4636316574,567.878800666191,6.662,0.0,5.0,-7.01557879301123,0.0,1.0,0.0,0.0,0.0,0.0
POL,1992,0,0,14.4,2.51497861350261,12141.2351323725,38363667.0,46.0985621037431,13.645,8.0,0.0,1.0,0.0,0.0,0.0,0.0,0.0,0.5,0.0,2,14.8,-7.01557879301123,11879.7539252619,76.7694992087347,13.621,0.0,8.0,-2.25030008975431,0.0,1.0,0.0,0.0,0.0,0.0
POL,1993,1,0,13.9,3.73831029461471,12563.1045363124,38461408.0,36.9641666120718,14.393,8.0,0.0,2.0,0.0,0.0,0.0,0.0,0.0,0.5,0.0,3,14.4,2.51497861350261,12141.2351323725,46.0985621037431,13.645,0.0,8.0,3.12664445405866,0.0,1.0,0.0,0.0,0.0,0.0
POL,1994,0,1,13.3,5.292802066626,13200.1614164951,38542652.0,32.9912766093523,14.825,8.0,0.0,3.0,0.0,0.0,0.0,0.0,0.0,0.5,0.0,0,13.9,3.73831029461471,12563.1045363124,36.9641666120718,14.393,0.0,8.0,4.515556180620355,0.0,1.0,0.0,0.5,0.0,0.0
POL,1995,0,1,12.5,7.92965956313934,14227.5663687798,38594998.0,27.951388563304,13.695,9.0,0.0,4.0,0.0,0.0,0.0,0.0,0.0,0.5,0.0,1,13.3,5.292802066626,13200.1614164951,32.9912766093523,14.825,0.0,8.0,6.61123081488267,0.0,1.0,0.0,0.5,0.0,0.0
POL,1996,0,1,11.5,6.09387747385628,15083.09812162,38624370.0,19.7949669196707,12.684,9.0,0.0,5.0,0.0,0.0,0.0,0.0,0.0,0.5,0.0,2,12.5,7.92965956313934,14227.5663687798,27.951388563304,13.695,0.0,9.0,7.01176851849781,0.0,1.0,0.0,0.5,0.0,0.0
POL,1997,1,0,10.4,6.35890635030509,16031.7211485265,38649660.0,14.91315861496,10.964,9.0,0.0,6.0,0.0,0.0,0.0,0.0,0.0,0.5,0.0,3,11.5,6.09387747385628,15083.09812162,19.7949669196707,12.684,0.0,9.0,6.226391912080684,0.0,1.0,0.0,0.0,0.0,0.0
POL,1998,0,0,9.4,4.62161133761769,16766.6492883267,38663481.0,11.5978554257236,9.935,9.0,0.0,7.0,0.0,0.0,0.0,0.0,0.0,0.5,0.0,0,10.4,6.35890635030509,16031.7211485265,14.91315861496,10.964,0.0,9.0,5.4902588439613895,0.0,1.0,0.0,0.0,0.0,0.0
POL,1999,0,1,8.7,4.69918479192557,17556.0026927987,38660271.0,7.15407291179853,12.29,9.0,0.0,8.0,0.0,0.0,0.0,0.0,0.0,0.5,0.0,1,9.4,4.62161133761769,16766.6492883267,11.5978554257236,9.935,0.0,9.0,4.66039806477163,0.0,0.0,0.0,0.5,0.0,0.0
POL,2000,0,1,8.1,4.65633252988236,18566.3546288772,38258629.0,9.90017538843065,14.928,9.0,0.0,9.0,0.0,0.0,0.0,0.0,0.0,0.5,0.0,2,8.7,4.69918479192557,17556.0026927987,7.15407291179853,12.29,0.0,9.0,4.677758660903965,0.0,0.0,0.0,0.5,0.0,0.0
POL,2001,1,0,7.6,1.23374464400356,18800.6018648402,38248076.0,5.4083354556615,18.435,9.0,0.0,10.0,0.0,0.0,0.0,0.0,0.0,0.5,0.0,3,8.1,4.65633252988236,18566.3546288772,9.90017538843065,14.928,0.0,9.0,2.9450385869429594,0.0,0.0,0.0,0.0,0.0,0.0
POL,2002,0,0,7.3,1.90119437968586,19166.9137058143,38230364.0,1.90528215048054,20.211,10.0,0.0,11.0,0.0,0.0,0.0,0.0,0.0,0.5,0.0,0,7.6,1.23374464400356,18800.6018648402,5.4083354556615,18.435,0.0,9.0,1.5674695118447095,0.0,0.0,0.0,0.0,0.0,0.0
POL,2003,0,0,7.0,3.52337117234833,19855.6317989181,38204570.0,0.682701375787632,19.899,10.0,0.0,12.0,0.0,0.0,0.0,0.0,0.0,0.5,0.0,1,7.3,1.90119437968586,19166.9137058143,1.90528215048054,20.211,0.0,10.0,2.712282776017094,0.0,0.0,0.0,0.0,0.0,0.0
POL,2004,0,0,6.8,5.09079546409544,20878.6545002534,38182222.0,3.38264681884699,18.822,10.0,0.0,13.0,0.0,0.0,0.0,0.0,0.0,0.5,0.0,2,7.0,3.52337117234833,19855.6317989181,0.682701375787632,19.899,0.0,10.0,4.307083318221885,0.0,0.0,0.0,0.0,0.0,0.0
POL,2005,1,0,6.5,3.26082274679216,21568.9476594356,38165445.0,2.18379872390251,17.592,10.0,0.0,14.0,0.0,0.0,0.0,0.0,0.0,0.5,0.0,3,6.8,5.09079546409544,20878.6545002534,3.38264681884699,18.822,0.0,10.0,4.1758091054438,0.0,0.0,0.0,0.0,0.0,0.0
POL,2006,0,0,6.3,6.20210710934373,22921.1975887696,38141267.0,1.28469394366416,13.794,10.0,0.0,15.0,0.0,0.0,0.0,0.0,0.0,0.5,0.0,0,6.5,3.26082274679216,21568.9476594356,2.18379872390251,17.592,0.0,10.0,4.731464928067945,0.0,0.0,0.0,0.0,0.0,0.0
POL,2007,1,0,6.0,6.7604478527626,24484.0656663756,38120560.0,2.4587431238539,9.551,10.0,0.0,16.0,0.0,0.0,0.0,0.0,0.0,0.5,0.0,1,6.3,6.20210710934373,22921.1975887696,1.28469394366416,13.794,0.0,10.0,6.481277481053166,0.0,0.0,0.0,0.0,0.0,0.0
POL,2008,0,0,5.8,4.38377069274605,25553.9058406534,38125759.0,4.16497193524779,7.069,10.0,0.0,17.0,0.0,0.0,0.0,0.0,0.0,0.5,0.0,0,6.0,6.7604478527626,24484.0656663756,2.4587431238539,9.551,0.0,10.0,5.572109272754325,0.0,0.0,0.0,0.0,0.0,0.0
POL,2009,0,0,5.4,2.61512859291683,26204.410367111,38151603.0,3.79539242483399,8.131,10.0,0.0,18.0,0.0,0.0,0.0,0.0,0.0,0.5,0.0,1,5.8,4.38377069274605,25553.9058406534,4.16497193524779,7.069,0.0,10.0,3.49944964283144,0.0,0.0,0.0,0.0,0.0,0.0
POL,2010,0,0,5.1,3.16892748258036,27112.1333797381,38042794.0,2.58069370250548,9.578,10.0,0.0,19.0,0.0,0.0,0.0,0.0,0.0,0.5,0.0,2,5.4,2.61512859291683,26204.410367111,3.79539242483399,8.131,0.0,10.0,2.892028037748595,0.0,0.0,0.0,0.0,0.0,0.0
POL,2011,0,0,4.9,5.25546256612796,28521.6612623568,38063255.0,4.23940149625932,9.576,10.0,0.0,20.0,0.0,0.0,0.0,0.0,0.0,0.5,0.0,3,5.1,3.16892748258036,27112.1333797381,2.58069370250548,9.578,0.0,10.0,4.21219502435416,0.0,0.0,0.0,0.0,0.0,0.0
POL,2012,0,0,4.7,1.51178167644575,28952.9157305301,38063164.0,3.56037151702793,10.031,10.0,0.0,21.0,0.0,0.0,0.0,0.0,0.0,0.5,0.0,4,4.9,5.25546256612796,28521.6612623568,4.23940149625932,9.576,0.0,10.0,3.383622121286855,0.0,0.0,0.0,0.0,0.0,0.0
POL,2013,0,0,4.5,0.684240607051805,29168.624211075,38040196.0,0.991982606332335,10.293,10.0,0.0,22.0,0.0,0.0,0.0,0.0,0.0,0.5,0.0,5,4.7,1.51178167644575,28952.9157305301,3.56037151702793,10.031,0.0,10.0,1.0980111417487775,0.0,0.0,0.0,0.0,0.0,0.0
POL,2014,0,1,4.3,3.92050862390032,30334.8786569618,38011735.0,0.0538213132399802,8.971,10.0,0.0,23.0,0.0,0.0,0.0,0.0,0.0,0.5,0.0,6,4.5,0.684240607051805,29168.624211075,0.991982606332335,10.293,0.0,10.0,2.3023746154760625,0.0,0.0,0.0,0.5,0.0,0.0
POL,2015,1,1,4.2,4.43176700264478,31700.3682364154,37986412.0,-0.874125874125862,7.475,10.0,0.0,24.0,0.0,0.0,0.0,0.0,0.0,0.5,0.0,7,4.3,3.92050862390032,30334.8786569618,0.0538213132399802,8.971,0.0,10.0,4.17613781327255,0.0,0.0,0.0,0.5,0.0,0.0
POL,2016,0,1,4.1,3.03117767594847,32675.3052259954,37970087.0,-0.664767331433962,6.141,10.0,0.0,25.0,0.0,0.0,0.0,0.0,0.0,0.5,0.0,0,4.2,4.43176700264478,31700.3682364154,-0.874125874125862,7.475,0.0,10.0,3.7314723392966256,0.0,0.0,0.0,0.5,0.0,0.0
POL,2017,0,1,4.0,5.15245773325907,34354.5987616319,37974826.0,2.07593553673859,4.867,10.0,0.0,26.0,0.0,0.0,0.0,0.0,0.0,0.5,0.0,1,4.1,3.03117767594847,32675.3052259954,-0.664767331433962,6.141,0.0,10.0,4.091817704603771,0.0,0.0,0.0,0.5,0.0,0.0
POL,2018,0,1,3.9,6.2458584723942,36500.4114282584,37974750.0,1.81295156542689,3.835,10.0,0.0,27.0,0.0,0.0,0.0,0.0,0.0,0.5,0.0,2,4.0,5.15245773325907,34354.5987616319,2.07593553673859,4.867,0.0,10.0,5.699158102826636,0.0,0.0,0.0,0.5,0.0,0.0
POL,2019,0,1,3.8,4.58045817256199,38181.6230334689,37965475.0,2.22747880938291,3.267,10.0,0.0,27.0,0.0,0.0,0.0,0.0,0.0,0.5,0.0,3,3.9,6.2458584723942,36500.4114282584,1.81295156542689,3.835,0.0,10.0,5.413158322478095,0.0,0.0,0.0,0.5,0.0,0.0
POL,2020,0,1,3.8,-2.03556882399977,37852.8021313639,37515748.0,3.37446972618589,3.155,10.0,0.0,27.0,0.0,0.0,0.0,0.0,0.0,0.5,0.0,4,3.8,4.58045817256199,38181.6230334689,2.22747880938291,3.267,0.0,10.0,1.2724446742811104,0.0,0.0,0.0,0.5,0.0,0.0
POL,2021,0,1,3.7,6.92718266052501,41059.5847829682,36981559.0,5.05502704719272,3.268,10.0,0.0,27.0,0.0,0.0,0.0,0.0,0.0,0.5,0.0,5,3.8,-2.03556882399977,37852.8021313639,3.37446972618589,3.155,0.0,10.0,2.4458069182626208,0.0,0.0,0.0,0.5,0.0,0.0
POL,2022,0,2,3.7,5.25545697386036,43405.0215797441,36821749.0,14.4294507575758,2.811,10.0,0.0,27.0,0.0,0.0,0.0,0.0,0.0,0.5,0.0,6,3.7,6.92718266052501,41059.5847829682,5.05502704719272,3.268,0.0,10.0,6.0913198171926854,0.0,1.0,0.0,1.0,0.0,1.0
POL,2023,1,2,3.7,0.249610834017872,43672.7668014946,36687353.0,11.5289127961105,2.743,10.0,0.0,27.0,0.0,0.0,0.0,0.0,0.0,0.5,0.0,7,3.7,5.25545697386036,43405.0215797441,14.4294507575758,2.811,0.0,10.0,2.7525339039391166,0.0,1.0,0.0,1.0,0.0,1.0
POL,2024,0,2,3.6,3.02841630700273,45153.0439773281,36559233.0,3.79060897630197,2.807,10.0,0.0,27.0,0.0,0.0,0.0,0.0,0.0,0.5,0.0,0,3.7,0.249610834017872,43672.7668014946,11.5289127961105,2.743,0.0,10.0,1.6390135705103015,0.0,0.0,0.0,1.0,0.0,1.0
PRT,1970,0,0,55.4,9.11384270152895,18270.06444120635,8680431.0,6.38014449001685,6.6025,-9.0,0.0,40.0,2.0,0.0,0.0,2.0,1.0,0.5,0.0,0,18.4,3.53620866972961,18109.67372703895,5.66318573909345,6.662,0.0,8.0,9.11384270152895,1.0,0.0,0.5,0.0,0.0,0.0
PRT,1971,0,0,51.7,6.63165162093394,18270.06444120635,8643756.0,11.9468983654056,6.6025,-9.0,0.0,41.0,2.0,0.0,0.0,2.0,1.0,0.5,0.0,1,55.4,9.11384270152895,18109.67372703895,6.38014449001685,6.662,2.0,-9.0,7.872747161231445,1.0,1.0,0.5,0.0,0.0,0.0
PRT,1972,0,0,47.4,8.01569616394021,18270.06444120635,8630430.0,10.6633559759477,6.6025,-9.0,0.0,42.0,2.0,0.0,0.0,2.0,1.0,0.5,0.0,2,51.7,6.63165162093394,18109.67372703895,11.9468983654056,6.662,2.0,-9.0,7.323673892437074,1.0,1.0,0.5,0.0,0.0,0.0
PRT,1973,0,0,43.2,11.2006718999033,18270.06444120635,8633100.0,12.9746085239333,6.6025,-9.0,0.0,43.0,2.0,0.0,0.0,2.0,1.0,0.5,0.0,3,47.4,8.01569616394021,18109.67372703895,10.6633559759477,6.662,2.0,-9.0,9.608184031921756,1.0,1.0,0.5,0.0,0.0,0.0
PRT,1974,0,0,39.5,1.14285965477239,18270.06444120635,8754365.0,25.0827778589527,6.6025,-3.0,1.0,0.0,2.0,0.0,0.0,2.0,1.0,0.5,0.0,4,43.2,11.2006718999033,18109.67372703895,12.9746085239333,6.662,2.0,-9.0,6.171765777337845,1.0,1.0,0.5,0.0,0.0,0.0
PRT,1975,0,0,36.0,-4.34763043220784,18270.06444120635,9093470.0,15.2716857518485,6.6025,3.0,1.0,0.0,2.0,0.0,0.0,2.0,1.0,0.5,0.0,5,39.5,1.14285965477239,18109.67372703895,25.0827778589527,6.662,2.0,-3.0,-1.602385388717725,1.0,1.0,0.5,0.0,0.0,0.0
PRT,1976,0,0,32.6,6.90023019372026,18270.06444120635,9355810.0,21.1419048031955,6.6025,9.0,0.0,0.0,0.0,0.0,0.0,0.0,0.0,0.5,0.0,6,36.0,-4.34763043220784,18109.67372703895,15.2716857518485,6.662,2.0,3.0,1.27629988075621,1.0,1.0,0.5,0.0,0.0,0.0
PRT,1977,0,0,29.5,5.60259779264088,18270.06444120635,9455675.0,31.0167490988806,6.6025,9.0,0.0,1.0,0.0,0.0,0.0,0.0,0.0,0.5,0.0,7,32.6,6.90023019372026,18109.67372703895,21.1419048031955,6.662,0.0,9.0,6.25141399318057,1.0,1.0,0.5,0.0,0.0,0.0
PRT,1978,0,0,26.8,2.81596606697316,18270.06444120635,9558250.0,21.0387723599383,6.6025,9.0,0.0,2.0,0.0,0.0,0.0,0.0,0.0,0.5,0.0,8,29.5,5.60259779264088,18109.67372703895,31.0167490988806,6.662,0.0,9.0,4.20928192980702,1.0,1.0,0.5,0.0,0.0,0.0
PRT,1979,0,0,24.6,5.63893733004393,18270.06444120635,9661265.0,21.8992248062015,6.6025,9.0,0.0,3.0,0.0,0.0,0.0,0.0,0.0,0.5,0.0,9,26.8,2.81596606697316,18109.67372703895,21.0387723599383,6.662,0.0,9.0,4.2274516985085455,1.0,1.0,0.5,0.0,0.0,0.0
PRT,1980,0,0,22.8,4.58934022380851,18270.06444120635,9766312.0,15.8674803836094,6.6025,9.0,0.0,4.0,0.0,0.0,0.0,0.0,0.0,0.5,0.0,10,24.6,5.63893733004393,18109.67372703895,21.8992248062015,6.662,0.0,9.0,5.11413877692622,1.0,1.0,0.5,0.0,0.0,0.0
PRT,1981,0,0,21.2,1.61810337594387,18270.06444120635,9851362.0,19.0404107466915,6.6025,9.0,0.0,5.0,0.0,0.0,0.0,0.0,0.0,0.5,0.0,11,22.8,4.58934022380851,18109.67372703895,15.8674803836094,6.662,0.0,9.0,3.1037217998761903,1.0,1.0,0.5,0.0,0.0,0.0
PRT,1982,0,0,19.9,2.1353747657862,18270.06444120635,9911771.0,21.6792837277094,6.6025,10.0,0.0,6.0,0.0,0.0,0.0,0.0,0.0,0.5,0.0,12,21.2,1.61810337594387,18109.67372703895,19.0404107466915,6.662,0.0,9.0,1.8767390708650349,1.0,1.0,0.5,0.0,0.0,0.0
PRT,1983,0,0,18.6,-0.173112539564684,18270.06444120635,9957865.0,24.0027623802918,6.6025,10.0,0.0,7.0,0.0,0.0,0.0,0.0,0.0,0.5,0.0,13,19.9,2.1353747657862,18109.67372703895,21.6792837277094,6.662,0.0,10.0,0.9811311131107577,1.0,1.0,0.5,0.0,0.0,0.0
PRT,1984,0,0,17.5,-1.87997986277209,18270.06444120635,9996232.0,28.3846388897103,6.6025,10.0,0.0,8.0,0.0,0.0,0.0,0.0,0.0,0.5,0.0,14,18.6,-0.173112539564684,18109.67372703895,24.0027623802918,6.662,0.0,10.0,-1.026546201168387,0.0,1.0,0.0,0.0,0.0,0.0
PRT,1985,0,0,16.5,2.80743961484895,18270.06444120635,10023613.0,19.4614100078696,6.6025,10.0,0.0,9.0,0.0,0.0,0.0,0.0,0.0,0.5,0.0,15,17.5,-1.87997986277209,18109.67372703895,28.3846388897103,6.662,0.0,10.0,0.46372987603842997,0.0,1.0,0.0,0.0,0.0,0.0
PRT,1986,0,0,15.5,4.14095608461172,18270.06444120635,10032734.0,12.3313334897217,6.6025,10.0,0.0,10.0,0.0,0.0,0.0,0.0,0.0,0.5,0.0,16,16.5,2.80743961484895,18109.67372703895,19.4614100078696,6.662,0.0,10.0,3.474197849730335,0.0,1.0,0.0,0.0,0.0,0.0
PRT,1987,0,0,14.5,6.38139391332237,18270.06444120635,10030031.0,9.6348318624577,6.6025,10.0,0.0,11.0,0.0,0.0,0.0,0.0,0.0,0.5,0.0,17,15.5,4.14095608461172,18109.67372703895,12.3313334897217,6.662,0.0,10.0,5.261174998967045,0.0,0.0,0.0,0.0,0.0,0.0
PRT,1988,0,0,13.5,7.4891073628233,18270.06444120635,10019610.0,10.1016321152264,6.6025,10.0,0.0,12.0,0.0,0.0,0.0,0.0,0.0,0.5,0.0,18,14.5,6.38139391332237,18109.67372703895,9.6348318624577,6.662,0.0,10.0,6.935250638072835,0.0,1.0,0.0,0.0,0.0,0.0
PRT,1989,0,0,12.5,6.44063956353789,18270.06444120635,10005000.0,12.686303645615,6.6025,10.0,0.0,13.0,0.0,0.0,0.0,0.0,0.0,0.5,0.0,19,13.5,7.4891073628233,18109.67372703895,10.1016321152264,6.662,0.0,10.0,6.964873463180595,0.0,1.0,0.0,0.0,0.0,0.0
PRT,1990,0,0,11.5,3.95052317228428,27190.5720267046,9983218.0,13.6305705693074,6.6025,10.0,0.0,14.0,0.0,0.0,0.0,0.0,0.0,0.5,0.0,20,12.5,6.44063956353789,18109.67372703895,12.686303645615,6.662,0.0,10.0,5.195581367911085,0.0,1.0,0.0,0.0,0.0,0.0
PRT,1991,0,0,10.6,4.36820616663232,28443.7945360375,9960235.0,11.8494841773674,3.919,10.0,0.0,15.0,0.0,0.0,0.0,0.0,0.0,0.5,0.0,21,11.5,3.95052317228428,27190.5720267046,13.6305705693074,6.662,0.0,10.0,4.1593646694583,0.0,1.0,0.0,0.0,0.0,0.0
PRT,1992,0,0,9.7,1.08947689832507,28776.0475772622,9952494.0,9.55926033177516,3.985,10.0,0.0,16.0,0.0,0.0,0.0,0.0,0.0,0.5,0.0,22,10.6,4.36820616663232,28443.7945360375,11.8494841773674,3.919,0.0,10.0,2.728841532478695,0.0,0.0,0.0,0.0,0.0,0.0
PRT,1993,0,0,8.8,-2.04327729359404,28153.6155177218,9964675.0,6.78377994665408,5.301,10.0,0.0,17.0,0.0,0.0,0.0,0.0,0.0,0.5,0.0,23,9.7,1.08947689832507,28776.0475772622,9.55926033177516,3.985,0.0,10.0,-0.4769001976344853,0.0,0.0,0.0,0.0,0.0,0.0
PRT,1994,0,0,8.1,0.964838285067799,28348.8658386375,9991525.0,5.42044019241626,6.709,10.0,0.0,18.0,0.0,0.0,0.0,0.0,0.0,0.5,0.0,24,8.8,-2.04327729359404,28153.6155177218,6.78377994665408,5.301,0.0,10.0,-0.5392195042631207,0.0,0.0,0.0,0.0,0.0,0.0
PRT,1995,1,0,7.5,4.28278017236022,29460.8141864854,10026176.0,4.22281614099488,7.064,10.0,0.0,19.0,0.0,0.0,0.0,0.0,0.0,0.5,0.0,25,8.1,0.964838285067799,28348.8658386375,5.42044019241626,6.709,0.0,10.0,2.623809228714009,0.0,0.0,0.0,0.0,0.0,0.0
PRT,1996,0,0,7.0,3.50424653058748,30378.7557756391,10063945.0,3.06897732509786,7.298,10.0,0.0,20.0,0.0,0.0,0.0,0.0,0.0,0.5,0.0,0,7.5,4.28278017236022,29460.8141864854,4.22281614099488,7.064,0.0,10.0,3.8935133514738496,0.0,0.0,0.0,0.0,0.0,0.0
PRT,1997,0,0,6.6,4.40086766458026,31574.4021979124,10108977.0,2.33686298314114,6.571,10.0,0.0,21.0,0.0,0.0,0.0,0.0,0.0,0.5,0.0,1,7.0,3.50424653058748,30378.7557756391,3.06897732509786,7.298,0.0,10.0,3.9525570975838695,0.0,0.0,0.0,0.0,0.0,0.0
PRT,1998,0,0,6.3,4.80796318953165,32925.6638725861,10160196.0,2.57275225909131,4.64,10.0,0.0,22.0,0.0,0.0,0.0,0.0,0.0,0.5,0.0,2,6.6,4.40086766458026,31574.4021979124,2.33686298314114,6.571,0.0,10.0,4.6044154270559545,0.0,0.0,0.0,0.0,0.0,0.0
PRT,1999,0,0,5.9,3.90657779623113,34018.9637066508,10217828.0,2.34009490312169,4.579,10.0,0.0,23.0,0.0,0.0,0.0,0.0,0.0,0.5,0.0,3,6.3,4.80796318953165,32925.6638725861,2.57275225909131,4.64,0.0,10.0,4.35727049288139,0.0,0.0,0.0,0.0,0.0,0.0
PRT,2000,0,0,5.5,3.81617714108242,35069.8275705133,10289898.0,2.85303039287156,3.806,10.0,0.0,24.0,0.0,0.0,0.0,0.0,0.0,0.5,0.0,4,5.9,3.90657779623113,34018.9637066508,2.34009490312169,4.579,0.0,10.0,3.861377468656775,0.0,0.0,0.0,0.0,0.0,0.0
PRT,2001,0,0,5.1,1.94367213427915,35500.2266804093,10362722.0,4.36990330551792,3.829,10.0,0.0,25.0,0.0,0.0,0.0,0.0,0.0,0.5,0.0,5,5.5,3.81617714108242,35069.8275705133,2.85303039287156,3.806,0.0,10.0,2.8799246376807845,0.0,0.0,0.0,0.0,0.0,0.0
PRT,2002,1,0,4.7,0.770924781247714,35578.5200309,10419631.0,3.60034658290915,4.497,10.0,0.0,26.0,0.0,0.0,0.0,0.0,0.0,0.5,0.0,6,5.1,1.94367213427915,35500.2266804093,4.36990330551792,3.829,0.0,10.0,1.3572984577634317,0.0,0.0,0.0,0.0,0.0,0.0
PRT,2003,0,0,4.3,-0.930521045062918,35115.379514413,10458821.0,3.21899090682895,6.132,10.0,0.0,27.0,0.0,0.0,0.0,0.0,0.0,0.5,0.0,0,4.7,0.770924781247714,35578.5200309,3.60034658290915,4.497,0.0,10.0,-0.07979813190760243,0.0,0.0,0.0,0.0,0.0,0.0
PRT,2004,0,0,3.9,1.78873552917291,35658.1298257507,10483861.0,2.365362040973,6.319,10.0,0.0,28.0,0.0,0.0,0.0,0.0,0.0,0.5,0.0,1,4.3,-0.930521045062918,35115.379514413,3.21899090682895,6.132,0.0,10.0,0.4291072420549955,0.0,0.0,0.0,0.0,0.0,0.0
PRT,2005,1,0,3.7,0.781847569123585,35870.3092741502,10503330.0,2.27716394887838,7.582,10.0,0.0,29.0,0.0,0.0,0.0,0.0,0.0,0.5,0.0,2,3.9,1.78873552917291,35658.1298257507,2.365362040973,6.319,0.0,10.0,1.285291549148247,0.0,0.0,0.0,0.0,0.0,0.0
PRT,2006,0,0,3.4,1.62503532956156,36387.5367379523,10522288.0,3.1076654587105,7.649,10.0,0.0,30.0,0.0,0.0,0.0,0.0,0.0,0.5,0.0,0,3.7,0.781847569123585,35870.3092741502,2.27716394887838,7.582,0.0,10.0,1.203441449342572,0.0,0.0,0.0,0.0,0.0,0.0
PRT,2007,0,0,3.3,2.50657937751231,37226.4702626704,10542964.0,2.45396528138746,7.965,10.0,0.0,31.0,0.0,0.0,0.0,0.0,0.0,0.5,0.0,1,3.4,1.62503532956156,36387.5367379523,3.1076654587105,7.649,0.0,10.0,2.0658073535369343,0.0,0.0,0.0,0.0,0.0,0.0
PRT,2008,0,0,3.2,0.319247344434558,37291.5048969664,10558177.0,2.58850657657956,7.553,10.0,0.0,32.0,0.0,0.0,0.0,0.0,0.0,0.5,0.0,2,3.3,2.50657937751231,37226.4702626704,2.45396528138746,7.965,0.0,10.0,1.4129133609734337,0.0,0.0,0.0,0.0,0.0,0.0
PRT,2009,0,0,3.1,-3.12207827545093,36092.8109314688,10568247.0,-0.835530021504157,9.432,10.0,0.0,33.0,0.0,0.0,0.0,0.0,0.0,0.5,0.0,3,3.2,0.319247344434558,37291.5048969664,2.58850657657956,7.553,0.0,10.0,-1.4014154655081865,0.0,0.0,0.0,0.0,0.0,0.0
PRT,2010,0,0,3.0,1.73762453640036,36703.1141882825,10573100.0,1.40257289895372,10.771,10.0,0.0,34.0,0.0,0.0,0.0,0.0,0.0,0.5,0.0,4,3.1,-3.12207827545093,36092.8109314688,-0.835530021504157,9.432,0.0,10.0,-0.6922268695252856,0.0,0.0,0.0,0.0,0.0,0.0
PRT,2011,1,0,3.0,-1.71352745905065,36127.2949766157,10557560.0,3.6530110043073,12.715,10.0,0.0,35.0,0.0,0.0,0.0,0.0,0.0,0.5,0.0,5,3.0,1.73762453640036,36703.1141882825,1.40257289895372,10.771,0.0,10.0,0.012048538674854559,0.0,0.0,0.0,0.0,0.0,0.0
PRT,2012,0,0,3.0,-4.05090267621935,34804.6333340484,10514844.0,2.77333854051576,15.509,10.0,0.0,36.0,0.0,0.0,0.0,0.0,0.0,0.5,0.0,0,3.0,-1.71352745905065,36127.2949766157,3.6530110043073,12.715,0.0,10.0,-2.8822150676350002,0.0,0.0,0.0,0.0,0.0,0.0
PRT,2013,0,0,2.9,-0.984106574148328,34651.7719455059,10457295.0,0.274416666666663,16.237,10.0,0.0,37.0,0.0,0.0,0.0,0.0,0.0,0.5,0.0,1,3.0,-4.05090267621935,34804.6333340484,2.77333854051576,15.509,0.0,10.0,-2.517504625183839,0.0,0.0,0.0,0.0,0.0,0.0
PRT,2014,0,0,2.9,0.741391420706506,35097.4098263232,10401062.0,-0.278153367467428,13.88,10.0,0.0,38.0,0.0,0.0,0.0,0.0,0.0,0.5,0.0,2,2.9,-0.984106574148328,34651.7719455059,0.274416666666663,16.237,0.0,10.0,-0.12135757672091146,0.0,0.0,0.0,0.0,0.0,0.0
PRT,2015,1,0,2.9,1.58979803702681,35803.3575649772,10358076.0,0.48793862390472,12.405,10.0,0.0,39.0,0.0,0.0,0.0,0.0,0.0,0.5,0.0,3,2.9,0.741391420706506,35097.4098263232,-0.278153367467428,13.88,0.0,10.0,1.1655947288666577,0.0,0.0,0.0,0.0,0.0,0.0
PRT,2016,0,0,2.9,2.00414129666575,36636.2978441636,10325452.0,0.607397074641719,11.058,10.0,0.0,40.0,0.0,0.0,0.0,0.0,0.0,0.5,0.0,0,2.9,1.58979803702681,35803.3575649772,0.48793862390472,12.405,0.0,10.0,1.7969696668462793,0.0,0.0,0.0,0.0,0.0,0.0
PRT,2017,0,0,2.9,3.31472008175986,37943.1150505677,10300300.0,1.36861411643482,8.878,10.0,0.0,41.0,0.0,0.0,0.0,0.0,0.0,0.5,0.0,1,2.9,2.00414129666575,36636.2978441636,0.607397074641719,11.058,0.0,10.0,2.6594306892128046,0.0,0.0,0.0,0.0,0.0,0.0
PRT,2018,0,0,2.9,2.94628343449202,39123.6151282575,10283822.0,0.993715683468233,6.966,10.0,0.0,42.0,0.0,0.0,0.0,0.0,0.0,0.5,0.0,2,2.9,3.31472008175986,37943.1150505677,1.36861411643482,8.878,0.0,10.0,3.1305017581259396,0.0,0.0,0.0,0.0,0.0,0.0
PRT,2019,0,0,2.8,2.74568432648596,40188.2868799223,10286263.0,0.338178410046124,6.422,10.0,0.0,42.0,0.0,0.0,0.0,0.0,0.0,0.5,0.0,3,2.9,2.94628343449202,39123.6151282575,0.993715683468233,6.966,0.0,10.0,2.845983880488989,0.0,0.0,0.0,0.0,0.0,0.0
PRT,2020,0,0,2.8,-8.20463159324387,36852.2287338103,10297081.0,-0.0124383299576209,6.85,10.0,0.0,42.0,0.0,0.0,0.0,0.0,0.0,0.5,0.0,4,2.8,2.74568432648596,40188.2868799223,0.338178410046124,6.422,0.0,10.0,-2.729473633378955,0.0,0.0,0.0,0.0,0.0,0.0
PRT,2021,0,0,2.7,5.55875672070374,38657.6677223429,10361831.0,1.26565719069044,6.712,10.0,0.0,42.0,0.0,0.0,0.0,0.0,0.0,0.5,0.0,5,2.8,-8.20463159324387,36852.2287338103,-0.0124383299576209,6.85,0.0,10.0,-1.3229374362700654,0.0,0.0,0.0,0.0,0.0,0.0
PRT,2022,0,0,2.7,6.98584137580278,41070.8611529744,10434332.0,7.83269124233323,6.138,10.0,0.0,42.0,0.0,0.0,0.0,0.0,0.0,0.5,0.0,6,2.7,5.55875672070374,38657.6677223429,1.26565719069044,6.712,0.0,10.0,6.2722990482532595,0.0,0.0,0.0,0.0,0.0,0.0
PRT,2023,0,0,2.7,3.09998745904281,41768.2583096874,10578174.0,4.31128191898681,6.498,10.0,0.0,42.0,0.0,0.0,0.0,0.0,0.0,0.5,0.0,7,2.7,6.98584137580278,41070.8611529744,7.83269124233323,6.138,0.0,10.0,5.042914417422795,0.0,0.0,0.0,0.0,0.0,0.0
PRT,2024,0,0,2.7,2.21459232301109,42228.1580446502,10694681.0,2.41613187791876,6.5,10.0,0.0,42.0,0.0,0.0,0.0,0.0,0.0,0.5,0.0,8,2.7,3.09998745904281,41768.2583096874,4.31128191898681,6.498,0.0,10.0,2.65728989102695,0.0,0.0,0.0,0.0,0.0,0.0
PRY,1970,0,0,61.4,5.55342573311894,18270.06444120635,2388028.0,-0.859556021006909,6.6025,-8.0,0.0,16.0,0.0,0.0,0.0,0.0,0.0,0.5,0.0,0,18.4,3.53620866972961,18109.67372703895,5.66318573909345,6.662,0.0,8.0,5.55342573311894,1.0,0.0,0.5,0.0,0.0,0.0
PRY,1971,0,0,61.1,5.538151942856,18270.06444120635,2442537.0,4.95325693640987,6.6025,-8.0,0.0,17.0,0.0,0.0,0.0,0.0,0.0,0.5,0.0,1,61.4,5.55342573311894,18109.67372703895,-0.859556021006909,6.662,0.0,-8.0,5.54578883798747,1.0,0.0,0.5,0.0,0.0,0.0
PRY,1972,0,0,60.6,6.63129747573396,18270.06444120635,2499881.0,9.18037497303685,6.6025,-8.0,0.0,18.0,0.0,0.0,0.0,0.0,0.0,0.5,0.0,2,61.1,5.538151942856,18109.67372703895,4.95325693640987,6.662,0.0,-8.0,6.08472470929498,1.0,0.0,0.5,0.0,0.0,0.0
PRY,1973,0,0,60.0,7.30281290740682,18270.06444120635,2561102.0,12.796894532602,6.6025,-8.0,0.0,19.0,0.0,0.0,0.0,0.0,0.0,0.5,0.0,3,60.6,6.63129747573396,18109.67372703895,9.18037497303685,6.662,0.0,-8.0,6.96705519157039,1.0,1.0,0.5,0.0,0.0,0.0
PRY,1974,0,0,59.2,8.38152543650033,18270.06444120635,2625621.0,25.2333177791075,6.6025,-8.0,0.0,20.0,0.0,0.0,0.0,0.0,0.0,0.5,0.0,4,60.0,7.30281290740682,18109.67372703895,12.796894532602,6.662,0.0,-8.0,7.842169171953575,1.0,1.0,0.5,0.0,0.0,0.0
PRY,1975,0,0,58.4,6.85244471412953,18270.06444120635,2691648.0,6.69306008366748,6.6025,-8.0,0.0,21.0,0.0,0.0,0.0,0.0,0.0,0.5,0.0,5,59.2,8.38152543650033,18109.67372703895,25.2333177791075,6.662,0.0,-8.0,7.616985075314931,1.0,0.0,0.5,0.0,0.0,0.0
PRY,1976,0,0,57.4,7.52594953142729,18270.06444120635,2758836.0,4.47461474664498,6.6025,-8.0,0.0,22.0,0.0,0.0,0.0,0.0,0.0,0.5,0.0,6,58.4,6.85244471412953,18109.67372703895,6.69306008366748,6.662,0.0,-8.0,7.1891971227784115,1.0,0.0,0.5,0.0,0.0,0.0
PRY,1977,0,0,56.4,11.4940816019955,18270.06444120635,2827874.0,9.35985291662838,6.6025,-8.0,0.0,23.0,0.0,0.0,0.0,0.0,0.0,0.5,0.0,7,57.4,7.52594953142729,18109.67372703895,4.47461474664498,6.662,0.0,-8.0,9.510015566711397,1.0,0.0,0.5,0.0,0.0,0.0
PRY,1978,0,0,55.2,12.0287299461216,18270.06444120635,2899269.0,10.6602475929181,6.6025,-8.0,0.0,24.0,0.0,0.0,0.0,0.0,0.0,0.5,0.0,8,56.4,11.4940816019955,18109.67372703895,9.35985291662838,6.662,0.0,-8.0,11.761405774058552,1.0,1.0,0.5,0.0,0.0,0.0
PRY,1979,0,0,54.0,11.862146971295,18270.06444120635,2973968.0,28.1610386024436,6.6025,-8.0,0.0,25.0,0.0,0.0,0.0,0.0,0.0,0.5,0.0,9,55.2,12.0287299461216,18109.67372703895,10.6602475929181,6.662,0.0,-8.0,11.945438458708303,1.0,1.0,0.5,0.0,0.0,0.0
PRY,1980,0,0,52.6,11.712145943448,18270.06444120635,3053235.0,22.4473301362177,6.6025,-8.0,0.0,26.0,0.0,0.0,0.0,0.0,0.0,0.5,0.0,10,54.0,11.862146971295,18109.67372703895,28.1610386024436,6.662,0.0,-8.0,11.787146457371502,1.0,1.0,0.5,0.0,0.0,0.0
PRY,1981,0,0,51.2,9.17045884942912,18270.06444120635,3137604.0,12.9746974698193,6.6025,-8.0,0.0,27.0,0.0,0.0,0.0,0.0,0.0,0.5,0.0,11,52.6,11.712145943448,18109.67372703895,22.4473301362177,6.662,0.0,-8.0,10.441302396438562,1.0,1.0,0.5,0.0,0.0,0.0
PRY,1982,0,0,49.7,-1.39761771803515,18270.06444120635,3226189.0,5.12006543713188,6.6025,-8.0,0.0,28.0,0.0,0.0,0.0,0.0,0.0,0.5,0.0,12,51.2,9.17045884942912,18109.67372703895,12.9746974698193,6.662,0.0,-8.0,3.8864205656969872,1.0,0.0,0.5,0.0,0.0,0.0
PRY,1983,0,0,48.1,-3.0426178847186,18270.06444120635,3318068.0,13.4337555631631,6.6025,-8.0,0.0,29.0,0.0,0.0,0.0,0.0,0.0,0.5,0.0,13,49.7,-1.39761771803515,18109.67372703895,5.12006543713188,6.662,0.0,-8.0,-2.2201178013768734,1.0,1.0,0.5,0.0,0.0,0.0
PRY,1984,0,0,46.6,2.81659944601458,18270.06444120635,3412936.0,20.3114625460255,6.6025,-8.0,0.0,30.0,0.0,0.0,0.0,0.0,0.0,0.5,0.0,14,48.1,-3.0426178847186,18109.67372703895,13.4337555631631,6.662,0.0,-8.0,-0.11300921935200825,1.0,1.0,0.5,0.0,0.0,0.0
PRY,1985,0,0,45.0,4.5231356783092,18270.06444120635,3510671.0,25.2107164358818,6.6025,-8.0,0.0,31.0,0.0,0.0,0.0,0.0,0.0,0.5,0.0,15,46.6,2.81659944601458,18109.67372703895,20.3114625460255,6.662,0.0,-8.0,3.6698675621618917,1.0,1.0,0.5,0.0,0.0,0.0
PRY,1986,0,0,43.5,4.96483566571362,18270.06444120635,3611474.0,31.7425972672999,6.6025,-8.0,0.0,32.0,0.0,0.0,0.0,0.0,0.0,0.5,0.0,16,45.0,4.5231356783092,18109.67372703895,25.2107164358818,6.662,0.0,-8.0,4.743985672011412,1.0,1.0,0.5,0.0,0.0,0.0
PRY,1987,0,0,42.0,7.58230437604178,18270.06444120635,3714889.0,21.8102740350983,6.6025,-8.0,0.0,33.0,0.0,0.0,0.0,0.0,0.0,0.5,0.0,17,43.5,4.96483566571362,18109.67372703895,31.7425972672999,6.662,0.0,-8.0,6.273570020877702,1.0,1.0,0.5,0.0,0.0,0.0
PRY,1988,0,0,40.6,5.91537206556045,18270.06444120635,3820546.0,22.5942571785268,6.6025,-8.0,0.0,34.0,0.0,0.0,0.0,0.0,0.0,0.5,0.0,18,42.0,7.58230437604178,18109.67372703895,21.8102740350983,6.662,0.0,-8.0,6.748838220801117,1.0,1.0,0.5,0.0,0.0,0.0
PRY,1989,0,0,39.2,6.93520391103523,18270.06444120635,3927802.0,26.4221267235586,6.6025,2.0,1.0,0.0,0.0,0.0,0.0,0.0,0.0,0.5,0.0,19,40.6,5.91537206556045,18109.67372703895,22.5942571785268,6.662,0.0,-8.0,6.425287988297842,1.0,1.0,0.5,0.0,0.0,0.0
PRY,1990,0,0,37.8,4.12328287941739,9961.22171124749,4035747.0,37.2599561799201,6.6025,2.0,1.0,1.0,0.0,0.0,0.0,0.0,0.0,0.5,0.0,20,39.2,6.93520391103523,18109.67372703895,26.4221267235586,6.662,0.0,2.0,5.529243395226311,1.0,1.0,0.5,0.0,0.0,0.0
PRY,1991,0,0,36.5,3.49365015491472,10039.0438461622,4144364.0,24.2253521126763,5.1,2.0,1.0,2.0,0.0,0.0,0.0,0.0,0.0,0.5,0.0,21,37.8,4.12328287941739,9961.22171124749,37.2599561799201,6.662,0.0,2.0,3.8084665171660568,1.0,1.0,0.5,0.0,0.0,0.0
PRY,1992,0,0,35.3,1.69642801124701,9947.16439036842,4253600.0,15.192743764172,4.98,7.0,0.0,0.0,0.0,0.0,0.0,0.0,0.0,0.5,0.0,22,36.5,3.49365015491472,10039.0438461622,24.2253521126763,5.1,0.0,2.0,2.5950390830808665,1.0,1.0,0.5,0.0,0.0,0.0
PRY,1993,0,0,34.2,4.93635941475281,10177.1689434494,4362696.0,18.2086614173228,5.06,7.0,0.0,1.0,0.0,0.0,0.0,0.0,0.0,0.5,0.0,23,35.3,1.69642801124701,9947.16439036842,15.192743764172,4.98,0.0,7.0,3.316393712999912,1.0,1.0,0.5,0.0,0.0,0.0
PRY,1994,0,0,33.2,5.31791766023942,10457.768545827,4471417.0,20.5661948376355,4.41,7.0,0.0,2.0,0.0,0.0,0.0,0.0,0.0,0.5,0.0,24,34.2,4.93635941475281,10177.1689434494,18.2086614173228,5.06,0.0,7.0,5.127138537496117,1.0,1.0,0.5,0.0,0.0,0.0
PRY,1995,0,0,32.3,6.82281030358578,10906.894612986,4579806.0,13.4254143646407,3.4,7.0,0.0,3.0,0.0,0.0,0.0,0.0,0.0,0.5,0.0,25,33.2,5.31791766023942,10457.768545827,20.5661948376355,4.41,0.0,7.0,6.070363981912601,1.0,1.0,0.5,0.0,0.0,0.0
PRY,1996,0,0,31.5,1.57378513175006,10823.9199218797,4687543.0,9.79968339016083,8.15,7.0,0.0,4.0,0.0,0.0,0.0,0.0,0.0,0.5,0.0,26,32.3,6.82281030358578,10906.894612986,13.4254143646407,3.4,0.0,7.0,4.198297717667922,1.0,0.0,0.5,0.0,0.0,0.0
PRY,1997,0,0,30.7,4.24251610269859,11031.6219154476,4794412.0,6.94956608534118,5.36,7.0,0.0,5.0,0.0,0.0,0.0,0.0,0.0,0.5,0.0,27,31.5,1.57378513175006,10823.9199218797,9.79968339016083,8.15,0.0,7.0,2.9081506172243268,1.0,0.0,0.5,0.0,0.0,0.0
PRY,1998,0,0,30.0,0.0680377558080636,10801.1950460495,4900025.0,11.5532684355839,4.417,6.0,0.0,6.0,0.0,0.0,0.0,0.0,0.0,0.5,0.0,28,30.7,4.24251610269859,11031.6219154476,6.94956608534118,5.36,0.0,7.0,2.1552769292533287,1.0,1.0,0.5,0.0,0.0,0.0
PRY,1999,0,0,29.4,-1.36607971240079,10434.0803694109,5003135.0,6.75226586102725,5.343,7.0,0.0,7.0,0.0,0.0,0.0,0.0,0.0,0.5,0.0,29,30.0,0.0680377558080636,10801.1950460495,11.5532684355839,4.417,0.0,6.0,-0.6490209782963614,1.0,0.0,0.5,0.0,0.0,0.0
PRY,2000,0,0,28.7,-2.31414056819045,9997.3297251405,5100868.0,8.98215976750022,7.61,7.0,0.0,8.0,0.0,0.0,0.0,0.0,0.0,0.5,0.0,30,29.4,-1.36607971240079,10434.0803694109,6.75226586102725,5.343,0.0,7.0,-1.8401101402956181,1.0,0.0,0.5,0.0,0.0,0.0
PRY,2001,0,0,28.1,-0.834054716746095,9748.02702767691,5187689.0,7.26806028584825,6.206,7.0,0.0,9.0,0.0,0.0,0.0,0.0,0.0,0.5,0.0,31,28.7,-2.31414056819045,9997.3297251405,8.98215976750022,7.61,0.0,7.0,-1.5740976424682707,1.0,0.0,0.5,0.0,0.0,0.0
PRY,2002,0,0,27.5,-0.0214043949985694,9609.53364585336,5261328.0,10.5102420856612,9.393,7.0,0.0,10.0,0.0,0.0,0.0,0.0,0.0,0.5,0.0,32,28.1,-0.834054716746095,9748.02702767691,7.26806028584825,6.206,0.0,7.0,-0.4277295558723304,1.0,1.0,0.5,0.0,0.0,0.0
PRY,2003,0,0,26.9,4.32074548551591,9902.19918003817,5326436.0,14.2367970499143,6.814,8.0,0.0,11.0,0.0,0.0,0.0,0.0,0.0,0.5,0.0,33,27.5,-0.0214043949985694,9609.53364585336,10.5102420856612,9.393,0.0,7.0,2.149670545258672,1.0,1.0,0.5,0.0,0.0,0.0
PRY,2004,0,0,26.4,4.05741836363771,10185.9074387779,5388175.0,4.32326492967491,6.513,8.0,0.0,12.0,0.0,0.0,0.0,0.0,0.0,0.5,0.0,34,26.9,4.32074548551591,9902.19918003817,14.2367970499143,6.814,0.0,8.0,4.189081924576811,1.0,0.0,0.5,0.0,0.0,0.0
PRY,2005,0,0,25.8,2.13349066459601,10288.800866577,5448097.0,6.80738203116377,4.825,8.0,0.0,13.0,0.0,0.0,0.0,0.0,0.0,0.5,0.0,35,26.4,4.05741836363771,10185.9074387779,4.32326492967491,6.513,0.0,8.0,3.095454514116862,1.0,0.0,0.5,0.0,0.0,0.0
PRY,2006,0,0,25.1,4.80711719268376,10671.6449984385,5505148.0,9.58934941129229,5.277,8.0,0.0,14.0,0.0,0.0,0.0,0.0,0.0,0.5,0.0,36,25.8,2.13349066459601,10288.800866577,6.80738203116377,4.825,0.0,8.0,3.470303928639887,1.0,0.0,0.5,0.0,0.0,0.0
PRY,2007,0,0,24.5,5.42162287218235,11140.4629098064,5559386.0,8.13047417698577,4.713,8.0,0.0,15.0,0.0,0.0,0.0,0.0,0.0,0.5,0.0,37,25.1,4.80711719268376,10671.6449984385,9.58934941129229,5.277,0.0,8.0,5.114370032433056,1.0,0.0,0.5,0.0,0.0,0.0
PRY,2008,1,0,23.8,6.4962921197091,11749.6546354418,5613574.0,10.1547846489023,4.415,8.0,0.0,16.0,0.0,0.0,0.0,0.0,0.0,0.5,0.0,38,24.5,5.42162287218235,11140.4629098064,8.13047417698577,4.713,0.0,8.0,5.958957495945727,1.0,1.0,0.5,0.0,0.0,0.0
PRY,2009,0,0,23.2,-0.261137328080281,11599.8198579092,5671236.0,2.59194673430567,5.46,8.0,0.0,17.0,0.0,0.0,0.0,0.0,0.0,0.5,0.0,0,23.8,6.4962921197091,11749.6546354418,10.1547846489023,4.415,0.0,8.0,3.1175773958144113,1.0,0.0,0.5,0.0,0.0,0.0
PRY,2010,0,0,22.5,11.0952312685521,12736.9672867807,5737971.0,4.65116279069765,4.569,8.0,0.0,18.0,0.0,0.0,0.0,0.0,0.0,0.5,0.0,1,23.2,-0.261137328080281,11599.8198579092,2.59194673430567,5.46,0.0,8.0,5.417046970235911,1.0,0.0,0.5,0.0,0.0,0.0
PRY,2011,0,0,21.9,4.28637120702282,13107.8104435989,5814626.0,8.2539682539683,4.67,8.0,0.0,19.0,0.0,0.0,0.0,0.0,0.0,0.5,0.0,2,22.5,11.0952312685521,12736.9672867807,4.65116279069765,4.569,0.0,8.0,7.690801237787461,1.0,0.0,0.5,0.0,0.0,0.0
PRY,2012,0,0,21.2,-0.708043112316886,12833.1801619413,5897008.0,3.67591897974496,4.085,8.0,0.0,20.0,0.0,0.0,0.0,0.0,0.0,0.5,0.0,3,21.9,4.28637120702282,13107.8104435989,8.2539682539683,4.67,0.0,8.0,1.7891640473529689,1.0,0.0,0.5,0.0,0.0,0.0
PRY,2013,1,0,20.6,8.29307648940471,13698.9722320262,5982445.0,2.68385738718582,4.385,9.0,0.0,21.0,0.0,0.0,0.0,0.0,0.0,0.5,0.0,4,21.2,-0.708043112316886,12833.1801619413,3.67591897974496,4.085,0.0,8.0,3.7925166885439134,1.0,0.0,0.5,0.0,0.0,0.0
PRY,2014,0,0,20.0,5.30123864473624,14217.5580896983,6069811.0,5.02882767456766,5.034,9.0,0.0,22.0,0.0,0.0,0.0,0.0,0.0,0.5,0.0,0,20.6,8.29307648940471,13698.9722320262,2.68385738718582,4.385,0.0,9.0,6.797157567070476,1.0,0.0,0.5,0.0,0.0,0.0
PRY,2015,0,0,19.3,2.95715168367079,14425.777586033,6159103.0,3.12900274473925,4.556,9.0,0.0,23.0,0.0,0.0,0.0,0.0,0.0,0.5,0.0,1,20.0,5.30123864473624,14217.5580896983,5.02882767456766,5.034,0.0,9.0,4.129195164203517,1.0,0.0,0.5,0.0,0.0,0.0
PRY,2016,0,0,18.7,4.26802583314583,14824.7906280812,6249126.0,4.08682280577241,5.255,9.0,0.0,24.0,0.0,0.0,0.0,0.0,0.0,0.5,0.0,2,19.3,2.95715168367079,14425.777586033,3.12900274473925,4.556,0.0,9.0,3.612588758408312,1.0,0.0,0.5,0.0,0.0,0.0
PRY,2017,0,0,18.1,4.81007885554041,15318.4012187276,6338660.0,3.60247741348943,6.138,9.0,0.0,25.0,0.0,0.0,0.0,0.0,0.0,0.5,0.0,3,18.7,4.26802583314583,14824.7906280812,4.08682280577241,5.255,0.0,9.0,4.539052344343122,0.0,0.0,0.0,0.0,0.0,0.0
PRY,2018,0,0,17.6,3.20425034076639,15591.0142663085,6427382.0,3.97561015740694,6.217,9.0,0.0,26.0,0.0,0.0,0.0,0.0,0.0,0.5,0.0,4,18.1,4.81007885554041,15318.4012187276,3.60247741348943,6.138,0.0,9.0,4.007164598153402,0.0,0.0,0.0,0.0,0.0,0.0
PRY,2019,0,0,17.0,-0.40185510068001,15319.3889991221,6515058.0,2.75709727562775,6.595,9.0,0.0,26.0,0.0,0.0,0.0,0.0,0.0,0.5,0.0,5,17.6,3.20425034076639,15591.0142663085,3.97561015740694,6.217,0.0,9.0,1.4011976200431917,0.0,0.0,0.0,0.0,0.0,0.0
PRY,2020,0,0,16.5,-0.819785390971916,14989.7667130162,6603739.0,1.76751592356698,7.548,9.0,0.0,26.0,0.0,0.0,0.0,0.0,0.0,0.5,0.0,6,17.0,-0.40185510068001,15319.3889991221,2.75709727562775,6.595,0.0,9.0,-0.6108202458259613,0.0,0.0,0.0,0.0,0.0,0.0
PRY,2021,0,0,16.0,3.99461510731535,15400.9446332428,6684182.0,4.787983101236,7.311,9.0,0.0,26.0,0.0,0.0,0.0,0.0,0.0,0.5,0.0,7,16.5,-0.819785390971916,14989.7667130162,1.76751592356698,7.548,0.0,9.0,1.5874148581717187,0.0,0.0,0.0,0.0,0.0,0.0
PRY,2022,0,0,15.5,-0.0280771723899278,15222.8920228598,6760464.0,9.76556667164402,6.755,9.0,0.0,26.0,0.0,0.0,0.0,0.0,0.0,0.5,0.0,8,16.0,3.99461510731535,15400.9446332428,4.787983101236,7.311,0.0,9.0,1.9832689674627129,0.0,0.0,0.0,0.0,0.0,0.0
PRY,2023,1,0,15.0,5.28584584975323,15831.5849831308,6844146.0,4.63202285403356,5.794,9.0,0.0,26.0,0.0,0.0,0.0,0.0,0.0,0.5,0.0,9,15.5,-0.0280771723899278,15222.8920228598,9.76556667164402,6.755,0.0,9.0,2.6288843386816527,0.0,0.0,0.0,0.0,0.0,0.0
PRY,2024,0,0,14.5,4.66914577981763,16367.4940166481,6929153.0,3.83540271728533,5.686,9.0,0.0,26.0,0.0,0.0,0.0,0.0,0.0,0.5,0.0,0,15.0,5.28584584975323,15831.5849831308,4.63202285403356,5.794,0.0,9.0,4.977495814785431,0.0,0.0,0.0,0.0,0.0,0.0
SEN,1970,0,0,122.1,8.56204551455826,18270.06444120635,4466328.0,2.81024819857036,6.6025,-7.0,0.0,7.0,0.0,0.0,0.0,0.0,0.0,0.5,0.0,0,18.4,3.53620866972961,18109.67372703895,5.66318573909345,6.662,0.0,8.0,8.56204551455826,1.0,0.0,0.5,0.0,0.0,0.0
SEN,1971,0,0,121.1,-0.140449439855544,18270.06444120635,4601864.0,3.87820263197536,6.6025,-7.0,0.0,8.0,0.0,0.0,0.0,0.0,0.0,0.5,0.0,1,122.1,8.56204551455826,18109.67372703895,2.81024819857036,6.662,0.0,-7.0,4.210798037351358,1.0,0.0,0.5,0.0,0.0,0.0
SEN,1972,0,0,119.7,6.38320891557467,18270.06444120635,4741631.0,6.15488417411265,6.6025,-7.0,0.0,9.0,0.0,0.0,0.0,0.0,0.0,0.5,0.0,2,121.1,-0.140449439855544,18109.67372703895,3.87820263197536,6.662,0.0,-7.0,3.121379737859563,1.0,0.0,0.5,0.0,0.0,0.0
SEN,1973,0,0,118.0,-5.58324010795549,18270.06444120635,4885181.0,11.2853107346839,6.6025,-7.0,0.0,10.0,0.0,0.0,0.0,0.0,0.0,0.5,0.0,3,119.7,6.38320891557467,18109.67372703895,6.15488417411265,6.662,0.0,-7.0,0.3999844038095901,1.0,1.0,0.5,0.0,0.0,0.0
SEN,1974,0,0,115.8,4.20077552585172,18270.06444120635,5029437.0,16.6010915093494,6.6025,-6.0,0.0,11.0,0.0,0.0,0.0,0.0,0.0,0.5,0.0,4,118.0,-5.58324010795549,18109.67372703895,11.2853107346839,6.662,0.0,-7.0,-0.6912322910518851,1.0,1.0,0.5,0.0,0.0,0.0
SEN,1975,0,0,113.1,7.53566259858628,18270.06444120635,5170810.0,31.6534233153685,6.6025,-6.0,0.0,12.0,0.0,0.0,0.0,0.0,0.0,0.5,0.0,5,115.8,4.20077552585172,18109.67372703895,16.6010915093494,6.662,0.0,-6.0,5.868219062219,1.0,1.0,0.5,0.0,0.0,0.0
SEN,1976,0,0,109.8,8.92050370390294,18270.06444120635,5308564.0,1.08309218710659,6.6025,-6.0,0.0,13.0,0.0,0.0,0.0,0.0,0.0,0.5,0.0,6,113.1,7.53566259858628,18109.67372703895,31.6534233153685,6.662,0.0,-6.0,8.228083151244611,1.0,0.0,0.5,0.0,0.0,0.0
SEN,1977,0,0,106.2,-2.68290530487465,18270.06444120635,5439549.0,11.3405856371037,6.6025,-6.0,0.0,14.0,0.0,0.0,0.0,0.0,0.0,0.5,0.0,7,109.8,8.92050370390294,18109.67372703895,1.08309218710659,6.662,0.0,-6.0,3.118799199514145,1.0,1.0,0.5,0.0,0.0,0.0
SEN,1978,0,0,102.7,-3.95393126013779,18270.06444120635,5568096.0,3.41965105587518,6.6025,-2.0,1.0,0.0,0.0,0.0,0.0,0.0,0.0,0.5,0.0,8,106.2,-2.68290530487465,18109.67372703895,11.3405856371037,6.662,0.0,-6.0,-3.3184182825062187,1.0,0.0,0.5,0.0,0.0,0.0
SEN,1979,0,0,99.6,7.00168561322543,18270.06444120635,5702895.0,9.65335985257037,6.6025,-2.0,1.0,1.0,0.0,0.0,0.0,0.0,0.0,0.5,0.0,9,102.7,-3.95393126013779,18109.67372703895,3.41965105587518,6.662,0.0,-2.0,1.523877176543821,1.0,0.0,0.5,0.0,0.0,0.0
SEN,1980,0,0,97.1,3.98776197168547,18270.06444120635,5845638.0,8.72902766072326,6.6025,-2.0,1.0,2.0,0.0,0.0,0.0,0.0,0.0,0.5,0.0,10,99.6,7.00168561322543,18109.67372703895,9.65335985257037,6.662,0.0,-2.0,5.494723792455451,1.0,0.0,0.5,0.0,0.0,0.0
SEN,1981,0,0,95.1,5.18022967002236,18270.06444120635,5997160.0,5.91319372031625,6.6025,-1.0,1.0,3.0,0.0,0.0,0.0,0.0,0.0,0.5,0.0,11,97.1,3.98776197168547,18109.67372703895,8.72902766072326,6.662,0.0,-2.0,4.583995820853916,1.0,0.0,0.5,0.0,0.0,0.0
SEN,1982,0,0,93.4,8.01038437134387,18270.06444120635,6156961.0,17.3763852168922,6.6025,-1.0,1.0,4.0,0.0,0.0,0.0,0.0,0.0,0.5,0.0,12,95.1,5.18022967002236,18109.67372703895,5.91319372031625,6.662,0.0,-1.0,6.595307020683116,1.0,1.0,0.5,0.0,0.0,0.0
SEN,1983,0,0,91.5,-5.64746028114288,18270.06444120635,6324504.0,11.6169845681475,6.6025,-1.0,1.0,5.0,0.0,0.0,0.0,0.0,0.0,0.5,0.0,13,93.4,8.01038437134387,18109.67372703895,17.3763852168922,6.662,0.0,-1.0,1.1814620451004956,1.0,1.0,0.5,0.0,0.0,0.0
SEN,1984,0,0,89.2,3.93584244306339,18270.06444120635,6499364.0,11.7840274796329,6.6025,-1.0,1.0,6.0,0.0,0.0,0.0,0.0,0.0,0.5,0.0,14,91.5,-5.64746028114288,18109.67372703895,11.6169845681475,6.662,0.0,-1.0,-0.8558089190397442,1.0,1.0,0.5,0.0,0.0,0.0
SEN,1985,0,0,86.4,3.46308446515194,18270.06444120635,6683287.0,13.0000576159794,6.6025,-1.0,1.0,7.0,0.0,0.0,0.0,0.0,0.0,0.5,0.0,15,89.2,3.93584244306339,18109.67372703895,11.7840274796329,6.662,0.0,-1.0,3.699463454107666,1.0,1.0,0.5,0.0,0.0,0.0
SEN,1986,0,0,83.0,3.12698554897204,18270.06444120635,6878192.0,6.18477854456934,6.6025,-1.0,1.0,8.0,0.0,0.0,0.0,0.0,0.0,0.5,0.0,16,86.4,3.46308446515194,18109.67372703895,13.0000576159794,6.662,0.0,-1.0,3.295035007061991,1.0,0.0,0.5,0.0,0.0,0.0
SEN,1987,0,0,79.6,6.25586340662731,18270.06444120635,7081530.0,-4.14072378633809,6.6025,-1.0,1.0,9.0,0.0,0.0,0.0,0.0,0.0,0.5,0.0,17,83.0,3.12698554897204,18109.67372703895,6.18477854456934,6.662,0.0,-1.0,4.691424477799676,1.0,0.0,0.5,0.0,0.0,0.0
SEN,1988,0,0,76.6,-0.816575488243529,18270.06444120635,7289618.0,-1.82668225079295,6.6025,-1.0,1.0,10.0,0.0,0.0,0.0,0.0,0.0,0.5,0.0,18,79.6,6.25586340662731,18109.67372703895,-4.14072378633809,6.662,0.0,-1.0,2.7196439591918917,1.0,0.0,0.5,0.0,0.0,0.0
SEN,1989,0,0,74.4,3.97378331483225,18270.06444120635,7502207.0,0.447309340771316,6.6025,-1.0,1.0,11.0,2.0,0.0,0.0,2.0,1.0,0.5,0.0,19,76.6,-0.816575488243529,18109.67372703895,-1.82668225079295,6.662,0.0,-1.0,1.578603913294362,1.0,0.0,0.5,0.0,0.0,0.0
SEN,1990,0,0,73.0,-0.746282224252312,2923.34412470397,7720523.0,0.325098630183258,6.6025,-1.0,1.0,12.0,0.0,0.0,0.0,0.0,0.0,0.5,0.0,20,74.4,3.97378331483225,18109.67372703895,0.447309340771316,6.662,2.0,-1.0,1.6137505452899703,1.0,0.0,0.5,0.0,0.0,0.0
SEN,1991,0,0,72.6,2.65996265739379,2917.01427785749,7943085.0,-1.75355690199309,2.861,-1.0,1.0,13.0,0.0,0.0,0.0,0.0,0.0,0.5,0.0,21,73.0,-0.746282224252312,2923.34412470397,0.325098630183258,6.662,0.0,-1.0,0.9568402165707401,1.0,0.0,0.5,0.0,0.0,0.0
SEN,1992,0,0,72.9,1.32023303661357,2874.00297967023,8168395.0,-0.109942967085665,2.928,-1.0,1.0,14.0,1.0,0.0,1.0,0.0,1.0,0.5,0.0,22,72.6,2.65996265739379,2917.01427785749,-1.75355690199309,2.861,0.0,-1.0,1.9900978470036812,1.0,0.0,0.5,0.0,0.0,0.0
SEN,1993,0,0,73.7,1.36021300651346,2834.02797282021,8396288.0,-0.586434615120184,2.878,-1.0,1.0,15.0,1.0,0.0,1.0,0.0,1.0,0.5,0.0,23,72.9,1.32023303661357,2874.00297967023,-0.109942967085665,2.928,1.0,-1.0,1.3402230215635162,1.0,0.0,0.5,0.0,0.0,0.0
SEN,1994,0,0,74.7,-0.0475209486617416,2757.86087514528,8624078.0,32.2936668569552,2.947,-1.0,1.0,16.0,1.0,0.0,1.0,0.0,1.0,0.5,0.0,24,73.7,1.36021300651346,2834.02797282021,-0.586434615120184,2.878,1.0,-1.0,0.6563460289258606,1.0,1.0,0.5,0.0,0.0,0.0
SEN,1995,0,0,75.7,5.46858485819628,2835.03272875198,8848101.0,7.8640078457011,2.846,-1.0,1.0,17.0,1.0,0.0,1.0,0.0,1.0,0.5,0.0,25,74.7,-0.0475209486617416,2757.86087514528,32.2936668569552,2.947,1.0,-1.0,2.7105319547672706,1.0,0.0,0.5,0.0,0.0,0.0
SEN,1996,0,0,76.6,2.01997720854131,2822.46837324556,9067014.0,2.75430663482407,2.831,-1.0,1.0,18.0,1.0,0.0,1.0,0.0,1.0,0.5,0.0,26,75.7,5.46858485819628,2835.03272875198,7.8640078457011,2.846,1.0,-1.0,3.7442810333687966,1.0,0.0,0.5,0.0,0.0,0.0
SEN,1997,0,0,77.2,3.04560103485423,2840.60808860536,9283495.0,1.75316478097236,2.759,-1.0,1.0,19.0,1.0,0.0,1.0,0.0,1.0,0.5,0.0,27,76.6,2.01997720854131,2822.46837324556,2.75430663482407,2.831,1.0,-1.0,2.532789121697771,1.0,0.0,0.5,0.0,0.0,0.0
SEN,1998,0,0,77.1,5.89847931769205,2938.69162552253,9502952.0,1.15678070391341,2.751,-1.0,1.0,20.0,1.0,0.0,1.0,0.0,1.0,0.5,0.0,28,77.2,3.04560103485423,2840.60808860536,1.75316478097236,2.759,1.0,-1.0,4.472040176273142,1.0,0.0,0.5,0.0,0.0,0.0
SEN,1999,0,0,76.1,6.28330825030987,3050.17800999452,9730887.0,0.827250608272497,2.655,-1.0,1.0,21.0,1.0,0.0,1.0,0.0,1.0,0.5,0.0,29,77.1,5.89847931769205,2938.69162552253,1.15678070391341,2.751,1.0,-1.0,6.090893784000961,1.0,0.0,0.5,0.0,0.0,0.0
SEN,2000,1,0,74.0,3.88721095816793,3093.28791603382,9968260.0,0.731981981981597,2.638,8.0,0.0,0.0,0.0,0.0,0.0,0.0,0.0,0.5,0.0,30,76.1,6.28330825030987,3050.17800999452,0.827250608272497,2.655,1.0,-1.0,5.085259604238901,1.0,0.0,0.5,0.0,0.0,0.0
SEN,2001,0,0,70.6,4.31085146618369,3149.33113704283,10212942.0,2.97450083919566,2.674,8.0,0.0,1.0,0.0,0.0,0.0,0.0,0.0,0.5,0.0,0,74.0,3.88721095816793,3093.28791603382,0.731981981981597,2.638,0.0,8.0,4.099031212175811,1.0,0.0,0.5,0.0,0.0,0.0
SEN,2002,0,0,66.4,0.0686965747419066,3075.23157503874,10466214.0,2.33730187454299,2.82,8.0,0.0,2.0,0.0,0.0,0.0,0.0,0.0,0.5,0.0,1,70.6,4.31085146618369,3149.33113704283,2.97450083919566,2.674,0.0,8.0,2.1897740204628,1.0,0.0,0.5,0.0,0.0,0.0
SEN,2003,0,0,61.9,5.59395094456143,3170.03494689265,10721176.0,-0.0519970242714495,2.781,8.0,0.0,3.0,0.0,0.0,0.0,0.0,0.0,0.5,0.0,2,66.4,0.0686965747419066,3075.23157503874,2.33730187454299,2.82,0.0,8.0,2.83132375965167,1.0,0.0,0.5,0.0,0.0,0.0
SEN,2004,0,0,57.5,4.64329393683312,3240.30201670643,10975704.0,0.514781781023016,2.775,8.0,0.0,4.0,0.0,0.0,0.0,0.0,0.0,0.5,0.0,3,61.9,5.59395094456143,3170.03494689265,-0.0519970242714495,2.781,0.0,8.0,5.118622440697276,1.0,0.0,0.5,0.0,0.0,0.0
SEN,2005,0,0,53.5,4.31023852639633,3301.82076161633,11235472.0,1.71133325855502,2.679,8.0,0.0,5.0,0.0,0.0,0.0,0.0,0.0,0.5,0.0,4,57.5,4.64329393683312,3240.30201670643,0.514781781023016,2.775,0.0,8.0,4.476766231614727,1.0,0.0,0.5,0.0,0.0,0.0
SEN,2006,0,0,50.1,2.33077098330239,3301.03152415011,11500094.0,2.11228583877117,2.755,8.0,0.0,6.0,0.0,0.0,0.0,0.0,0.0,0.5,0.0,5,53.5,4.31023852639633,3301.82076161633,1.71133325855502,2.679,0.0,8.0,3.3205047548493614,1.0,0.0,0.5,0.0,0.0,0.0
SEN,2007,0,0,47.3,2.82711920133374,3316.42037835596,11770344.0,5.85330428467681,2.8,7.0,0.0,7.0,0.0,0.0,0.0,0.0,0.0,0.5,0.0,6,50.1,2.33077098330239,3301.03152415011,2.11228583877117,2.755,0.0,8.0,2.578945092318066,1.0,0.0,0.5,0.0,0.0,0.0
SEN,2008,0,0,44.9,3.70316906391386,3359.70567091144,12048959.0,7.34720236578406,2.816,7.0,0.0,8.0,0.0,0.0,0.0,0.0,0.0,0.5,0.0,7,47.3,2.82711920133374,3316.42037835596,5.85330428467681,2.8,0.0,7.0,3.265144132623801,1.0,0.0,0.5,0.0,0.0,0.0
SEN,2009,0,0,43.1,2.75210448455053,3371.46166689451,12337389.0,-2.2480214785534,2.807,7.0,0.0,9.0,0.0,0.0,0.0,0.0,0.0,0.5,0.0,8,44.9,3.70316906391386,3359.70567091144,7.34720236578406,2.816,0.0,7.0,3.227636774232196,1.0,0.0,0.5,0.0,0.0,0.0
SEN,2010,0,0,41.5,3.39088925336209,3403.56707166762,12635413.0,1.22868119673344,2.795,7.0,0.0,10.0,0.0,0.0,0.0,0.0,0.0,0.5,0.0,9,43.1,2.75210448455053,3371.46166689451,-2.2480214785534,2.807,0.0,7.0,3.071496868956311,1.0,0.0,0.5,0.0,0.0,0.0
SEN,2011,0,0,40.3,1.33409107961258,3362.87940538165,12958897.0,3.40322829786971,2.853,7.0,0.0,11.0,0.0,0.0,0.0,0.0,0.0,0.5,0.0,10,41.5,3.39088925336209,3403.56707166762,1.22868119673344,2.795,0.0,7.0,2.362490166487336,1.0,0.0,0.5,0.0,0.0,0.0
SEN,2012,1,1,39.3,4.00299555090457,3405.10864461668,13310495.0,1.41822871177854,3.896,7.0,0.0,12.0,0.0,0.0,0.0,0.0,0.0,0.5,0.0,11,40.3,1.33409107961258,3362.87940538165,3.40322829786971,2.853,0.0,7.0,2.6685433152585762,1.0,0.0,0.5,0.5,0.0,0.0
SEN,2013,0,1,38.5,2.41238527605579,3385.425906874,13710849.0,0.710245486695176,5.012,7.0,0.0,13.0,0.0,0.0,0.0,0.0,0.0,0.5,0.0,0,39.3,4.00299555090457,3405.10864461668,1.41822871177854,3.896,0.0,7.0,3.207690413480181,1.0,0.0,0.5,0.5,0.0,0.0
SEN,2014,0,1,37.8,6.22407443790986,3484.01219750661,14152102.0,-1.09025507446895,5.849,7.0,0.0,14.0,0.0,0.0,0.0,0.0,0.0,0.5,0.0,1,38.5,2.41238527605579,3385.425906874,0.710245486695176,5.012,0.0,7.0,4.318229856982826,1.0,0.0,0.5,0.5,0.0,0.0
SEN,2015,0,1,37.3,6.36704365066983,3593.79477121279,14593331.0,0.135211933635165,6.757,7.0,0.0,15.0,0.0,0.0,0.0,0.0,0.0,0.5,0.0,2,37.8,6.22407443790986,3484.01219750661,-1.09025507446895,5.849,0.0,7.0,6.2955590442898455,1.0,0.0,0.5,0.5,0.0,0.0
SEN,2016,0,1,36.8,6.35606857208136,3710.05531591559,15034521.0,0.837284942557434,4.455,7.0,0.0,16.0,0.0,0.0,0.0,0.0,0.0,0.5,0.0,3,37.3,6.36704365066983,3593.79477121279,0.135211933635165,6.757,0.0,7.0,6.361556111375595,1.0,0.0,0.5,0.5,0.0,0.0
SEN,2017,0,1,36.3,7.40748618589598,3871.45146786374,15475002.0,1.31815314847789,4.078,7.0,0.0,17.0,0.0,0.0,0.0,0.0,0.0,0.5,0.0,4,36.8,6.35606857208136,3710.05531591559,0.837284942557434,4.455,0.0,7.0,6.881777378988671,1.0,0.0,0.5,0.5,0.0,0.0
SEN,2018,0,1,35.7,6.20924103388887,3998.28635303867,15914498.0,0.460985642464188,3.453,7.0,0.0,18.0,0.0,0.0,0.0,0.0,0.0,0.5,0.0,5,36.3,7.40748618589598,3871.45146786374,1.31815314847789,4.078,0.0,7.0,6.808363609892426,1.0,0.0,0.5,0.5,0.0,0.0
SEN,2019,0,1,34.8,4.6136280976221,4070.6122705955,16352922.0,1.76011151192939,2.863,7.0,0.0,18.0,0.0,0.0,0.0,0.0,0.0,0.5,0.0,6,35.7,6.20924103388887,3998.28635303867,0.460985642464188,3.453,0.0,7.0,5.411434565755486,1.0,0.0,0.5,0.5,0.0,0.0
SEN,2020,0,1,33.7,1.34207377285524,4018.04129279044,16789219.0,2.54314685681662,3.432,7.0,0.0,18.0,0.0,0.0,0.0,0.0,0.0,0.5,0.0,7,34.8,4.6136280976221,4070.6122705955,1.76011151192939,2.863,0.0,7.0,2.977850935238671,1.0,0.0,0.5,0.5,0.0,0.0
SEN,2021,0,1,32.5,6.5440010991951,4173.67741399617,17220867.0,2.18032278088147,3.436,7.0,0.0,18.0,0.0,0.0,0.0,0.0,0.0,0.5,0.0,8,33.7,1.34207377285524,4018.04129279044,2.54314685681662,3.432,0.0,7.0,3.943037436025171,1.0,0.0,0.5,0.5,0.0,0.0
SEN,2022,0,1,31.2,3.85043193752725,4228.73382643662,17651103.0,9.69681899081073,2.837,7.0,0.0,18.0,0.0,0.0,0.0,0.0,0.0,0.5,0.0,9,32.5,6.5440010991951,4173.67741399617,2.18032278088147,3.436,0.0,7.0,5.197216518361175,1.0,0.0,0.5,0.5,0.0,0.0
SEN,2023,0,1,30.0,4.25743083300657,4304.76148721773,18077573.0,5.93947798773215,2.784,7.0,0.0,18.0,0.0,0.0,0.0,0.0,0.0,0.5,0.0,10,31.2,3.85043193752725,4228.73382643662,9.69681899081073,2.837,0.0,7.0,4.05393138526691,1.0,0.0,0.5,0.5,0.0,0.0
SEN,2024,1,1,28.9,6.46220577412338,4477.81736836258,18501984.0,0.804503298792438,2.788,7.0,0.0,18.0,0.0,0.0,0.0,0.0,0.0,0.5,0.0,11,30.0,4.25743083300657,4304.76148721773,5.93947798773215,2.784,0.0,7.0,5.359818303564976,1.0,0.0,0.5,0.5,0.0,0.0
SLV,1970,0,1,115.3,2.97729509281315,18270.06444120635,3668796.0,2.81785392208514,6.6025,-3.0,1.0,9.0,0.0,0.0,0.0,0.0,0.0,0.5,0.0,0,18.4,3.53620866972961,18109.67372703895,5.66318573909345,6.662,0.0,8.0,2.97729509281315,1.0,0.0,0.5,0.5,0.0,0.0
SLV,1971,0,1,112.8,3.85825751349313,18270.06444120635,3757523.0,0.445808667692475,6.6025,-3.0,1.0,10.0,0.0,0.0,0.0,0.0,0.0,0.5,0.0,1,115.3,2.97729509281315,18109.67372703895,2.81785392208514,6.662,0.0,-3.0,3.41777630315314,1.0,0.0,0.5,0.5,0.0,0.0
SLV,1972,0,1,110.1,6.11753368716674,18270.06444120635,3846830.0,1.53521536678872,6.6025,-3.0,1.0,11.0,0.0,0.0,0.0,0.0,0.0,0.5,0.0,2,112.8,3.85825751349313,18109.67372703895,0.445808667692475,6.662,0.0,-3.0,4.987895600329935,1.0,0.0,0.5,0.5,0.0,0.0
SLV,1973,0,1,107.2,4.86167350408661,18270.06444120635,3938068.0,6.39197420311837,6.6025,-3.0,1.0,12.0,0.0,0.0,0.0,0.0,0.0,0.5,0.0,3,110.1,6.11753368716674,18109.67372703895,1.53521536678872,6.662,0.0,-3.0,5.489603595626676,1.0,0.0,0.5,0.5,0.0,0.0
SLV,1974,0,1,104.2,5.33600110676542,18270.06444120635,4029671.0,16.8990368422354,6.6025,-3.0,1.0,13.0,0.0,0.0,0.0,0.0,0.0,0.5,0.0,4,107.2,4.86167350408661,18109.67372703895,6.39197420311837,6.662,0.0,-3.0,5.098837305426015,1.0,1.0,0.5,0.5,0.0,0.0
SLV,1975,0,1,100.8,2.92353188852029,18270.06444120635,4120449.0,19.0884996543863,6.6025,-3.0,1.0,14.0,0.0,0.0,0.0,0.0,0.0,0.5,0.0,5,104.2,5.33600110676542,18109.67372703895,16.8990368422354,6.662,0.0,-3.0,4.129766497642855,1.0,1.0,0.5,0.5,0.0,0.0
SLV,1976,0,1,97.2,5.04926017375946,18270.06444120635,4210310.0,7.03468963198825,6.6025,-3.0,1.0,15.0,0.0,0.0,0.0,0.0,0.0,0.5,0.0,6,100.8,2.92353188852029,18109.67372703895,19.0884996543863,6.662,0.0,-3.0,3.9863960311398747,1.0,0.0,0.5,0.5,0.0,0.0
SLV,1977,0,1,93.5,6.78006172824861,18270.06444120635,4301256.0,11.8202775391489,6.6025,-6.0,0.0,0.0,0.0,0.0,0.0,0.0,0.0,0.5,0.0,7,97.2,5.04926017375946,18109.67372703895,7.03468963198825,6.662,0.0,-3.0,5.914660951004034,1.0,1.0,0.5,0.5,0.0,0.0
SLV,1978,0,1,89.7,5.32276583472789,18270.06444120635,4394114.0,13.2751232921383,6.6025,-6.0,0.0,1.0,0.0,0.0,0.0,0.0,0.0,0.5,0.0,8,93.5,6.78006172824861,18109.67372703895,11.8202775391489,6.662,0.0,-6.0,6.05141378148825,1.0,1.0,0.5,0.5,0.0,0.0
SLV,1979,0,1,85.8,-4.18026543326904,18270.06444120635,4480388.0,14.0560247361062,6.6025,0.0,1.0,0.0,6.0,6.0,0.0,0.0,1.0,0.5,0.0,9,89.7,5.32276583472789,18109.67372703895,13.2751232921383,6.662,0.0,-6.0,0.5712502007294251,1.0,1.0,0.5,0.5,0.0,0.0
SLV,1980,0,1,89.9,-15.8368642948659,18270.06444120635,4540382.0,17.3669682564025,6.6025,0.0,1.0,0.0,6.0,6.0,0.0,0.0,1.0,0.5,0.0,10,85.8,-4.18026543326904,18109.67372703895,14.0560247361062,6.662,6.0,0.0,-10.00856486406747,1.0,1.0,0.5,0.5,0.0,0.0
SLV,1981,0,1,77.8,-5.72099045152937,18270.06444120635,4570599.0,14.7971516299733,6.6025,0.0,1.0,0.0,6.0,6.0,0.0,0.0,1.0,0.5,0.0,11,89.9,-15.8368642948659,18109.67372703895,17.3669682564025,6.662,6.0,0.0,-10.778927373197636,1.0,1.0,0.5,0.5,0.0,0.0
SLV,1982,0,1,73.8,-6.30847137584757,18270.06444120635,4622477.0,11.7288868654679,6.6025,0.0,1.0,0.0,6.0,6.0,0.0,0.0,1.0,0.5,0.0,12,77.8,-5.72099045152937,18109.67372703895,14.7971516299733,6.662,6.0,0.0,-6.01473091368847,1.0,1.0,0.5,0.5,0.0,0.0
SLV,1983,0,1,69.9,1.53902528398682,18270.06444120635,4707367.0,13.3143177303524,6.6025,0.0,1.0,0.0,6.0,6.0,0.0,0.0,1.0,0.5,0.0,13,73.8,-6.30847137584757,18109.67372703895,11.7288868654679,6.662,6.0,0.0,-2.384723045930375,1.0,1.0,0.5,0.5,0.0,0.0
SLV,1984,0,1,66.0,1.3352580295922,18270.06444120635,4798003.0,11.5071695057309,6.6025,6.0,0.0,0.0,6.0,6.0,0.0,0.0,1.0,0.5,0.0,14,69.9,1.53902528398682,18109.67372703895,13.3143177303524,6.662,6.0,0.0,1.43714165678951,1.0,1.0,0.5,0.5,0.0,0.0
SLV,1985,0,1,62.2,0.614316239316253,18270.06444120635,4894706.0,22.3283750554416,6.6025,6.0,0.0,1.0,6.0,6.0,0.0,0.0,1.0,0.5,0.0,15,66.0,1.3352580295922,18109.67372703895,11.5071695057309,6.662,6.0,6.0,0.9747871344542265,1.0,1.0,0.5,0.5,0.0,0.0
SLV,1986,0,1,58.8,0.19467303778427,18270.06444120635,4992769.0,31.9350161472763,6.6025,6.0,0.0,2.0,6.0,6.0,0.0,0.0,1.0,0.5,0.0,16,62.2,0.614316239316253,18109.67372703895,22.3283750554416,6.662,6.0,6.0,0.4044946385502615,1.0,1.0,0.5,0.5,0.0,0.0
SLV,1987,0,1,55.5,2.50816921310606,18270.06444120635,5092441.0,24.8645003373125,6.6025,6.0,0.0,3.0,6.0,6.0,0.0,0.0,1.0,0.5,0.0,17,58.8,0.19467303778427,18109.67372703895,31.9350161472763,6.662,6.0,6.0,1.3514211254451651,1.0,1.0,0.5,0.5,0.0,0.0
SLV,1988,0,1,52.6,1.878176962178,18270.06444120635,5195833.0,19.7611617858858,6.6025,6.0,0.0,4.0,6.0,6.0,0.0,0.0,1.0,0.5,0.0,18,55.5,2.50816921310606,18109.67372703895,24.8645003373125,6.662,6.0,6.0,2.19317308764203,1.0,1.0,0.5,0.5,0.0,0.0
SLV,1989,0,1,49.8,0.964059196617328,18270.06444120635,5298979.0,17.6340799385345,6.6025,6.0,0.0,5.0,6.0,6.0,0.0,0.0,1.0,0.5,0.0,19,52.6,1.878176962178,18109.67372703895,19.7611617858858,6.662,6.0,6.0,1.4211180793976639,1.0,1.0,0.5,0.5,0.0,0.0
SLV,1990,0,1,47.2,4.83290057793786,5976.01762522026,5399726.0,23.9991651130861,6.6025,6.0,0.0,6.0,6.0,6.0,0.0,0.0,1.0,0.5,0.0,20,49.8,0.964059196617328,18109.67372703895,17.6340799385345,6.662,6.0,6.0,2.8984798872775936,1.0,1.0,0.5,0.5,0.0,0.0
SLV,1991,0,1,44.8,1.49408756791307,5960.05892897788,5495077.0,14.4026748806266,7.53,6.0,0.0,7.0,6.0,6.0,0.0,0.0,1.0,0.5,0.0,21,47.2,4.83290057793786,5976.01762522026,23.9991651130861,6.662,6.0,6.0,3.163494072925465,1.0,1.0,0.5,0.5,0.0,0.0
SLV,1992,0,1,42.4,7.02196331575217,6275.18767116905,5585609.0,11.2144813801987,7.88,6.0,0.0,8.0,6.0,6.0,0.0,0.0,1.0,0.5,0.0,22,44.8,1.49408756791307,5960.05892897788,14.4026748806266,7.53,6.0,6.0,4.25802544183262,1.0,1.0,0.5,0.5,0.0,0.0
SLV,1993,0,1,40.1,5.81831555719015,6553.07234073841,5659957.0,18.5066883302714,9.94,6.0,0.0,9.0,0.0,0.0,0.0,0.0,0.0,0.5,0.0,23,42.4,7.02196331575217,6275.18767116905,11.2144813801987,7.88,6.0,6.0,6.42013943647116,1.0,1.0,0.5,0.5,0.0,0.0
SLV,1994,1,1,37.9,4.6920617266787,6795.50608897192,5714129.0,10.5858066526451,7.68,7.0,0.0,10.0,0.0,0.0,0.0,0.0,0.0,0.5,0.0,24,40.1,5.81831555719015,6553.07234073841,18.5066883302714,9.94,0.0,6.0,5.255188641934425,1.0,1.0,0.5,0.5,0.0,0.0
SLV,1995,0,1,35.7,4.73408140229732,7057.92025248354,5762131.0,10.0296564501018,7.65,7.0,0.0,11.0,0.0,0.0,0.0,0.0,0.0,0.5,0.0,0,37.9,4.6920617266787,6795.50608897192,10.5858066526451,7.68,0.0,7.0,4.7130715644880095,1.0,1.0,0.5,0.5,0.0,0.0
SLV,1996,0,1,33.6,0.811461899328009,7062.30007824136,5805286.0,9.78892040179966,7.68,7.0,0.0,12.0,0.0,0.0,0.0,0.0,0.0,0.5,0.0,1,35.7,4.73408140229732,7057.92025248354,10.0296564501018,7.65,0.0,7.0,2.7727716508126643,1.0,0.0,0.5,0.5,0.0,0.0
SLV,1997,0,0,31.6,3.13797006665828,7234.94456228435,5844578.0,4.49013627855204,7.98,7.0,0.0,13.0,0.0,0.0,0.0,0.0,0.0,0.5,0.0,2,33.6,0.811461899328009,7062.30007824136,9.78892040179966,7.68,0.0,7.0,1.9747159829931444,1.0,0.0,0.5,0.0,0.0,0.0
SLV,1998,0,0,29.8,2.65227730016461,7381.114604175,5880781.0,2.54705977554151,7.1,7.0,0.0,14.0,0.0,0.0,0.0,0.0,0.0,0.5,0.0,3,31.6,3.13797006665828,7234.94456228435,4.49013627855204,7.98,0.0,7.0,2.8951236834114447,1.0,0.0,0.5,0.0,0.0,0.0
SLV,1999,0,0,28.0,2.16203373722973,7498.46741097206,5913900.0,0.514827130192979,7.3,7.0,0.0,15.0,0.0,0.0,0.0,0.0,0.0,0.5,0.0,4,29.8,2.65227730016461,7381.114604175,2.54705977554151,7.1,0.0,7.0,2.40715551869717,1.0,0.0,0.5,0.0,0.0,0.0
SLV,2000,0,0,26.4,1.12790697674419,7545.44796218991,5943366.0,2.27128756828723,6.96,7.0,0.0,16.0,0.0,0.0,0.0,0.0,0.0,0.5,0.0,5,28.0,2.16203373722973,7498.46741097206,0.514827130192979,7.3,0.0,7.0,1.6449703569869598,1.0,0.0,0.5,0.0,0.0,0.0
SLV,2001,0,0,25.0,0.879613659882722,7580.32338410159,5968060.0,3.7508205747202,6.96,7.0,0.0,17.0,0.0,0.0,0.0,0.0,0.0,0.5,0.0,6,26.4,1.12790697674419,7545.44796218991,2.27128756828723,6.96,0.0,7.0,1.003760318313456,1.0,0.0,0.5,0.0,0.0,0.0
SLV,2002,0,0,23.6,1.57291844759789,7675.67106195114,5986631.0,1.86552503610077,6.2,7.0,0.0,18.0,0.0,0.0,0.0,0.0,0.0,0.5,0.0,7,25.0,0.879613659882722,7580.32338410159,3.7508205747202,6.96,0.0,7.0,1.2262660537403058,1.0,0.0,0.5,0.0,0.0,0.0
SLV,2003,0,0,22.3,1.56539303147618,7780.27177685599,5998599.0,2.1203909173333,6.9,7.0,0.0,19.0,0.0,0.0,0.0,0.0,0.0,0.5,0.0,8,23.6,1.57291844759789,7675.67106195114,1.86552503610077,6.2,0.0,7.0,1.569155739537035,1.0,0.0,0.5,0.0,0.0,0.0
SLV,2004,0,0,21.1,0.889404485692197,7841.53237886842,6004671.0,4.45194392395045,6.8,7.0,0.0,20.0,0.0,0.0,0.0,0.0,0.0,0.5,0.0,9,22.3,1.56539303147618,7780.27177685599,2.1203909173333,6.9,0.0,7.0,1.2273987585841883,1.0,0.0,0.5,0.0,0.0,0.0
SLV,2005,0,0,20.0,2.68083009363194,8050.5345128919,6005578.0,4.69094870903769,7.22,7.0,0.0,21.0,0.0,0.0,0.0,0.0,0.0,0.5,0.0,10,21.1,0.889404485692197,7841.53237886842,4.45194392395045,6.8,0.0,7.0,1.7851172896620682,1.0,0.0,0.5,0.0,0.0,0.0
SLV,2006,0,0,19.0,4.3369986028604,8404.24674903143,6002319.0,4.03712359429612,6.57,7.0,0.0,22.0,0.0,0.0,0.0,0.0,0.0,0.5,0.0,11,20.0,2.68083009363194,8050.5345128919,4.69094870903769,7.22,0.0,7.0,3.5089143482461695,1.0,0.0,0.5,0.0,0.0,0.0
SLV,2007,0,0,18.1,1.84760220587859,8548.83476118605,6009824.0,4.57808572377153,6.41,7.0,0.0,23.0,0.0,0.0,0.0,0.0,0.0,0.5,0.0,12,19.0,4.3369986028604,8404.24674903143,4.03712359429612,6.57,0.0,7.0,3.092300404369495,0.0,0.0,0.0,0.0,0.0,0.0
SLV,2008,0,0,17.2,2.15440298282768,8704.80584632591,6029297.0,6.70792293515939,5.88,7.0,0.0,24.0,0.0,0.0,0.0,0.0,0.0,0.5,0.0,13,18.1,1.84760220587859,8548.83476118605,4.57808572377153,6.41,0.0,7.0,2.001002594353135,0.0,0.0,0.0,0.0,0.0,0.0
SLV,2009,1,0,16.4,-2.10876837627522,8494.49847423621,6048279.0,1.05595029731201,7.33,8.0,0.0,25.0,0.0,0.0,0.0,0.0,0.0,0.5,0.0,14,17.2,2.15440298282768,8704.80584632591,6.70792293515939,5.88,0.0,7.0,0.022817303276229994,0.0,0.0,0.0,0.0,0.0,0.0
SLV,2010,0,0,15.6,2.15419536693635,8648.92982717672,6068249.0,1.17933576873673,4.893,8.0,0.0,26.0,0.0,0.0,0.0,0.0,0.0,0.5,0.0,0,16.4,-2.10876837627522,8494.49847423621,1.05595029731201,7.33,0.0,8.0,0.022713495330564992,0.0,0.0,0.0,0.0,0.0,0.0
SLV,2011,0,0,14.9,3.80688113429295,8945.93132970006,6090127.0,5.1289237668161,4.297,8.0,0.0,27.0,0.0,0.0,0.0,0.0,0.0,0.5,0.0,1,15.6,2.15419536693635,8648.92982717672,1.17933576873673,4.893,0.0,8.0,2.98053825061465,0.0,0.0,0.0,0.0,0.0,0.0
SLV,2012,0,0,14.3,2.82262371802327,9162.56212613508,6113975.0,1.72973481581383,3.843,8.0,0.0,28.0,0.0,0.0,0.0,0.0,0.0,0.5,0.0,2,14.9,3.80688113429295,8945.93132970006,5.1289237668161,4.297,0.0,8.0,3.31475242615811,0.0,0.0,0.0,0.0,0.0,0.0
SLV,2013,0,0,13.7,2.23562439198375,9329.46202222861,6138839.0,0.757669184522973,3.693,8.0,0.0,29.0,0.0,0.0,0.0,0.0,0.0,0.5,0.0,3,14.3,2.82262371802327,9162.56212613508,1.72973481581383,3.843,0.0,8.0,2.5291240550035097,0.0,0.0,0.0,0.0,0.0,0.0
SLV,2014,0,0,13.1,1.70870628357073,9451.744607867,6162955.0,1.14134467538233,4.154,8.0,0.0,30.0,0.0,0.0,0.0,0.0,0.0,0.5,0.0,4,13.7,2.23562439198375,9329.46202222861,0.757669184522973,3.693,0.0,8.0,1.97216533777724,0.0,0.0,0.0,0.0,0.0,0.0
SLV,2015,0,0,12.6,2.40000008852115,9646.15432339854,6183676.0,-0.731384487387957,3.998,8.0,0.0,31.0,0.0,0.0,0.0,0.0,0.0,0.5,0.0,5,13.1,1.70870628357073,9451.744607867,1.14134467538233,4.154,0.0,8.0,2.05435318604594,0.0,0.0,0.0,0.0,0.0,0.0
SLV,2016,0,0,12.0,2.53906241135864,9863.76121214453,6200800.0,0.60404908699661,4.418,8.0,0.0,32.0,0.0,0.0,0.0,0.0,0.0,0.5,0.0,6,12.6,2.40000008852115,9646.15432339854,-0.731384487387957,3.998,0.0,8.0,2.469531249939895,0.0,0.0,0.0,0.0,0.0,0.0
SLV,2017,0,0,11.5,2.24761908134138,10064.7934942601,6213533.0,1.0123540331558,4.385,8.0,0.0,33.0,0.0,0.0,0.0,0.0,0.0,0.5,0.0,7,12.0,2.53906241135864,9863.76121214453,0.60404908699661,4.418,0.0,8.0,2.39334074635001,0.0,0.0,0.0,0.0,0.0,0.0
SLV,2018,0,0,11.1,2.4124442237792,10297.203612692,6219807.0,1.09033000581892,4.006,8.0,0.0,34.0,0.0,0.0,0.0,0.0,0.0,0.5,0.0,8,11.5,2.24761908134138,10064.7934942601,1.0123540331558,4.385,0.0,8.0,2.33003165256029,0.0,0.0,0.0,0.0,0.0,0.0
SLV,2019,1,0,10.6,2.43747159065784,10543.9383291317,6222318.0,0.0753241350024612,4.17,8.0,0.0,34.0,0.0,0.0,0.0,0.0,0.0,0.5,0.0,9,11.1,2.4124442237792,10297.203612692,1.09033000581892,4.006,0.0,8.0,2.42495790721852,0.0,0.0,0.0,0.0,0.0,0.0
SLV,2020,0,0,10.2,-7.893101359867,9692.44931605799,6234673.0,-0.371590212324095,5.008,8.0,0.0,34.0,0.0,0.0,0.0,0.0,0.0,0.5,0.0,0,10.6,2.43747159065784,10543.9383291317,0.0753241350024612,4.17,0.0,8.0,-2.72781488460458,0.0,0.0,0.0,0.0,0.0,0.0
SLV,2021,0,0,9.8,11.9047617015957,10809.713399518,6255782.0,3.46692585313082,4.327,8.0,0.0,34.0,0.0,0.0,0.0,0.0,0.0,0.5,0.0,1,10.2,-7.893101359867,9692.44931605799,-0.371590212324095,5.008,0.0,8.0,2.00583017086435,0.0,0.0,0.0,0.0,0.0,0.0
SLV,2022,0,0,9.5,2.9546041089332,11085.6166169553,6280319.0,7.19861615609867,2.999,8.0,0.0,34.0,0.0,0.0,0.0,0.0,0.0,0.5,0.0,2,9.8,11.9047617015957,10809.713399518,3.46692585313082,4.327,0.0,8.0,7.42968290526445,0.0,0.0,0.0,0.0,0.0,0.0
SLV,2023,0,0,9.2,3.35508721646165,11404.3342262685,6309624.0,4.04554694222477,2.992,8.0,0.0,34.0,0.0,0.0,0.0,0.0,0.0,0.5,0.0,3,9.5,2.9546041089332,11085.6166169553,7.19861615609867,2.999,0.0,8.0,3.154845662697425,0.0,0.0,0.0,0.0,0.0,0.0
SLV,2024,0,0,8.8,2.5904637107794,11647.0234480127,6338193.0,0.853782292567288,3.261,8.0,0.0,34.0,0.0,0.0,0.0,0.0,0.0,0.5,0.0,4,9.2,3.35508721646165,11404.3342262685,4.04554694222477,2.992,0.0,8.0,2.972775463620525,0.0,0.0,0.0,0.0,0.0,0.0
SWE,1970,0,0,11.3,6.47367396370416,18270.06444120635,8042801.0,7.01635885100763,6.6025,10.0,0.0,53.0,0.0,0.0,0.0,0.0,0.0,0.5,0.0,0,18.4,3.53620866972961,18109.67372703895,5.66318573909345,6.662,0.0,8.0,6.47367396370416,0.0,0.0,0.0,0.0,0.0,0.0
SWE,1971,0,0,10.9,0.944646218021433,18270.06444120635,8098334.0,7.39554113837643,6.6025,10.0,0.0,54.0,0.0,0.0,0.0,0.0,0.0,0.5,0.0,1,11.3,6.47367396370416,18109.67372703895,7.01635885100763,6.662,0.0,10.0,3.709160090862796,0.0,0.0,0.0,0.0,0.0,0.0
SWE,1972,0,0,10.4,2.28873878707626,18270.06444120635,8122300.0,6.00738969862494,6.6025,10.0,0.0,55.0,0.0,0.0,0.0,0.0,0.0,0.5,0.0,2,10.9,0.944646218021433,18109.67372703895,7.39554113837643,6.662,0.0,10.0,1.6166925025488466,0.0,0.0,0.0,0.0,0.0,0.0
SWE,1973,0,0,9.8,3.96798115589563,18270.06444120635,8136312.0,6.71799739819354,6.6025,10.0,0.0,56.0,0.0,0.0,0.0,0.0,0.0,0.5,0.0,3,10.4,2.28873878707626,18109.67372703895,6.00738969862494,6.662,0.0,10.0,3.128359971485945,0.0,0.0,0.0,0.0,0.0,0.0
SWE,1974,0,0,9.3,3.19819561873223,18270.06444120635,8159955.0,9.91172530113231,6.6025,10.0,0.0,57.0,0.0,0.0,0.0,0.0,0.0,0.5,0.0,4,9.8,3.96798115589563,18109.67372703895,6.71799739819354,6.662,0.0,10.0,3.5830883873139303,0.0,0.0,0.0,0.0,0.0,0.0
SWE,1975,0,0,8.8,2.55286265850103,18270.06444120635,8192437.0,9.77987398822576,6.6025,10.0,0.0,58.0,0.0,0.0,0.0,0.0,0.0,0.5,0.0,5,9.3,3.19819561873223,18109.67372703895,9.91172530113231,6.662,0.0,10.0,2.87552913861663,0.0,0.0,0.0,0.0,0.0,0.0
SWE,1976,1,0,8.3,1.05810489091265,18270.06444120635,8222286.0,10.2492246529784,6.6025,10.0,0.0,59.0,0.0,0.0,0.0,0.0,0.0,0.5,0.0,6,8.8,2.55286265850103,18109.67372703895,9.77987398822576,6.662,0.0,10.0,1.80548377470684,0.0,1.0,0.0,0.0,0.0,0.0
SWE,1977,0,0,8.0,-1.59625857600648,18270.06444120635,8251540.0,11.4418051091076,6.6025,10.0,0.0,60.0,0.0,0.0,0.0,0.0,0.0,0.5,0.0,0,8.3,1.05810489091265,18109.67372703895,10.2492246529784,6.662,0.0,10.0,-0.269076842546915,0.0,1.0,0.0,0.0,0.0,0.0
SWE,1978,0,0,7.7,1.75154803918647,18270.06444120635,8275599.0,9.99526541717736,6.6025,10.0,0.0,61.0,0.0,0.0,0.0,0.0,0.0,0.5,0.0,1,8.0,-1.59625857600648,18109.67372703895,11.4418051091076,6.662,0.0,10.0,0.07764473158999496,0.0,0.0,0.0,0.0,0.0,0.0
SWE,1979,0,0,7.4,3.84000348607525,18270.06444120635,8293678.0,7.20978617047804,6.6025,10.0,0.0,62.0,0.0,0.0,0.0,0.0,0.0,0.5,0.0,2,7.7,1.75154803918647,18109.67372703895,9.99526541717736,6.662,0.0,10.0,2.79577576263086,0.0,0.0,0.0,0.0,0.0,0.0
SWE,1980,0,0,7.2,1.69997145285421,18270.06444120635,8310531.0,13.7063223649005,6.6025,10.0,0.0,63.0,0.0,0.0,0.0,0.0,0.0,0.5,0.0,3,7.4,3.84000348607525,18109.67372703895,7.20978617047804,6.662,0.0,10.0,2.76998746946473,0.0,1.0,0.0,0.0,0.0,0.0
SWE,1981,0,0,6.9,0.454830427902976,18270.06444120635,8320503.0,12.1039385302599,6.6025,10.0,0.0,64.0,0.0,0.0,0.0,0.0,0.0,0.5,0.0,4,7.2,1.69997145285421,18109.67372703895,13.7063223649005,6.662,0.0,10.0,1.0774009403785927,0.0,1.0,0.0,0.0,0.0,0.0
SWE,1982,1,0,6.8,1.24866467425022,18270.06444120635,8325263.0,8.58918509047119,6.6025,10.0,0.0,65.0,0.0,0.0,0.0,0.0,0.0,0.5,0.0,5,6.9,0.454830427902976,18109.67372703895,12.1039385302599,6.662,0.0,10.0,0.8517475510765978,0.0,0.0,0.0,0.0,0.0,0.0
SWE,1983,0,0,6.6,1.90063868064665,18270.06444120635,8329033.0,8.8730215236321,6.6025,10.0,0.0,66.0,0.0,0.0,0.0,0.0,0.0,0.5,0.0,0,6.8,1.24866467425022,18109.67372703895,8.58918509047119,6.662,0.0,10.0,1.574651677448435,0.0,0.0,0.0,0.0,0.0,0.0
SWE,1984,0,0,6.5,4.22953525809793,18270.06444120635,8336605.0,8.04424238994429,6.6025,10.0,0.0,67.0,0.0,0.0,0.0,0.0,0.0,0.5,0.0,1,6.6,1.90063868064665,18109.67372703895,8.8730215236321,6.662,0.0,10.0,3.06508696937229,0.0,0.0,0.0,0.0,0.0,0.0
SWE,1985,0,0,6.4,2.16037374917175,18270.06444120635,8350386.0,7.37257458126243,6.6025,10.0,0.0,68.0,0.0,0.0,0.0,0.0,0.0,0.5,0.0,2,6.5,4.22953525809793,18109.67372703895,8.04424238994429,6.662,0.0,10.0,3.1949545036348397,0.0,0.0,0.0,0.0,0.0,0.0
SWE,1986,0,0,6.3,2.69132318957357,18270.06444120635,8369829.0,4.23591011089791,6.6025,10.0,0.0,69.0,0.0,0.0,0.0,0.0,0.0,0.5,0.0,3,6.4,2.16037374917175,18109.67372703895,7.37257458126243,6.662,0.0,10.0,2.42584846937266,0.0,0.0,0.0,0.0,0.0,0.0
SWE,1987,0,0,6.3,3.35384296895474,18270.06444120635,8397804.0,4.18857151771368,6.6025,10.0,0.0,70.0,0.0,0.0,0.0,0.0,0.0,0.5,0.0,4,6.3,2.69132318957357,18109.67372703895,4.23591011089791,6.662,0.0,10.0,3.0225830792641553,0.0,0.0,0.0,0.0,0.0,0.0
SWE,1988,0,0,6.2,2.55903868133913,18270.06444120635,8436489.0,5.8248986843944,6.6025,10.0,0.0,71.0,0.0,0.0,0.0,0.0,0.0,0.5,0.0,5,6.3,3.35384296895474,18109.67372703895,4.18857151771368,6.662,0.0,10.0,2.9564408251469354,0.0,0.0,0.0,0.0,0.0,0.0
SWE,1989,0,0,6.1,2.65480690949124,18270.06444120635,8492964.0,6.44327587426603,6.6025,10.0,0.0,72.0,0.0,0.0,0.0,0.0,0.0,0.5,0.0,6,6.2,2.55903868133913,18109.67372703895,5.8248986843944,6.662,0.0,10.0,2.6069227954151852,0.0,0.0,0.0,0.0,0.0,0.0
SWE,1990,0,0,5.9,0.754674765275468,40199.7074219831,8558835.0,10.3665533879493,6.6025,10.0,0.0,73.0,0.0,0.0,0.0,0.0,0.0,0.5,0.0,7,6.1,2.65480690949124,18109.67372703895,6.44327587426603,6.662,0.0,10.0,1.704740837383354,0.0,1.0,0.0,0.0,0.0,0.0
SWE,1991,1,0,5.6,-1.14597485051154,39469.0716472828,8617375.0,9.44462732944189,3.243,10.0,0.0,74.0,0.0,0.0,0.0,0.0,0.0,0.5,0.0,8,5.9,0.754674765275468,40199.7074219831,10.3665533879493,6.662,0.0,10.0,-0.19565004261803598,0.0,0.0,0.0,0.0,0.0,0.0
SWE,1992,0,0,5.2,-1.15859275987265,38783.6397676396,8668067.0,2.37436725111881,5.722,10.0,0.0,75.0,0.0,0.0,0.0,0.0,0.0,0.5,0.0,0,5.6,-1.14597485051154,39469.0716472828,9.44462732944189,3.243,0.0,10.0,-1.152283805192095,0.0,0.0,0.0,0.0,0.0,0.0
SWE,1993,0,0,4.8,-2.06561636908388,37762.5408221358,8718561.0,4.72817304626049,9.33,10.0,0.0,76.0,0.0,0.0,0.0,0.0,0.0,0.5,0.0,1,5.2,-1.15859275987265,38783.6397676396,2.37436725111881,5.722,0.0,10.0,-1.612104564478265,0.0,0.0,0.0,0.0,0.0,0.0
SWE,1994,1,0,4.4,4.01576585901515,39000.8277233984,8780745.0,2.15813800724629,9.58,10.0,0.0,77.0,0.0,0.0,0.0,0.0,0.0,0.5,0.0,2,4.8,-2.06561636908388,37762.5408221358,4.72817304626049,9.33,0.0,10.0,0.9750747449656352,0.0,0.0,0.0,0.0,0.0,0.0
SWE,1995,0,0,4.0,4.09438992772475,40385.2139711185,8826939.0,2.455148578184,8.897,10.0,0.0,78.0,0.0,0.0,0.0,0.0,0.0,0.5,0.0,0,4.4,4.01576585901515,39000.8277233984,2.15813800724629,9.58,0.0,10.0,4.05507789336995,0.0,0.0,0.0,0.0,0.0,0.0
SWE,1996,0,0,3.8,1.70471985374236,41008.3531746727,8840998.0,0.533131978766238,9.547,10.0,0.0,79.0,0.0,0.0,0.0,0.0,0.0,0.5,0.0,1,4.0,4.09438992772475,40385.2139711185,2.455148578184,8.897,0.0,10.0,2.8995548907335555,0.0,0.0,0.0,0.0,0.0,0.0
SWE,1997,0,0,3.6,3.06499186399252,42241.0607742258,8846062.0,0.658410256243526,10.359,10.0,0.0,80.0,0.0,0.0,0.0,0.0,0.0,0.5,0.0,2,3.8,1.70471985374236,41008.3531746727,0.533131978766238,9.547,0.0,10.0,2.3848558588674407,0.0,0.0,0.0,0.0,0.0,0.0
SWE,1998,0,0,3.5,4.24583179417877,44010.1074358278,8850974.0,-0.267132668354971,8.941,10.0,0.0,81.0,0.0,0.0,0.0,0.0,0.0,0.5,0.0,3,3.6,3.06499186399252,42241.0607742258,0.658410256243526,10.359,0.0,10.0,3.6554118290856454,0.0,0.0,0.0,0.0,0.0,0.0
SWE,1999,0,0,3.4,4.20111929805536,45823.3018418117,8857874.0,0.462175756339138,7.607,10.0,0.0,82.0,0.0,0.0,0.0,0.0,0.0,0.5,0.0,4,3.5,4.24583179417877,44010.1074358278,-0.267132668354971,8.941,0.0,10.0,4.223475546117065,0.0,0.0,0.0,0.0,0.0,0.0
SWE,2000,0,0,3.4,4.63112136551369,47868.5077292571,8872109.0,0.899143734041715,5.466,10.0,0.0,83.0,0.0,0.0,0.0,0.0,0.0,0.5,0.0,5,3.4,4.20111929805536,45823.3018418117,0.462175756339138,7.607,0.0,10.0,4.4161203317845255,0.0,0.0,0.0,0.0,0.0,0.0
SWE,2001,0,0,3.3,1.36080642694121,48389.8185132591,8895960.0,2.40595834145436,4.73,10.0,0.0,84.0,0.0,0.0,0.0,0.0,0.0,0.5,0.0,6,3.4,4.63112136551369,47868.5077292571,0.899143734041715,5.466,0.0,10.0,2.99596389622745,0.0,0.0,0.0,0.0,0.0,0.0
SWE,2002,0,0,3.3,2.27772867861897,49331.2032555738,8924958.0,2.15848213589266,4.965,10.0,0.0,85.0,0.0,0.0,0.0,0.0,0.0,0.5,0.0,7,3.3,1.36080642694121,48389.8185132591,2.40595834145436,4.73,0.0,10.0,1.8192675527800906,0.0,0.0,0.0,0.0,0.0,0.0
SWE,2003,0,0,3.2,1.88102769675844,50072.4736462925,8958229.0,1.92565534892383,5.555,10.0,0.0,86.0,0.0,0.0,0.0,0.0,0.0,0.5,0.0,8,3.3,2.27772867861897,49331.2032555738,2.15848213589266,4.965,0.0,10.0,2.0793781876887056,0.0,0.0,0.0,0.0,0.0,0.0
SWE,2004,0,0,3.1,4.17958419343711,51960.5321902953,8993531.0,0.373659828721824,6.693,10.0,0.0,87.0,0.0,0.0,0.0,0.0,0.0,0.5,0.0,9,3.2,1.88102769675844,50072.4736462925,1.92565534892383,5.555,0.0,10.0,3.0303059450977754,0.0,0.0,0.0,0.0,0.0,0.0
SWE,2005,0,0,3.0,2.79313782840156,53198.67120001,9029572.0,0.453170852576138,7.81,10.0,0.0,88.0,0.0,0.0,0.0,0.0,0.0,0.5,0.0,10,3.1,4.17958419343711,51960.5321902953,0.373659828721824,6.693,0.0,10.0,3.4863610109193353,0.0,0.0,0.0,0.0,0.0,0.0
SWE,2006,1,0,2.8,4.67607488877992,55373.9338115393,9080505.0,1.36021468627693,7.066,10.0,0.0,89.0,0.0,0.0,0.0,0.0,0.0,0.5,0.0,11,3.0,2.79313782840156,53198.67120001,0.453170852576138,7.81,0.0,10.0,3.7346063585907405,0.0,0.0,0.0,0.0,0.0,0.0
SWE,2007,0,0,2.7,3.22486814096095,56737.3689179302,9148092.0,2.21216883436733,6.161,10.0,0.0,90.0,0.0,0.0,0.0,0.0,0.0,0.5,0.0,0,2.8,4.67607488877992,55373.9338115393,1.36021468627693,7.066,0.0,10.0,3.9504715148704355,0.0,0.0,0.0,0.0,0.0,0.0
SWE,2008,0,0,2.6,-0.923113250067971,55777.3973050094,9219637.0,3.43704910602875,6.235,10.0,0.0,91.0,0.0,0.0,0.0,0.0,0.0,0.5,0.0,1,2.7,3.22486814096095,56737.3689179302,2.21216883436733,6.161,0.0,10.0,1.1508774454464903,0.0,0.0,0.0,0.0,0.0,0.0
SWE,2009,0,0,2.6,-4.25561384207619,52950.7103332467,9298515.0,-0.494460544378051,8.351,10.0,0.0,92.0,0.0,0.0,0.0,0.0,0.0,0.5,0.0,2,2.6,-0.923113250067971,55777.3973050094,3.43704910602875,6.235,0.0,10.0,-2.5893635460720796,0.0,0.0,0.0,0.0,0.0,0.0
SWE,2010,0,0,2.5,5.75076477579255,55520.4324178534,9378126.0,1.15798802715626,8.61,10.0,0.0,93.0,0.0,0.0,0.0,0.0,0.0,0.5,0.0,3,2.6,-4.25561384207619,52950.7103332467,-0.494460544378051,8.351,0.0,10.0,0.7475754668581809,0.0,0.0,0.0,0.0,0.0,0.0
SWE,2011,0,0,2.5,3.16388567406926,56846.1368290625,9449213.0,2.9611507382214,7.804,10.0,0.0,94.0,0.0,0.0,0.0,0.0,0.0,0.5,0.0,4,2.5,5.75076477579255,55520.4324178534,1.15798802715626,8.61,0.0,10.0,4.457325224930906,0.0,0.0,0.0,0.0,0.0,0.0
SWE,2012,0,0,2.4,-0.414397702454409,56193.3287488246,9519374.0,0.888377506923735,7.976,10.0,0.0,95.0,0.0,0.0,0.0,0.0,0.0,0.5,0.0,5,2.5,3.16388567406926,56846.1368290625,2.9611507382214,7.804,0.0,10.0,1.3747439858074264,0.0,0.0,0.0,0.0,0.0,0.0
SWE,2013,0,0,2.4,1.13766671801426,56353.0856347897,9600379.0,-0.044292970148682,8.052,10.0,0.0,96.0,0.0,0.0,0.0,0.0,0.0,0.5,0.0,6,2.4,-0.414397702454409,56193.3287488246,0.888377506923735,7.976,0.0,10.0,0.36163450777992634,0.0,0.0,0.0,0.0,0.0,0.0
SWE,2014,1,0,2.4,2.29577238758284,57077.6693544196,9696110.0,-0.179638494114635,7.954,10.0,0.0,97.0,0.0,0.0,0.0,0.0,0.0,0.5,0.0,7,2.4,1.13766671801426,56353.0856347897,-0.044292970148682,8.052,0.0,10.0,1.7167195527985508,0.0,0.0,0.0,0.0,0.0,0.0
SWE,2015,0,0,2.3,4.38824673608589,58955.6412361461,9799186.0,-0.0467847449832812,7.432,10.0,0.0,98.0,0.0,0.0,0.0,0.0,0.0,0.5,0.0,0,2.4,2.29577238758284,57077.6693544196,-0.179638494114635,7.954,0.0,10.0,3.3420095618343657,0.0,0.0,0.0,0.0,0.0,0.0
SWE,2016,0,0,2.3,2.13117914731151,59460.2872722689,9923085.0,0.984269244577992,6.99,10.0,0.0,99.0,0.0,0.0,0.0,0.0,0.0,0.5,0.0,1,2.3,4.38824673608589,58955.6412361461,-0.0467847449832812,7.432,0.0,10.0,3.2597129416987007,0.0,0.0,0.0,0.0,0.0,0.0
SWE,2017,0,0,2.3,1.88282184966646,59769.0136237,10057698.0,1.79449904665599,6.718,10.0,0.0,100.0,0.0,0.0,0.0,0.0,0.0,0.5,0.0,2,2.3,2.13117914731151,59460.2872722689,0.984269244577992,6.99,0.0,10.0,2.0070004984889858,0.0,0.0,0.0,0.0,0.0,0.0
SWE,2018,0,0,2.2,1.7702553546772,60124.5711994179,10175214.0,1.95353530127028,6.365,10.0,0.0,101.0,0.0,0.0,0.0,0.0,0.0,0.5,0.0,3,2.3,1.88282184966646,59769.0136237,1.79449904665599,6.718,0.0,10.0,1.8265386021718308,0.0,0.0,0.0,0.0,0.0,0.0
SWE,2019,0,0,2.2,2.60823012869524,61070.5243445838,10278887.0,1.78415097403835,6.833,10.0,0.0,101.0,0.0,0.0,0.0,0.0,0.0,0.5,0.0,4,2.2,1.7702553546772,60124.5711994179,1.95353530127028,6.365,0.0,10.0,2.189242741686221,0.0,0.0,0.0,0.0,0.0,0.0
SWE,2020,0,0,2.1,-1.93379704032216,59458.2805291969,10353442.0,0.497367318853572,8.291,10.0,0.0,101.0,0.0,0.0,0.0,0.0,0.0,0.5,0.0,5,2.2,2.60823012869524,61070.5243445838,1.78415097403835,6.833,0.0,10.0,0.3372165441865409,0.0,0.0,0.0,0.0,0.0,0.0
SWE,2021,0,0,2.1,5.2258643028773,62190.8526983825,10415811.0,2.16319736447143,8.803,10.0,0.0,101.0,0.0,0.0,0.0,0.0,0.0,0.5,0.0,6,2.1,-1.93379704032216,59458.2805291969,0.497367318853572,8.291,0.0,10.0,1.6460336312775707,0.0,0.0,0.0,0.0,0.0,0.0
SWE,2022,1,0,2.0,1.25543620445816,62544.5002248644,10486941.0,8.36929098869189,7.417,10.0,0.0,101.0,0.0,0.0,0.0,0.0,0.0,0.5,0.0,7,2.1,5.2258643028773,62190.8526983825,2.16319736447143,8.803,0.0,10.0,3.240650253667731,0.0,0.0,0.0,0.0,0.0,0.0
SWE,2023,0,0,2.0,-0.204061304891439,62122.5116950792,10536632.0,8.5486248974891,7.611,10.0,0.0,101.0,0.0,0.0,0.0,0.0,0.0,0.5,0.0,0,2.0,1.25543620445816,62544.5002248644,8.36929098869189,7.417,0.0,10.0,0.5256874497833613,0.0,0.0,0.0,0.0,0.0,0.0
SWE,2024,0,0,2.0,1.01779633304398,62558.4065876041,10569709.0,2.83581658224034,8.4,10.0,0.0,101.0,0.0,0.0,0.0,0.0,0.0,0.5,0.0,1,2.0,-0.204061304891439,62122.5116950792,8.5486248974891,7.611,0.0,10.0,0.4068675140762714,0.0,0.0,0.0,0.0,0.0,0.0
THA,1970,0,0,78.7,11.4079490662098,18270.06444120635,35954408.0,-0.0880410855462474,6.6025,2.0,1.0,1.0,2.0,2.0,0.0,0.0,1.0,0.5,0.0,0,18.4,3.53620866972961,18109.67372703895,5.66318573909345,6.662,0.0,8.0,11.4079490662098,1.0,0.0,0.5,0.0,0.0,0.0
THA,1971,0,0,75.2,4.89537376024299,18270.06444120635,36937387.0,0.484652665370717,6.6025,-7.0,0.0,0.0,2.0,2.0,0.0,0.0,1.0,0.5,0.0,1,78.7,11.4079490662098,18109.67372703895,-0.0880410855462474,6.662,2.0,2.0,8.151661413226396,1.0,0.0,0.5,0.0,0.0,0.0
THA,1972,0,0,71.7,4.27850803861051,18270.06444120635,37933929.0,4.83776673497443,6.6025,-7.0,0.0,1.0,2.0,2.0,0.0,0.0,1.0,0.5,0.0,2,75.2,4.89537376024299,18109.67372703895,0.484652665370717,6.662,2.0,-7.0,4.58694089942675,1.0,0.0,0.5,0.0,0.0,0.0
THA,1973,0,0,68.4,10.2364330148798,18270.06444120635,38947787.0,15.5095497002705,6.6025,-2.0,1.0,0.0,2.0,2.0,0.0,0.0,1.0,0.5,0.0,3,71.7,4.27850803861051,18109.67372703895,4.83776673497443,6.662,2.0,-7.0,7.257470526745156,1.0,1.0,0.5,0.0,0.0,0.0
THA,1974,0,0,65.2,4.46625338575453,18270.06444120635,39952891.0,24.3135598335014,6.6025,3.0,1.0,0.0,2.0,2.0,0.0,0.0,1.0,0.5,0.0,4,68.4,10.2364330148798,18109.67372703895,15.5095497002705,6.662,2.0,-2.0,7.3513432003171655,1.0,1.0,0.5,0.0,0.0,0.0
THA,1975,0,0,62.1,4.97040522766497,18270.06444120635,40940005.0,5.33009708749865,6.6025,3.0,1.0,1.0,2.0,2.0,0.0,0.0,1.0,0.5,0.0,5,65.2,4.46625338575453,18109.67372703895,24.3135598335014,6.662,2.0,3.0,4.71832930670975,1.0,0.0,0.5,0.0,0.0,0.0
THA,1976,0,0,59.3,9.32681108178437,18270.06444120635,41896504.0,4.14930555494793,6.6025,-7.0,0.0,0.0,2.0,2.0,0.0,0.0,1.0,0.5,0.0,6,62.1,4.97040522766497,18109.67372703895,5.33009708749865,6.662,2.0,3.0,7.14860815472467,1.0,0.0,0.5,0.0,0.0,0.0
THA,1977,0,0,56.7,9.84346323531113,18270.06444120635,42843974.0,7.60126687769027,6.6025,-2.0,1.0,0.0,3.0,2.0,0.0,1.0,1.0,0.5,0.0,7,59.3,9.32681108178437,18109.67372703895,4.14930555494793,6.662,2.0,-7.0,9.58513715854775,1.0,0.0,0.5,0.0,0.0,0.0
THA,1978,0,0,54.2,10.2957465349385,18270.06444120635,43788976.0,7.92408985303782,6.6025,2.0,1.0,0.0,3.0,2.0,0.0,1.0,1.0,0.5,0.0,8,56.7,9.84346323531113,18109.67372703895,7.60126687769027,6.662,3.0,-2.0,10.069604885124814,1.0,0.0,0.5,0.0,0.0,0.0
THA,1979,0,0,51.9,5.37176651254237,18270.06444120635,44718434.0,9.89736596559927,6.6025,2.0,1.0,1.0,3.0,2.0,0.0,1.0,1.0,0.5,0.0,9,54.2,10.2957465349385,18109.67372703895,7.92408985303782,6.662,3.0,2.0,7.833756523740435,1.0,0.0,0.5,0.0,0.0,0.0
THA,1980,0,0,49.6,5.17354100571934,18270.06444120635,45650022.0,19.703500522778,6.6025,2.0,1.0,2.0,3.0,2.0,0.0,1.0,1.0,0.5,0.0,10,51.9,5.37176651254237,18109.67372703895,9.89736596559927,6.662,3.0,2.0,5.272653759130855,1.0,1.0,0.5,0.0,0.0,0.0
THA,1981,0,0,47.5,5.90686776303639,18270.06444120635,46575855.0,12.6629930710215,6.6025,2.0,1.0,3.0,3.0,2.0,0.0,1.0,1.0,0.5,0.0,11,49.6,5.17354100571934,18109.67372703895,19.703500522778,6.662,3.0,2.0,5.540204384377865,1.0,1.0,0.5,0.0,0.0,0.0
THA,1982,0,0,45.5,5.35234875066743,18270.06444120635,47494577.0,5.25907990316824,6.6025,2.0,1.0,4.0,3.0,2.0,0.0,1.0,1.0,0.5,0.0,12,47.5,5.90686776303639,18109.67372703895,12.6629930710215,6.662,3.0,2.0,5.62960825685191,1.0,0.0,0.5,0.0,0.0,0.0
THA,1983,0,0,43.6,5.58420246919084,18270.06444120635,48423309.0,3.7265366212408,6.6025,2.0,1.0,5.0,3.0,2.0,0.0,1.0,1.0,0.5,0.0,13,45.5,5.35234875066743,18109.67372703895,5.25907990316824,6.662,3.0,2.0,5.468275609929135,1.0,0.0,0.5,0.0,0.0,0.0
THA,1984,0,0,41.7,5.75243025148993,18270.06444120635,49351708.0,0.864898430279296,6.6025,2.0,1.0,6.0,1.0,0.0,0.0,1.0,1.0,0.5,0.0,14,43.6,5.58420246919084,18109.67372703895,3.7265366212408,6.662,3.0,2.0,5.668316360340385,1.0,0.0,0.5,0.0,0.0,0.0
THA,1985,0,0,39.8,4.64724035659331,18270.06444120635,50270753.0,2.43173123433475,6.6025,2.0,1.0,7.0,1.0,0.0,0.0,1.0,1.0,0.5,0.0,15,41.7,5.75243025148993,18109.67372703895,0.864898430279296,6.662,1.0,2.0,5.19983530404162,1.0,0.0,0.5,0.0,0.0,0.0
THA,1986,0,0,38.0,5.53382776724771,18270.06444120635,51177834.0,1.84167596806044,6.6025,2.0,1.0,8.0,1.0,0.0,0.0,1.0,1.0,0.5,0.0,16,39.8,4.64724035659331,18109.67372703895,2.43173123433475,6.662,1.0,2.0,5.0905340619205095,1.0,0.0,0.5,0.0,0.0,0.0
THA,1987,0,0,36.2,9.5189460221079,18270.06444120635,52074105.0,2.46646112823956,6.6025,2.0,1.0,9.0,1.0,0.0,0.0,1.0,1.0,0.5,0.0,17,38.0,5.53382776724771,18109.67372703895,1.84167596806044,6.662,1.0,2.0,7.526386894677805,1.0,0.0,0.5,0.0,0.0,0.0
THA,1988,0,1,34.4,13.2881140717644,18270.06444120635,52969595.0,3.86273074733655,6.6025,3.0,1.0,10.0,0.0,0.0,0.0,0.0,0.0,0.5,0.0,18,36.2,9.5189460221079,18109.67372703895,2.46646112823956,6.662,1.0,2.0,11.403530046936151,1.0,0.0,0.5,0.5,0.0,0.0
THA,1989,0,1,32.6,12.1905059866109,18270.06444120635,53848956.0,5.35546507986216,6.6025,3.0,1.0,11.0,0.0,0.0,0.0,0.0,0.0,0.5,0.0,19,34.4,13.2881140717644,18109.67372703895,3.86273074733655,6.662,0.0,3.0,12.73931002918765,1.0,0.0,0.5,0.5,0.0,0.0
THA,1990,0,1,30.9,11.1671634446293,8702.899560469,54738329.0,5.8639947437583,6.6025,3.0,1.0,12.0,0.0,0.0,0.0,0.0,0.0,0.5,0.0,20,32.6,12.1905059866109,18109.67372703895,5.35546507986216,6.662,0.0,3.0,11.6788347156201,1.0,0.0,0.5,0.5,0.0,0.0
THA,1991,0,1,29.2,8.5582603212423,9295.04057342995,55637434.0,5.70985259891396,2.63,-1.0,1.0,0.0,0.0,0.0,0.0,0.0,0.0,0.5,0.0,21,30.9,11.1671634446293,8702.899560469,5.8639947437583,6.662,0.0,3.0,9.8627118829358,1.0,0.0,0.5,0.5,0.0,0.0
THA,1992,1,1,27.6,8.08338802345332,9887.97373654022,56528834.0,4.13914575077053,1.35,9.0,0.0,0.0,0.0,0.0,0.0,0.0,0.0,0.5,0.0,22,29.2,8.5582603212423,9295.04057342995,5.70985259891396,2.63,0.0,-1.0,8.320824172347809,1.0,0.0,0.5,0.5,0.0,0.0
THA,1993,0,1,26.2,8.25191591524627,10539.9611081001,57408198.0,3.31219168428468,1.49,9.0,0.0,1.0,0.0,0.0,0.0,0.0,0.0,0.5,0.0,0,27.6,8.08338802345332,9887.97373654022,4.13914575077053,1.35,0.0,9.0,8.167651969349794,1.0,0.0,0.5,0.5,0.0,0.0
THA,1994,0,1,24.8,7.99702466720433,11216.2548285636,58260854.0,5.04774897680755,1.347,9.0,0.0,2.0,0.0,0.0,0.0,0.0,0.0,0.5,0.0,1,26.2,8.25191591524627,10539.9611081001,3.31219168428468,1.49,0.0,9.0,8.1244702912253,1.0,0.0,0.5,0.5,0.0,0.0
THA,1995,0,1,23.5,8.12031534625378,11955.2188089811,59098232.0,5.81818181818192,1.1,9.0,0.0,3.0,0.0,0.0,0.0,0.0,0.0,0.5,0.0,2,24.8,7.99702466720433,11216.2548285636,5.04774897680755,1.347,0.0,9.0,8.058670006729056,1.0,0.0,0.5,0.5,0.0,0.0
THA,1996,0,1,22.4,5.65194446499471,12457.6820831228,59920064.0,5.80510554737349,1.071,9.0,0.0,4.0,0.0,0.0,0.0,0.0,0.0,0.5,0.0,3,23.5,8.12031534625378,11955.2188089811,5.81818181818192,1.1,0.0,9.0,6.886129905624245,1.0,0.0,0.5,0.5,0.0,0.0
THA,1997,0,1,21.3,-2.75357515314082,11954.1474335919,60724584.0,5.62579747129106,0.873,9.0,0.0,5.0,0.0,0.0,0.0,0.0,0.0,0.5,0.0,4,22.4,5.65194446499471,12457.6820831228,5.80510554737349,1.071,0.0,9.0,1.4491846559269457,1.0,0.0,0.5,0.5,0.0,0.0
THA,1998,0,1,20.2,-7.63403528600102,10898.3370239872,61522630.0,7.99472875027457,3.404,9.0,0.0,6.0,0.0,0.0,0.0,0.0,0.0,0.5,0.0,5,21.3,-2.75357515314082,11954.1474335919,5.62579747129106,0.873,0.0,9.0,-5.193805219570919,1.0,0.0,0.5,0.5,0.0,0.0
THA,1999,0,1,19.2,4.57230775115542,11254.6098303333,62299043.0,0.284726459223048,2.968,9.0,0.0,7.0,0.0,0.0,0.0,0.0,0.0,0.5,0.0,6,20.2,-7.63403528600102,10898.3370239872,7.99472875027457,3.404,0.0,9.0,-1.5308637674227992,1.0,0.0,0.5,0.5,0.0,0.0
THA,2000,0,1,18.3,4.45524704335014,11623.7874580461,63007815.0,1.59196917460972,2.389,9.0,0.0,8.0,0.0,0.0,0.0,0.0,0.0,0.5,0.0,7,19.2,4.57230775115542,11254.6098303333,0.284726459223048,2.968,0.0,9.0,4.513777397252781,1.0,0.0,0.5,0.5,0.0,0.0
THA,2001,1,1,17.4,3.44424900968372,11902.6109229705,63651141.0,1.62690887314091,2.6,9.0,0.0,9.0,0.0,0.0,0.0,0.0,0.0,0.5,0.0,8,18.3,4.45524704335014,11623.7874580461,1.59196917460972,2.389,0.0,9.0,3.9497480265169305,0.0,0.0,0.0,0.5,0.0,0.0
THA,2002,0,1,16.6,6.14903605210036,12513.5421967032,64266437.0,0.697308976625449,1.82,9.0,0.0,10.0,0.0,0.0,0.0,0.0,0.0,0.5,0.0,0,17.4,3.44424900968372,11902.6109229705,1.62690887314091,2.6,0.0,9.0,4.79664253089204,0.0,0.0,0.0,0.5,0.0,0.0
THA,2003,0,1,15.9,7.18924330340971,13288.7481561137,64868166.0,1.80434994635718,1.54,9.0,0.0,11.0,1.0,1.0,0.0,0.0,1.0,0.5,0.0,1,16.6,6.14903605210036,12513.5421967032,0.697308976625449,1.82,0.0,9.0,6.669139677755036,0.0,0.0,0.0,0.5,0.0,0.0
THA,2004,0,1,15.2,6.28934214285795,13998.521730812,65452047.0,2.75914926231082,1.51,9.0,0.0,12.0,1.0,0.0,1.0,0.0,1.0,0.5,0.0,2,15.9,7.18924330340971,13288.7481561137,1.80434994635718,1.54,1.0,9.0,6.739292723133831,0.0,0.0,0.0,0.5,0.0,0.0
THA,2005,0,1,14.5,4.18763842884337,14459.825626203,66017420.0,4.54036919634536,1.35,9.0,0.0,13.0,1.0,0.0,1.0,0.0,1.0,0.5,0.0,3,15.2,6.28934214285795,13998.521730812,2.75914926231082,1.51,1.0,9.0,5.238490285850661,0.0,0.0,0.0,0.5,0.0,0.0
THA,2006,1,1,13.9,4.96781089246107,15052.6955101059,66567687.0,4.63747436011764,1.22,-5.0,1.0,0.0,1.0,0.0,1.0,0.0,1.0,0.5,0.0,4,14.5,4.18763842884337,14459.825626203,4.54036919634536,1.35,1.0,9.0,4.577724660652221,0.0,0.0,0.0,0.5,0.0,0.0
THA,2007,0,1,13.4,5.43515169050809,15744.3652449147,67102394.0,2.24154095286802,1.18,-1.0,1.0,0.0,1.0,0.0,1.0,0.0,1.0,0.5,0.0,0,13.9,4.96781089246107,15052.6955101059,4.63747436011764,1.22,1.0,-5.0,5.201481291484581,0.0,0.0,0.0,0.5,0.0,0.0
THA,2008,0,1,12.9,1.72569884866334,15893.5084947968,67619830.0,5.46848949649846,1.18,4.0,1.0,0.0,1.0,0.0,1.0,0.0,1.0,0.5,0.0,1,13.4,5.43515169050809,15744.3652449147,2.24154095286802,1.18,1.0,-1.0,3.5804252695857155,0.0,0.0,0.0,0.5,0.0,0.0
THA,2009,0,1,12.4,-0.690618232300579,15667.6047343164,68121080.0,-0.845716092316721,1.49,4.0,1.0,1.0,1.0,0.0,1.0,0.0,1.0,0.5,0.0,2,12.9,1.72569884866334,15893.5084947968,5.46848949649846,1.18,1.0,4.0,0.517540308181381,0.0,0.0,0.0,0.5,0.0,0.0
THA,2010,0,1,11.9,7.51339053261624,16732.187029014,68579447.0,3.24758842443725,0.622,4.0,1.0,2.0,1.0,0.0,1.0,0.0,1.0,0.5,0.0,3,12.4,-0.690618232300579,15667.6047343164,-0.845716092316721,1.49,1.0,4.0,3.4113861501578313,0.0,0.0,0.0,0.5,0.0,0.0
THA,2011,1,1,11.5,0.840132083053334,16768.1688542486,69007208.0,3.81191694558332,0.66,7.0,0.0,0.0,1.0,0.0,1.0,0.0,1.0,0.5,0.0,4,11.9,7.51339053261624,16732.187029014,3.24758842443725,0.622,1.0,4.0,4.176761307834788,0.0,0.0,0.0,0.5,0.0,0.0
THA,2012,0,1,11.1,7.24279620249642,17871.5786477565,69436098.0,3.00948610403357,0.58,7.0,0.0,1.0,1.0,0.0,1.0,0.0,1.0,0.5,0.0,0,11.5,0.840132083053334,16768.1688542486,3.81191694558332,0.66,1.0,7.0,4.041464142774878,0.0,0.0,0.0,0.5,0.0,0.0
THA,2013,0,1,10.8,2.68749556320556,18244.4071505088,69845114.0,2.18617704418967,0.249,7.0,0.0,2.0,1.0,0.0,1.0,0.0,1.0,0.5,0.0,1,11.1,7.24279620249642,17871.5786477565,3.00948610403357,0.58,1.0,7.0,4.965145882850991,0.0,0.0,0.0,0.5,0.0,0.0
THA,2014,1,1,10.4,0.984468863619426,18326.604873747,70216367.0,1.89455652481545,0.576,-3.0,1.0,0.0,1.0,0.0,1.0,0.0,1.0,0.5,0.0,2,10.8,2.68749556320556,18244.4071505088,2.18617704418967,0.249,1.0,7.0,1.835982213412494,0.0,0.0,0.0,0.5,0.0,0.0
THA,2015,0,1,10.1,3.13404724911635,18814.0408554566,70540795.0,-0.898143410569433,0.597,-3.0,1.0,1.0,1.0,0.0,1.0,0.0,1.0,0.5,0.0,0,10.4,0.984468863619426,18326.604873747,1.89455652481545,0.576,1.0,-3.0,2.059258056367889,0.0,0.0,0.0,0.5,0.0,0.0
THA,2016,0,1,9.8,3.43515771692182,19372.7128024107,70859841.0,0.186235191075453,0.688,-3.0,1.0,2.0,1.0,0.0,1.0,0.0,1.0,0.5,0.0,1,10.1,3.13404724911635,18814.0408554566,-0.898143410569433,0.597,1.0,-3.0,3.2846024830190856,0.0,0.0,0.0,0.5,0.0,0.0
THA,2017,0,1,9.5,4.1776810321001,20096.8605455164,71160187.0,0.664415139830893,0.83,-3.0,1.0,3.0,1.0,0.0,1.0,0.0,1.0,0.5,0.0,2,9.8,3.43515771692182,19372.7128024107,0.186235191075453,0.688,1.0,-3.0,3.806419374510961,0.0,0.0,0.0,0.5,0.0,0.0
THA,2018,0,1,9.2,4.22287028746071,20882.1707419576,71376079.0,1.06683487370758,0.765,-3.0,1.0,4.0,1.0,0.0,1.0,0.0,1.0,0.5,0.0,3,9.5,4.1776810321001,20096.8605455164,0.664415139830893,0.83,1.0,-3.0,4.200275659780406,0.0,0.0,0.0,0.5,0.0,0.0
THA,2019,0,1,8.9,2.11455779628278,21280.1504518601,71522271.0,0.705524801910317,0.716,-3.0,1.0,4.0,1.0,0.0,1.0,0.0,1.0,0.5,0.0,4,9.2,4.22287028746071,20882.1707419576,1.06683487370758,0.765,1.0,-3.0,3.1687140418717457,0.0,0.0,0.0,0.5,0.0,0.0
THA,2020,0,1,8.7,-6.09306312966953,19950.2844063147,71641484.0,-0.846087518861799,1.099,-3.0,1.0,4.0,1.0,0.0,1.0,0.0,1.0,0.5,0.0,5,8.9,2.11455779628278,21280.1504518601,0.705524801910317,0.716,1.0,-3.0,-1.9892526666933739,0.0,0.0,0.0,0.5,0.0,0.0
THA,2021,0,1,8.4,1.55858232076893,20236.9760408784,71727332.0,1.23104516549814,1.215,-3.0,1.0,4.0,1.0,0.0,1.0,0.0,1.0,0.5,0.0,6,8.7,-6.09306312966953,19950.2844063147,-0.846087518861799,1.099,1.0,-3.0,-2.2672404044502987,0.0,0.0,0.0,0.5,0.0,0.0
THA,2022,0,1,8.2,2.63784213566305,20768.4800093577,71735329.0,6.07589952842433,0.94,-3.0,1.0,4.0,1.0,0.0,1.0,0.0,1.0,0.5,0.0,7,8.4,1.55858232076893,20236.9760408784,1.23104516549814,1.215,1.0,-3.0,2.098212228215991,0.0,0.0,0.0,0.5,0.0,0.0
THA,2023,1,1,7.9,2.24883437970568,21245.2706771879,71702435.0,1.22908986612448,0.733,-3.0,1.0,4.0,1.0,0.0,1.0,0.0,1.0,0.5,0.0,8,8.2,2.63784213566305,20768.4800093577,6.07589952842433,0.94,1.0,-3.0,2.443338257684366,0.0,0.0,0.0,0.5,0.0,0.0
THA,2024,0,1,7.7,2.94859986593323,21882.2142474833,71668011.0,0.398333333333422,0.781,-3.0,1.0,4.0,1.0,0.0,1.0,0.0,1.0,0.5,0.0,0,7.9,2.24883437970568,21245.2706771879,1.22908986612448,0.733,1.0,-3.0,2.5987171228194557,0.0,0.0,0.0,0.5,0.0,0.0
TTO,1970,0,0,47.7,3.53363567797224,18270.06444120635,991471.0,2.52390057362692,6.6025,4.0,1.0,8.0,0.0,0.0,0.0,0.0,0.0,0.5,0.0,0,18.4,3.53620866972961,18109.67372703895,5.66318573909345,6.662,0.0,8.0,3.53363567797224,1.0,0.0,0.5,0.0,0.0,0.0
TTO,1971,0,0,46.7,1.04033582781962,18270.06444120635,1002585.0,3.53102076328998,6.6025,4.0,1.0,9.0,0.0,0.0,0.0,0.0,0.0,0.5,0.0,1,47.7,3.53363567797224,18109.67372703895,2.52390057362692,6.662,0.0,4.0,2.28698575289593,1.0,0.0,0.5,0.0,0.0,0.0
TTO,1972,0,0,45.6,5.78034681913935,18270.06444120635,1014921.0,9.30106881253335,6.6025,4.0,1.0,10.0,0.0,0.0,0.0,0.0,0.0,0.5,0.0,2,46.7,1.04033582781962,18109.67372703895,3.53102076328998,6.662,0.0,4.0,3.410341323479485,1.0,0.0,0.5,0.0,0.0,0.0
TTO,1973,0,0,44.5,1.65642076642045,18270.06444120635,1027851.0,14.810745481571,6.6025,4.0,1.0,11.0,0.0,0.0,0.0,0.0,0.0,0.5,0.0,3,45.6,5.78034681913935,18109.67372703895,9.30106881253335,6.662,0.0,4.0,3.7183837927798997,1.0,1.0,0.5,0.0,0.0,0.0
TTO,1974,0,0,43.4,3.80760400856937,18270.06444120635,1040761.0,22.0249772717617,6.6025,4.0,1.0,12.0,0.0,0.0,0.0,0.0,0.0,0.5,0.0,4,44.5,1.65642076642045,18109.67372703895,14.810745481571,6.662,0.0,4.0,2.73201238749491,1.0,1.0,0.5,0.0,0.0,0.0
TTO,1975,0,0,42.3,1.47796537123553,18270.06444120635,1053469.0,16.9790604656895,6.6025,4.0,1.0,13.0,0.0,0.0,0.0,0.0,0.0,0.5,0.0,5,43.4,3.80760400856937,18109.67372703895,22.0249772717617,6.662,0.0,4.0,2.64278468990245,1.0,1.0,0.5,0.0,0.0,0.0
TTO,1976,0,0,41.1,6.40514537866505,18270.06444120635,1066311.0,10.6924643577729,6.6025,4.0,1.0,14.0,0.0,0.0,0.0,0.0,0.0,0.5,0.0,6,42.3,1.47796537123553,18109.67372703895,16.9790604656895,6.662,0.0,4.0,3.9415553749502896,1.0,1.0,0.5,0.0,0.0,0.0
TTO,1977,0,0,40.0,9.12179038765797,18270.06444120635,1079554.0,11.7448635390942,6.6025,4.0,1.0,15.0,0.0,0.0,0.0,0.0,0.0,0.5,0.0,7,41.1,6.40514537866505,18109.67372703895,10.6924643577729,6.662,0.0,4.0,7.76346788316151,1.0,1.0,0.5,0.0,0.0,0.0
TTO,1978,0,0,38.9,10.0164804979013,18270.06444120635,1093380.0,10.256586168874,6.6025,4.0,1.0,16.0,0.0,0.0,0.0,0.0,0.0,0.5,0.0,8,40.0,9.12179038765797,18109.67372703895,11.7448635390942,6.662,0.0,4.0,9.569135442779636,1.0,1.0,0.5,0.0,0.0,0.0
TTO,1979,0,0,37.8,3.59936750975606,18270.06444120635,1107639.0,14.7221703689992,6.6025,4.0,1.0,17.0,0.0,0.0,0.0,0.0,0.0,0.5,0.0,9,38.9,10.0164804979013,18109.67372703895,10.256586168874,6.662,0.0,4.0,6.80792400382868,1.0,1.0,0.5,0.0,0.0,0.0
TTO,1980,0,0,36.7,10.390810137283,18270.06444120635,1121744.0,17.4703042795772,6.6025,4.0,1.0,18.0,0.0,0.0,0.0,0.0,0.0,0.5,0.0,10,37.8,3.59936750975606,18109.67372703895,14.7221703689992,6.662,0.0,4.0,6.99508882351953,1.0,1.0,0.5,0.0,0.0,0.0
TTO,1981,0,0,35.7,4.57720855842996,18270.06444120635,1135132.0,14.3318866009395,6.6025,7.0,0.0,0.0,0.0,0.0,0.0,0.0,0.0,0.5,0.0,11,36.7,10.390810137283,18109.67372703895,17.4703042795772,6.662,0.0,4.0,7.48400934785648,1.0,1.0,0.5,0.0,0.0,0.0
TTO,1982,0,0,34.8,3.79931807144484,18270.06444120635,1147927.0,11.6347629431673,6.6025,7.0,0.0,1.0,0.0,0.0,0.0,0.0,0.0,0.5,0.0,12,35.7,4.57720855842996,18109.67372703895,14.3318866009395,6.662,0.0,7.0,4.1882633149374,1.0,1.0,0.5,0.0,0.0,0.0
TTO,1983,0,0,33.9,-10.3003284842942,18270.06444120635,1160534.0,15.1749999993332,6.6025,7.0,0.0,2.0,0.0,0.0,0.0,0.0,0.0,0.5,0.0,13,34.8,3.79931807144484,18109.67372703895,11.6347629431673,6.662,0.0,7.0,-3.25050520642468,1.0,1.0,0.5,0.0,0.0,0.0
TTO,1984,0,0,33.1,-5.75090617005851,18270.06444120635,1172984.0,13.3347804066324,6.6025,7.0,0.0,3.0,0.0,0.0,0.0,0.0,0.0,0.5,0.0,14,33.9,-10.3003284842942,18109.67372703895,15.1749999993332,6.662,0.0,7.0,-8.025617327176356,1.0,1.0,0.5,0.0,0.0,0.0
TTO,1985,0,0,32.3,-4.1194195543724,18270.06444120635,1187366.0,7.62257405520196,6.6025,7.0,0.0,4.0,0.0,0.0,0.0,0.0,0.0,0.5,0.0,15,33.1,-5.75090617005851,18109.67372703895,13.3347804066324,6.662,0.0,7.0,-4.935162862215455,1.0,0.0,0.5,0.0,0.0,0.0
TTO,1986,1,0,31.6,-3.27916304799267,18270.06444120635,1203124.0,7.69367659323135,6.6025,8.0,0.0,5.0,0.0,0.0,0.0,0.0,0.0,0.5,0.0,16,32.3,-4.1194195543724,18109.67372703895,7.62257405520196,6.662,0.0,7.0,-3.699291301182535,1.0,0.0,0.5,0.0,0.0,0.0
TTO,1987,0,0,31.0,-4.56177853811394,18270.06444120635,1217364.0,10.7518589920742,6.6025,8.0,0.0,6.0,0.0,0.0,0.0,0.0,0.0,0.5,0.0,0,31.6,-3.27916304799267,18109.67372703895,7.69367659323135,6.662,0.0,8.0,-3.920470793053305,1.0,1.0,0.5,0.0,0.0,0.0
TTO,1988,0,0,30.4,-3.91972405050394,18270.06444120635,1230069.0,7.75849206743917,6.6025,8.0,0.0,7.0,0.0,0.0,0.0,0.0,0.0,0.5,0.0,1,31.0,-4.56177853811394,18109.67372703895,10.7518589920742,6.662,0.0,8.0,-4.24075129430894,1.0,0.0,0.5,0.0,0.0,0.0
TTO,1989,0,0,29.9,-0.829914212231699,18270.06444120635,1241600.0,11.4321318133567,6.6025,8.0,0.0,8.0,0.0,0.0,0.0,0.0,0.0,0.5,0.0,2,30.4,-3.91972405050394,18109.67372703895,7.75849206743917,6.662,0.0,8.0,-2.3748191313678197,1.0,1.0,0.5,0.0,0.0,0.0
TTO,1990,0,0,29.4,1.50916784295177,11869.5287266317,1252208.0,11.0644257703083,6.6025,8.0,0.0,9.0,0.0,0.0,0.0,0.0,0.0,0.5,0.0,3,29.9,-0.829914212231699,18109.67372703895,11.4321318133567,6.662,0.0,8.0,0.33962681536003547,1.0,1.0,0.5,0.0,0.0,0.0
TTO,1991,1,0,29.0,3.11240786575588,12142.348150297,1262171.0,3.78310214375795,18.52,8.0,0.0,10.0,0.0,0.0,0.0,0.0,0.0,0.5,0.0,4,29.4,1.50916784295177,11869.5287266317,11.0644257703083,6.662,0.0,8.0,2.310787854353825,1.0,0.0,0.5,0.0,0.0,0.0
TTO,1992,0,0,28.6,10.092979512969,13267.9770581707,1271674.0,6.43985419198061,19.66,8.0,0.0,11.0,0.0,0.0,0.0,0.0,0.0,0.5,0.0,0,29.0,3.11240786575588,12142.348150297,3.78310214375795,18.52,0.0,8.0,6.60269368936244,1.0,0.0,0.5,0.0,0.0,0.0
TTO,1993,0,0,28.3,-0.66911476645933,13088.7073855168,1280466.0,10.835235920852,19.81,8.0,0.0,12.0,0.0,0.0,0.0,0.0,0.0,0.5,0.0,1,28.6,10.092979512969,13267.9770581707,6.43985419198061,19.66,0.0,8.0,4.711932373254835,1.0,1.0,0.5,0.0,0.0,0.0
TTO,1994,0,0,28.0,3.56718060581952,13472.7464155031,1288341.0,8.81469401768106,18.44,8.0,0.0,13.0,0.0,0.0,0.0,0.0,0.0,0.5,0.0,2,28.3,-0.66911476645933,13088.7073855168,10.835235920852,19.81,0.0,8.0,1.449032919680095,1.0,0.0,0.5,0.0,0.0,0.0
TTO,1995,1,0,27.7,3.80991314364765,13912.3133299045,1295169.0,5.18220539517274,17.22,9.0,0.0,14.0,0.0,0.0,0.0,0.0,0.0,0.5,0.0,3,28.0,3.56718060581952,13472.7464155031,8.81469401768106,18.44,0.0,8.0,3.6885468747335852,1.0,0.0,0.5,0.0,0.0,0.0
TTO,1996,0,0,27.4,7.13447746480871,14838.9026529676,1300928.0,3.40457442819624,16.25,9.0,0.0,15.0,0.0,0.0,0.0,0.0,0.0,0.5,0.0,0,27.7,3.80991314364765,13912.3133299045,5.18220539517274,17.22,0.0,9.0,5.47219530422818,1.0,0.0,0.5,0.0,0.0,0.0
TTO,1997,0,0,27.2,7.52285462627518,15895.2438763164,1305836.0,3.62607875843081,15.01,9.0,0.0,16.0,0.0,0.0,0.0,0.0,0.0,0.5,0.0,1,27.4,7.13447746480871,14838.9026529676,3.40457442819624,16.25,0.0,9.0,7.3286660455419455,1.0,0.0,0.5,0.0,0.0,0.0
TTO,1998,0,0,26.9,8.1245639965458,17129.0911444686,1310225.0,5.61270907691201,14.21,9.0,0.0,17.0,0.0,0.0,0.0,0.0,0.0,0.5,0.0,2,27.2,7.52285462627518,15895.2438763164,3.62607875843081,15.01,0.0,9.0,7.823709311410489,1.0,0.0,0.5,0.0,0.0,0.0
TTO,1999,0,0,26.6,8.02481764350063,18440.5741312908,1314708.0,3.43913590881996,13.12,9.0,0.0,18.0,0.0,0.0,0.0,0.0,0.0,0.5,0.0,3,26.9,8.1245639965458,17129.0911444686,5.61270907691201,14.21,0.0,9.0,8.074690820023214,1.0,0.0,0.5,0.0,0.0,0.0
TTO,2000,0,0,26.3,6.90135959072803,19637.5545410721,1319774.0,3.55541319666877,12.1,9.0,0.0,19.0,0.0,0.0,0.0,0.0,0.0,0.5,0.0,4,26.6,8.02481764350063,18440.5741312908,3.43913590881996,13.12,0.0,9.0,7.4630886171143285,1.0,0.0,0.5,0.0,0.0,0.0
TTO,2001,1,0,25.9,4.16852398185424,20366.753132212,1325567.0,5.536653263223,10.88,9.0,0.0,20.0,0.0,0.0,0.0,0.0,0.0,0.5,0.0,5,26.3,6.90135959072803,19637.5545410721,3.55541319666877,12.1,0.0,9.0,5.534941786291134,1.0,0.0,0.5,0.0,0.0,0.0
TTO,2002,0,0,25.6,7.93670968715332,21876.8529070403,1332011.0,4.1500586166472,10.39,9.0,0.0,21.0,0.0,0.0,0.0,0.0,0.0,0.5,0.0,0,25.9,4.16852398185424,20366.753132212,5.536653263223,10.88,0.0,9.0,6.0526168345037785,1.0,0.0,0.5,0.0,0.0,0.0
TTO,2003,0,0,25.2,14.4409895389734,24910.823196152,1338709.0,3.8111062439687,10.48,9.0,0.0,22.0,0.0,0.0,0.0,0.0,0.0,0.5,0.0,1,25.6,7.93670968715332,21876.8529070403,4.1500586166472,10.39,0.0,9.0,11.18884961306336,1.0,0.0,0.5,0.0,0.0,0.0
TTO,2004,0,0,24.8,7.95005151069972,26757.9075601429,1345380.0,3.72154938995965,8.33,9.0,0.0,23.0,0.0,0.0,0.0,0.0,0.0,0.5,0.0,2,25.2,14.4409895389734,24910.823196152,3.8111062439687,10.48,0.0,9.0,11.19552052483656,1.0,0.0,0.5,0.0,0.0,0.0
TTO,2005,0,0,24.5,6.20893787954175,29536.4394101096,1294494.0,6.87453459583516,7.95,9.0,0.0,24.0,0.0,0.0,0.0,0.0,0.0,0.5,0.0,3,24.8,7.95005151069972,26757.9075601429,3.72154938995965,8.33,0.0,9.0,7.079494695120735,1.0,0.0,0.5,0.0,0.0,0.0
TTO,2006,0,0,24.1,13.2080586051735,33348.7507470886,1297944.0,8.32960351465347,6.27,9.0,0.0,25.0,0.0,0.0,0.0,0.0,0.0,0.5,0.0,4,24.5,6.20893787954175,29536.4394101096,6.87453459583516,7.95,0.0,9.0,9.708498242357626,1.0,0.0,0.5,0.0,0.0,0.0
TTO,2007,0,0,23.7,4.75420970092722,34793.6457521105,1303188.0,7.89438834757299,5.54,9.0,0.0,26.0,0.0,0.0,0.0,0.0,0.0,0.5,0.0,5,24.1,13.2080586051735,33348.7507470886,8.32960351465347,6.27,0.0,9.0,8.98113415305036,1.0,0.0,0.5,0.0,0.0,0.0
TTO,2008,0,0,23.3,3.39173707807387,35825.3333456362,1308587.0,12.0303445477177,4.63,9.0,0.0,27.0,0.0,0.0,0.0,0.0,0.0,0.5,0.0,6,23.7,4.75420970092722,34793.6457521105,7.89438834757299,5.54,0.0,9.0,4.072973389500546,1.0,1.0,0.5,0.0,0.0,0.0
TTO,2009,0,0,22.9,-4.3917292474614,34212.2683057008,1310106.0,6.97808725251547,5.28,9.0,0.0,28.0,0.0,0.0,0.0,0.0,0.0,0.5,0.0,7,23.3,3.39173707807387,35825.3333456362,12.0303445477177,4.63,0.0,9.0,-0.4999960846937639,1.0,0.0,0.5,0.0,0.0,0.0
TTO,2010,1,0,22.5,3.32322471027371,35145.1253639062,1317714.0,10.5492003179988,4.033,9.0,0.0,29.0,0.0,0.0,0.0,0.0,0.0,0.5,0.0,8,22.9,-4.3917292474614,34212.2683057008,6.97808725251547,5.28,0.0,9.0,-0.534252268593844,1.0,1.0,0.5,0.0,0.0,0.0
TTO,2011,0,0,22.1,-0.294354409043763,34769.7620251376,1328019.0,5.1071328926456,3.425,9.0,0.0,30.0,0.0,0.0,0.0,0.0,0.0,0.5,0.0,0,22.5,3.32322471027371,35145.1253639062,10.5492003179988,4.033,0.0,9.0,1.5144351506149742,1.0,0.0,0.5,0.0,0.0,0.0
TTO,2012,0,0,21.7,6.71074625448722,36903.6898574094,1335194.0,9.26028137068292,3.718,9.0,0.0,31.0,0.0,0.0,0.0,0.0,0.0,0.5,0.0,1,22.1,-0.294354409043763,34769.7620251376,5.1071328926456,3.425,0.0,9.0,3.208195922721729,1.0,0.0,0.5,0.0,0.0,0.0
TTO,2013,0,0,21.3,3.36819291689019,37994.0686480473,1340557.0,5.19981740465611,2.683,9.0,0.0,32.0,0.0,0.0,0.0,0.0,0.0,0.5,0.0,2,21.7,6.71074625448722,36903.6898574094,9.26028137068292,3.718,0.0,9.0,5.039469585688706,1.0,0.0,0.5,0.0,0.0,0.0
TTO,2014,0,0,20.9,3.67086851032413,39248.6570516023,1345343.0,5.68441814595659,2.477,9.0,0.0,33.0,0.0,0.0,0.0,0.0,0.0,0.5,0.0,3,21.3,3.36819291689019,37994.0686480473,5.19981740465611,2.683,0.0,9.0,3.519530713607161,1.0,0.0,0.5,0.0,0.0,0.0
TTO,2015,1,0,20.6,-0.406283288730492,38963.9641783011,1349667.0,4.66121598098264,2.428,9.0,0.0,34.0,0.0,0.0,0.0,0.0,0.0,0.5,0.0,4,20.9,3.67086851032413,39248.6570516023,5.68441814595659,2.477,0.0,9.0,1.6322926107968199,1.0,0.0,0.5,0.0,0.0,0.0
TTO,2016,0,0,20.2,-7.53636305379372,35914.9901970983,1353895.0,3.07066742464024,3.207,9.0,0.0,35.0,0.0,0.0,0.0,0.0,0.0,0.5,0.0,0,20.6,-0.406283288730492,38963.9641783011,4.66121598098264,2.428,0.0,9.0,-3.9713231712621053,1.0,0.0,0.5,0.0,0.0,0.0
TTO,2017,0,0,19.9,-4.87274946918724,34095.9899256152,1356633.0,1.88038440183532,3.389,9.0,0.0,36.0,0.0,0.0,0.0,0.0,0.0,0.5,0.0,1,20.2,-7.53636305379372,35914.9901970983,3.07066742464024,3.207,0.0,9.0,-6.204556261490479,1.0,0.0,0.5,0.0,0.0,0.0
TTO,2018,0,0,19.5,-0.945449700943314,33710.0178540008,1359193.0,1.01856930188822,3.497,9.0,0.0,37.0,0.0,0.0,0.0,0.0,0.0,0.5,0.0,2,19.9,-4.87274946918724,34095.9899256152,1.88038440183532,3.389,0.0,9.0,-2.909099585065276,1.0,0.0,0.5,0.0,0.0,0.0
TTO,2019,0,0,19.2,0.467734528855885,33748.7060849924,1363985.0,1.00054293027237,3.523,9.0,0.0,37.0,0.0,0.0,0.0,0.0,0.0,0.5,0.0,3,19.5,-0.945449700943314,33710.0178540008,1.01856930188822,3.497,0.0,9.0,-0.23885758604371363,1.0,0.0,0.5,0.0,0.0,0.0
TTO,2020,1,0,18.8,-8.78879817831519,30720.8876936042,1366725.0,0.598986330824643,4.206,9.0,0.0,37.0,0.0,0.0,0.0,0.0,0.0,0.5,0.0,4,19.2,0.467734528855885,33748.7060849924,1.00054293027237,3.523,0.0,9.0,-4.160531824729651,1.0,0.0,0.5,0.0,0.0,0.0
TTO,2021,0,0,18.4,-0.716740625909793,30482.1201798631,1367558.0,2.05922746915458,4.446,9.0,0.0,37.0,0.0,0.0,0.0,0.0,0.0,0.5,0.0,0,18.8,-8.78879817831519,30720.8876936042,0.598986330824643,4.206,0.0,9.0,-4.752769402112491,1.0,0.0,0.5,0.0,0.0,0.0
TTO,2022,0,0,18.0,0.86126082651883,30784.1112580356,1365805.0,5.82838638517959,4.383,9.0,0.0,37.0,0.0,0.0,0.0,0.0,0.0,0.5,0.0,1,18.4,-0.716740625909793,30482.1201798631,2.05922746915458,4.446,0.0,9.0,0.07226010030451935,0.0,0.0,0.0,0.0,0.0,0.0
TTO,2023,0,0,17.5,1.46645947294053,31196.603554718,1367510.0,4.62930242419968,3.361,9.0,0.0,37.0,0.0,0.0,0.0,0.0,0.0,0.5,0.0,2,18.0,0.86126082651883,30784.1112580356,5.82838638517959,4.383,0.0,9.0,1.1638601497296808,0.0,0.0,0.0,0.0,0.0,0.0
TTO,2024,0,0,17.0,2.50920813979569,31960.1568888983,1368333.0,0.526884625776839,3.318,9.0,0.0,37.0,0.0,0.0,0.0,0.0,0.0,0.5,0.0,3,17.5,1.46645947294053,31196.603554718,4.62930242419968,3.361,0.0,9.0,1.9878338063681107,0.0,0.0,0.0,0.0,0.0,0.0
TUN,1970,0,0,112.6,4.6696317726705,18270.06444120635,5131396.0,5.531981770439344,6.6025,-9.0,0.0,13.0,0.0,0.0,0.0,0.0,0.0,0.5,0.0,0,18.4,3.53620866972961,18109.67372703895,5.66318573909345,6.662,0.0,8.0,4.6696317726705,1.0,0.0,0.5,0.0,0.0,0.0
TUN,1971,0,0,107.1,10.5601974806863,18270.06444120635,5261658.0,5.531981770439344,6.6025,-9.0,0.0,14.0,0.0,0.0,0.0,0.0,0.0,0.5,0.0,1,112.6,4.6696317726705,18109.67372703895,5.66318573909345,6.662,0.0,-9.0,7.6149146266784005,1.0,0.0,0.5,0.0,0.0,0.0
TUN,1972,0,0,101.6,17.7427182610332,18270.06444120635,5396557.0,5.531981770439344,6.6025,-9.0,0.0,15.0,0.0,0.0,0.0,0.0,0.0,0.5,0.0,2,107.1,10.5601974806863,18109.67372703895,5.66318573909345,6.662,0.0,-9.0,14.15145787085975,1.0,0.0,0.5,0.0,0.0,0.0
TUN,1973,0,0,96.2,-0.65464350226631,18270.06444120635,5537242.0,5.531981770439344,6.6025,-9.0,0.0,16.0,0.0,0.0,0.0,0.0,0.0,0.5,0.0,3,101.6,17.7427182610332,18109.67372703895,5.66318573909345,6.662,0.0,-9.0,8.544037379383443,1.0,0.0,0.5,0.0,0.0,0.0
TUN,1974,0,0,90.7,8.0747823343126,18270.06444120635,5684674.0,5.531981770439344,6.6025,-9.0,0.0,17.0,0.0,0.0,0.0,0.0,0.0,0.5,0.0,4,96.2,-0.65464350226631,18109.67372703895,5.66318573909345,6.662,0.0,-9.0,3.710069416023143,1.0,0.0,0.5,0.0,0.0,0.0
TUN,1975,0,0,85.3,7.15609990912363,18270.06444120635,5839262.0,5.531981770439344,6.6025,-9.0,0.0,18.0,0.0,0.0,0.0,0.0,0.0,0.5,0.0,5,90.7,8.0747823343126,18109.67372703895,5.66318573909345,6.662,0.0,-9.0,7.6154411217181135,1.0,0.0,0.5,0.0,0.0,0.0
TUN,1976,0,0,80.0,7.87685265272428,18270.06444120635,5996994.0,5.531981770439344,6.6025,-9.0,0.0,19.0,0.0,0.0,0.0,0.0,0.0,0.5,0.0,6,85.3,7.15609990912363,18109.67372703895,5.66318573909345,6.662,0.0,-9.0,7.516476280923953,1.0,0.0,0.5,0.0,0.0,0.0
TUN,1977,0,0,74.7,3.41109584954947,18270.06444120635,6155931.0,5.531981770439344,6.6025,-8.0,0.0,20.0,0.0,0.0,0.0,0.0,0.0,0.5,0.0,7,80.0,7.87685265272428,18109.67372703895,5.66318573909345,6.662,0.0,-9.0,5.643974251136873,1.0,0.0,0.5,0.0,0.0,0.0
TUN,1978,0,0,69.8,6.44047353293125,18270.06444120635,6309390.0,5.531981770439344,6.6025,-8.0,0.0,21.0,0.0,0.0,0.0,0.0,0.0,0.5,0.0,8,74.7,3.41109584954947,18109.67372703895,5.66318573909345,6.662,0.0,-8.0,4.925784691240358,1.0,0.0,0.5,0.0,0.0,0.0
TUN,1979,0,0,65.3,6.56752117644017,18270.06444120635,6456419.0,5.531981770439344,6.6025,-8.0,0.0,22.0,0.0,0.0,0.0,0.0,0.0,0.5,0.0,9,69.8,6.44047353293125,18109.67372703895,5.66318573909345,6.662,0.0,-8.0,6.503997354685708,1.0,0.0,0.5,0.0,0.0,0.0
TUN,1980,0,0,61.3,7.41873959497985,18270.06444120635,6606195.0,5.531981770439344,6.6025,-8.0,0.0,23.0,0.0,0.0,0.0,0.0,0.0,0.5,0.0,10,65.3,6.56752117644017,18109.67372703895,5.66318573909345,6.662,0.0,-8.0,6.993130385710008,1.0,0.0,0.5,0.0,0.0,0.0
TUN,1981,0,0,57.6,5.51407282903942,18270.06444120635,6758284.0,5.531981770439344,6.6025,-8.0,0.0,24.0,0.0,0.0,0.0,0.0,0.0,0.5,0.0,11,61.3,7.41873959497985,18109.67372703895,5.66318573909345,6.662,0.0,-8.0,6.466406212009632,1.0,0.0,0.5,0.0,0.0,0.0
TUN,1982,0,0,54.3,-0.493737604022272,18270.06444120635,6908642.0,5.531981770439344,6.6025,-8.0,0.0,25.0,0.0,0.0,0.0,0.0,0.0,0.5,0.0,12,57.6,5.51407282903942,18109.67372703895,5.66318573909345,6.662,0.0,-8.0,2.510167612508572,1.0,0.0,0.5,0.0,0.0,0.0
TUN,1983,0,0,51.3,4.68191738527311,18270.06444120635,7053800.0,5.531981770439344,6.6025,-8.0,0.0,26.0,0.0,0.0,0.0,0.0,0.0,0.5,0.0,13,54.3,-0.493737604022272,18109.67372703895,5.66318573909345,6.662,0.0,-8.0,2.094089890625417,1.0,0.0,0.5,0.0,0.0,0.0
TUN,1984,0,0,48.5,5.74884326252969,18270.06444120635,7220044.0,8.9000000000001,6.6025,-8.0,0.0,27.0,0.0,0.0,0.0,0.0,0.0,0.5,0.0,14,51.3,4.68191738527311,18109.67372703895,5.66318573909345,6.662,0.0,-8.0,5.215380323901398,1.0,0.0,0.5,0.0,0.0,0.0
TUN,1985,0,0,46.0,5.6485732365982,18270.06444120635,7409903.0,7.25436179981635,6.6025,-8.0,0.0,28.0,0.0,0.0,0.0,0.0,0.0,0.5,0.0,15,48.5,5.74884326252969,18109.67372703895,8.9000000000001,6.662,0.0,-8.0,5.698708249563943,1.0,0.0,0.5,0.0,0.0,0.0
TUN,1986,0,0,43.7,-1.44698841417973,18270.06444120635,7600301.0,6.16438356164371,6.6025,-8.0,0.0,29.0,0.0,0.0,0.0,0.0,0.0,0.5,0.0,16,46.0,5.6485732365982,18109.67372703895,7.25436179981635,6.662,0.0,-8.0,2.100792411209233,1.0,0.0,0.5,0.0,0.0,0.0
TUN,1987,0,0,41.7,6.70137109577689,18270.06444120635,7789987.0,8.2258064516129,6.6025,-6.0,0.0,30.0,0.0,0.0,0.0,0.0,0.0,0.5,0.0,17,43.7,-1.44698841417973,18109.67372703895,6.16438356164371,6.662,0.0,-8.0,2.627191340798578,1.0,0.0,0.5,0.0,0.0,0.0
TUN,1988,0,0,40.0,0.0721590773964209,18270.06444120635,7974440.0,7.19696969696955,6.6025,-6.0,0.0,31.0,0.0,0.0,0.0,0.0,0.0,0.5,0.0,18,41.7,6.70137109577689,18109.67372703895,8.2258064516129,6.662,0.0,-6.0,3.3867650865866534,1.0,0.0,0.5,0.0,0.0,0.0
TUN,1989,0,0,38.5,1.74669912824352,18270.06444120635,8151660.0,7.74088603961336,6.6025,-6.0,0.0,32.0,0.0,0.0,0.0,0.0,0.0,0.5,0.0,19,40.0,0.0721590773964209,18109.67372703895,7.19696969696955,6.662,0.0,-6.0,0.9094291028199682,1.0,0.0,0.5,0.0,0.0,0.0
TUN,1990,0,0,37.2,7.94981943665461,6742.58426420551,8324509.0,6.54529307282414,6.6025,-6.0,0.0,33.0,0.0,0.0,0.0,0.0,0.0,0.5,0.0,20,38.5,1.74669912824352,18109.67372703895,7.74088603961336,6.662,0.0,-6.0,4.848259282449063,1.0,0.0,0.5,0.0,0.0,0.0
TUN,1991,0,0,36.1,3.90454530313198,6859.73427153777,8501827.0,8.19371509544085,15.935,-6.0,0.0,34.0,0.0,0.0,0.0,0.0,0.0,0.5,0.0,21,37.2,7.94981943665461,6742.58426420551,6.54529307282414,6.662,0.0,-6.0,5.927182369893293,1.0,0.0,0.5,0.0,0.0,0.0
TUN,1992,0,0,34.9,7.80572887722397,7241.29105894738,8682512.0,5.82434514637906,15.598,-6.0,0.0,35.0,0.0,0.0,0.0,0.0,0.0,0.5,0.0,22,36.1,3.90454530313198,6859.73427153777,8.19371509544085,15.935,0.0,-6.0,5.855137090177973,1.0,0.0,0.5,0.0,0.0,0.0
TUN,1993,0,0,33.7,2.18982886145824,7253.33614579881,8857910.0,3.9749563191613,15.948,-3.0,1.0,0.0,0.0,0.0,0.0,0.0,0.0,0.5,0.0,23,34.9,7.80572887722397,7241.29105894738,5.82434514637906,15.598,0.0,-6.0,4.9977788693411025,1.0,0.0,0.5,0.0,0.0,0.0
TUN,1994,0,0,32.5,3.17841132209441,7350.65600471494,9018448.0,4.73323063996595,16.006,-3.0,1.0,1.0,0.0,0.0,0.0,0.0,0.0,0.5,0.0,24,33.7,2.18982886145824,7253.33614579881,3.9749563191613,15.948,0.0,-3.0,2.6841200917763226,1.0,0.0,0.5,0.0,0.0,0.0
TUN,1995,0,0,31.1,2.35166985086541,7406.23900930842,9161258.0,6.24415028747146,16.348,-3.0,1.0,2.0,0.0,0.0,0.0,0.0,0.0,0.5,0.0,25,32.5,3.17841132209441,7350.65600471494,4.73323063996595,16.006,0.0,-3.0,2.7650405864799077,1.0,0.0,0.5,0.0,0.0,0.0
TUN,1996,0,0,29.7,7.14608096782061,7821.79219107359,9294432.0,3.72514472690715,16.061,-3.0,1.0,3.0,0.0,0.0,0.0,0.0,0.0,0.5,0.0,26,31.1,2.35166985086541,7406.23900930842,6.24415028747146,16.348,0.0,-3.0,4.7488754093430074,1.0,0.0,0.5,0.0,0.0,0.0
TUN,1997,0,0,28.2,5.44094350107467,8136.3376111408,9421270.0,3.65202620723071,15.94,-3.0,1.0,4.0,0.0,0.0,0.0,0.0,0.0,0.5,0.0,27,29.7,7.14608096782061,7821.79219107359,3.72514472690715,16.061,0.0,-3.0,6.293512234447638,1.0,0.0,0.5,0.0,0.0,0.0
TUN,1998,0,0,26.7,4.78376247825665,8417.98493264685,9541667.0,3.12536579655862,15.473,-3.0,1.0,5.0,0.0,0.0,0.0,0.0,0.0,0.5,0.0,28,28.2,5.44094350107467,8136.3376111408,3.65202620723071,15.94,0.0,-3.0,5.112352989665657,1.0,0.0,0.5,0.0,0.0,0.0
TUN,1999,0,0,25.3,6.05463447898158,8821.98791288257,9655963.0,2.6901248581158,15.21,-3.0,1.0,6.0,0.0,0.0,0.0,0.0,0.0,0.5,0.0,29,26.7,4.78376247825665,8417.98493264685,3.12536579655862,15.473,0.0,-3.0,5.419198478619112,1.0,0.0,0.5,0.0,0.0,0.0
TUN,2000,0,0,23.9,4.7099729138049,9134.41506327005,9764935.0,2.96230794738605,14.94,-3.0,1.0,7.0,0.0,0.0,0.0,0.0,0.0,0.5,0.0,30,25.3,6.05463447898158,8821.98791288257,2.6901248581158,15.21,0.0,-3.0,5.382303696393238,1.0,0.0,0.5,0.0,0.0,0.0
TUN,2001,0,0,22.7,3.79627166202512,9380.56317617024,9869677.0,1.98333333333337,14.4,-3.0,1.0,8.0,0.0,0.0,0.0,0.0,0.0,0.5,0.0,31,23.9,4.7099729138049,9134.41506327005,2.96230794738605,14.94,0.0,-3.0,4.253122287915008,1.0,0.0,0.5,0.0,0.0,0.0
TUN,2002,0,0,21.6,1.32255714828946,9407.55676671593,9971515.0,2.72103284850455,14.55,-4.0,1.0,9.0,0.0,0.0,0.0,0.0,0.0,0.5,0.0,32,22.7,3.79627166202512,9380.56317617024,1.98333333333337,14.4,0.0,-3.0,2.5594144051572876,1.0,0.0,0.5,0.0,0.0,0.0
TUN,2003,0,0,20.5,4.70239953285241,9752.02442335824,10071632.0,2.71259247474352,14.51,-4.0,1.0,10.0,0.0,0.0,0.0,0.0,0.0,0.5,0.0,33,21.6,1.32255714828946,9407.55676671593,2.72103284850455,14.55,0.0,-4.0,3.012478340570933,1.0,0.0,0.5,0.0,0.0,0.0
TUN,2004,0,0,19.7,6.23579072222647,10263.8055422408,10166163.0,3.63228004956625,14.23,-4.0,1.0,11.0,0.0,0.0,0.0,0.0,0.0,0.5,0.0,34,20.5,4.70239953285241,9752.02442335824,2.71259247474352,14.51,0.0,-4.0,5.469095127539438,1.0,0.0,0.5,0.0,0.0,0.0
TUN,2005,0,0,18.9,3.4865455430439,10529.1598956845,10255472.0,2.01778641357144,12.872,-4.0,1.0,12.0,0.0,0.0,0.0,0.0,0.0,0.5,0.0,35,19.7,6.23579072222647,10263.8055422408,3.63228004956625,14.23,0.0,-4.0,4.861168132635184,1.0,0.0,0.5,0.0,0.0,0.0
TUN,2006,0,0,18.2,5.24409983246916,10983.9221903991,10346410.0,3.22525337438917,12.51,-4.0,1.0,13.0,0.0,0.0,0.0,0.0,0.0,0.5,0.0,36,18.9,3.4865455430439,10529.1598956845,2.01778641357144,12.872,0.0,-4.0,4.365322687756528,1.0,0.0,0.5,0.0,0.0,0.0
TUN,2007,0,0,17.7,6.70952097453554,11613.9247511428,10441702.0,2.96694432477349,12.365,-4.0,1.0,14.0,0.0,0.0,0.0,0.0,0.0,0.5,0.0,37,18.2,5.24409983246916,10983.9221903991,3.22525337438917,12.51,0.0,-4.0,5.976810403502348,0.0,0.0,0.0,0.0,0.0,0.0
TUN,2008,0,0,17.2,4.23778147502819,11990.1962371716,10542635.0,4.34502807623045,12.444,-4.0,1.0,15.0,0.0,0.0,0.0,0.0,0.0,0.5,0.0,38,17.7,6.70952097453554,11613.9247511428,2.96694432477349,12.365,0.0,-4.0,5.473651224781863,0.0,0.0,0.0,0.0,0.0,0.0
TUN,2009,0,0,16.9,3.04345012371552,12229.7752536693,10650681.0,3.66490330642919,13.29,-4.0,1.0,16.0,0.0,0.0,0.0,0.0,0.0,0.5,0.0,39,17.2,4.23778147502819,11990.1962371716,4.34502807623045,12.444,0.0,-4.0,3.6406157993718535,0.0,0.0,0.0,0.0,0.0,0.0
TUN,2010,0,0,16.7,2.97113275066512,12458.2710366551,10765980.0,3.33897963601069,13.049,-4.0,1.0,17.0,0.0,0.0,0.0,0.0,0.0,0.5,0.0,40,16.9,3.04345012371552,12229.7752536693,3.66490330642919,13.29,0.0,-4.0,3.007291437190318,0.0,0.0,0.0,0.0,0.0,0.0
TUN,2011,1,1,16.5,-2.04663389535644,12068.7136257667,10886035.0,3.24002842009531,18.334,4.0,1.0,0.0,0.0,0.0,0.0,0.0,0.0,0.5,0.0,41,16.7,2.97113275066512,12458.2710366551,3.33897963601069,13.049,0.0,-4.0,0.4622494276543383,0.0,0.0,0.0,0.5,0.0,0.0
TUN,2012,0,1,16.4,4.21667711535632,12436.3958115735,11009647.0,4.6118443220664,17.63,5.0,1.0,0.0,0.0,0.0,0.0,0.0,0.0,0.5,0.0,0,16.5,-2.04663389535644,12068.7136257667,3.24002842009531,18.334,0.0,4.0,1.0850216099999381,0.0,0.0,0.0,0.5,0.0,0.0
TUN,2013,0,1,16.3,2.42993096446429,12587.9950645596,11141361.0,5.31623531326689,15.934,6.0,0.0,0.0,0.0,0.0,0.0,0.0,0.0,0.5,0.0,1,16.4,4.21667711535632,12436.3958115735,4.6118443220664,17.63,0.0,5.0,3.323304039910303,0.0,0.0,0.0,0.5,0.0,0.0
TUN,2014,1,1,16.1,3.09032803070775,12824.0028914441,11274288.0,4.62555099534031,14.259,7.0,0.0,0.0,0.0,0.0,0.0,0.0,0.0,0.5,0.0,2,16.3,2.42993096446429,12587.9950645596,5.31623531326689,15.934,0.0,6.0,2.760129497586018,0.0,0.0,0.0,0.5,0.0,0.0
TUN,2015,0,1,16.0,0.967834205635981,12802.7917211433,11402264.0,4.437371273215,15.159,7.0,0.0,1.0,0.0,0.0,0.0,0.0,0.0,0.5,0.0,0,16.1,3.09032803070775,12824.0028914441,4.62555099534031,14.259,0.0,7.0,2.029081118171864,0.0,0.0,0.0,0.5,0.0,0.0
TUN,2016,0,1,15.8,1.117231963992,12803.8797371543,11528674.0,3.62939937384381,15.557,7.0,0.0,2.0,0.0,0.0,0.0,0.0,0.0,0.5,0.0,1,16.0,0.967834205635981,12802.7917211433,4.437371273215,15.159,0.0,7.0,1.0425330848139889,0.0,0.0,0.0,0.5,0.0,0.0
TUN,2017,0,1,15.5,2.25261437620587,12955.4014814241,11650498.0,5.30884839565844,15.33,7.0,0.0,3.0,0.0,0.0,0.0,0.0,0.0,0.5,0.0,2,15.8,1.117231963992,12803.8797371543,3.62939937384381,15.557,0.0,7.0,1.684923170098933,0.0,0.0,0.0,0.5,0.0,0.0
TUN,2018,0,1,15.1,2.60696965356362,13163.1952230357,11765514.0,7.30759176031652,15.459,7.0,0.0,4.0,0.0,0.0,0.0,0.0,0.0,0.5,0.0,3,15.5,2.25261437620587,12955.4014814241,5.30884839565844,15.33,0.0,7.0,2.429792014884743,0.0,0.0,0.0,0.5,0.0,0.0
TUN,2019,1,1,14.4,1.55009304966742,13243.9024233246,11875081.0,6.72007532863799,17.153,7.0,0.0,4.0,0.0,0.0,0.0,0.0,0.0,0.5,0.0,4,15.1,2.60696965356362,13163.1952230357,7.30759176031652,15.459,0.0,7.0,2.078531351615518,0.0,0.0,0.0,0.5,0.0,0.0
TUN,2020,0,1,13.5,-8.97512622934723,11955.5983698479,11974057.0,5.63415115897625,17.651,7.0,0.0,4.0,0.0,0.0,0.0,0.0,0.0,0.5,0.0,0,14.4,1.55009304966742,13243.9024233246,6.72007532863799,17.153,0.0,7.0,-3.7125165898399075,0.0,0.0,0.0,0.5,0.0,0.0
TUN,2021,0,1,12.5,4.73603648206102,12444.3264026887,12048622.0,5.706350208307,16.632,7.0,0.0,4.0,0.0,0.0,0.0,0.0,0.0,0.5,0.0,1,13.5,-8.97512622934723,11955.5983698479,5.63415115897625,17.651,0.0,7.0,-2.119544873643108,0.0,0.0,0.0,0.5,0.0,0.0
TUN,2022,0,1,11.5,2.75228761004381,12712.22345453,12119334.0,8.30646124447623,15.3,7.0,0.0,4.0,0.0,0.0,0.0,0.0,0.0,0.5,0.0,2,12.5,4.73603648206102,12444.3264026887,5.706350208307,16.632,0.0,7.0,3.744162046052413,0.0,0.0,0.0,0.5,0.0,0.0
TUN,2023,0,1,10.5,0.184015548469745,12650.9615158166,12200431.0,9.32899597507865,15.106,7.0,0.0,4.0,0.0,0.0,0.0,0.0,0.0,0.5,0.0,3,11.5,2.75228761004381,12712.22345453,8.30646124447623,15.3,0.0,7.0,1.4681515792567756,0.0,0.0,0.0,0.5,0.0,0.0
TUN,2024,0,1,9.7,1.61444564976986,12774.9158568021,12277109.0,7.20661657168794,15.341,7.0,0.0,4.0,0.0,0.0,0.0,0.0,0.0,0.5,0.0,4,10.5,0.184015548469745,12650.9615158166,9.32899597507865,15.106,0.0,7.0,0.8992305991198007,0.0,0.0,0.0,0.5,0.0,0.0
TUR,1970,0,0,141.0,3.23350897293227,18270.06444120635,36638465.0,7.92395208301997,6.6025,8.0,0.0,9.0,0.0,0.0,0.0,0.0,0.0,0.5,0.0,0,18.4,3.53620866972961,18109.67372703895,5.66318573909345,6.662,0.0,8.0,3.23350897293227,1.0,0.0,0.5,0.0,0.0,0.0
TUR,1971,0,0,138.1,5.56669450058796,18270.06444120635,37518611.0,19.0114086837675,6.6025,-2.0,1.0,0.0,0.0,0.0,0.0,0.0,0.0,0.5,0.0,1,141.0,3.23350897293227,18109.67372703895,7.92395208301997,6.662,0.0,8.0,4.4001017367601145,1.0,1.0,0.5,0.0,0.0,0.0
TUR,1972,0,0,134.9,7.42578832564243,18270.06444120635,38430221.0,15.4164557223962,6.6025,-2.0,1.0,1.0,0.0,0.0,0.0,0.0,0.0,0.5,0.0,2,138.1,5.56669450058796,18109.67372703895,19.0114086837675,6.662,0.0,-2.0,6.496241413115195,1.0,1.0,0.5,0.0,0.0,0.0
TUR,1973,0,0,131.5,3.26233451840494,18270.06444120635,39329533.0,13.9381652448957,6.6025,9.0,0.0,0.0,0.0,0.0,0.0,0.0,0.0,0.5,0.0,3,134.9,7.42578832564243,18109.67372703895,15.4164557223962,6.662,0.0,-2.0,5.344061422023685,1.0,1.0,0.5,0.0,0.0,0.0
TUR,1974,0,0,128.0,5.59447440269354,18270.06444120635,40210234.0,23.8981615766705,6.6025,9.0,0.0,1.0,2.0,2.0,0.0,0.0,1.0,0.5,0.0,4,131.5,3.26233451840494,18109.67372703895,13.9381652448957,6.662,0.0,9.0,4.42840446054924,1.0,1.0,0.5,0.0,0.0,0.0
TUR,1975,0,0,124.2,7.17411268977115,18270.06444120635,41053126.0,21.2273552385835,6.6025,9.0,0.0,2.0,2.0,2.0,0.0,0.0,1.0,0.5,0.0,5,128.0,5.59447440269354,18109.67372703895,23.8981615766705,6.662,2.0,9.0,6.384293546232346,1.0,1.0,0.5,0.0,0.0,0.0
TUR,1976,0,0,120.2,10.4611795563238,18270.06444120635,41899984.0,17.4556893891337,6.6025,9.0,0.0,3.0,2.0,2.0,0.0,0.0,1.0,0.5,0.0,6,124.2,7.17411268977115,18109.67372703895,21.2273552385835,6.662,2.0,9.0,8.817646123047474,1.0,1.0,0.5,0.0,0.0,0.0
TUR,1977,0,0,116.1,3.40666980449136,18270.06444120635,42773298.0,25.9853378650602,6.6025,9.0,0.0,4.0,4.0,2.0,2.0,0.0,1.0,0.5,0.0,7,120.2,10.4611795563238,18109.67372703895,17.4556893891337,6.662,2.0,9.0,6.93392468040758,1.0,1.0,0.5,0.0,0.0,0.0
TUR,1978,0,0,111.9,1.50293301122338,18270.06444120635,43645306.0,61.8970444383435,6.6025,9.0,0.0,5.0,4.0,2.0,2.0,0.0,1.0,0.5,0.0,8,116.1,3.40666980449136,18109.67372703895,25.9853378650602,6.662,4.0,9.0,2.45480140785737,1.0,1.0,0.5,0.0,0.0,0.0
TUR,1979,0,0,107.6,-0.62411357022269,18270.06444120635,44510429.0,63.5431082506343,6.6025,9.0,0.0,6.0,4.0,2.0,2.0,0.0,1.0,0.5,0.0,9,111.9,1.50293301122338,18109.67372703895,61.8970444383435,6.662,4.0,9.0,0.43940972050034505,1.0,1.0,0.5,0.0,0.0,0.0
TUR,1980,0,2,103.1,-2.44735042580159,18270.06444120635,45408815.0,94.2608598807592,6.6025,-5.0,1.0,0.0,4.0,2.0,2.0,0.0,1.0,0.5,0.0,10,107.6,-0.62411357022269,18109.67372703895,63.5431082506343,6.662,4.0,9.0,-1.53573199801214,1.0,1.0,0.5,1.0,0.0,1.0
TUR,1981,0,2,98.5,4.85664876652028,18270.06444120635,46321190.0,37.6147825797716,6.6025,-5.0,1.0,1.0,2.0,2.0,0.0,0.0,1.0,0.5,0.0,11,103.1,-2.44735042580159,18109.67372703895,94.2608598807592,6.662,4.0,-5.0,1.204649170359345,1.0,1.0,0.5,1.0,0.0,1.0
TUR,1982,0,2,93.9,3.56322781218334,18270.06444120635,47322096.0,29.1375145022676,6.6025,-5.0,1.0,2.0,2.0,2.0,0.0,0.0,1.0,0.5,0.0,12,98.5,4.85664876652028,18109.67372703895,37.6147825797716,6.662,2.0,-5.0,4.20993828935181,1.0,1.0,0.5,1.0,0.0,1.0
TUR,1983,1,2,89.3,4.97108077727097,18270.06444120635,48447410.0,31.3902710198445,6.6025,7.0,0.0,0.0,2.0,2.0,0.0,0.0,1.0,0.5,0.0,13,93.9,3.56322781218334,18109.67372703895,29.1375145022676,6.662,2.0,-5.0,4.267154294727155,1.0,1.0,0.5,1.0,0.0,1.0
TUR,1984,0,2,84.8,6.71201571206028,18270.06444120635,49574069.0,48.3923231346863,6.6025,7.0,0.0,1.0,5.0,2.0,3.0,0.0,1.0,0.5,0.0,0,89.3,4.97108077727097,18109.67372703895,31.3902710198445,6.662,2.0,7.0,5.841548244665625,1.0,1.0,0.5,1.0,0.0,1.0
TUR,1985,0,2,80.4,4.24133571639942,18270.06444120635,50687115.0,44.9617301528779,6.6025,7.0,0.0,2.0,5.0,2.0,3.0,0.0,1.0,0.5,0.0,1,84.8,6.71201571206028,18109.67372703895,48.3923231346863,6.662,5.0,7.0,5.4766757142298506,1.0,1.0,0.5,1.0,0.0,1.0
TUR,1986,0,2,76.2,7.01203111054394,18270.06444120635,51777772.0,34.6100759738745,6.6025,7.0,0.0,3.0,3.0,0.0,3.0,0.0,1.0,0.5,0.0,2,80.4,4.24133571639942,18109.67372703895,44.9617301528779,6.662,5.0,7.0,5.62668341347168,1.0,1.0,0.5,1.0,0.0,1.0
TUR,1987,0,2,72.2,9.48553884246728,18270.06444120635,52843670.0,38.8558434758409,6.6025,7.0,0.0,4.0,3.0,0.0,3.0,0.0,1.0,0.5,0.0,3,76.2,7.01203111054394,18109.67372703895,34.6100759738745,6.662,3.0,7.0,8.24878497650561,1.0,1.0,0.5,1.0,0.0,1.0
TUR,1988,0,2,68.3,2.32073679394847,18270.06444120635,53909626.0,68.8096433837048,6.6025,7.0,0.0,5.0,3.0,0.0,3.0,0.0,1.0,0.5,0.0,4,72.2,9.48553884246728,18109.67372703895,38.8558434758409,6.662,3.0,7.0,5.903137818207875,1.0,1.0,0.5,1.0,0.0,1.0
TUR,1989,0,0,64.6,0.2902440687796,18270.06444120635,54976723.0,63.2725524930958,6.6025,9.0,0.0,6.0,3.0,0.0,3.0,0.0,1.0,0.5,0.0,5,68.3,2.32073679394847,18109.67372703895,68.8096433837048,6.662,3.0,7.0,1.305490431364036,1.0,1.0,0.5,0.0,0.0,0.0
TUR,1990,0,1,60.9,9.26614667149315,12184.1995945303,56015628.0,60.3038691346447,6.6025,9.0,0.0,7.0,3.0,0.0,3.0,0.0,1.0,0.5,0.0,6,64.6,0.2902440687796,18109.67372703895,63.2725524930958,6.662,3.0,9.0,4.778195370136376,1.0,1.0,0.5,0.5,0.0,0.0
TUR,1991,1,1,57.3,0.720279039109613,12057.9354364382,57009887.0,65.978567991895,8.21,9.0,0.0,8.0,3.0,0.0,3.0,0.0,1.0,0.5,0.0,7,60.9,9.26614667149315,12184.1995945303,60.3038691346447,6.662,3.0,9.0,4.993212855301382,1.0,1.0,0.5,0.5,0.0,0.0
TUR,1992,0,0,53.8,5.03563493261181,12451.0451197948,57990118.0,70.0761038690374,8.509,9.0,0.0,9.0,3.0,0.0,3.0,0.0,1.0,0.5,0.0,0,57.3,0.720279039109613,12057.9354364382,65.978567991895,8.21,3.0,9.0,2.8779569858607124,1.0,1.0,0.5,0.0,0.0,0.0
TUR,1993,0,0,50.4,7.65126520761324,13174.467116412,58999167.0,66.0938429820004,8.962,8.0,0.0,10.0,3.0,0.0,3.0,0.0,1.0,0.5,0.0,1,53.8,5.03563493261181,12451.0451197948,70.0761038690374,8.509,3.0,9.0,6.343450070112526,1.0,1.0,0.5,0.0,0.0,0.0
TUR,1994,0,0,47.2,-4.66814736735584,12343.0041848988,60033836.0,105.214986469202,8.577,8.0,0.0,11.0,3.0,0.0,3.0,0.0,1.0,0.5,0.0,2,50.4,7.65126520761324,13174.467116412,66.0938429820004,8.962,3.0,8.0,1.4915589201287007,1.0,1.0,0.5,0.0,0.0,0.0
TUR,1995,0,0,44.1,7.878266878218,13099.2575267612,61024503.0,89.1133172248499,7.644,8.0,0.0,12.0,3.0,0.0,3.0,0.0,1.0,0.5,0.0,3,47.2,-4.66814736735584,12343.0041848988,105.214986469202,8.577,3.0,8.0,1.6050597554310806,1.0,1.0,0.5,0.0,0.0,0.0
TUR,1996,1,0,41.2,7.15779847930847,13826.9201097072,61951134.0,80.4121511388042,6.629,8.0,0.0,13.0,3.0,0.0,3.0,0.0,1.0,0.5,0.0,4,44.1,7.878266878218,13099.2575267612,89.1133172248499,7.644,3.0,8.0,7.518032678763236,1.0,1.0,0.5,0.0,0.0,0.0
TUR,1997,0,0,38.3,7.3578623747848,14631.2958814739,62852966.0,85.6693616499779,6.841,7.0,0.0,14.0,3.0,0.0,3.0,0.0,1.0,0.5,0.0,0,41.2,7.15779847930847,13826.9201097072,80.4121511388042,6.629,3.0,8.0,7.2578304270466365,1.0,1.0,0.5,0.0,0.0,0.0
TUR,1998,0,0,35.6,1.90857064345151,14704.3385744207,63734383.0,84.6413434846314,6.888,7.0,0.0,15.0,3.0,0.0,3.0,0.0,1.0,0.5,0.0,1,38.3,7.3578623747848,14631.2958814739,85.6693616499779,6.841,3.0,7.0,4.6332165091181565,1.0,1.0,0.5,0.0,0.0,0.0
TUR,1999,1,0,33.1,-3.05277055759434,14066.1896257233,64591923.0,64.8674876350757,7.687,7.0,0.0,16.0,3.0,0.0,3.0,0.0,1.0,0.5,0.0,2,35.6,1.90857064345151,14704.3385744207,84.6413434846314,6.888,3.0,7.0,-0.572099957071414,1.0,1.0,0.5,0.0,0.0,0.0
TUR,2000,0,0,30.7,6.98528697817062,14856.914625257,65425961.0,54.9153705812683,6.495,7.0,0.0,17.0,0.0,0.0,0.0,0.0,0.0,0.5,0.0,0,33.1,-3.05277055759434,14066.1896257233,64.8674876350757,7.687,3.0,7.0,1.9662582102881412,1.0,1.0,0.5,0.0,0.0,0.0
TUR,2001,0,0,28.5,-5.45940838563062,13872.1287284566,66245128.0,54.4001887619074,8.381,7.0,0.0,18.0,0.0,0.0,0.0,0.0,0.0,0.5,0.0,1,30.7,6.98528697817062,14856.914625257,54.9153705812683,6.495,0.0,7.0,0.7629392962700012,1.0,1.0,0.5,0.0,0.0,0.0
TUR,2002,1,0,26.4,6.43550883793114,14587.894621656,67048795.0,44.964120947985,10.358,7.0,0.0,19.0,0.0,0.0,0.0,0.0,0.0,0.5,0.0,2,28.5,-5.45940838563062,13872.1287284566,54.4001887619074,8.381,0.0,7.0,0.48805022615026106,1.0,1.0,0.5,0.0,0.0,0.0
TUR,2003,0,1,24.4,5.79909321038525,15255.7177960689,67831730.0,21.6024384490573,10.542,7.0,0.0,20.0,0.0,0.0,0.0,0.0,0.0,0.5,0.0,0,26.4,6.43550883793114,14587.894621656,44.964120947985,10.358,0.0,7.0,6.117301024158196,1.0,1.0,0.5,0.5,0.0,0.0
TUR,2004,0,1,22.5,9.92540551918624,16583.8837094062,68592617.0,8.59826168115262,10.838,7.0,0.0,21.0,2.0,0.0,2.0,0.0,1.0,0.5,0.0,1,24.4,5.79909321038525,15255.7177960689,21.6024384490573,10.542,0.0,7.0,7.862249364785746,1.0,0.0,0.5,0.5,0.0,0.0
TUR,2005,0,1,20.9,9.11157745861635,17902.5966004487,69329557.0,8.17916036802008,10.636,7.0,0.0,22.0,2.0,0.0,2.0,0.0,1.0,0.5,0.0,2,22.5,9.92540551918624,16583.8837094062,8.59826168115262,10.838,2.0,7.0,9.518491488901297,1.0,0.0,0.5,0.5,0.0,0.0
TUR,2006,0,1,19.3,7.06762607623939,18972.0089563632,70045349.0,9.59724212288446,10.227,7.0,0.0,23.0,2.0,0.0,2.0,0.0,1.0,0.5,0.0,3,20.9,9.11157745861635,17902.5966004487,8.17916036802008,10.636,2.0,7.0,8.08960176742787,1.0,0.0,0.5,0.5,0.0,0.0
TUR,2007,0,1,17.9,5.10818513903604,19909.083519675,70158112.0,8.75618090972632,10.285,7.0,0.0,24.0,2.0,0.0,2.0,0.0,1.0,0.5,0.0,4,19.3,7.06762607623939,18972.0089563632,9.59724212288446,10.227,2.0,7.0,6.087905607637715,0.0,0.0,0.0,0.5,0.0,0.0
TUR,2008,0,2,16.7,0.920118221365883,19839.5845462269,71051678.0,10.4441283764885,10.965,7.0,0.0,25.0,2.0,0.0,2.0,0.0,1.0,0.5,0.0,5,17.9,5.10818513903604,19909.083519675,8.75618090972632,10.285,2.0,7.0,3.0141516802009622,0.0,1.0,0.0,1.0,0.0,1.0
TUR,2009,0,1,15.5,-4.88269401706633,18612.1925231905,72039206.0,6.25097663090626,14.026,7.0,0.0,26.0,2.0,0.0,2.0,0.0,1.0,0.5,0.0,6,16.7,0.920118221365883,19839.5845462269,10.4441283764885,10.965,2.0,7.0,-1.9812878978502226,0.0,0.0,0.0,0.5,0.0,0.0
TUR,2010,0,1,14.5,8.54219848467686,19897.4464836887,73142150.0,8.56644420552976,11.879,7.0,0.0,27.0,2.0,0.0,2.0,0.0,1.0,0.5,0.0,7,15.5,-4.88269401706633,18612.1925231905,6.25097663090626,14.026,2.0,7.0,1.8297522338052659,0.0,0.0,0.0,0.5,0.0,0.0
TUR,2011,0,2,13.6,10.9799625273598,21760.4291923634,74223629.0,6.471879671151,9.789,9.0,0.0,28.0,2.0,0.0,2.0,0.0,1.0,0.5,0.0,8,14.5,8.54219848467686,19897.4464836887,8.56644420552976,11.879,2.0,7.0,9.761080506018331,0.0,0.0,0.0,1.0,0.0,1.0
TUR,2012,0,2,12.8,4.80762696633448,22517.7148287875,75175827.0,8.89156996512163,9.21,9.0,0.0,29.0,2.0,0.0,2.0,0.0,1.0,0.5,0.0,9,13.6,10.9799625273598,21760.4291923634,6.471879671151,9.789,2.0,9.0,7.893794746847141,0.0,0.0,0.0,1.0,0.0,1.0
TUR,2013,0,2,12.1,8.48825689298511,24117.3121099839,76147624.0,7.49309030547693,9.713,9.0,0.0,30.0,2.0,0.0,2.0,0.0,1.0,0.5,0.0,10,12.8,4.80762696633448,22517.7148287875,8.89156996512163,9.21,2.0,9.0,6.647941929659796,0.0,0.0,0.0,1.0,0.0,1.0
TUR,2014,0,2,11.5,4.60079447270559,24888.8521742576,77181884.0,8.85457271364316,9.901,3.0,1.0,0.0,2.0,0.0,2.0,0.0,1.0,0.5,0.0,11,12.1,8.48825689298511,24117.3121099839,7.49309030547693,9.713,2.0,9.0,6.54452568284535,0.0,0.0,0.0,1.0,0.0,1.0
TUR,2015,0,2,11.0,5.80557386628684,25984.8027306177,78218479.0,7.67085364845885,10.304,3.0,1.0,0.0,2.0,0.0,2.0,0.0,1.0,0.5,0.0,12,11.5,4.60079447270559,24888.8521742576,8.85457271364316,9.901,2.0,3.0,5.203184169496216,0.0,0.0,0.0,1.0,0.0,1.0
TUR,2016,0,2,10.5,3.32366508200445,26489.6436816046,79277962.0,7.7751341532833,10.899,-4.0,1.0,0.0,2.0,0.0,2.0,0.0,1.0,0.5,0.0,13,11.0,5.80557386628684,25984.8027306177,7.67085364845885,10.304,2.0,3.0,4.564619474145646,0.0,0.0,0.0,1.0,0.0,1.0
TUR,2017,0,2,10.1,7.82585730002594,28194.688309381,80312698.0,11.1443110840764,10.919,-4.0,1.0,1.0,2.0,0.0,2.0,0.0,1.0,0.5,0.0,14,10.5,3.32366508200445,26489.6436816046,7.7751341532833,10.899,2.0,-4.0,5.574761191015196,0.0,1.0,0.0,1.0,0.0,1.0
TUR,2018,0,1,9.7,3.46815306092219,28780.3036458151,81407204.0,16.3324638988929,10.956,-4.0,1.0,2.0,2.0,0.0,2.0,0.0,1.0,0.5,0.0,15,10.1,7.82585730002594,28194.688309381,11.1443110840764,10.919,2.0,-4.0,5.647005180474066,0.0,1.0,0.0,0.5,0.0,0.0
TUR,2019,0,1,9.4,1.30162365464503,28741.0535082701,82579440.0,15.1768215720022,13.73,-4.0,1.0,2.0,2.0,0.0,2.0,0.0,1.0,0.5,0.0,16,9.7,3.46815306092219,28780.3036458151,16.3324638988929,10.956,2.0,-4.0,2.384888357783611,0.0,1.0,0.0,0.5,0.0,0.0
TUR,2020,0,1,9.1,1.80306247087255,28976.7179161611,83384680.0,12.2789574462574,13.148,-4.0,1.0,2.0,2.0,0.0,2.0,0.0,1.0,0.5,0.0,17,9.4,1.30162365464503,28741.0535082701,15.1768215720022,13.73,2.0,-4.0,1.5523430627587909,0.0,1.0,0.0,0.5,0.0,0.0
TUR,2021,0,1,8.8,11.811094450607,32105.5474400506,84147318.0,19.5964926913324,11.969,-4.0,1.0,2.0,2.0,0.0,2.0,0.0,1.0,0.5,0.0,18,9.1,1.80306247087255,28976.7179161611,12.2789574462574,13.148,2.0,-4.0,6.807078460739776,0.0,1.0,0.0,0.5,0.0,0.0
TUR,2022,0,1,8.5,5.44122511322401,33520.8111384208,84979913.0,72.3088359891207,10.465,-4.0,1.0,2.0,2.0,0.0,2.0,0.0,1.0,0.5,0.0,19,8.8,11.811094450607,32105.5474400506,19.5964926913324,11.969,2.0,-4.0,8.626159781915506,0.0,1.0,0.0,0.5,0.0,0.0
TUR,2023,0,1,9.8,5.04512369812289,35069.1701714685,85325965.0,53.8594087593315,9.388,-4.0,1.0,2.0,2.0,0.0,2.0,0.0,1.0,0.5,0.0,20,8.5,5.44122511322401,33520.8111384208,72.3088359891207,10.465,2.0,-4.0,5.243174405673451,0.0,1.0,0.0,0.5,0.0,0.0
TUR,2024,0,1,8.0,3.3276230893799,36154.490436557,85518661.0,58.5064507300342,8.8,-4.0,1.0,2.0,2.0,0.0,2.0,0.0,1.0,0.5,0.0,21,9.8,5.04512369812289,35069.1701714685,53.8594087593315,9.388,2.0,-4.0,4.186373393751396,0.0,1.0,0.0,0.5,0.0,0.0
URY,1970,0,0,48.8,2.33321338074524,18270.06444120635,2790807.0,16.3061449435998,6.6025,8.0,0.0,18.0,0.0,0.0,0.0,0.0,0.0,0.5,0.0,0,18.4,3.53620866972961,18109.67372703895,5.66318573909345,6.662,0.0,8.0,2.33321338074524,1.0,1.0,0.5,0.0,0.0,0.0
URY,1971,0,0,48.1,-0.251711531030196,18270.06444120635,2806462.0,23.9530889061731,6.6025,3.0,1.0,0.0,0.0,0.0,0.0,0.0,0.0,0.5,0.0,1,48.8,2.33321338074524,18109.67372703895,16.3061449435998,6.662,0.0,8.0,1.040750924857522,1.0,1.0,0.5,0.0,0.0,0.0
URY,1972,0,0,48.0,-1.31956986163931,18270.06444120635,2821644.0,76.4849237828812,6.6025,-3.0,1.0,0.0,0.0,0.0,0.0,0.0,0.0,0.5,0.0,2,48.1,-0.251711531030196,18109.67372703895,23.9530889061731,6.662,0.0,3.0,-0.785640696334753,1.0,1.0,0.5,0.0,0.0,0.0
URY,1973,0,0,48.6,0.275199617416817,18270.06444120635,2837133.0,96.9972653187058,6.6025,-8.0,0.0,0.0,0.0,0.0,0.0,0.0,0.0,0.5,0.0,3,48.0,-1.31956986163931,18109.67372703895,76.4849237828812,6.662,0.0,-3.0,-0.5221851221112465,1.0,1.0,0.5,0.0,0.0,0.0
URY,1974,0,0,49.3,2.89534459834873,18270.06444120635,2853944.0,77.213413779201,6.6025,-8.0,0.0,1.0,0.0,0.0,0.0,0.0,0.0,0.5,0.0,4,48.6,0.275199617416817,18109.67372703895,96.9972653187058,6.662,0.0,-8.0,1.5852721078827734,1.0,1.0,0.5,0.0,0.0,0.0
URY,1975,0,0,49.5,6.09691431298931,18270.06444120635,2872320.0,81.4053840067419,6.6025,-8.0,0.0,2.0,0.0,0.0,0.0,0.0,0.0,0.5,0.0,5,49.3,2.89534459834873,18109.67372703895,77.213413779201,6.662,0.0,-8.0,4.49612945566902,1.0,1.0,0.5,0.0,0.0,0.0
URY,1976,0,0,48.6,3.93547017536275,18270.06444120635,2891392.0,50.623049560462,6.6025,-8.0,0.0,3.0,0.0,0.0,0.0,0.0,0.0,0.5,0.0,6,49.5,6.09691431298931,18109.67372703895,81.4053840067419,6.662,0.0,-8.0,5.01619224417603,1.0,1.0,0.5,0.0,0.0,0.0
URY,1977,0,0,46.6,1.45546117847255,18270.06444120635,2909461.0,58.1961750215737,6.6025,-8.0,0.0,4.0,0.0,0.0,0.0,0.0,0.0,0.5,0.0,7,48.6,3.93547017536275,18109.67372703895,50.623049560462,6.662,0.0,-8.0,2.6954656769176504,1.0,1.0,0.5,0.0,0.0,0.0
URY,1978,0,0,43.4,5.37398534767648,18270.06444120635,2925715.0,44.5483436672392,6.6025,-7.0,0.0,5.0,0.0,0.0,0.0,0.0,0.0,0.5,0.0,8,46.6,1.45546117847255,18109.67372703895,58.1961750215737,6.662,0.0,-8.0,3.4147232630745155,1.0,1.0,0.5,0.0,0.0,0.0
URY,1979,0,0,39.5,6.1991167323612,18270.06444120635,2939903.0,66.8442861850437,6.6025,-7.0,0.0,6.0,0.0,0.0,0.0,0.0,0.0,0.5,0.0,9,43.4,5.37398534767648,18109.67372703895,44.5483436672392,6.662,0.0,-7.0,5.78655104001884,1.0,1.0,0.5,0.0,0.0,0.0
URY,1980,0,0,35.6,5.84340090113461,18270.06444120635,2951953.0,63.4758304314673,6.6025,-7.0,0.0,7.0,0.0,0.0,0.0,0.0,0.0,0.5,0.0,10,39.5,6.1991167323612,18109.67372703895,66.8442861850437,6.662,0.0,-7.0,6.021258816747905,1.0,1.0,0.5,0.0,0.0,0.0
URY,1981,0,0,32.1,1.55955982937495,18270.06444120635,2963246.0,34.0453358609474,6.6025,-7.0,0.0,8.0,0.0,0.0,0.0,0.0,0.0,0.5,0.0,11,35.6,5.84340090113461,18109.67372703895,63.4758304314673,6.662,0.0,-7.0,3.7014803652547803,1.0,1.0,0.5,0.0,0.0,0.0
URY,1982,0,0,29.4,-9.75787146088504,18270.06444120635,2975492.0,18.9925012952182,6.6025,-7.0,0.0,9.0,0.0,0.0,0.0,0.0,0.0,0.5,0.0,12,32.1,1.55955982937495,18109.67372703895,34.0453358609474,6.662,0.0,-7.0,-4.099155815755045,1.0,1.0,0.5,0.0,0.0,0.0
URY,1983,0,0,27.6,-10.274399195032,18270.06444120635,2988778.0,49.1973796505637,6.6025,-7.0,0.0,10.0,0.0,0.0,0.0,0.0,0.0,0.5,0.0,13,29.4,-9.75787146088504,18109.67372703895,18.9925012952182,6.662,0.0,-7.0,-10.01613532795852,1.0,1.0,0.5,0.0,0.0,0.0
URY,1984,1,0,26.3,-1.142617449752,18270.06444120635,3002488.0,55.3044235418763,6.6025,-7.0,0.0,11.0,0.0,0.0,0.0,0.0,0.0,0.5,0.0,14,27.6,-10.274399195032,18109.67372703895,49.1973796505637,6.662,0.0,-7.0,-5.7085083223919995,1.0,1.0,0.5,0.0,0.0,0.0
URY,1985,0,0,25.2,1.46653602887281,18270.06444120635,3017037.0,72.2225644287756,6.6025,9.0,0.0,0.0,0.0,0.0,0.0,0.0,0.0,0.5,0.0,0,26.3,-1.142617449752,18109.67372703895,55.3044235418763,6.662,0.0,-7.0,0.16195928956040584,1.0,1.0,0.5,0.0,0.0,0.0
URY,1986,0,0,24.1,8.80980829469384,18270.06444120635,3032845.0,76.3806364119544,6.6025,9.0,0.0,1.0,0.0,0.0,0.0,0.0,0.0,0.5,0.0,1,25.2,1.46653602887281,18109.67372703895,72.2225644287756,6.662,0.0,9.0,5.138172161783325,1.0,1.0,0.5,0.0,0.0,0.0
URY,1987,0,0,23.1,7.99313720510438,18270.06444120635,3049896.0,63.5666624326724,6.6025,9.0,0.0,2.0,0.0,0.0,0.0,0.0,0.0,0.5,0.0,2,24.1,8.80980829469384,18109.67372703895,76.3806364119544,6.662,0.0,9.0,8.40147274989911,1.0,1.0,0.5,0.0,0.0,0.0
URY,1988,0,0,22.2,1.48093746177193,18270.06444120635,3067961.0,62.1919564596004,6.6025,9.0,0.0,3.0,0.0,0.0,0.0,0.0,0.0,0.5,0.0,3,23.1,7.99313720510438,18109.67372703895,63.5666624326724,6.662,0.0,9.0,4.737037333438156,1.0,1.0,0.5,0.0,0.0,0.0
URY,1989,0,0,21.3,1.1039010238153,18270.06444120635,3086255.0,80.4474367280735,6.6025,10.0,0.0,4.0,0.0,0.0,0.0,0.0,0.0,0.5,0.0,4,22.2,1.48093746177193,18109.67372703895,62.1919564596004,6.662,0.0,9.0,1.2924192427936159,1.0,1.0,0.5,0.0,0.0,0.0
URY,1990,0,0,20.7,0.297348378681562,14060.8401531053,3104403.0,112.525905573023,6.6025,10.0,0.0,5.0,0.0,0.0,0.0,0.0,0.0,0.5,0.0,5,21.3,1.1039010238153,18109.67372703895,80.4474367280735,6.662,0.0,10.0,0.7006247012484319,1.0,1.0,0.5,0.0,0.0,0.0
URY,1991,0,0,20.4,3.53880850451309,14474.7272308128,3122354.0,101.971683202507,8.95,10.0,0.0,6.0,0.0,0.0,0.0,0.0,0.0,0.5,0.0,6,20.7,0.297348378681562,14060.8401531053,112.525905573023,6.662,0.0,10.0,1.9180784415973269,1.0,1.0,0.5,0.0,0.0,0.0
URY,1992,0,0,20.0,7.93158841395443,15536.4813275187,3139702.0,68.4591938395374,8.96,10.0,0.0,7.0,0.0,0.0,0.0,0.0,0.0,0.5,0.0,7,20.4,3.53880850451309,14474.7272308128,101.971683202507,8.95,0.0,10.0,5.735198459233761,1.0,1.0,0.5,0.0,0.0,0.0
URY,1993,0,0,19.7,2.65754610698545,15865.2715092002,3156345.0,54.1007924425194,8.35,10.0,0.0,8.0,0.0,0.0,0.0,0.0,0.0,0.5,0.0,8,20.0,7.93158841395443,15536.4813275187,68.4591938395374,8.96,0.0,10.0,5.294567260469941,1.0,1.0,0.5,0.0,0.0,0.0
URY,1994,0,0,19.2,7.28134264410127,16932.0220449735,3172834.0,44.7360421521933,9.04,10.0,0.0,9.0,0.0,0.0,0.0,0.0,0.0,0.5,0.0,9,19.7,2.65754610698545,15865.2715092002,54.1007924425194,8.35,0.0,10.0,4.969444375543361,1.0,1.0,0.5,0.0,0.0,0.0
URY,1995,0,0,18.5,-1.44759896894408,16600.0329041954,3189440.0,42.2483197983755,10.02,10.0,0.0,10.0,0.0,0.0,0.0,0.0,0.0,0.5,0.0,10,19.2,7.28134264410127,16932.0220449735,44.7360421521933,9.04,0.0,10.0,2.9168718375785962,1.0,1.0,0.5,0.0,0.0,0.0
URY,1996,0,0,17.7,5.57795776385868,17433.6866851628,3206324.0,28.3420486004309,11.93,10.0,0.0,11.0,0.0,0.0,0.0,0.0,0.0,0.5,0.0,11,18.5,-1.44759896894408,16600.0329041954,42.2483197983755,10.02,0.0,10.0,2.0651793974573014,0.0,1.0,0.0,0.0,0.0,0.0
URY,1997,0,0,16.8,8.54768320111596,18823.934790748,3223345.0,19.8188093183779,11.44,10.0,0.0,12.0,0.0,0.0,0.0,0.0,0.0,0.5,0.0,12,17.7,5.57795776385868,17433.6866851628,28.3420486004309,11.93,0.0,10.0,7.0628204824873215,0.0,1.0,0.0,0.0,0.0,0.0
URY,1998,0,0,16.0,4.51889009679091,19577.7825547632,3239280.0,10.8110703055616,9.362,10.0,0.0,13.0,0.0,0.0,0.0,0.0,0.0,0.5,0.0,13,16.8,8.54768320111596,18823.934790748,19.8188093183779,11.44,0.0,10.0,6.533286648953436,0.0,1.0,0.0,0.0,0.0,0.0
URY,1999,0,0,15.2,-1.52094591992036,19192.7103025817,3254015.0,5.65868803927908,10.466,10.0,0.0,14.0,0.0,0.0,0.0,0.0,0.0,0.5,0.0,14,16.0,4.51889009679091,19577.7825547632,10.8110703055616,9.362,0.0,10.0,1.4989720884352769,0.0,0.0,0.0,0.0,0.0,0.0
URY,2000,0,0,14.7,-1.92993063549235,18752.0507121938,3266206.0,4.76382472733251,12.627,10.0,0.0,15.0,0.0,0.0,0.0,0.0,0.0,0.5,0.0,15,15.2,-1.52094591992036,19192.7103025817,5.65868803927908,10.466,0.0,10.0,-1.7254382777063533,0.0,0.0,0.0,0.0,0.0,0.0
URY,2001,0,0,14.3,-3.84412995940374,17986.8939502115,3274251.0,4.3593406521727,15.052,10.0,0.0,16.0,0.0,0.0,0.0,0.0,0.0,0.5,0.0,16,14.7,-1.92993063549235,18752.0507121938,4.76382472733251,12.627,0.0,10.0,-2.8870302974480433,0.0,0.0,0.0,0.0,0.0,0.0
URY,2002,0,0,14.0,-7.73200721540044,16572.7819019325,3278867.0,13.9724725913515,16.648,10.0,0.0,17.0,0.0,0.0,0.0,0.0,0.0,0.5,0.0,17,14.3,-3.84412995940374,17986.8939502115,4.3593406521727,15.052,0.0,10.0,-5.788068587402089,0.0,1.0,0.0,0.0,0.0,0.0
URY,2003,0,0,13.6,0.805283915893824,16694.4326030244,3281186.0,19.3797301743995,16.661,10.0,0.0,18.0,0.0,0.0,0.0,0.0,0.0,0.5,0.0,18,14.0,-7.73200721540044,16572.7819019325,13.9724725913515,16.648,0.0,10.0,-3.463361649753306,0.0,1.0,0.0,0.0,0.0,0.0
URY,2004,1,0,13.1,5.00416035564457,17519.3729926744,3283148.0,9.15760507540997,12.98,10.0,0.0,19.0,0.0,0.0,0.0,0.0,0.0,0.5,0.0,19,13.6,0.805283915893824,16694.4326030244,19.3797301743995,16.661,0.0,10.0,2.904722135769199,0.0,0.0,0.0,0.0,0.0,0.0
URY,2005,0,0,12.4,7.4601321302473,18811.3124755641,3285771.0,4.6992773903564,12.009,10.0,0.0,20.0,0.0,0.0,0.0,0.0,0.0,0.5,0.0,0,13.1,5.00416035564457,17519.3729926744,9.15760507540997,12.98,0.0,10.0,6.232146242945937,0.0,0.0,0.0,0.0,0.0,0.0
URY,2006,0,0,11.7,4.09857735445401,19560.0743506382,3289506.0,6.39764974385131,10.844,10.0,0.0,21.0,0.0,0.0,0.0,0.0,0.0,0.5,0.0,1,12.4,7.4601321302473,18811.3124755641,4.6992773903564,12.009,0.0,10.0,5.779354742350657,0.0,0.0,0.0,0.0,0.0,0.0
URY,2007,0,0,10.9,6.54151084504817,20803.885306175,3295153.0,8.11464561179313,9.403,10.0,0.0,22.0,0.0,0.0,0.0,0.0,0.0,0.5,0.0,2,11.7,4.09857735445401,19560.0743506382,6.39764974385131,10.844,0.0,10.0,5.320044099751092,0.0,0.0,0.0,0.0,0.0,0.0
URY,2008,0,0,10.2,7.17614466455107,22249.3750934425,3302177.0,7.87707374730888,8.025,10.0,0.0,23.0,0.0,0.0,0.0,0.0,0.0,0.5,0.0,3,10.9,6.54151084504817,20803.885306175,8.11464561179313,9.403,0.0,10.0,6.858827754799622,0.0,0.0,0.0,0.0,0.0,0.0
URY,2009,0,0,9.7,4.24349419462426,23138.0733091496,3310091.0,7.06221874388574,7.74,10.0,0.0,24.0,0.0,0.0,0.0,0.0,0.0,0.5,0.0,4,10.2,7.17614466455107,22249.3750934425,7.87707374730888,8.025,0.0,10.0,5.709819429587666,0.0,0.0,0.0,0.0,0.0,0.0
URY,2010,0,0,9.2,7.8034096507169,24879.8256003219,3318580.0,6.69870886978132,7.158,10.0,0.0,25.0,0.0,0.0,0.0,0.0,0.0,0.5,0.0,5,9.7,4.24349419462426,23138.0733091496,7.06221874388574,7.74,0.0,10.0,6.023451922670581,0.0,0.0,0.0,0.0,0.0,0.0
URY,2011,0,0,8.9,5.16213302463606,26099.3116487704,3326825.0,8.0928320630299,6.307,10.0,0.0,26.0,0.0,0.0,0.0,0.0,0.0,0.5,0.0,6,9.2,7.8034096507169,24879.8256003219,6.69870886978132,7.158,0.0,10.0,6.482771337676482,0.0,0.0,0.0,0.0,0.0,0.0
URY,2012,0,0,8.5,3.53817872056869,26953.2709026389,3335401.0,8.09776580573602,6.451,10.0,0.0,27.0,0.0,0.0,0.0,0.0,0.0,0.5,0.0,7,8.9,5.16213302463606,26099.3116487704,8.0928320630299,6.307,0.0,10.0,4.350155872602377,0.0,0.0,0.0,0.0,0.0,0.0
URY,2013,0,0,8.2,4.63753862902416,28119.4726887432,3345337.0,8.57513504005397,6.444,10.0,0.0,28.0,0.0,0.0,0.0,0.0,0.0,0.5,0.0,8,8.5,3.53817872056869,26953.2709026389,8.09776580573602,6.451,0.0,10.0,4.087858674796427,0.0,0.0,0.0,0.0,0.0,0.0
URY,2014,0,0,7.9,3.23879122952364,28935.086486757,3356334.0,8.87735333229828,6.547,10.0,0.0,29.0,0.0,0.0,0.0,0.0,0.0,0.5,0.0,9,8.2,4.63753862902416,28119.4726887432,8.57513504005397,6.444,0.0,10.0,3.9381649292739023,0.0,0.0,0.0,0.0,0.0,0.0
URY,2015,0,0,7.5,0.370741257681345,28941.6184540581,3368017.0,8.66626987079328,7.488,10.0,0.0,30.0,0.0,0.0,0.0,0.0,0.0,0.5,0.0,10,7.9,3.23879122952364,28935.086486757,8.87735333229828,6.547,0.0,10.0,1.8047662436024947,0.0,0.0,0.0,0.0,0.0,0.0
URY,2016,0,0,7.1,1.68979822971775,29332.5561568815,3379283.0,9.6394134763508,7.841,10.0,0.0,31.0,0.0,0.0,0.0,0.0,0.0,0.5,0.0,11,7.5,0.370741257681345,28941.6184540581,8.66626987079328,7.488,0.0,10.0,1.0302697436995498,0.0,0.0,0.0,0.0,0.0,0.0
URY,2017,0,0,6.8,1.74037649141989,29762.4220666605,3388438.0,6.2180938256186,7.89,10.0,0.0,32.0,0.0,0.0,0.0,0.0,0.0,0.5,0.0,12,7.1,1.68979822971775,29332.5561568815,9.6394134763508,7.841,0.0,10.0,1.7150873605688224,0.0,0.0,0.0,0.0,0.0,0.0
URY,2018,0,0,6.5,0.164777608846705,29757.9276055415,3394534.0,7.60653360377047,8.336,10.0,0.0,33.0,0.0,0.0,0.0,0.0,0.0,0.5,0.0,13,6.8,1.74037649141989,29762.4220666605,6.2180938256186,7.89,0.0,10.0,0.9525770501332997,0.0,0.0,0.0,0.0,0.0,0.0
URY,2019,1,0,6.2,0.928351027546341,30010.5628834294,3397206.0,7.88198870879619,8.836,10.0,0.0,33.0,0.0,0.0,0.0,0.0,0.0,0.5,0.0,14,6.5,0.164777608846705,29757.9276055415,7.60653360377047,8.336,0.0,10.0,0.5465643181965252,0.0,0.0,0.0,0.0,0.0,0.0
URY,2020,0,0,6.1,-7.35732706897301,27788.1749600196,3398968.0,9.75640636078194,10.413,10.0,0.0,33.0,0.0,0.0,0.0,0.0,0.0,0.5,0.0,0,6.2,0.928351027546341,30010.5628834294,7.88198870879619,8.836,0.0,10.0,-3.2144880207133326,0.0,0.0,0.0,0.0,0.0,0.0
URY,2021,0,0,6.1,5.84427325018082,29431.8738833361,3396695.0,7.74791402314762,9.328,10.0,0.0,33.0,0.0,0.0,0.0,0.0,0.0,0.5,0.0,1,6.1,-7.35732706897301,27788.1749600196,9.75640636078194,10.413,0.0,10.0,-0.7565269093960931,0.0,0.0,0.0,0.0,0.0,0.0
URY,2022,0,0,6.1,4.60623000920732,30840.0709827676,3390913.0,9.10437983075437,7.877,10.0,0.0,33.0,0.0,0.0,0.0,0.0,0.0,0.5,0.0,2,6.1,5.84427325018082,29431.8738833361,7.74791402314762,9.328,0.0,10.0,5.225251629694072,0.0,0.0,0.0,0.0,0.0,0.0
URY,2023,0,0,6.1,0.761749241321681,31100.9696889882,3388081.0,5.86910359896119,8.355,10.0,0.0,33.0,0.0,0.0,0.0,0.0,0.0,0.5,0.0,3,6.1,4.60623000920732,30840.0709827676,9.10437983075437,7.877,0.0,10.0,2.6839896252645024,0.0,0.0,0.0,0.0,0.0,0.0
URY,2024,0,0,6.2,3.32575905957381,32149.480073986,3386588.0,4.84914366613156,8.209,10.0,0.0,33.0,0.0,0.0,0.0,0.0,0.0,0.5,0.0,4,6.1,0.761749241321681,31100.9696889882,5.86910359896119,8.355,0.0,10.0,2.0437541504477474,0.0,0.0,0.0,0.0,0.0,0.0
USA,1970,0,0,19.9,0.216606498143278,18270.06444120635,205052000.0,5.83825533848251,6.6025,8.0,0.0,105.0,3.0,0.0,0.0,3.0,1.0,0.5,0.0,0,18.4,3.53620866972961,18109.67372703895,5.66318573909345,6.662,0.0,8.0,0.216606498143278,1.0,0.0,0.5,0.0,0.0,0.0
USA,1971,0,0,19.1,3.29272243899894,18270.06444120635,207661000.0,4.29276668813051,6.6025,8.0,0.0,106.0,3.0,0.0,0.0,3.0,1.0,0.5,0.0,1,19.9,0.216606498143278,18109.67372703895,5.83825533848251,6.662,3.0,8.0,1.7546644685711088,1.0,0.0,0.5,0.0,0.0,0.0
USA,1972,0,0,18.3,5.25550197771585,18270.06444120635,209896000.0,3.27227824655283,6.6025,8.0,0.0,107.0,3.0,0.0,0.0,3.0,1.0,0.5,0.0,2,19.1,3.29272243899894,18109.67372703895,4.29276668813051,6.662,3.0,8.0,4.274112208357395,1.0,0.0,0.5,0.0,0.0,0.0
USA,1973,0,0,17.5,5.64567975951033,18270.06444120635,211909000.0,6.17776006377038,6.6025,8.0,0.0,108.0,3.0,0.0,0.0,3.0,1.0,0.5,0.0,3,18.3,5.25550197771585,18109.67372703895,3.27227824655283,6.662,3.0,8.0,5.45059086861309,0.0,0.0,0.0,0.0,0.0,0.0
USA,1974,0,0,16.7,-0.540550190362552,18270.06444120635,213854000.0,11.0548048048048,6.6025,10.0,0.0,109.0,0.0,0.0,0.0,0.0,0.0,0.5,0.0,4,17.5,5.64567975951033,18109.67372703895,6.17776006377038,6.662,3.0,8.0,2.552564784573889,0.0,1.0,0.0,0.0,0.0,0.0
USA,1975,0,0,15.9,-0.205619191208058,18270.06444120635,215973000.0,9.14314686496535,6.6025,10.0,0.0,110.0,0.0,0.0,0.0,0.0,0.0,0.5,0.0,5,16.7,-0.540550190362552,18109.67372703895,11.0548048048048,6.662,0.0,10.0,-0.37308469078530504,0.0,0.0,0.0,0.0,0.0,0.0
USA,1976,1,0,15.2,5.38803390614694,18270.06444120635,218035000.0,5.74481263549085,6.6025,10.0,0.0,111.0,0.0,0.0,0.0,0.0,0.0,0.5,0.0,6,15.9,-0.205619191208058,18109.67372703895,9.14314686496535,6.662,0.0,10.0,2.591207357469441,0.0,0.0,0.0,0.0,0.0,0.0
USA,1977,0,0,14.4,4.62418650079432,18270.06444120635,220239000.0,6.5016839947284,6.6025,10.0,0.0,112.0,0.0,0.0,0.0,0.0,0.0,0.5,0.0,0,15.2,5.38803390614694,18109.67372703895,5.74481263549085,6.662,0.0,10.0,5.00611020347063,0.0,0.0,0.0,0.0,0.0,0.0
USA,1978,0,0,13.8,5.53520648057204,18270.06444120635,222585000.0,7.63096383885606,6.6025,10.0,0.0,113.0,0.0,0.0,0.0,0.0,0.0,0.5,0.0,1,14.4,4.62418650079432,18109.67372703895,6.5016839947284,6.662,0.0,10.0,5.07969649068318,0.0,0.0,0.0,0.0,0.0,0.0
USA,1979,0,0,13.1,3.16598822512103,18270.06444120635,225055000.0,11.2544711292795,6.6025,10.0,0.0,114.0,0.0,0.0,0.0,0.0,0.0,0.5,0.0,2,13.8,5.53520648057204,18109.67372703895,7.63096383885606,6.662,0.0,10.0,4.350597352846535,0.0,1.0,0.0,0.0,0.0,0.0
USA,1980,1,0,12.6,-0.256775739391401,18270.06444120635,227225000.0,13.5492019749684,6.6025,10.0,0.0,115.0,0.0,0.0,0.0,0.0,0.0,0.5,0.0,3,13.1,3.16598822512103,18109.67372703895,11.2544711292795,6.662,0.0,10.0,1.4546062428648143,0.0,1.0,0.0,0.0,0.0,0.0
USA,1981,0,0,12.1,2.53770127042986,18270.06444120635,229466000.0,10.3347153402771,6.6025,10.0,0.0,116.0,0.0,0.0,0.0,0.0,0.0,0.5,0.0,0,12.6,-0.256775739391401,18109.67372703895,13.5492019749684,6.662,0.0,10.0,1.1404627655192294,0.0,1.0,0.0,0.0,0.0,0.0
USA,1982,0,0,11.6,-1.80301377321203,18270.06444120635,231664000.0,6.13142700027493,6.6025,10.0,0.0,117.0,0.0,0.0,0.0,0.0,0.0,0.5,0.0,1,12.1,2.53770127042986,18109.67372703895,10.3347153402771,6.662,0.0,10.0,0.36734374860891505,0.0,0.0,0.0,0.0,0.0,0.0
USA,1983,0,0,11.2,4.58379096944093,18270.06444120635,233792000.0,3.21243523316065,6.6025,10.0,0.0,118.0,0.0,0.0,0.0,0.0,0.0,0.5,0.0,2,11.6,-1.80301377321203,18109.67372703895,6.13142700027493,6.662,0.0,10.0,1.39038859811445,0.0,0.0,0.0,0.0,0.0,0.0
USA,1984,0,0,10.9,7.2364531665454,18270.06444120635,235825000.0,4.30053547523429,6.6025,10.0,0.0,119.0,0.0,0.0,0.0,0.0,0.0,0.5,0.0,3,11.2,4.58379096944093,18109.67372703895,3.21243523316065,6.662,0.0,10.0,5.910122067993164,0.0,0.0,0.0,0.0,0.0,0.0
USA,1985,0,0,10.6,4.16957535422245,18270.06444120635,237924000.0,3.54564415209365,6.6025,10.0,0.0,120.0,0.0,0.0,0.0,0.0,0.0,0.5,0.0,4,10.9,7.2364531665454,18109.67372703895,4.30053547523429,6.662,0.0,10.0,5.703014260383925,0.0,0.0,0.0,0.0,0.0,0.0
USA,1986,0,0,10.4,3.46265504522061,18270.06444120635,240133000.0,1.89804772234276,6.6025,10.0,0.0,121.0,0.0,0.0,0.0,0.0,0.0,0.5,0.0,5,10.6,4.16957535422245,18109.67372703895,3.54564415209365,6.662,0.0,10.0,3.81611519972153,0.0,0.0,0.0,0.0,0.0,0.0
USA,1987,0,0,10.1,3.45462966441372,18270.06444120635,242289000.0,3.6645632175169,6.6025,10.0,0.0,122.0,0.0,0.0,0.0,0.0,0.0,0.5,0.0,6,10.4,3.46265504522061,18109.67372703895,1.89804772234276,6.662,0.0,10.0,3.458642354817165,0.0,0.0,0.0,0.0,0.0,0.0
USA,1988,0,0,9.9,4.17698239478443,18270.06444120635,244499000.0,4.07774110744413,6.6025,10.0,0.0,123.0,0.0,0.0,0.0,0.0,0.0,0.5,0.0,7,10.1,3.45462966441372,18109.67372703895,3.6645632175169,6.662,0.0,10.0,3.815806029599075,0.0,0.0,0.0,0.0,0.0,0.0
USA,1989,0,0,9.7,3.67223784138015,18270.06444120635,246819000.0,4.82700303008944,6.6025,10.0,0.0,124.0,1.0,0.0,0.0,1.0,1.0,0.5,0.0,8,9.9,4.17698239478443,18109.67372703895,4.07774110744413,6.662,0.0,10.0,3.92461011808229,0.0,0.0,0.0,0.0,0.0,0.0
USA,1990,0,0,9.4,1.88596557755378,44384.2101912606,249623000.0,5.39795643990325,6.6025,10.0,0.0,125.0,0.0,0.0,0.0,0.0,0.0,0.5,0.0,9,9.7,3.67223784138015,18109.67372703895,4.82700303008944,6.662,1.0,10.0,2.779101709466965,0.0,0.0,0.0,0.0,0.0,0.0
USA,1991,0,0,9.1,-0.108312873733027,43747.6307351749,252981000.0,4.23496396453849,6.8,10.0,0.0,126.0,0.0,0.0,0.0,0.0,0.0,0.5,0.0,10,9.4,1.88596557755378,44384.2101912606,5.39795643990325,6.662,0.0,10.0,0.8888263519103765,0.0,0.0,0.0,0.0,0.0,0.0
USA,1992,1,0,8.8,3.52249717254271,44664.873585596,256514000.0,3.02881967814969,7.5,10.0,0.0,127.0,0.0,0.0,0.0,0.0,0.0,0.5,0.0,11,9.1,-0.108312873733027,43747.6307351749,4.23496396453849,6.8,0.0,10.0,1.7070921494048414,0.0,0.0,0.0,0.0,0.0,0.0
USA,1993,0,0,8.5,2.75179586314481,45292.7380683092,259919000.0,2.95165696638559,6.9,10.0,0.0,128.0,0.0,0.0,0.0,0.0,0.0,0.5,0.0,0,8.8,3.52249717254271,44664.873585596,3.02881967814969,7.5,0.0,10.0,3.13714651784376,0.0,0.0,0.0,0.0,0.0,0.0
USA,1994,0,0,8.2,4.02902272637739,46543.3199204553,263126000.0,2.60744159215453,6.119,10.0,0.0,129.0,0.0,0.0,0.0,0.0,0.0,0.5,0.0,1,8.5,2.75179586314481,45292.7380683092,2.95165696638559,6.9,0.0,10.0,3.3904092947611,0.0,0.0,0.0,0.0,0.0,0.0
USA,1995,0,0,7.9,2.68443073970295,47227.0083257008,266278000.0,2.80541968853662,5.65,10.0,0.0,130.0,0.0,0.0,0.0,0.0,0.0,0.5,0.0,2,8.2,4.02902272637739,46543.3199204553,2.60744159215453,6.119,0.0,10.0,3.35672673304017,0.0,0.0,0.0,0.0,0.0,0.0
USA,1996,0,0,7.7,3.77277269047364,48441.9061125568,269394000.0,2.93120419993441,5.451,10.0,0.0,131.0,0.0,0.0,0.0,0.0,0.0,0.5,0.0,3,7.9,2.68443073970295,47227.0083257008,2.80541968853662,5.65,0.0,10.0,3.2286017150882946,0.0,0.0,0.0,0.0,0.0,0.0
USA,1997,0,0,7.5,4.44712793442667,49990.6740739125,272657000.0,2.33768993730735,5.0,10.0,0.0,132.0,0.0,0.0,0.0,0.0,0.0,0.5,0.0,4,7.7,3.77277269047364,48441.9061125568,2.93120419993441,5.451,0.0,10.0,4.109950312450155,0.0,0.0,0.0,0.0,0.0,0.0
USA,1998,0,0,7.3,4.48313335499124,51626.4838297863,275854000.0,1.55227909874364,4.511,10.0,0.0,133.0,0.0,0.0,0.0,0.0,0.0,0.5,0.0,5,7.5,4.44712793442667,49990.6740739125,2.33768993730735,5.0,0.0,10.0,4.465130644708955,0.0,0.0,0.0,0.0,0.0,0.0
USA,1999,0,0,7.2,4.78842504836746,53480.8969962416,279040000.0,2.18802719697358,4.219,10.0,0.0,134.0,0.0,0.0,0.0,0.0,0.0,0.5,0.0,6,7.3,4.48313335499124,51626.4838297863,1.55227909874364,4.511,0.0,10.0,4.63577920167935,0.0,0.0,0.0,0.0,0.0,0.0
USA,2000,1,0,7.1,4.07758575997799,55045.6745311559,282162411.0,3.37685727149929,3.992,10.0,0.0,135.0,0.0,0.0,0.0,0.0,0.0,0.5,0.0,7,7.2,4.78842504836746,53480.8969962416,2.18802719697358,4.219,0.0,10.0,4.433005404172725,0.0,0.0,0.0,0.0,0.0,0.0
USA,2001,0,0,7.0,0.955538337599847,55024.3542766281,284968955.0,2.82617111885407,4.731,10.0,0.0,136.0,2.0,0.0,0.0,2.0,1.0,0.5,0.0,0,7.1,4.07758575997799,55045.6745311559,3.37685727149929,3.992,0.0,10.0,2.516562048788918,0.0,0.0,0.0,0.0,0.0,0.0
USA,2002,0,0,7.0,1.70044733078285,55443.2199435683,287625193.0,1.58603162650601,5.783,10.0,0.0,137.0,0.0,0.0,0.0,0.0,0.0,0.5,0.0,1,7.0,0.955538337599847,55024.3542766281,2.82617111885407,4.731,2.0,10.0,1.3279928341913485,0.0,0.0,0.0,0.0,0.0,0.0
USA,2003,0,0,6.9,2.79560596378604,56505.4468784112,290107933.0,2.27009497336115,5.989,10.0,0.0,138.0,2.0,0.0,0.0,2.0,1.0,0.5,0.0,2,7.0,1.70044733078285,55443.2199435683,1.58603162650601,5.783,0.0,10.0,2.248026647284445,0.0,0.0,0.0,0.0,0.0,0.0
USA,2004,0,0,6.8,3.84777169267127,58139.0820195229,292805298.0,2.67723669309172,5.529,10.0,0.0,139.0,2.0,0.0,0.0,2.0,1.0,0.5,0.0,3,6.9,2.79560596378604,56505.4468784112,2.27009497336115,5.989,2.0,10.0,3.321688828228655,0.0,0.0,0.0,0.0,0.0,0.0
USA,2005,0,0,6.8,3.48354993710312,59612.3907215559,295516599.0,3.3927468454955,5.084,10.0,0.0,140.0,3.0,0.0,0.0,3.0,1.0,0.5,0.0,4,6.8,3.84777169267127,58139.0820195229,2.67723669309172,5.529,2.0,10.0,3.665660814887195,0.0,0.0,0.0,0.0,0.0,0.0
USA,2006,0,0,6.7,2.78453963674239,60684.3399832539,298379912.0,3.22594410070404,4.623,10.0,0.0,140.0,3.0,0.0,0.0,3.0,1.0,0.5,0.0,5,6.8,3.48354993710312,59612.3907215559,3.3927468454955,5.084,3.0,10.0,3.134044786922755,0.0,0.0,0.0,0.0,0.0,0.0
USA,2007,0,0,6.6,2.0038583039496,61314.4520816367,301231207.0,2.85267248150138,4.622,10.0,0.0,142.0,3.0,0.0,0.0,3.0,1.0,0.5,0.0,6,6.7,2.78453963674239,60684.3399832539,3.22594410070404,4.623,3.0,10.0,2.394198970345995,0.0,0.0,0.0,0.0,0.0,0.0
USA,2008,1,0,6.5,0.113587247501258,60806.2238713713,304093966.0,3.839100296651,5.784,10.0,0.0,143.0,3.0,0.0,0.0,3.0,1.0,0.5,0.0,7,6.6,2.0038583039496,61314.4520816367,2.85267248150138,4.622,3.0,10.0,1.058722775725429,0.0,0.0,0.0,0.0,0.0,0.0
USA,2009,0,0,6.4,-2.5765002366652,58722.496767251,306771529.0,-0.355546266299747,9.254,10.0,0.0,144.0,3.0,0.0,0.0,3.0,1.0,0.5,0.0,0,6.5,0.113587247501258,60806.2238713713,3.839100296651,5.784,3.0,10.0,-1.231456494581971,0.0,0.0,0.0,0.0,0.0,0.0
USA,2010,0,0,6.2,2.69519258673525,59797.0736545937,309378227.0,1.6400434423899,9.633,10.0,0.0,145.0,3.0,0.0,0.0,3.0,1.0,0.5,0.0,1,6.4,-2.5765002366652,58722.496767251,-0.355546266299747,9.254,3.0,10.0,0.05934617503502504,0.0,0.0,0.0,0.0,0.0,0.0
USA,2011,0,0,6.1,1.56440685205419,60253.2035796719,311839461.0,3.156841568622,8.949,10.0,0.0,146.0,1.0,0.0,0.0,1.0,1.0,0.5,0.0,2,6.2,2.69519258673525,59797.0736545937,1.6400434423899,9.633,3.0,10.0,2.12979971939472,0.0,0.0,0.0,0.0,0.0,0.0
USA,2012,0,0,6.0,2.28911339009767,61142.3637034265,314339099.0,2.06933726526067,8.069,10.0,0.0,147.0,1.0,0.0,0.0,1.0,1.0,0.5,0.0,3,6.1,1.56440685205419,60253.2035796719,3.156841568622,8.949,1.0,10.0,1.92676012107593,0.0,0.0,0.0,0.0,0.0,0.0
USA,2013,0,0,5.9,2.11783009443471,61966.6621370894,316726282.0,1.46483265562717,7.375,10.0,0.0,148.0,1.0,0.0,0.0,1.0,1.0,0.5,0.0,4,6.0,2.28911339009767,61142.3637034265,2.06933726526067,8.069,1.0,10.0,2.2034717422661902,0.0,0.0,0.0,0.0,0.0,0.0
USA,2014,0,0,5.8,2.52381981757846,63026.8779187814,319257560.0,1.62222297740817,6.168,10.0,0.0,149.0,1.0,0.0,0.0,1.0,1.0,0.5,0.0,5,5.9,2.11783009443471,61966.6621370894,1.46483265562717,7.375,1.0,10.0,2.320824956006585,0.0,0.0,0.0,0.0,0.0,0.0
USA,2015,0,0,5.8,2.94555045227337,64367.7188912582,321815121.0,0.118627135552451,5.28,10.0,0.0,150.0,0.0,0.0,0.0,0.0,0.0,0.5,0.0,6,5.8,2.52381981757846,63026.8779187814,1.62222297740817,6.168,1.0,10.0,2.734685134925915,0.0,0.0,0.0,0.0,0.0,0.0
USA,2016,1,0,5.7,1.81945147909089,65025.9855980616,324353340.0,1.26158320570536,4.869,8.0,0.0,150.0,0.0,0.0,0.0,0.0,0.0,0.5,0.0,7,5.8,2.94555045227337,64367.7188912582,0.118627135552451,5.28,0.0,10.0,2.38250096568213,0.0,0.0,0.0,0.0,0.0,0.0
USA,2017,0,0,5.6,2.45762230126449,66164.0320014289,326608609.0,2.13011000365961,4.355,8.0,0.0,150.0,0.0,0.0,0.0,0.0,0.0,0.5,0.0,0,5.7,1.81945147909089,65025.9855980616,1.26158320570536,4.869,0.0,8.0,2.13853689017769,0.0,0.0,0.0,0.0,0.0,0.0
USA,2018,0,0,5.6,2.96650506701943,67728.4424921024,328529577.0,2.44258329692817,3.896,8.0,0.0,150.0,0.0,0.0,0.0,0.0,0.0,0.5,0.0,1,5.6,2.45762230126449,66164.0320014289,2.13011000365961,4.355,0.0,8.0,2.71206368414196,0.0,0.0,0.0,0.0,0.0,0.0
USA,2019,0,0,5.5,2.58382533052225,69121.4580016741,330226227.0,1.81221007526021,3.669,7.0,0.0,150.0,0.0,0.0,0.0,0.0,0.0,0.5,0.0,2,5.6,2.96650506701943,67728.4424921024,2.44258329692817,3.896,0.0,8.0,2.77516519877084,0.0,0.0,0.0,0.0,0.0,0.0
USA,2020,1,0,5.5,-2.081375977796,67406.8311325507,331578104.0,1.23358439630629,8.055,5.0,1.0,150.0,0.0,0.0,0.0,0.0,0.0,0.5,0.0,3,5.5,2.58382533052225,69121.4580016741,1.81221007526021,3.669,0.0,7.0,0.25122467636312495,0.0,0.0,0.0,0.0,0.0,0.0
USA,2021,0,0,5.5,6.15202247867526,71441.231980595,332100166.0,4.69785886363742,5.349,5.0,1.0,150.0,0.0,0.0,0.0,0.0,0.0,0.5,0.0,0,5.5,-2.081375977796,67406.8311325507,1.23358439630629,8.055,0.0,5.0,2.03532325043963,0.0,0.0,0.0,0.0,0.0,0.0
USA,2022,0,0,5.5,2.52421385073222,72828.7430907189,333996304.0,8.00279982052121,3.65,5.0,1.0,150.0,0.0,0.0,0.0,0.0,0.0,0.5,0.0,1,5.5,6.15202247867526,71441.231980595,4.69785886363742,5.349,0.0,5.0,4.33811816470374,0.0,0.0,0.0,0.0,0.0,0.0
USA,2023,0,0,5.5,2.93436322440155,74351.6718197429,336755052.0,4.11633838374488,3.638,5.0,1.0,150.0,0.0,0.0,0.0,0.0,0.0,0.5,0.0,2,5.5,2.52421385073222,72828.7430907189,8.00279982052121,3.65,0.0,5.0,2.7292885375668847,0.0,0.0,0.0,0.0,0.0,0.0
USA,2024,0,0,5.5,2.79318715363841,75698.1773354629,340003797.0,2.94952520485207,4.022,5.0,1.0,150.0,0.0,0.0,0.0,0.0,0.0,0.5,0.0,3,5.5,2.93436322440155,74351.6718197429,4.11633838374488,3.638,0.0,5.0,2.86377518901998,0.0,0.0,0.0,0.0,0.0,0.0
VEN,1970,0,1,49.3,7.71191438124403,18270.06444120635,11387790.0,5.531981770439344,6.6025,9.0,0.0,1.0,0.0,0.0,0.0,0.0,0.0,0.5,0.0,0,18.4,3.53620866972961,18109.67372703895,5.66318573909345,6.662,0.0,8.0,7.71191438124403,1.0,0.0,0.5,0.5,0.0,0.0
VEN,1971,0,1,48.2,1.47929120998975,18270.06444120635,11741008.0,5.531981770439344,6.6025,9.0,0.0,2.0,0.0,0.0,0.0,0.0,0.0,0.5,0.0,1,49.3,7.71191438124403,18109.67372703895,5.66318573909345,6.662,0.0,9.0,4.59560279561689,1.0,0.0,0.5,0.5,0.0,0.0
VEN,1972,0,1,46.9,1.28280503619405,18270.06444120635,12099180.0,5.531981770439344,6.6025,9.0,0.0,3.0,0.0,0.0,0.0,0.0,0.0,0.5,0.0,2,48.2,1.47929120998975,18109.67372703895,5.66318573909345,6.662,0.0,9.0,1.3810481230919,1.0,0.0,0.5,0.5,0.0,0.0
VEN,1973,0,1,45.6,7.10995789495574,18270.06444120635,12463537.0,5.531981770439344,6.6025,9.0,0.0,4.0,0.0,0.0,0.0,0.0,0.0,0.5,0.0,3,46.9,1.28280503619405,18109.67372703895,5.66318573909345,6.662,0.0,9.0,4.196381465574895,1.0,0.0,0.5,0.5,0.0,0.0
VEN,1974,0,1,44.4,2.0693332016931,18270.06444120635,12835351.0,5.531981770439344,6.6025,9.0,0.0,5.0,0.0,0.0,0.0,0.0,0.0,0.5,0.0,4,45.6,7.10995789495574,18109.67372703895,5.66318573909345,6.662,0.0,9.0,4.58964554832442,1.0,0.0,0.5,0.5,0.0,0.0
VEN,1975,0,1,43.1,2.89625778007141,18270.06444120635,13215892.0,5.531981770439344,6.6025,9.0,0.0,6.0,0.0,0.0,0.0,0.0,0.0,0.5,0.0,5,44.4,2.0693332016931,18109.67372703895,5.66318573909345,6.662,0.0,9.0,2.482795490882255,1.0,0.0,0.5,0.5,0.0,0.0
VEN,1976,0,1,41.7,7.72773984679841,18270.06444120635,13606284.0,5.531981770439344,6.6025,9.0,0.0,7.0,0.0,0.0,0.0,0.0,0.0,0.5,0.0,6,43.1,2.89625778007141,18109.67372703895,5.66318573909345,6.662,0.0,9.0,5.31199881343491,1.0,0.0,0.5,0.5,0.0,0.0
VEN,1977,0,1,40.3,6.27078351298832,18270.06444120635,14006812.0,5.531981770439344,6.6025,9.0,0.0,8.0,0.0,0.0,0.0,0.0,0.0,0.5,0.0,7,41.7,7.72773984679841,18109.67372703895,5.66318573909345,6.662,0.0,9.0,6.9992616798933645,1.0,0.0,0.5,0.5,0.0,0.0
VEN,1978,0,1,38.9,2.34689637191228,18270.06444120635,14416684.0,5.531981770439344,6.6025,9.0,0.0,9.0,0.0,0.0,0.0,0.0,0.0,0.5,0.0,8,40.3,6.27078351298832,18109.67372703895,5.66318573909345,6.662,0.0,9.0,4.3088399424503,1.0,0.0,0.5,0.5,0.0,0.0
VEN,1979,0,1,37.4,0.764355145425611,18270.06444120635,14834552.0,5.531981770439344,6.6025,9.0,0.0,10.0,0.0,0.0,0.0,0.0,0.0,0.5,0.0,9,38.9,2.34689637191228,18109.67372703895,5.66318573909345,6.662,0.0,9.0,1.5556257586689455,1.0,0.0,0.5,0.5,0.0,0.0
VEN,1980,0,1,35.9,-4.42132236441761,18270.06444120635,15258218.0,5.531981770439344,6.6025,9.0,0.0,11.0,0.0,0.0,0.0,0.0,0.0,0.5,0.0,10,37.4,0.764355145425611,18109.67372703895,5.66318573909345,6.662,0.0,9.0,-1.8284836094959995,1.0,0.0,0.5,0.5,0.0,0.0
VEN,1981,0,1,34.4,-1.26182965299685,18270.06444120635,15687297.0,5.531981770439344,6.6025,9.0,0.0,12.0,0.0,0.0,0.0,0.0,0.0,0.5,0.0,11,35.9,-4.42132236441761,18109.67372703895,5.66318573909345,6.662,0.0,9.0,-2.84157600870723,1.0,0.0,0.5,0.5,0.0,0.0
VEN,1982,0,1,33.1,2.55591054313101,18270.06444120635,16121874.0,5.531981770439344,6.6025,9.0,0.0,13.0,0.0,0.0,0.0,0.0,0.0,0.5,0.0,12,34.4,-1.26182965299685,18109.67372703895,5.66318573909345,6.662,0.0,9.0,0.6470404450670799,1.0,0.0,0.5,0.5,0.0,0.0
VEN,1983,0,1,31.9,-9.65732087227414,18270.06444120635,16562205.0,5.531981770439344,6.6025,9.0,0.0,14.0,0.0,0.0,0.0,0.0,0.0,0.5,0.0,13,33.1,2.55591054313101,18109.67372703895,5.66318573909345,6.662,0.0,9.0,-3.550705164571565,1.0,0.0,0.5,0.5,0.0,0.0
VEN,1984,0,1,30.8,5.17241379310344,18270.06444120635,17008841.0,5.531981770439344,6.6025,9.0,0.0,15.0,0.0,0.0,0.0,0.0,0.0,0.5,0.0,14,31.9,-9.65732087227414,18109.67372703895,5.66318573909345,6.662,0.0,9.0,-2.2424535395853495,1.0,0.0,0.5,0.5,0.0,0.0
VEN,1985,0,1,29.7,0.655737704918025,18270.06444120635,17461434.0,5.531981770439344,6.6025,9.0,0.0,16.0,0.0,0.0,0.0,0.0,0.0,0.5,0.0,15,30.8,5.17241379310344,18109.67372703895,5.66318573909345,6.662,0.0,9.0,2.9140757490107325,1.0,0.0,0.5,0.5,0.0,0.0
VEN,1986,0,1,28.7,6.18892508143323,18270.06444120635,17923536.0,5.531981770439344,6.6025,9.0,0.0,17.0,0.0,0.0,0.0,0.0,0.0,0.5,0.0,16,29.7,0.655737704918025,18109.67372703895,5.66318573909345,6.662,0.0,9.0,3.4223313931756274,1.0,0.0,0.5,0.5,0.0,0.0
VEN,1987,0,1,27.6,4.9079754601227,18270.06444120635,18394963.0,5.531981770439344,6.6025,9.0,0.0,18.0,0.0,0.0,0.0,0.0,0.0,0.5,0.0,17,28.7,6.18892508143323,18109.67372703895,5.66318573909345,6.662,0.0,9.0,5.548450270777965,1.0,0.0,0.5,0.5,0.0,0.0
VEN,1988,0,1,26.5,6.43274853801171,18270.06444120635,18871020.0,5.531981770439344,6.6025,9.0,0.0,19.0,0.0,0.0,0.0,0.0,0.0,0.5,0.0,18,27.6,4.9079754601227,18109.67372703895,5.66318573909345,6.662,0.0,9.0,5.670361999067206,1.0,0.0,0.5,0.5,0.0,0.0
VEN,1989,0,1,25.3,-14.010989010989,18270.06444120635,19348921.0,5.531981770439344,6.6025,9.0,0.0,20.0,0.0,0.0,0.0,0.0,0.0,0.5,0.0,19,26.5,6.43274853801171,18109.67372703895,5.66318573909345,6.662,0.0,9.0,-3.7891202364886447,1.0,0.0,0.5,0.5,0.0,0.0
VEN,1990,0,1,24.3,6.70926517571885,18270.06444120635,19827010.0,5.531981770439344,6.6025,9.0,0.0,21.0,0.0,0.0,0.0,0.0,0.0,0.5,0.0,20,25.3,-14.010989010989,18109.67372703895,5.66318573909345,6.662,0.0,9.0,-3.650861917635075,1.0,0.0,0.5,0.5,0.0,0.0
VEN,1991,0,1,23.5,9.5808383233533,18270.06444120635,20304896.0,5.531981770439344,9.45,9.0,0.0,22.0,0.0,0.0,0.0,0.0,0.0,0.5,0.0,21,24.3,6.70926517571885,18109.67372703895,5.66318573909345,6.662,0.0,9.0,8.145051749536075,1.0,0.0,0.5,0.5,0.0,0.0
VEN,1992,0,1,22.8,6.01092896174865,18270.06444120635,20780948.0,5.531981770439344,7.69,8.0,0.0,23.0,0.0,0.0,0.0,0.0,0.0,0.5,0.0,22,23.5,9.5808383233533,18109.67372703895,5.66318573909345,9.45,0.0,9.0,7.795883642550975,1.0,0.0,0.5,0.5,0.0,0.0
VEN,1993,0,1,22.4,0.257731958762889,18270.06444120635,21254520.0,5.531981770439344,6.6,8.0,0.0,24.0,0.0,0.0,0.0,0.0,0.0,0.5,0.0,23,22.8,6.01092896174865,18109.67372703895,5.66318573909345,7.69,0.0,8.0,3.1343304602557707,1.0,0.0,0.5,0.5,0.0,0.0
VEN,1994,0,1,22.0,-2.31362467866325,18270.06444120635,21725188.0,5.531981770439344,8.56,8.0,0.0,25.0,0.0,0.0,0.0,0.0,0.0,0.5,0.0,24,22.4,0.257731958762889,18109.67372703895,5.66318573909345,6.6,0.0,8.0,-1.0279463599501795,1.0,0.0,0.5,0.5,0.0,0.0
VEN,1995,0,1,21.5,3.94736842105263,18270.06444120635,22193821.0,5.531981770439344,10.24,8.0,0.0,26.0,0.0,0.0,0.0,0.0,0.0,0.5,0.0,25,22.0,-2.31362467866325,18109.67372703895,5.66318573909345,8.56,0.0,8.0,0.816871871194691,1.0,0.0,0.5,0.5,0.0,0.0
VEN,1996,0,1,20.8,-0.25316455696202,18270.06444120635,22662113.0,5.531981770439344,11.77,8.0,0.0,27.0,0.0,0.0,0.0,0.0,0.0,0.5,0.0,26,21.5,3.94736842105263,18109.67372703895,5.66318573909345,10.24,0.0,8.0,1.847101932045306,1.0,0.0,0.5,0.5,0.0,0.0
VEN,1997,0,1,19.9,6.34517766497463,18270.06444120635,23131685.0,5.531981770439344,11.16,8.0,0.0,28.0,0.0,0.0,0.0,0.0,0.0,0.5,0.0,27,20.8,-0.25316455696202,18109.67372703895,5.66318573909345,11.77,0.0,8.0,3.046006554006306,1.0,0.0,0.5,0.5,0.0,0.0
VEN,1998,1,1,19.1,0.477326968973756,18270.06444120635,23601337.0,5.531981770439344,11.15,8.0,0.0,29.0,0.0,0.0,0.0,0.0,0.0,0.5,0.0,28,19.9,6.34517766497463,18109.67372703895,5.66318573909345,11.16,0.0,8.0,3.4112523169741937,1.0,0.0,0.5,0.5,0.0,0.0
VEN,1999,0,1,18.2,-5.93824228028504,18270.06444120635,24066593.0,5.531981770439344,14.53,7.0,0.0,30.0,0.0,0.0,0.0,0.0,0.0,0.5,0.0,0,19.1,0.477326968973756,18109.67372703895,5.66318573909345,11.15,0.0,8.0,-2.7304576556556412,1.0,0.0,0.5,0.5,0.0,0.0
VEN,2000,0,1,17.5,3.53535353535352,18270.06444120635,24526708.0,5.531981770439344,13.99,7.0,0.0,31.0,0.0,0.0,0.0,0.0,0.0,0.5,0.0,1,18.2,-5.93824228028504,18109.67372703895,5.66318573909345,14.53,0.0,7.0,-1.2014443724657593,0.0,0.0,0.0,0.5,0.0,0.0
VEN,2001,0,1,17.0,3.41463414634147,18270.06444120635,24979922.0,5.531981770439344,13.04,6.0,0.0,32.0,0.0,0.0,0.0,0.0,0.0,0.5,0.0,2,17.5,3.53535353535352,18109.67372703895,5.66318573909345,13.99,0.0,7.0,3.474993840847496,0.0,0.0,0.0,0.5,0.0,0.0
VEN,2002,0,1,16.6,-8.72641509433961,18270.06444120635,25435671.0,5.531981770439344,16.17,6.0,0.0,33.0,0.0,0.0,0.0,0.0,0.0,0.5,0.0,3,17.0,3.41463414634147,18109.67372703895,5.66318573909345,13.04,0.0,6.0,-2.6558904739990687,0.0,0.0,0.0,0.5,0.0,0.0
VEN,2003,0,1,16.2,-7.75193798449614,18270.06444120635,25892703.0,5.531981770439344,16.78,6.0,0.0,34.0,0.0,0.0,0.0,0.0,0.0,0.5,0.0,4,16.6,-8.72641509433961,18109.67372703895,5.66318573909345,16.17,0.0,6.0,-8.239176539417873,0.0,0.0,0.0,0.5,0.0,0.0
VEN,2004,0,1,15.7,18.2072829131653,18270.06444120635,26340838.0,5.531981770439344,15.07,6.0,0.0,35.0,0.0,0.0,0.0,0.0,0.0,0.5,0.0,5,16.2,-7.75193798449614,18109.67372703895,5.66318573909345,16.78,0.0,6.0,5.227672464334582,0.0,0.0,0.0,0.5,0.0,0.0
VEN,2005,0,1,15.3,10.1895734597156,18270.06444120635,26785804.0,5.531981770439344,10.663,6.0,0.0,36.0,0.0,0.0,0.0,0.0,0.0,0.5,0.0,6,15.7,18.2072829131653,18109.67372703895,5.66318573909345,15.07,0.0,6.0,14.198428186440452,0.0,0.0,0.0,0.5,0.0,0.0
VEN,2006,0,1,14.8,9.89247311827957,18270.06444120635,27224686.0,5.531981770439344,8.606,5.0,1.0,37.0,0.0,0.0,0.0,0.0,0.0,0.5,0.0,7,15.3,10.1895734597156,18109.67372703895,5.66318573909345,10.663,0.0,6.0,10.041023288997586,0.0,0.0,0.0,0.5,0.0,0.0
VEN,2007,0,1,14.5,8.80626223091976,18270.06444120635,27649363.0,5.531981770439344,7.279,5.0,1.0,38.0,0.0,0.0,0.0,0.0,0.0,0.5,0.0,8,14.8,9.89247311827957,18109.67372703895,5.66318573909345,8.606,0.0,5.0,9.349367674599666,0.0,0.0,0.0,0.5,0.0,0.0
VEN,2008,0,1,14.4,5.21582733812949,18270.06444120635,28053696.0,5.531981770439344,6.245,5.0,1.0,39.0,0.0,0.0,0.0,0.0,0.0,0.5,0.0,9,14.5,8.80626223091976,18109.67372703895,5.66318573909345,7.279,0.0,5.0,7.011044784524627,0.0,0.0,0.0,0.5,0.0,0.0
VEN,2009,0,1,14.4,-3.07692307692308,18270.06444120635,28438298.0,27.080941446613,6.097,-3.0,1.0,0.0,0.0,0.0,0.0,0.0,0.0,0.5,0.0,10,14.4,5.21582733812949,18109.67372703895,5.66318573909345,6.245,0.0,5.0,1.0694521306032065,0.0,1.0,0.0,0.5,0.0,0.0
VEN,2010,0,1,14.5,-1.5873015873016,18270.06444120635,28813101.0,28.1874647092039,7.112,-3.0,1.0,1.0,0.0,0.0,0.0,0.0,0.0,0.5,0.0,11,14.4,-3.07692307692308,18109.67372703895,27.080941446613,6.097,0.0,-3.0,-2.3321123321123385,0.0,1.0,0.0,0.5,0.0,0.0
VEN,2011,0,1,14.8,4.12186379928315,18270.06444120635,29185212.0,26.0902123160959,6.902,-3.0,1.0,2.0,0.0,0.0,0.0,0.0,0.0,0.5,0.0,12,14.5,-1.5873015873016,18109.67372703895,28.1874647092039,7.112,0.0,-3.0,1.2672811059907767,0.0,1.0,0.0,0.5,0.0,0.0
VEN,2012,0,1,15.1,5.67986230636832,18270.06444120635,29553826.0,21.0689956331876,6.601,-3.0,1.0,3.0,0.0,0.0,0.0,0.0,0.0,0.5,0.0,13,14.8,4.12186379928315,18109.67372703895,26.0902123160959,6.902,0.0,-3.0,4.900863052825737,0.0,1.0,0.0,0.5,0.0,0.0
VEN,2013,1,1,15.4,1.30293159609121,18270.06444120635,29912198.0,40.6394275161589,7.54,4.0,1.0,0.0,0.0,0.0,0.0,0.0,0.0,0.5,0.0,14,15.1,5.67986230636832,18109.67372703895,21.0689956331876,6.601,0.0,-3.0,3.491396951229767,0.0,1.0,0.0,0.5,0.0,0.0
VEN,2014,0,1,15.8,-3.85852090032154,18270.06444120635,30254079.0,62.1686499794829,6.821,4.0,1.0,1.0,0.0,0.0,0.0,0.0,0.0,0.5,0.0,0,15.4,1.30293159609121,18109.67372703895,40.6394275161589,7.54,0.0,4.0,-1.2777946521151633,0.0,1.0,0.0,0.5,0.0,0.0
VEN,2015,0,1,16.5,-6.18729096989966,18270.06444120635,30573972.0,121.738085297503,6.139,4.0,1.0,2.0,3.0,3.0,0.0,0.0,1.0,0.5,0.0,1,15.8,-3.85852090032154,18109.67372703895,62.1686499794829,6.821,0.0,4.0,-5.0229059351105985,0.0,1.0,0.0,0.5,0.0,0.0
VEN,2016,0,1,21.2,-17.1122994652406,18270.06444120635,30765720.0,254.948534781816,5.319,4.0,1.0,3.0,3.0,3.0,0.0,0.0,1.0,0.5,0.0,2,16.5,-6.18729096989966,18109.67372703895,121.738085297503,6.139,3.0,4.0,-11.649795217570128,1.0,1.0,0.5,0.5,0.0,0.0
VEN,2017,0,0,21.2,-15.6989247311828,18270.06444120635,30565323.0,254.948534781816,5.045,-3.0,1.0,0.0,3.0,3.0,0.0,0.0,1.0,0.5,0.0,3,21.2,-17.1122994652406,18109.67372703895,254.948534781816,5.319,3.0,4.0,-16.405612098211698,1.0,0.0,0.5,0.0,0.0,0.0
VEN,2018,0,0,21.2,-19.6428571428571,18270.06444120635,29807592.0,254.948534781816,5.468,-3.0,1.0,1.0,3.0,3.0,0.0,0.0,1.0,0.5,0.0,4,21.2,-15.6989247311828,18109.67372703895,254.948534781816,5.045,3.0,-3.0,-17.670890937019948,1.0,0.0,0.5,0.0,0.0,0.0
VEN,2019,0,0,21.2,-27.6190476190476,18270.06444120635,28938098.0,254.948534781816,5.89,-3.0,1.0,1.0,3.0,3.0,0.0,0.0,1.0,0.5,0.0,5,21.2,-19.6428571428571,18109.67372703895,254.948534781816,5.468,3.0,-3.0,-23.630952380952348,1.0,0.0,0.5,0.0,0.0,0.0
VEN,2020,0,0,21.2,-29.8245614035088,18270.06444120635,28444077.0,254.948534781816,7.53,-3.0,1.0,1.0,3.0,3.0,0.0,0.0,1.0,0.5,0.0,6,21.2,-27.6190476190476,18109.67372703895,254.948534781816,5.89,3.0,-3.0,-28.721804511278197,1.0,0.0,0.5,0.0,0.0,0.0
VEN,2021,0,0,21.2,0.625000000000014,18270.06444120635,28237826.0,254.948534781816,7.027,-3.0,1.0,1.0,3.0,3.0,0.0,0.0,1.0,0.5,0.0,7,21.2,-29.8245614035088,18109.67372703895,254.948534781816,7.53,3.0,-3.0,-14.59978070175439,1.0,0.0,0.5,0.0,0.0,0.0
VEN,2022,0,0,21.2,8.07453416149069,18270.06444120635,28213017.0,254.948534781816,5.646,-3.0,1.0,1.0,3.0,3.0,0.0,0.0,1.0,0.5,0.0,8,21.2,0.625000000000014,18109.67372703895,254.948534781816,7.027,3.0,-3.0,4.3497670807453535,1.0,0.0,0.5,0.0,0.0,0.0
VEN,2023,0,0,21.2,4.02298850574712,18270.06444120635,28300854.0,254.948534781816,5.407,-3.0,1.0,1.0,3.0,3.0,0.0,0.0,1.0,0.5,0.0,9,21.2,8.07453416149069,18109.67372703895,254.948534781816,5.646,3.0,-3.0,6.0487613336189066,1.0,0.0,0.5,0.0,0.0,0.0
VEN,2024,0,0,21.2,5.52486187845305,18270.06444120635,28405543.0,254.948534781816,5.321,-3.0,1.0,1.0,3.0,3.0,0.0,0.0,1.0,0.5,0.0,10,21.2,4.02298850574712,18109.67372703895,254.948534781816,5.407,3.0,-3.0,4.773925192100087,1.0,0.0,0.5,0.0,0.0,0.0
ZAF,1970,0,0,18.1,5.24866143118292,18270.06444120635,22279984.0,4.99192455435617,6.6025,4.0,1.0,60.0,0.0,0.0,0.0,0.0,0.0,0.5,0.0,0,18.4,3.53620866972961,18109.67372703895,5.66318573909345,6.662,0.0,8.0,5.24866143118292,0.0,0.0,0.0,0.0,0.0,0.0
ZAF,1971,0,0,18.1,4.27893440296982,18270.06444120635,22942143.0,5.95742085213486,6.6025,4.0,1.0,61.0,0.0,0.0,0.0,0.0,0.0,0.5,0.0,1,18.4,5.24866143118292,18109.67372703895,4.99192455435617,6.662,0.0,4.0,4.76379791707637,0.0,0.0,0.0,0.0,0.0,0.0
ZAF,1972,0,0,18.1,1.65482970884699,18270.06444120635,23609456.0,6.42567638879175,6.6025,4.0,1.0,62.0,0.0,0.0,0.0,0.0,0.0,0.5,0.0,2,18.4,4.27893440296982,18109.67372703895,5.95742085213486,6.662,0.0,4.0,2.966882055908405,0.0,0.0,0.0,0.0,0.0,0.0
ZAF,1973,0,0,18.1,4.57194474637271,18270.06444120635,24294263.0,9.43398376978394,6.6025,4.0,1.0,63.0,0.0,0.0,0.0,0.0,0.0,0.5,0.0,3,18.4,1.65482970884699,18109.67372703895,6.42567638879175,6.662,0.0,4.0,3.11338722760985,0.0,0.0,0.0,0.0,0.0,0.0
ZAF,1974,0,0,18.1,6.11112210372188,18270.06444120635,24989108.0,11.7241315190611,6.6025,4.0,1.0,64.0,0.0,0.0,0.0,0.0,0.0,0.5,0.0,4,18.4,4.57194474637271,18109.67372703895,9.43398376978394,6.662,0.0,4.0,5.341533425047295,0.0,1.0,0.0,0.0,0.0,0.0
ZAF,1975,0,0,18.1,1.69543377931099,18270.06444120635,25690940.0,13.4259248530376,6.6025,4.0,1.0,65.0,0.0,0.0,0.0,0.0,0.0,0.5,0.0,5,18.4,6.11112210372188,18109.67372703895,11.7241315190611,6.662,0.0,4.0,3.9032779415164347,0.0,1.0,0.0,0.0,0.0,0.0
ZAF,1976,0,0,108.9,2.24986032919334,18270.06444120635,26395450.0,11.0204105892452,6.6025,4.0,1.0,66.0,1.0,0.0,1.0,0.0,1.0,0.5,0.0,6,18.4,1.69543377931099,18109.67372703895,13.4259248530376,6.662,0.0,4.0,1.972647054252165,1.0,1.0,0.5,0.0,0.0,0.0
ZAF,1977,0,0,102.6,-0.0939791161255812,18270.06444120635,27118952.0,11.15195783193,6.6025,4.0,1.0,67.0,0.0,0.0,0.0,0.0,0.0,0.5,0.0,7,108.9,2.24986032919334,18109.67372703895,11.0204105892452,6.662,1.0,4.0,1.0779406065338795,1.0,1.0,0.5,0.0,0.0,0.0
ZAF,1978,0,0,96.7,3.01447977912923,18270.06444120635,27869507.0,11.1356088829565,6.6025,4.0,1.0,68.0,0.0,0.0,0.0,0.0,0.0,0.5,0.0,8,102.6,-0.0939791161255812,18109.67372703895,11.15195783193,6.662,0.0,4.0,1.4602503315018245,1.0,1.0,0.5,0.0,0.0,0.0
ZAF,1979,0,0,91.2,3.79051926405782,18270.06444120635,28634162.0,13.2936624628059,6.6025,4.0,1.0,69.0,0.0,0.0,0.0,0.0,0.0,0.5,0.0,9,96.7,3.01447977912923,18109.67372703895,11.1356088829565,6.662,0.0,4.0,3.402499521593525,1.0,1.0,0.5,0.0,0.0,0.0
ZAF,1980,0,0,86.1,6.62058342724157,18270.06444120635,29518857.0,13.6602404681115,6.6025,4.0,1.0,70.0,0.0,0.0,0.0,0.0,0.0,0.5,0.0,10,91.2,3.79051926405782,18109.67372703895,13.2936624628059,6.662,0.0,4.0,5.205551345649695,1.0,1.0,0.5,0.0,0.0,0.0
ZAF,1981,0,0,81.4,5.36079105964045,18270.06444120635,30541044.0,15.2542337674194,6.6025,4.0,1.0,71.0,0.0,0.0,0.0,0.0,0.0,0.5,0.0,11,86.1,6.62058342724157,18109.67372703895,13.6602404681115,6.662,0.0,4.0,5.99068724344101,1.0,1.0,0.5,0.0,0.0,0.0
ZAF,1982,0,0,77.0,-0.383419108375435,18270.06444120635,31615339.0,14.6390405853128,6.6025,4.0,1.0,72.0,0.0,0.0,0.0,0.0,0.0,0.5,0.0,12,81.4,5.36079105964045,18109.67372703895,15.2542337674194,6.662,0.0,4.0,2.4886859756325075,1.0,1.0,0.5,0.0,0.0,0.0
ZAF,1983,0,0,73.1,-1.84655774595063,18270.06444120635,32739304.0,12.3032053006006,6.6025,4.0,1.0,73.0,3.0,0.0,3.0,0.0,1.0,0.5,0.0,13,77.0,-0.383419108375435,18109.67372703895,14.6390405853128,6.662,0.0,4.0,-1.1149884271630324,1.0,1.0,0.5,0.0,0.0,0.0
ZAF,1984,0,0,69.6,5.09915163001477,18270.06444120635,33892788.0,11.526481434496,6.6025,4.0,1.0,74.0,3.0,0.0,3.0,0.0,1.0,0.5,0.0,14,73.1,-1.84655774595063,18109.67372703895,12.3032053006006,6.662,3.0,4.0,1.62629694203207,1.0,1.0,0.5,0.0,0.0,0.0
ZAF,1985,0,0,66.2,-1.21154088240387,18270.06444120635,35042093.0,16.2942252426421,6.6025,4.0,1.0,75.0,3.0,0.0,3.0,0.0,1.0,0.5,0.0,15,69.6,5.09915163001477,18109.67372703895,11.526481434496,6.662,3.0,4.0,1.94380537380545,1.0,1.0,0.5,0.0,0.0,0.0
ZAF,1986,0,0,62.9,0.0178492401652193,18270.06444120635,36180515.0,18.6549230388755,6.6025,4.0,1.0,76.0,3.0,0.0,3.0,0.0,1.0,0.5,0.0,16,66.2,-1.21154088240387,18109.67372703895,16.2942252426421,6.662,3.0,4.0,-0.5968458211193254,1.0,1.0,0.5,0.0,0.0,0.0
ZAF,1987,0,0,59.9,2.10072902053675,18270.06444120635,37326190.0,16.1605948546791,6.6025,4.0,1.0,77.0,3.0,0.0,3.0,0.0,1.0,0.5,0.0,17,62.9,0.0178492401652193,18109.67372703895,18.6549230388755,6.662,3.0,4.0,1.0592891303509846,1.0,1.0,0.5,0.0,0.0,0.0
ZAF,1988,0,0,57.0,4.20010964838187,18270.06444120635,38480649.0,12.779553083028,6.6025,4.0,1.0,78.0,3.0,0.0,3.0,0.0,1.0,0.5,0.0,18,59.9,2.10072902053675,18109.67372703895,16.1605948546791,6.662,3.0,4.0,3.1504193344593103,1.0,1.0,0.5,0.0,0.0,0.0
ZAF,1989,0,0,54.4,2.39479511538406,18270.06444120635,39628575.0,14.7308753982381,6.6025,4.0,1.0,79.0,3.0,0.0,3.0,0.0,1.0,0.5,0.0,19,57.0,4.20010964838187,18109.67372703895,12.779553083028,6.662,3.0,4.0,3.297452381882965,1.0,1.0,0.5,0.0,0.0,0.0
ZAF,1990,0,0,52.1,-0.317760426540374,10811.1515328296,40746268.0,14.3209918914915,6.6025,5.0,1.0,80.0,3.0,0.0,3.0,0.0,1.0,0.5,0.0,20,54.4,2.39479511538406,18109.67372703895,14.7308753982381,6.662,3.0,4.0,1.038517344421843,1.0,1.0,0.5,0.0,0.0,0.0
ZAF,1991,0,0,50.1,-1.0182449675445,10459.3559818564,41687898.0,15.3347785733672,23.137,5.0,1.0,81.0,3.0,0.0,3.0,0.0,1.0,0.5,0.0,21,52.1,-0.317760426540374,10811.1515328296,14.3209918914915,6.662,3.0,5.0,-0.668002697042437,1.0,1.0,0.5,0.0,0.0,0.0
ZAF,1992,0,0,48.6,-2.13703284500521,10053.6101212292,42443509.0,13.874703748615,23.463,6.0,0.0,0.0,3.0,0.0,3.0,0.0,1.0,0.5,0.0,22,50.1,-1.0182449675445,10459.3559818564,15.3347785733672,23.137,3.0,5.0,-1.577638906274855,1.0,1.0,0.5,0.0,0.0,0.0
ZAF,1993,0,0,47.5,1.23355793864741,9976.96506458374,43297156.0,9.71742729803028,23.361,8.0,0.0,0.0,3.0,0.0,3.0,0.0,1.0,0.5,0.0,23,48.6,-2.13703284500521,10053.6101212292,13.874703748615,23.463,3.0,6.0,-0.4517374531788999,1.0,0.0,0.5,0.0,0.0,0.0
ZAF,1994,1,0,46.7,3.20000000297172,10130.8058233004,44004139.0,8.938563723594,23.067,9.0,0.0,0.0,3.0,0.0,3.0,0.0,1.0,0.5,0.0,24,47.5,1.23355793864741,9976.96506458374,9.71742729803028,23.361,3.0,8.0,2.2167789708095653,1.0,0.0,0.5,0.0,0.0,0.0
ZAF,1995,0,0,46.0,3.10000000054411,10318.8385984353,44541554.0,8.68042421392631,22.705,9.0,0.0,1.0,3.0,0.0,3.0,0.0,1.0,0.5,0.0,0,46.7,3.20000000297172,10130.8058233004,8.938563723594,23.067,3.0,9.0,3.1500000017579155,1.0,0.0,0.5,0.0,0.0,0.0
ZAF,1996,0,0,45.5,4.29999999726792,10623.8603593151,45123018.0,7.35411972085333,22.5,9.0,0.0,2.0,3.0,0.0,3.0,0.0,1.0,0.5,0.0,1,46.0,3.10000000054411,10318.8385984353,8.68042421392631,22.705,3.0,9.0,3.6999999989060157,1.0,0.0,0.5,0.0,0.0,0.0
ZAF,1997,0,0,45.3,2.60000000146347,10770.2779624828,45666838.0,8.59777611252274,22.549,9.0,0.0,3.0,0.0,0.0,0.0,0.0,0.0,0.5,0.0,2,45.5,4.29999999726792,10623.8603593151,7.35411972085333,22.5,3.0,9.0,3.4499999993656956,1.0,0.0,0.5,0.0,0.0,0.0
ZAF,1998,0,0,45.4,0.50000000034143,10693.6882326622,46223880.0,6.88054521037351,22.739,9.0,0.0,4.0,0.0,0.0,0.0,0.0,0.0,0.5,0.0,3,45.3,2.60000000146347,10770.2779624828,8.59777611252274,22.549,0.0,9.0,1.5500000009024504,1.0,0.0,0.5,0.0,0.0,0.0
ZAF,1999,0,0,46.0,2.39999999746338,10831.6589617949,46730335.0,5.18148905111697,22.884,9.0,0.0,5.0,0.0,0.0,0.0,0.0,0.0,0.5,0.0,4,45.4,0.50000000034143,10693.6882326622,6.88054521037351,22.739,0.0,9.0,1.4499999989024055,1.0,0.0,0.5,0.0,0.0,0.0
ZAF,2000,0,0,46.5,4.20000000067826,11183.825503143,47159719.0,5.33895913599828,22.788,9.0,0.0,6.0,0.0,0.0,0.0,0.0,0.0,0.5,0.0,5,46.0,2.39999999746338,10831.6589617949,5.18148905111697,22.884,0.0,9.0,3.2999999990708204,1.0,0.0,0.5,0.0,0.0,0.0
ZAF,2001,0,0,47.2,2.70000000019104,11387.492366782,47566800.0,5.70189483049608,22.652,9.0,0.0,7.0,0.0,0.0,0.0,0.0,0.0,0.5,0.0,6,46.5,4.20000000067826,11183.825503143,5.33895913599828,22.788,0.0,9.0,3.45000000043465,1.0,0.0,0.5,0.0,0.0,0.0
ZAF,2002,0,0,47.6,3.70037440406668,11697.5657261687,48019415.0,9.494713780996,22.579,9.0,0.0,8.0,0.0,0.0,0.0,0.0,0.0,0.5,0.0,7,47.2,2.70000000019104,11387.492366782,5.70189483049608,22.652,0.0,9.0,3.20018720212886,1.0,0.0,0.5,0.0,0.0,0.0
ZAF,2003,0,0,48.3,2.94907546754213,11923.1211013633,48500348.0,5.67942414068799,22.679,9.0,0.0,9.0,0.0,0.0,0.0,0.0,0.0,0.5,0.0,8,47.6,3.70037440406668,11697.5657261687,9.494713780996,22.579,0.0,9.0,3.3247249358044053,1.0,0.0,0.5,0.0,0.0,0.0
ZAF,2004,0,0,48.7,4.55455990721774,12341.2102655828,48991421.0,-0.692039437857687,22.567,9.0,0.0,10.0,0.0,0.0,0.0,0.0,0.0,0.5,0.0,9,48.3,2.94907546754213,11923.1211013633,5.67942414068799,22.679,0.0,9.0,3.751817687379935,1.0,0.0,0.5,0.0,0.0,0.0
ZAF,2005,0,0,47.7,5.27705197295467,12861.5633089114,49490033.0,2.06285308223427,22.472,9.0,0.0,11.0,0.0,0.0,0.0,0.0,0.0,0.5,0.0,10,48.7,4.55455990721774,12341.2102655828,-0.692039437857687,22.567,0.0,9.0,4.915805940086205,1.0,0.0,0.5,0.0,0.0,0.0
ZAF,2006,0,0,46.0,5.60380645895889,13444.2332126058,49998277.0,3.2439076541923,22.304,9.0,0.0,12.0,0.0,0.0,0.0,0.0,0.0,0.5,0.0,11,47.7,5.27705197295467,12861.5633089114,2.06285308223427,22.472,0.0,9.0,5.4404292159567795,1.0,0.0,0.5,0.0,0.0,0.0
ZAF,2007,0,0,44.0,5.36047405394162,14016.2444716386,50528584.0,6.17781214809388,22.26,9.0,0.0,13.0,0.0,0.0,0.0,0.0,0.0,0.5,0.0,12,46.0,5.60380645895889,13444.2332126058,3.2439076541923,22.304,0.0,9.0,5.482140256450255,1.0,0.0,0.5,0.0,0.0,0.0
ZAF,2008,0,0,41.0,3.1910438863288,14297.6887802632,51114599.0,9.90998456005467,22.407,9.0,0.0,14.0,0.0,0.0,0.0,0.0,0.0,0.5,0.0,13,44.0,5.36047405394162,14016.2444716386,6.17781214809388,22.26,0.0,9.0,4.27575897013521,1.0,0.0,0.5,0.0,0.0,0.0
ZAF,2009,0,0,38.2,-1.53808913525583,13910.7017093394,51728516.0,7.23809523809527,23.523,9.0,0.0,15.0,0.0,0.0,0.0,0.0,0.0,0.5,0.0,14,41.0,3.1910438863288,14297.6887802632,9.90998456005467,22.407,0.0,9.0,0.8264773755364851,1.0,0.0,0.5,0.0,0.0,0.0
ZAF,2010,0,0,36.0,3.03973288127956,14164.9958363115,52344051.0,4.06749555950263,24.683,9.0,0.0,16.0,0.0,0.0,0.0,0.0,0.0,0.5,0.0,15,38.2,-1.53808913525583,13910.7017093394,7.23809523809527,23.523,0.0,9.0,0.750821873011865,1.0,0.0,0.5,0.0,0.0,0.0
ZAF,2011,0,0,34.5,3.16855627858818,14434.2611456048,52995205.0,5.0008533879502,24.639,9.0,0.0,17.0,0.0,0.0,0.0,0.0,0.0,0.5,0.0,16,36.0,3.03973288127956,14164.9958363115,4.06749555950263,24.683,0.0,9.0,3.1041445799338696,1.0,0.0,0.5,0.0,0.0,0.0
ZAF,2012,0,0,33.3,2.39623238465745,14563.7624041032,53782567.0,5.73797139141739,24.727,9.0,0.0,18.0,0.0,0.0,0.0,0.0,0.0,0.5,0.0,17,34.5,3.16855627858818,14434.2611456048,5.0008533879502,24.639,0.0,9.0,2.7823943316228146,1.0,0.0,0.5,0.0,0.0,0.0
ZAF,2013,0,0,32.1,2.48546800826588,14681.096638957,54678791.0,5.78016910069176,24.561,9.0,0.0,19.0,0.0,0.0,0.0,0.0,0.0,0.5,0.0,18,33.3,2.39623238465745,14563.7624041032,5.73797139141739,24.727,0.0,9.0,2.440850196461665,1.0,0.0,0.5,0.0,0.0,0.0
ZAF,2014,0,0,30.7,1.41382645223793,14643.3384782936,55594838.0,6.13282953059149,24.89,9.0,0.0,20.0,0.0,0.0,0.0,0.0,0.0,0.5,0.0,19,32.1,2.48546800826588,14681.096638957,5.78016910069176,24.561,0.0,9.0,1.949647230251905,1.0,0.0,0.5,0.0,0.0,0.0
ZAF,2015,0,0,29.3,1.32186223678229,14541.6748613669,56723537.0,4.51869094892506,25.149,9.0,0.0,21.0,0.0,0.0,0.0,0.0,0.0,0.5,0.0,20,30.7,1.41382645223793,14643.3384782936,6.13282953059149,24.89,0.0,9.0,1.36784434451011,1.0,0.0,0.5,0.0,0.0,0.0
ZAF,2016,0,0,28.0,0.664552307858116,14501.2807823402,57259551.0,6.60290842394872,26.536,9.0,0.0,22.0,0.0,0.0,0.0,0.0,0.0,0.5,0.0,21,29.3,1.32186223678229,14541.6748613669,4.51869094892506,25.149,0.0,9.0,0.993207272320203,1.0,0.0,0.5,0.0,0.0,0.0
ZAF,2017,0,1,26.8,1.15794695181735,14573.5980840004,57635162.0,5.18618655524149,27.035,9.0,0.0,23.0,0.0,0.0,0.0,0.0,0.0,0.5,0.0,22,28.0,0.664552307858116,14501.2807823402,6.60290842394872,26.536,0.0,9.0,0.911249629837733,1.0,0.0,0.5,0.5,0.0,0.0
ZAF,2018,0,1,25.8,1.55678384721676,14553.5615668957,58613001.0,4.50987264867388,26.906,9.0,0.0,24.0,0.0,0.0,0.0,0.0,0.0,0.5,0.0,23,26.8,1.15794695181735,14573.5980840004,5.18618655524149,27.035,0.0,9.0,1.3573653995170551,1.0,0.0,0.5,0.5,0.0,0.0
ZAF,2019,0,1,25.1,0.25993557687633,14352.6698709871,59587885.0,4.10285075461156,28.468,9.0,0.0,24.0,0.0,0.0,0.0,0.0,0.0,0.5,0.0,24,25.8,1.55678384721676,14553.5615668957,4.50987264867388,26.906,0.0,9.0,0.9083597120465451,1.0,0.0,0.5,0.5,0.0,0.0
ZAF,2020,0,1,24.5,-6.1689177146757,13250.5666594456,60562381.0,3.23238831615113,29.217,9.0,0.0,24.0,0.0,0.0,0.0,0.0,0.0,0.5,0.0,25,25.1,0.25993557687633,14352.6698709871,4.10285075461156,28.468,0.0,9.0,-2.954491068899685,1.0,0.0,0.5,0.5,0.0,0.0
ZAF,2021,0,1,24.3,4.85864865060148,13681.9548144813,61502603.0,4.61874544887136,34.007,9.0,0.0,24.0,0.0,0.0,0.0,0.0,0.0,0.5,0.0,26,24.5,-6.1689177146757,13250.5666594456,3.23238831615113,29.217,0.0,9.0,-0.6551345320371103,1.0,0.0,0.5,0.5,0.0,0.0
ZAF,2022,0,1,24.3,2.05813661692193,13767.4967589936,62378410.0,7.03987272546482,33.268,9.0,0.0,24.0,0.0,0.0,0.0,0.0,0.0,0.5,0.0,27,24.3,4.85864865060148,13681.9548144813,4.61874544887136,34.007,0.0,9.0,3.4583926337617052,1.0,0.0,0.5,0.5,0.0,0.0
ZAF,2023,0,1,24.3,0.80610455095804,13695.3755694076,63212384.0,6.0752438457966,32.098,9.0,0.0,24.0,0.0,0.0,0.0,0.0,0.0,0.5,0.0,28,24.3,2.05813661692193,13767.4967589936,7.03987272546482,33.268,0.0,9.0,1.432120583939985,1.0,0.0,0.5,0.5,0.0,0.0
ZAF,2024,0,0,24.2,0.534843531905139,13597.6538495998,64007187.0,4.36115246518962,32.279,9.0,0.0,24.0,0.0,0.0,0.0,0.0,0.0,0.5,0.0,29,24.3,0.80610455095804,13695.3755694076,6.0752438457966,32.098,0.0,9.0,0.6704740414315895,1.0,0.0,0.5,0.0,0.0,0.0
