Entity,Code,Year,Political regime
Afghanistan,AFG,1800,0
Afghanistan,AFG,1801,0
Afghanistan,AFG,1802,0
Afghanistan,AFG,1803,0
Afghanistan,AFG,1804,0
Afghanistan,AFG,1805,0
Afghanistan,AFG,1806,0
Afghanistan,AFG,1807,0
Afghanistan,AFG,1808,0
Afghanistan,AFG,1809,0
Afghanistan,AFG,1810,0
Afghanistan,AFG,1811,0
Afghanistan,AFG,1812,0
Afghanistan,AFG,1813,0
Afghanistan,AFG,1814,0
Afghanistan,AFG,1815,0
Afghanistan,AFG,1816,0
Afghanistan,AFG,1817,0
Afghanistan,AFG,1818,0
Afghanistan,AFG,1819,0
Afghanistan,AFG,1820,0
Afghanistan,AFG,1821,0
Afghanistan,AFG,1822,0
Afghanistan,AFG,1823,0
Afghanistan,AFG,1824,0
Afghanistan,AFG,1825,0
Afghanistan,AFG,1826,0
Afghanistan,AFG,1827,0
Afghanistan,AFG,1828,0
Afghanistan,AFG,1829,0
Afghanistan,AFG,1830,0
Afghanistan,AFG,1831,0
Afghanistan,AFG,1832,0
Afghanistan,AFG,1833,0
Afghanistan,AFG,1834,0
Afghanistan,AFG,1835,0
Afghanistan,AFG,1836,0
Afghanistan,AFG,1837,0
Afghanistan,AFG,1838,0
Afghanistan,AFG,1839,0
Afghanistan,AFG,1840,0
Afghanistan,AFG,1841,0
Afghanistan,AFG,1842,0
Afghanistan,AFG,1843,0
Afghanistan,AFG,1844,0
Afghanistan,AFG,1845,0
Afghanistan,AFG,1846,0
Afghanistan,AFG,1847,0
Afghanistan,AFG,1848,0
Afghanistan,AFG,1849,0
Afghanistan,AFG,1850,0
Afghanistan,AFG,1851,0
Afghanistan,AFG,1852,0
Afghanistan,AFG,1853,0
Afghanistan,AFG,1854,0
Afghanistan,AFG,1855,0
Afghanistan,AFG,1856,0
Afghanistan,AFG,1857,0
Afghanistan,AFG,1858,0
Afghanistan,AFG,1859,0
Afghanistan,AFG,1860,0
Afghanistan,AFG,1861,0
Afghanistan,AFG,1862,0
Afghanistan,AFG,1863,0
Afghanistan,AFG,1864,0
Afghanistan,AFG,1865,0
Afghanistan,AFG,1866,0
Afghanistan,AFG,1867,0
Afghanistan,AFG,1868,0
Afghanistan,AFG,1869,0
Afghanistan,AFG,1870,0
Afghanistan,AFG,1871,0
Afghanistan,AFG,1872,0
Afghanistan,AFG,1873,0
Afghanistan,AFG,1874,0
Afghanistan,AFG,1875,0
Afghanistan,AFG,1876,0
Afghanistan,AFG,1877,0
Afghanistan,AFG,1878,0
Afghanistan,AFG,1879,0
Afghanistan,AFG,1880,0
Afghanistan,AFG,1881,0
Afghanistan,AFG,1882,0
Afghanistan,AFG,1883,0
Afghanistan,AFG,1884,0
Afghanistan,AFG,1885,0
Afghanistan,AFG,1886,0
Afghanistan,AFG,1887,0
Afghanistan,AFG,1888,0
Afghanistan,AFG,1889,0
Afghanistan,AFG,1890,0
Afghanistan,AFG,1891,0
Afghanistan,AFG,1892,0
Afghanistan,AFG,1893,0
Afghanistan,AFG,1894,0
Afghanistan,AFG,1895,0
Afghanistan,AFG,1896,0
Afghanistan,AFG,1897,0
Afghanistan,AFG,1898,0
Afghanistan,AFG,1899,0
Afghanistan,AFG,1900,0
Afghanistan,AFG,1901,0
Afghanistan,AFG,1902,0
Afghanistan,AFG,1903,0
Afghanistan,AFG,1904,0
Afghanistan,AFG,1905,0
Afghanistan,AFG,1906,0
Afghanistan,AFG,1907,0
Afghanistan,AFG,1908,0
Afghanistan,AFG,1909,0
Afghanistan,AFG,1910,0
Afghanistan,AFG,1911,0
Afghanistan,AFG,1912,0
Afghanistan,AFG,1913,0
Afghanistan,AFG,1914,0
Afghanistan,AFG,1915,0
Afghanistan,AFG,1916,0
Afghanistan,AFG,1917,0
Afghanistan,AFG,1918,0
Afghanistan,AFG,1919,0
Afghanistan,AFG,1920,0
Afghanistan,AFG,1921,0
Afghanistan,AFG,1922,0
Afghanistan,AFG,1923,0
Afghanistan,AFG,1924,0
Afghanistan,AFG,1925,0
Afghanistan,AFG,1926,0
Afghanistan,AFG,1927,0
Afghanistan,AFG,1928,0
Afghanistan,AFG,1929,0
Afghanistan,AFG,1930,0
Afghanistan,AFG,1931,0
Afghanistan,AFG,1932,0
Afghanistan,AFG,1933,0
Afghanistan,AFG,1934,0
Afghanistan,AFG,1935,0
Afghanistan,AFG,1936,0
Afghanistan,AFG,1937,0
Afghanistan,AFG,1938,0
Afghanistan,AFG,1939,0
Afghanistan,AFG,1940,0
Afghanistan,AFG,1941,0
Afghanistan,AFG,1942,0
Afghanistan,AFG,1943,0
Afghanistan,AFG,1944,0
Afghanistan,AFG,1945,0
Afghanistan,AFG,1946,0
Afghanistan,AFG,1947,0
Afghanistan,AFG,1948,0
Afghanistan,AFG,1949,0
Afghanistan,AFG,1950,0
Afghanistan,AFG,1951,0
Afghanistan,AFG,1952,0
Afghanistan,AFG,1953,0
Afghanistan,AFG,1954,0
Afghanistan,AFG,1955,0
Afghanistan,AFG,1956,0
Afghanistan,AFG,1957,0
Afghanistan,AFG,1958,0
Afghanistan,AFG,1959,0
Afghanistan,AFG,1960,0
Afghanistan,AFG,1961,0
Afghanistan,AFG,1962,0
Afghanistan,AFG,1963,0
Afghanistan,AFG,1964,0
Afghanistan,AFG,1965,0
Afghanistan,AFG,1966,0
Afghanistan,AFG,1967,0
Afghanistan,AFG,1968,0
Afghanistan,AFG,1969,0
Afghanistan,AFG,1970,0
Afghanistan,AFG,1971,0
Afghanistan,AFG,1972,0
Afghanistan,AFG,1973,0
Afghanistan,AFG,1974,0
Afghanistan,AFG,1975,0
Afghanistan,AFG,1976,0
Afghanistan,AFG,1977,0
Afghanistan,AFG,1978,1
Afghanistan,AFG,1989,0
Afghanistan,AFG,1990,0
Afghanistan,AFG,1991,0
Afghanistan,AFG,1992,1
Afghanistan,AFG,1993,1
Afghanistan,AFG,1994,1
Afghanistan,AFG,1995,1
Afghanistan,AFG,1996,0
Afghanistan,AFG,1997,0
Afghanistan,AFG,1998,0
Afghanistan,AFG,1999,0
Afghanistan,AFG,2000,0
Afghanistan,AFG,2014,1
Afghanistan,AFG,2015,1
Afghanistan,AFG,2016,1
Afghanistan,AFG,2017,1
Afghanistan,AFG,2018,1
Albania,ALB,1914,1
Albania,ALB,1915,1
Albania,ALB,1916,1
Albania,ALB,1917,1
Albania,ALB,1918,1
Albania,ALB,1919,1
Albania,ALB,1920,1
Albania,ALB,1921,1
Albania,ALB,1922,1
Albania,ALB,1923,1
Albania,ALB,1924,1
Albania,ALB,1925,0
Albania,ALB,1926,0
Albania,ALB,1927,0
Albania,ALB,1928,0
Albania,ALB,1929,0
Albania,ALB,1930,0
Albania,ALB,1931,0
Albania,ALB,1932,0
Albania,ALB,1933,0
Albania,ALB,1934,0
Albania,ALB,1935,0
Albania,ALB,1936,0
Albania,ALB,1937,0
Albania,ALB,1938,0
Albania,ALB,1939,1
Albania,ALB,1940,1
Albania,ALB,1941,1
Albania,ALB,1942,1
Albania,ALB,1943,1
Albania,ALB,1944,1
Albania,ALB,1945,1
Albania,ALB,1946,0
Albania,ALB,1947,0
Albania,ALB,1948,0
Albania,ALB,1949,0
Albania,ALB,1950,0
Albania,ALB,1951,0
Albania,ALB,1952,0
Albania,ALB,1953,0
Albania,ALB,1954,0
Albania,ALB,1955,0
Albania,ALB,1956,0
Albania,ALB,1957,0
Albania,ALB,1958,0
Albania,ALB,1959,0
Albania,ALB,1960,0
Albania,ALB,1961,0
Albania,ALB,1962,0
Albania,ALB,1963,0
Albania,ALB,1964,0
Albania,ALB,1965,0
Albania,ALB,1966,0
Albania,ALB,1967,0
Albania,ALB,1968,0
Albania,ALB,1969,0
Albania,ALB,1970,0
Albania,ALB,1971,0
Albania,ALB,1972,0
Albania,ALB,1973,0
Albania,ALB,1974,0
Albania,ALB,1975,0
Albania,ALB,1976,0
Albania,ALB,1977,0
Albania,ALB,1978,0
Albania,ALB,1979,0
Albania,ALB,1980,0
Albania,ALB,1981,0
Albania,ALB,1982,0
Albania,ALB,1983,0
Albania,ALB,1984,0
Albania,ALB,1985,0
Albania,ALB,1986,0
Albania,ALB,1987,0
Albania,ALB,1988,0
Albania,ALB,1989,0
Albania,ALB,1990,1
Albania,ALB,1991,1
Albania,ALB,1992,1
Albania,ALB,1993,1
Albania,ALB,1994,1
Albania,ALB,1995,1
Albania,ALB,1996,1
Albania,ALB,1997,1
Albania,ALB,1998,1
Albania,ALB,1999,1
Albania,ALB,2000,1
Albania,ALB,2001,1
Albania,ALB,2002,2
Albania,ALB,2003,2
Albania,ALB,2004,2
Albania,ALB,2005,2
Albania,ALB,2006,2
Albania,ALB,2007,2
Albania,ALB,2008,2
Albania,ALB,2009,2
Albania,ALB,2010,2
Albania,ALB,2011,2
Albania,ALB,2012,2
Albania,ALB,2013,2
Albania,ALB,2014,2
Albania,ALB,2015,2
Albania,ALB,2016,2
Albania,ALB,2017,2
Albania,ALB,2018,2
Algeria,DZA,1962,0
Algeria,DZA,1963,0
Algeria,DZA,1964,0
Algeria,DZA,1965,0
Algeria,DZA,1966,0
Algeria,DZA,1967,0
Algeria,DZA,1968,0
Algeria,DZA,1969,0
Algeria,DZA,1970,0
Algeria,DZA,1971,0
Algeria,DZA,1972,0
Algeria,DZA,1973,0
Algeria,DZA,1974,0
Algeria,DZA,1975,0
Algeria,DZA,1976,0
Algeria,DZA,1977,0
Algeria,DZA,1978,0
Algeria,DZA,1979,0
Algeria,DZA,1980,0
Algeria,DZA,1981,0
Algeria,DZA,1982,0
Algeria,DZA,1983,0
Algeria,DZA,1984,0
Algeria,DZA,1985,0
Algeria,DZA,1986,0
Algeria,DZA,1987,0
Algeria,DZA,1988,0
Algeria,DZA,1989,1
Algeria,DZA,1990,1
Algeria,DZA,1991,1
Algeria,DZA,1992,0
Algeria,DZA,1993,0
Algeria,DZA,1994,0
Algeria,DZA,1995,1
Algeria,DZA,1996,1
Algeria,DZA,1997,1
Algeria,DZA,1998,1
Algeria,DZA,1999,1
Algeria,DZA,2000,1
Algeria,DZA,2001,1
Algeria,DZA,2002,1
Algeria,DZA,2003,1
Algeria,DZA,2004,1
Algeria,DZA,2005,1
Algeria,DZA,2006,1
Algeria,DZA,2007,1
Algeria,DZA,2008,1
Algeria,DZA,2009,1
Algeria,DZA,2010,1
Algeria,DZA,2011,1
Algeria,DZA,2012,1
Algeria,DZA,2013,1
Algeria,DZA,2014,1
Algeria,DZA,2015,1
Algeria,DZA,2016,1
Algeria,DZA,2017,1
Algeria,DZA,2018,1
Angola,AGO,1975,0
Angola,AGO,1976,0
Angola,AGO,1977,0
Angola,AGO,1978,0
Angola,AGO,1979,0
Angola,AGO,1980,0
Angola,AGO,1981,0
Angola,AGO,1982,0
Angola,AGO,1983,0
Angola,AGO,1984,0
Angola,AGO,1985,0
Angola,AGO,1986,0
Angola,AGO,1987,0
Angola,AGO,1988,0
Angola,AGO,1989,0
Angola,AGO,1990,0
Angola,AGO,1991,1
Angola,AGO,1992,1
Angola,AGO,1993,1
Angola,AGO,1994,1
Angola,AGO,1995,1
Angola,AGO,1996,1
Angola,AGO,1997,0
Angola,AGO,1998,0
Angola,AGO,1999,0
Angola,AGO,2000,0
Angola,AGO,2001,0
Angola,AGO,2002,1
Angola,AGO,2003,1
Angola,AGO,2004,1
Angola,AGO,2005,1
Angola,AGO,2006,1
Angola,AGO,2007,1
Angola,AGO,2008,1
Angola,AGO,2009,1
Angola,AGO,2010,1
Angola,AGO,2011,1
Angola,AGO,2012,1
Angola,AGO,2013,1
Angola,AGO,2014,1
Angola,AGO,2015,1
Angola,AGO,2016,1
Angola,AGO,2017,1
Angola,AGO,2018,1
Argentina,ARG,1825,1
Argentina,ARG,1826,1
Argentina,ARG,1827,1
Argentina,ARG,1828,1
Argentina,ARG,1829,1
Argentina,ARG,1830,1
Argentina,ARG,1831,1
Argentina,ARG,1832,1
Argentina,ARG,1833,1
Argentina,ARG,1834,1
Argentina,ARG,1835,1
Argentina,ARG,1836,1
Argentina,ARG,1837,1
Argentina,ARG,1838,1
Argentina,ARG,1839,1
Argentina,ARG,1840,1
Argentina,ARG,1841,1
Argentina,ARG,1842,1
Argentina,ARG,1843,1
Argentina,ARG,1844,1
Argentina,ARG,1845,1
Argentina,ARG,1846,1
Argentina,ARG,1847,1
Argentina,ARG,1848,1
Argentina,ARG,1849,1
Argentina,ARG,1850,1
Argentina,ARG,1851,1
Argentina,ARG,1852,1
Argentina,ARG,1853,1
Argentina,ARG,1854,1
Argentina,ARG,1855,1
Argentina,ARG,1856,1
Argentina,ARG,1857,1
Argentina,ARG,1858,1
Argentina,ARG,1859,1
Argentina,ARG,1860,1
Argentina,ARG,1861,1
Argentina,ARG,1862,1
Argentina,ARG,1863,1
Argentina,ARG,1864,1
Argentina,ARG,1865,1
Argentina,ARG,1866,1
Argentina,ARG,1867,1
Argentina,ARG,1868,1
Argentina,ARG,1869,1
Argentina,ARG,1870,1
Argentina,ARG,1871,1
Argentina,ARG,1872,1
Argentina,ARG,1873,1
Argentina,ARG,1874,1
Argentina,ARG,1875,1
Argentina,ARG,1876,1
Argentina,ARG,1877,1
Argentina,ARG,1878,1
Argentina,ARG,1879,1
Argentina,ARG,1880,1
Argentina,ARG,1881,1
Argentina,ARG,1882,1
Argentina,ARG,1883,1
Argentina,ARG,1884,1
Argentina,ARG,1885,1
Argentina,ARG,1886,1
Argentina,ARG,1887,1
Argentina,ARG,1888,1
Argentina,ARG,1889,1
Argentina,ARG,1890,1
Argentina,ARG,1891,1
Argentina,ARG,1892,1
Argentina,ARG,1893,1
Argentina,ARG,1894,1
Argentina,ARG,1895,1
Argentina,ARG,1896,1
Argentina,ARG,1897,1
Argentina,ARG,1898,1
Argentina,ARG,1899,1
Argentina,ARG,1900,1
Argentina,ARG,1901,1
Argentina,ARG,1902,1
Argentina,ARG,1903,1
Argentina,ARG,1904,1
Argentina,ARG,1905,1
Argentina,ARG,1906,1
Argentina,ARG,1907,1
Argentina,ARG,1908,1
Argentina,ARG,1909,1
Argentina,ARG,1910,1
Argentina,ARG,1911,1
Argentina,ARG,1912,1
Argentina,ARG,1913,1
Argentina,ARG,1914,1
Argentina,ARG,1915,1
Argentina,ARG,1916,1
Argentina,ARG,1917,1
Argentina,ARG,1918,1
Argentina,ARG,1919,1
Argentina,ARG,1920,1
Argentina,ARG,1921,1
Argentina,ARG,1922,1
Argentina,ARG,1923,1
Argentina,ARG,1924,1
Argentina,ARG,1925,1
Argentina,ARG,1926,1
Argentina,ARG,1927,1
Argentina,ARG,1928,1
Argentina,ARG,1929,1
Argentina,ARG,1930,0
Argentina,ARG,1931,0
Argentina,ARG,1932,0
Argentina,ARG,1933,0
Argentina,ARG,1934,0
Argentina,ARG,1935,0
Argentina,ARG,1936,0
Argentina,ARG,1937,1
Argentina,ARG,1938,1
Argentina,ARG,1939,1
Argentina,ARG,1940,1
Argentina,ARG,1941,1
Argentina,ARG,1942,1
Argentina,ARG,1943,0
Argentina,ARG,1944,0
Argentina,ARG,1945,0
Argentina,ARG,1946,0
Argentina,ARG,1947,0
Argentina,ARG,1948,0
Argentina,ARG,1949,0
Argentina,ARG,1950,0
Argentina,ARG,1951,0
Argentina,ARG,1952,0
Argentina,ARG,1953,0
Argentina,ARG,1954,0
Argentina,ARG,1955,0
Argentina,ARG,1956,1
Argentina,ARG,1957,1
Argentina,ARG,1958,1
Argentina,ARG,1959,1
Argentina,ARG,1960,1
Argentina,ARG,1961,1
Argentina,ARG,1962,1
Argentina,ARG,1963,2
Argentina,ARG,1964,2
Argentina,ARG,1965,2
Argentina,ARG,1966,0
Argentina,ARG,1967,0
Argentina,ARG,1968,0
Argentina,ARG,1969,0
Argentina,ARG,1970,0
Argentina,ARG,1971,0
Argentina,ARG,1972,0
Argentina,ARG,1973,2
Argentina,ARG,1974,2
Argentina,ARG,1975,2
Argentina,ARG,1976,0
Argentina,ARG,1977,0
Argentina,ARG,1978,0
Argentina,ARG,1979,0
Argentina,ARG,1980,0
Argentina,ARG,1981,0
Argentina,ARG,1982,0
Argentina,ARG,1983,2
Argentina,ARG,1984,2
Argentina,ARG,1985,2
Argentina,ARG,1986,2
Argentina,ARG,1987,2
Argentina,ARG,1988,2
Argentina,ARG,1989,2
Argentina,ARG,1990,2
Argentina,ARG,1991,2
Argentina,ARG,1992,2
Argentina,ARG,1993,2
Argentina,ARG,1994,2
Argentina,ARG,1995,2
Argentina,ARG,1996,2
Argentina,ARG,1997,2
Argentina,ARG,1998,2
Argentina,ARG,1999,2
Argentina,ARG,2000,2
Argentina,ARG,2001,2
Argentina,ARG,2002,2
Argentina,ARG,2003,2
Argentina,ARG,2004,2
Argentina,ARG,2005,2
Argentina,ARG,2006,2
Argentina,ARG,2007,2
Argentina,ARG,2008,2
Argentina,ARG,2009,2
Argentina,ARG,2010,2
Argentina,ARG,2011,2
Argentina,ARG,2012,2
Argentina,ARG,2013,2
Argentina,ARG,2014,2
Argentina,ARG,2015,2
Argentina,ARG,2016,2
Argentina,ARG,2017,2
Argentina,ARG,2018,2
Armenia,ARM,1922,0
Armenia,ARM,1923,0
Armenia,ARM,1924,0
Armenia,ARM,1925,0
Armenia,ARM,1926,0
Armenia,ARM,1927,0
Armenia,ARM,1928,0
Armenia,ARM,1929,0
Armenia,ARM,1930,0
Armenia,ARM,1931,0
Armenia,ARM,1932,0
Armenia,ARM,1933,0
Armenia,ARM,1934,0
Armenia,ARM,1935,0
Armenia,ARM,1936,0
Armenia,ARM,1937,0
Armenia,ARM,1938,0
Armenia,ARM,1939,0
Armenia,ARM,1940,0
Armenia,ARM,1941,0
Armenia,ARM,1942,0
Armenia,ARM,1943,0
Armenia,ARM,1944,0
Armenia,ARM,1945,0
Armenia,ARM,1946,0
Armenia,ARM,1947,0
Armenia,ARM,1948,0
Armenia,ARM,1949,0
Armenia,ARM,1950,0
Armenia,ARM,1951,0
Armenia,ARM,1952,0
Armenia,ARM,1953,0
Armenia,ARM,1954,0
Armenia,ARM,1955,0
Armenia,ARM,1956,0
Armenia,ARM,1957,0
Armenia,ARM,1958,0
Armenia,ARM,1959,0
Armenia,ARM,1960,0
Armenia,ARM,1961,0
Armenia,ARM,1962,0
Armenia,ARM,1963,0
Armenia,ARM,1964,0
Armenia,ARM,1965,0
Armenia,ARM,1966,0
Armenia,ARM,1967,0
Armenia,ARM,1968,0
Armenia,ARM,1969,0
Armenia,ARM,1970,0
Armenia,ARM,1971,0
Armenia,ARM,1972,0
Armenia,ARM,1973,0
Armenia,ARM,1974,0
Armenia,ARM,1975,0
Armenia,ARM,1976,0
Armenia,ARM,1977,0
Armenia,ARM,1978,0
Armenia,ARM,1979,0
Armenia,ARM,1980,0
Armenia,ARM,1981,0
Armenia,ARM,1982,0
Armenia,ARM,1983,0
Armenia,ARM,1984,0
Armenia,ARM,1985,0
Armenia,ARM,1986,0
Armenia,ARM,1987,0
Armenia,ARM,1988,0
Armenia,ARM,1989,1
Armenia,ARM,1990,1
Armenia,ARM,1991,2
Armenia,ARM,1992,2
Armenia,ARM,1993,2
Armenia,ARM,1994,2
Armenia,ARM,1995,1
Armenia,ARM,1996,0
Armenia,ARM,1997,0
Armenia,ARM,1998,1
Armenia,ARM,1999,1
Armenia,ARM,2000,1
Armenia,ARM,2001,1
Armenia,ARM,2002,1
Armenia,ARM,2003,1
Armenia,ARM,2004,1
Armenia,ARM,2005,1
Armenia,ARM,2006,1
Armenia,ARM,2007,1
Armenia,ARM,2008,1
Armenia,ARM,2009,1
Armenia,ARM,2010,1
Armenia,ARM,2011,1
Armenia,ARM,2012,1
Armenia,ARM,2013,1
Armenia,ARM,2014,1
Armenia,ARM,2015,1
Armenia,ARM,2016,1
Armenia,ARM,2017,1
Armenia,ARM,2018,2
Australia,AUS,1901,2
Australia,AUS,1902,2
Australia,AUS,1903,2
Australia,AUS,1904,2
Australia,AUS,1905,2
Australia,AUS,1906,2
Australia,AUS,1907,2
Australia,AUS,1908,2
Australia,AUS,1909,2
Australia,AUS,1910,2
Australia,AUS,1911,2
Australia,AUS,1912,2
Australia,AUS,1913,2
Australia,AUS,1914,2
Australia,AUS,1915,2
Australia,AUS,1916,2
Australia,AUS,1917,2
Australia,AUS,1918,2
Australia,AUS,1919,2
Australia,AUS,1920,2
Australia,AUS,1921,2
Australia,AUS,1922,2
Australia,AUS,1923,2
Australia,AUS,1924,2
Australia,AUS,1925,2
Australia,AUS,1926,2
Australia,AUS,1927,2
Australia,AUS,1928,2
Australia,AUS,1929,2
Australia,AUS,1930,2
Australia,AUS,1931,2
Australia,AUS,1932,2
Australia,AUS,1933,2
Australia,AUS,1934,2
Australia,AUS,1935,2
Australia,AUS,1936,2
Australia,AUS,1937,2
Australia,AUS,1938,2
Australia,AUS,1939,2
Australia,AUS,1940,2
Australia,AUS,1941,2
Australia,AUS,1942,2
Australia,AUS,1943,2
Australia,AUS,1944,2
Australia,AUS,1945,2
Australia,AUS,1946,2
Australia,AUS,1947,2
Australia,AUS,1948,2
Australia,AUS,1949,2
Australia,AUS,1950,2
Australia,AUS,1951,2
Australia,AUS,1952,2
Australia,AUS,1953,2
Australia,AUS,1954,2
Australia,AUS,1955,2
Australia,AUS,1956,2
Australia,AUS,1957,2
Australia,AUS,1958,2
Australia,AUS,1959,2
Australia,AUS,1960,2
Australia,AUS,1961,2
Australia,AUS,1962,2
Australia,AUS,1963,2
Australia,AUS,1964,2
Australia,AUS,1965,2
Australia,AUS,1966,2
Australia,AUS,1967,2
Australia,AUS,1968,2
Australia,AUS,1969,2
Australia,AUS,1970,2
Australia,AUS,1971,2
Australia,AUS,1972,2
Australia,AUS,1973,2
Australia,AUS,1974,2
Australia,AUS,1975,2
Australia,AUS,1976,2
Australia,AUS,1977,2
Australia,AUS,1978,2
Australia,AUS,1979,2
Australia,AUS,1980,2
Australia,AUS,1981,2
Australia,AUS,1982,2
Australia,AUS,1983,2
Australia,AUS,1984,2
Australia,AUS,1985,2
Australia,AUS,1986,2
Australia,AUS,1987,2
Australia,AUS,1988,2
Australia,AUS,1989,2
Australia,AUS,1990,2
Australia,AUS,1991,2
Australia,AUS,1992,2
Australia,AUS,1993,2
Australia,AUS,1994,2
Australia,AUS,1995,2
Australia,AUS,1996,2
Australia,AUS,1997,2
Australia,AUS,1998,2
Australia,AUS,1999,2
Australia,AUS,2000,2
Australia,AUS,2001,2
Australia,AUS,2002,2
Australia,AUS,2003,2
Australia,AUS,2004,2
Australia,AUS,2005,2
Australia,AUS,2006,2
Australia,AUS,2007,2
Australia,AUS,2008,2
Australia,AUS,2009,2
Australia,AUS,2010,2
Australia,AUS,2011,2
Australia,AUS,2012,2
Australia,AUS,2013,2
Australia,AUS,2014,2
Australia,AUS,2015,2
Australia,AUS,2016,2
Australia,AUS,2017,2
Australia,AUS,2018,2
Austria,AUT,1800,0
Austria,AUT,1801,0
Austria,AUT,1802,0
Austria,AUT,1803,0
Austria,AUT,1804,0
Austria,AUT,1806,0
Austria,AUT,1807,0
Austria,AUT,1808,0
Austria,AUT,1809,0
Austria,AUT,1810,0
Austria,AUT,1811,0
Austria,AUT,1812,0
Austria,AUT,1813,0
Austria,AUT,1814,0
Austria,AUT,1815,0
Austria,AUT,1816,0
Austria,AUT,1817,0
Austria,AUT,1818,0
Austria,AUT,1819,0
Austria,AUT,1820,0
Austria,AUT,1821,0
Austria,AUT,1822,0
Austria,AUT,1823,0
Austria,AUT,1824,0
Austria,AUT,1825,0
Austria,AUT,1826,0
Austria,AUT,1827,0
Austria,AUT,1828,0
Austria,AUT,1829,0
Austria,AUT,1830,0
Austria,AUT,1831,0
Austria,AUT,1832,0
Austria,AUT,1833,0
Austria,AUT,1834,0
Austria,AUT,1835,0
Austria,AUT,1836,0
Austria,AUT,1837,0
Austria,AUT,1838,0
Austria,AUT,1839,0
Austria,AUT,1840,0
Austria,AUT,1841,0
Austria,AUT,1842,0
Austria,AUT,1843,0
Austria,AUT,1844,0
Austria,AUT,1845,0
Austria,AUT,1846,0
Austria,AUT,1847,0
Austria,AUT,1848,0
Austria,AUT,1849,0
Austria,AUT,1850,0
Austria,AUT,1851,0
Austria,AUT,1852,0
Austria,AUT,1853,0
Austria,AUT,1854,0
Austria,AUT,1855,0
Austria,AUT,1856,0
Austria,AUT,1857,0
Austria,AUT,1858,0
Austria,AUT,1859,0
Austria,AUT,1860,0
Austria,AUT,1861,1
Austria,AUT,1862,1
Austria,AUT,1863,1
Austria,AUT,1864,1
Austria,AUT,1865,1
Austria,AUT,1866,1
Austria,AUT,1867,1
Austria,AUT,1868,1
Austria,AUT,1869,1
Austria,AUT,1870,1
Austria,AUT,1871,1
Austria,AUT,1872,1
Austria,AUT,1873,1
Austria,AUT,1874,1
Austria,AUT,1875,1
Austria,AUT,1876,1
Austria,AUT,1877,1
Austria,AUT,1878,1
Austria,AUT,1879,1
Austria,AUT,1880,1
Austria,AUT,1881,1
Austria,AUT,1882,1
Austria,AUT,1883,1
Austria,AUT,1884,1
Austria,AUT,1885,1
Austria,AUT,1886,1
Austria,AUT,1887,1
Austria,AUT,1888,1
Austria,AUT,1889,1
Austria,AUT,1890,1
Austria,AUT,1891,1
Austria,AUT,1892,1
Austria,AUT,1893,1
Austria,AUT,1894,1
Austria,AUT,1895,1
Austria,AUT,1896,1
Austria,AUT,1897,1
Austria,AUT,1898,1
Austria,AUT,1899,1
Austria,AUT,1900,1
Austria,AUT,1901,1
Austria,AUT,1902,1
Austria,AUT,1903,1
Austria,AUT,1904,1
Austria,AUT,1905,1
Austria,AUT,1906,1
Austria,AUT,1907,1
Austria,AUT,1908,1
Austria,AUT,1909,1
Austria,AUT,1910,1
Austria,AUT,1911,1
Austria,AUT,1912,1
Austria,AUT,1913,1
Austria,AUT,1914,1
Austria,AUT,1915,1
Austria,AUT,1916,1
Austria,AUT,1917,1
Austria,AUT,1918,1
Austria,AUT,1919,1
Austria,AUT,1920,2
Austria,AUT,1921,2
Austria,AUT,1922,2
Austria,AUT,1923,2
Austria,AUT,1924,2
Austria,AUT,1925,2
Austria,AUT,1926,2
Austria,AUT,1927,2
Austria,AUT,1928,2
Austria,AUT,1929,2
Austria,AUT,1930,2
Austria,AUT,1931,2
Austria,AUT,1932,2
Austria,AUT,1933,1
Austria,AUT,1934,0
Austria,AUT,1935,0
Austria,AUT,1936,0
Austria,AUT,1937,0
Austria,AUT,1938,1
Austria,AUT,1939,1
Austria,AUT,1940,1
Austria,AUT,1941,1
Austria,AUT,1942,1
Austria,AUT,1943,1
Austria,AUT,1944,1
Austria,AUT,1945,1
Austria,AUT,1946,2
Austria,AUT,1947,2
Austria,AUT,1948,2
Austria,AUT,1949,2
Austria,AUT,1950,2
Austria,AUT,1951,2
Austria,AUT,1952,2
Austria,AUT,1953,2
Austria,AUT,1954,2
Austria,AUT,1955,2
Austria,AUT,1956,2
Austria,AUT,1957,2
Austria,AUT,1958,2
Austria,AUT,1959,2
Austria,AUT,1960,2
Austria,AUT,1961,2
Austria,AUT,1962,2
Austria,AUT,1963,2
Austria,AUT,1964,2
Austria,AUT,1965,2
Austria,AUT,1966,2
Austria,AUT,1967,2
Austria,AUT,1968,2
Austria,AUT,1969,2
Austria,AUT,1970,2
Austria,AUT,1971,2
Austria,AUT,1972,2
Austria,AUT,1973,2
Austria,AUT,1974,2
Austria,AUT,1975,2
Austria,AUT,1976,2
Austria,AUT,1977,2
Austria,AUT,1978,2
Austria,AUT,1979,2
Austria,AUT,1980,2
Austria,AUT,1981,2
Austria,AUT,1982,2
Austria,AUT,1983,2
Austria,AUT,1984,2
Austria,AUT,1985,2
Austria,AUT,1986,2
Austria,AUT,1987,2
Austria,AUT,1988,2
Austria,AUT,1989,2
Austria,AUT,1990,2
Austria,AUT,1991,2
Austria,AUT,1992,2
Austria,AUT,1993,2
Austria,AUT,1994,2
Austria,AUT,1995,2
Austria,AUT,1996,2
Austria,AUT,1997,2
Austria,AUT,1998,2
Austria,AUT,1999,2
Austria,AUT,2000,2
Austria,AUT,2001,2
Austria,AUT,2002,2
Austria,AUT,2003,2
Austria,AUT,2004,2
Austria,AUT,2005,2
Austria,AUT,2006,2
Austria,AUT,2007,2
Austria,AUT,2008,2
Austria,AUT,2009,2
Austria,AUT,2010,2
Austria,AUT,2011,2
Austria,AUT,2012,2
Austria,AUT,2013,2
Austria,AUT,2014,2
Austria,AUT,2015,2
Austria,AUT,2016,2
Austria,AUT,2017,2
Austria,AUT,2018,2
Azerbaijan,AZE,1813,0
Azerbaijan,AZE,1814,0
Azerbaijan,AZE,1815,0
Azerbaijan,AZE,1816,0
Azerbaijan,AZE,1817,0
Azerbaijan,AZE,1818,0
Azerbaijan,AZE,1819,0
Azerbaijan,AZE,1820,0
Azerbaijan,AZE,1821,0
Azerbaijan,AZE,1822,0
Azerbaijan,AZE,1823,0
Azerbaijan,AZE,1824,0
Azerbaijan,AZE,1825,0
Azerbaijan,AZE,1826,0
Azerbaijan,AZE,1827,0
Azerbaijan,AZE,1828,0
Azerbaijan,AZE,1829,0
Azerbaijan,AZE,1830,0
Azerbaijan,AZE,1831,0
Azerbaijan,AZE,1832,0
Azerbaijan,AZE,1833,0
Azerbaijan,AZE,1834,0
Azerbaijan,AZE,1835,0
Azerbaijan,AZE,1836,0
Azerbaijan,AZE,1837,0
Azerbaijan,AZE,1838,0
Azerbaijan,AZE,1839,0
Azerbaijan,AZE,1840,0
Azerbaijan,AZE,1841,0
Azerbaijan,AZE,1842,0
Azerbaijan,AZE,1843,0
Azerbaijan,AZE,1844,0
Azerbaijan,AZE,1845,0
Azerbaijan,AZE,1846,0
Azerbaijan,AZE,1847,0
Azerbaijan,AZE,1848,0
Azerbaijan,AZE,1849,0
Azerbaijan,AZE,1850,0
Azerbaijan,AZE,1851,0
Azerbaijan,AZE,1852,0
Azerbaijan,AZE,1853,0
Azerbaijan,AZE,1854,0
Azerbaijan,AZE,1855,0
Azerbaijan,AZE,1856,0
Azerbaijan,AZE,1857,0
Azerbaijan,AZE,1858,0
Azerbaijan,AZE,1859,0
Azerbaijan,AZE,1860,0
Azerbaijan,AZE,1861,0
Azerbaijan,AZE,1862,0
Azerbaijan,AZE,1863,0
Azerbaijan,AZE,1864,0
Azerbaijan,AZE,1865,0
Azerbaijan,AZE,1866,0
Azerbaijan,AZE,1867,0
Azerbaijan,AZE,1868,0
Azerbaijan,AZE,1869,0
Azerbaijan,AZE,1870,0
Azerbaijan,AZE,1871,0
Azerbaijan,AZE,1872,0
Azerbaijan,AZE,1873,0
Azerbaijan,AZE,1874,0
Azerbaijan,AZE,1875,0
Azerbaijan,AZE,1876,0
Azerbaijan,AZE,1877,0
Azerbaijan,AZE,1878,0
Azerbaijan,AZE,1879,0
Azerbaijan,AZE,1880,0
Azerbaijan,AZE,1881,0
Azerbaijan,AZE,1882,0
Azerbaijan,AZE,1883,0
Azerbaijan,AZE,1884,0
Azerbaijan,AZE,1885,0
Azerbaijan,AZE,1886,0
Azerbaijan,AZE,1887,0
Azerbaijan,AZE,1888,0
Azerbaijan,AZE,1889,0
Azerbaijan,AZE,1890,0
Azerbaijan,AZE,1891,0
Azerbaijan,AZE,1892,0
Azerbaijan,AZE,1893,0
Azerbaijan,AZE,1894,0
Azerbaijan,AZE,1895,0
Azerbaijan,AZE,1896,0
Azerbaijan,AZE,1897,0
Azerbaijan,AZE,1898,0
Azerbaijan,AZE,1899,0
Azerbaijan,AZE,1900,0
Azerbaijan,AZE,1901,0
Azerbaijan,AZE,1902,0
Azerbaijan,AZE,1903,0
Azerbaijan,AZE,1904,0
Azerbaijan,AZE,1905,0
Azerbaijan,AZE,1906,0
Azerbaijan,AZE,1907,0
Azerbaijan,AZE,1908,0
Azerbaijan,AZE,1909,0
Azerbaijan,AZE,1910,0
Azerbaijan,AZE,1911,0
Azerbaijan,AZE,1912,0
Azerbaijan,AZE,1913,0
Azerbaijan,AZE,1914,0
Azerbaijan,AZE,1915,0
Azerbaijan,AZE,1916,0
Azerbaijan,AZE,1917,1
Azerbaijan,AZE,1918,1
Azerbaijan,AZE,1919,1
Azerbaijan,AZE,1920,1
Azerbaijan,AZE,1921,1
Azerbaijan,AZE,1922,0
Azerbaijan,AZE,1923,0
Azerbaijan,AZE,1924,0
Azerbaijan,AZE,1925,0
Azerbaijan,AZE,1926,0
Azerbaijan,AZE,1927,0
Azerbaijan,AZE,1928,0
Azerbaijan,AZE,1929,0
Azerbaijan,AZE,1930,0
Azerbaijan,AZE,1931,0
Azerbaijan,AZE,1932,0
Azerbaijan,AZE,1933,0
Azerbaijan,AZE,1934,0
Azerbaijan,AZE,1935,0
Azerbaijan,AZE,1936,0
Azerbaijan,AZE,1937,0
Azerbaijan,AZE,1938,0
Azerbaijan,AZE,1939,0
Azerbaijan,AZE,1940,0
Azerbaijan,AZE,1941,0
Azerbaijan,AZE,1942,0
Azerbaijan,AZE,1943,0
Azerbaijan,AZE,1944,0
Azerbaijan,AZE,1945,0
Azerbaijan,AZE,1946,0
Azerbaijan,AZE,1947,0
Azerbaijan,AZE,1948,0
Azerbaijan,AZE,1949,0
Azerbaijan,AZE,1950,0
Azerbaijan,AZE,1951,0
Azerbaijan,AZE,1952,0
Azerbaijan,AZE,1953,0
Azerbaijan,AZE,1954,0
Azerbaijan,AZE,1955,0
Azerbaijan,AZE,1956,0
Azerbaijan,AZE,1957,0
Azerbaijan,AZE,1958,0
Azerbaijan,AZE,1959,0
Azerbaijan,AZE,1960,0
Azerbaijan,AZE,1961,0
Azerbaijan,AZE,1962,0
Azerbaijan,AZE,1963,0
Azerbaijan,AZE,1964,0
Azerbaijan,AZE,1965,0
Azerbaijan,AZE,1966,0
Azerbaijan,AZE,1967,0
Azerbaijan,AZE,1968,0
Azerbaijan,AZE,1969,0
Azerbaijan,AZE,1970,0
Azerbaijan,AZE,1971,0
Azerbaijan,AZE,1972,0
Azerbaijan,AZE,1973,0
Azerbaijan,AZE,1974,0
Azerbaijan,AZE,1975,0
Azerbaijan,AZE,1976,0
Azerbaijan,AZE,1977,0
Azerbaijan,AZE,1978,0
Azerbaijan,AZE,1979,0
Azerbaijan,AZE,1980,0
Azerbaijan,AZE,1981,0
Azerbaijan,AZE,1982,0
Azerbaijan,AZE,1983,0
Azerbaijan,AZE,1984,0
Azerbaijan,AZE,1985,0
Azerbaijan,AZE,1986,0
Azerbaijan,AZE,1987,0
Azerbaijan,AZE,1988,0
Azerbaijan,AZE,1989,1
Azerbaijan,AZE,1990,1
Azerbaijan,AZE,1991,1
Azerbaijan,AZE,1992,1
Azerbaijan,AZE,1993,1
Azerbaijan,AZE,1994,1
Azerbaijan,AZE,1995,0
Azerbaijan,AZE,1996,0
Azerbaijan,AZE,1997,0
Azerbaijan,AZE,1998,0
Azerbaijan,AZE,1999,0
Azerbaijan,AZE,2000,0
Azerbaijan,AZE,2001,0
Azerbaijan,AZE,2002,0
Azerbaijan,AZE,2003,0
Azerbaijan,AZE,2004,0
Azerbaijan,AZE,2005,0
Azerbaijan,AZE,2006,0
Azerbaijan,AZE,2007,0
Azerbaijan,AZE,2008,0
Azerbaijan,AZE,2009,0
Azerbaijan,AZE,2010,0
Azerbaijan,AZE,2011,0
Azerbaijan,AZE,2012,0
Azerbaijan,AZE,2013,0
Azerbaijan,AZE,2014,0
Azerbaijan,AZE,2015,0
Azerbaijan,AZE,2016,0
Azerbaijan,AZE,2017,0
Azerbaijan,AZE,2018,0
Bahrain,BHR,1971,0
Bahrain,BHR,1972,0
Bahrain,BHR,1973,0
Bahrain,BHR,1974,0
Bahrain,BHR,1975,0
Bahrain,BHR,1976,0
Bahrain,BHR,1977,0
Bahrain,BHR,1978,0
Bahrain,BHR,1979,0
Bahrain,BHR,1980,0
Bahrain,BHR,1981,0
Bahrain,BHR,1982,0
Bahrain,BHR,1983,0
Bahrain,BHR,1984,0
Bahrain,BHR,1985,0
Bahrain,BHR,1986,0
Bahrain,BHR,1987,0
Bahrain,BHR,1988,0
Bahrain,BHR,1989,0
Bahrain,BHR,1990,0
Bahrain,BHR,1991,0
Bahrain,BHR,1992,0
Bahrain,BHR,1993,0
Bahrain,BHR,1994,0
Bahrain,BHR,1995,0
Bahrain,BHR,1996,0
Bahrain,BHR,1997,0
Bahrain,BHR,1998,0
Bahrain,BHR,1999,0
Bahrain,BHR,2000,0
Bahrain,BHR,2001,0
Bahrain,BHR,2002,0
Bahrain,BHR,2003,0
Bahrain,BHR,2004,0
Bahrain,BHR,2005,0
Bahrain,BHR,2006,0
Bahrain,BHR,2007,0
Bahrain,BHR,2008,0
Bahrain,BHR,2009,0
Bahrain,BHR,2010,1
Bahrain,BHR,2011,0
Bahrain,BHR,2012,0
Bahrain,BHR,2013,0
Bahrain,BHR,2014,0
Bahrain,BHR,2015,0
Bahrain,BHR,2016,0
Bahrain,BHR,2017,0
Bahrain,BHR,2018,0
Bangladesh,BGD,1972,2
Bangladesh,BGD,1973,2
Bangladesh,BGD,1974,1
Bangladesh,BGD,1975,0
Bangladesh,BGD,1976,0
Bangladesh,BGD,1977,0
Bangladesh,BGD,1978,1
Bangladesh,BGD,1979,1
Bangladesh,BGD,1980,1
Bangladesh,BGD,1981,1
Bangladesh,BGD,1982,0
Bangladesh,BGD,1983,0
Bangladesh,BGD,1984,0
Bangladesh,BGD,1985,0
Bangladesh,BGD,1986,1
Bangladesh,BGD,1987,1
Bangladesh,BGD,1988,1
Bangladesh,BGD,1989,1
Bangladesh,BGD,1990,1
Bangladesh,BGD,1991,2
Bangladesh,BGD,1992,2
Bangladesh,BGD,1993,2
Bangladesh,BGD,1994,2
Bangladesh,BGD,1995,2
Bangladesh,BGD,1996,2
Bangladesh,BGD,1997,2
Bangladesh,BGD,1998,2
Bangladesh,BGD,1999,2
Bangladesh,BGD,2000,2
Bangladesh,BGD,2001,2
Bangladesh,BGD,2002,2
Bangladesh,BGD,2003,2
Bangladesh,BGD,2004,2
Bangladesh,BGD,2005,2
Bangladesh,BGD,2006,2
Bangladesh,BGD,2007,0
Bangladesh,BGD,2008,0
Bangladesh,BGD,2009,1
Bangladesh,BGD,2010,1
Bangladesh,BGD,2011,1
Bangladesh,BGD,2012,1
Bangladesh,BGD,2013,1
Bangladesh,BGD,2014,1
Bangladesh,BGD,2015,1
Bangladesh,BGD,2016,1
Bangladesh,BGD,2017,1
Bangladesh,BGD,2018,0
Belarus,BLR,1800,0
Belarus,BLR,1801,0
Belarus,BLR,1802,0
Belarus,BLR,1803,0
Belarus,BLR,1804,0
Belarus,BLR,1805,0
Belarus,BLR,1806,0
Belarus,BLR,1807,0
Belarus,BLR,1808,0
Belarus,BLR,1809,0
Belarus,BLR,1810,0
Belarus,BLR,1811,0
Belarus,BLR,1812,0
Belarus,BLR,1813,0
Belarus,BLR,1814,0
Belarus,BLR,1815,0
Belarus,BLR,1816,0
Belarus,BLR,1817,0
Belarus,BLR,1818,0
Belarus,BLR,1819,0
Belarus,BLR,1820,0
Belarus,BLR,1821,0
Belarus,BLR,1822,0
Belarus,BLR,1823,0
Belarus,BLR,1824,0
Belarus,BLR,1825,0
Belarus,BLR,1826,0
Belarus,BLR,1827,0
Belarus,BLR,1828,0
Belarus,BLR,1829,0
Belarus,BLR,1830,0
Belarus,BLR,1831,0
Belarus,BLR,1832,0
Belarus,BLR,1833,0
Belarus,BLR,1834,0
Belarus,BLR,1835,0
Belarus,BLR,1836,0
Belarus,BLR,1837,0
Belarus,BLR,1838,0
Belarus,BLR,1839,0
Belarus,BLR,1840,0
Belarus,BLR,1841,0
Belarus,BLR,1842,0
Belarus,BLR,1843,0
Belarus,BLR,1844,0
Belarus,BLR,1845,0
Belarus,BLR,1846,0
Belarus,BLR,1847,0
Belarus,BLR,1848,0
Belarus,BLR,1849,0
Belarus,BLR,1850,0
Belarus,BLR,1851,0
Belarus,BLR,1852,0
Belarus,BLR,1853,0
Belarus,BLR,1854,0
Belarus,BLR,1855,0
Belarus,BLR,1856,0
Belarus,BLR,1857,0
Belarus,BLR,1858,0
Belarus,BLR,1859,0
Belarus,BLR,1860,0
Belarus,BLR,1861,0
Belarus,BLR,1862,0
Belarus,BLR,1863,0
Belarus,BLR,1864,0
Belarus,BLR,1865,0
Belarus,BLR,1866,0
Belarus,BLR,1867,0
Belarus,BLR,1868,0
Belarus,BLR,1869,0
Belarus,BLR,1870,0
Belarus,BLR,1871,0
Belarus,BLR,1872,0
Belarus,BLR,1873,0
Belarus,BLR,1874,0
Belarus,BLR,1875,0
Belarus,BLR,1876,0
Belarus,BLR,1877,0
Belarus,BLR,1878,0
Belarus,BLR,1879,0
Belarus,BLR,1880,0
Belarus,BLR,1881,0
Belarus,BLR,1882,0
Belarus,BLR,1883,0
Belarus,BLR,1884,0
Belarus,BLR,1885,0
Belarus,BLR,1886,0
Belarus,BLR,1887,0
Belarus,BLR,1888,0
Belarus,BLR,1889,0
Belarus,BLR,1890,0
Belarus,BLR,1891,0
Belarus,BLR,1892,0
Belarus,BLR,1893,0
Belarus,BLR,1894,0
Belarus,BLR,1895,0
Belarus,BLR,1896,0
Belarus,BLR,1897,0
Belarus,BLR,1898,0
Belarus,BLR,1899,0
Belarus,BLR,1900,0
Belarus,BLR,1901,0
Belarus,BLR,1902,0
Belarus,BLR,1903,0
Belarus,BLR,1904,0
Belarus,BLR,1905,0
Belarus,BLR,1906,0
Belarus,BLR,1907,0
Belarus,BLR,1908,0
Belarus,BLR,1909,0
Belarus,BLR,1910,0
Belarus,BLR,1911,0
Belarus,BLR,1912,0
Belarus,BLR,1913,0
Belarus,BLR,1914,0
Belarus,BLR,1915,0
Belarus,BLR,1916,0
Belarus,BLR,1917,1
Belarus,BLR,1918,1
Belarus,BLR,1919,1
Belarus,BLR,1920,1
Belarus,BLR,1921,1
Belarus,BLR,1922,0
Belarus,BLR,1923,0
Belarus,BLR,1924,0
Belarus,BLR,1925,0
Belarus,BLR,1926,0
Belarus,BLR,1927,0
Belarus,BLR,1928,0
Belarus,BLR,1929,0
Belarus,BLR,1930,0
Belarus,BLR,1931,0
Belarus,BLR,1932,0
Belarus,BLR,1933,0
Belarus,BLR,1934,0
Belarus,BLR,1935,0
Belarus,BLR,1936,0
Belarus,BLR,1937,0
Belarus,BLR,1938,0
Belarus,BLR,1939,0
Belarus,BLR,1940,0
Belarus,BLR,1941,0
Belarus,BLR,1942,0
Belarus,BLR,1943,0
Belarus,BLR,1944,0
Belarus,BLR,1945,0
Belarus,BLR,1946,0
Belarus,BLR,1947,0
Belarus,BLR,1948,0
Belarus,BLR,1949,0
Belarus,BLR,1950,0
Belarus,BLR,1951,0
Belarus,BLR,1952,0
Belarus,BLR,1953,0
Belarus,BLR,1954,0
Belarus,BLR,1955,0
Belarus,BLR,1956,0
Belarus,BLR,1957,0
Belarus,BLR,1958,0
Belarus,BLR,1959,0
Belarus,BLR,1960,0
Belarus,BLR,1961,0
Belarus,BLR,1962,0
Belarus,BLR,1963,0
Belarus,BLR,1964,0
Belarus,BLR,1965,0
Belarus,BLR,1966,0
Belarus,BLR,1967,0
Belarus,BLR,1968,0
Belarus,BLR,1969,0
Belarus,BLR,1970,0
Belarus,BLR,1971,0
Belarus,BLR,1972,0
Belarus,BLR,1973,0
Belarus,BLR,1974,0
Belarus,BLR,1975,0
Belarus,BLR,1976,0
Belarus,BLR,1977,0
Belarus,BLR,1978,0
Belarus,BLR,1979,0
Belarus,BLR,1980,0
Belarus,BLR,1981,0
Belarus,BLR,1982,0
Belarus,BLR,1983,0
Belarus,BLR,1984,0
Belarus,BLR,1985,0
Belarus,BLR,1986,0
Belarus,BLR,1987,0
Belarus,BLR,1988,0
Belarus,BLR,1989,1
Belarus,BLR,1990,1
Belarus,BLR,1991,2
Belarus,BLR,1992,2
Belarus,BLR,1993,2
Belarus,BLR,1994,2
Belarus,BLR,1995,1
Belarus,BLR,1996,0
Belarus,BLR,1997,0
Belarus,BLR,1998,0
Belarus,BLR,1999,0
Belarus,BLR,2000,0
Belarus,BLR,2001,0
Belarus,BLR,2002,0
Belarus,BLR,2003,0
Belarus,BLR,2004,0
Belarus,BLR,2005,0
Belarus,BLR,2006,0
Belarus,BLR,2007,0
Belarus,BLR,2008,0
Belarus,BLR,2009,0
Belarus,BLR,2010,0
Belarus,BLR,2011,0
Belarus,BLR,2012,0
Belarus,BLR,2013,0
Belarus,BLR,2014,0
Belarus,BLR,2015,0
Belarus,BLR,2016,0
Belarus,BLR,2017,0
Belarus,BLR,2018,0
Belgium,BEL,1830,1
Belgium,BEL,1831,1
Belgium,BEL,1832,1
Belgium,BEL,1833,1
Belgium,BEL,1834,1
Belgium,BEL,1835,1
Belgium,BEL,1836,1
Belgium,BEL,1837,1
Belgium,BEL,1838,1
Belgium,BEL,1839,1
Belgium,BEL,1840,1
Belgium,BEL,1841,1
Belgium,BEL,1842,1
Belgium,BEL,1843,1
Belgium,BEL,1844,1
Belgium,BEL,1845,1
Belgium,BEL,1846,1
Belgium,BEL,1847,1
Belgium,BEL,1848,1
Belgium,BEL,1849,1
Belgium,BEL,1850,1
Belgium,BEL,1851,1
Belgium,BEL,1852,1
Belgium,BEL,1853,1
Belgium,BEL,1854,1
Belgium,BEL,1855,1
Belgium,BEL,1856,1
Belgium,BEL,1857,1
Belgium,BEL,1858,1
Belgium,BEL,1859,1
Belgium,BEL,1860,1
Belgium,BEL,1861,1
Belgium,BEL,1862,1
Belgium,BEL,1863,1
Belgium,BEL,1864,1
Belgium,BEL,1865,1
Belgium,BEL,1866,1
Belgium,BEL,1867,1
Belgium,BEL,1868,1
Belgium,BEL,1869,1
Belgium,BEL,1870,1
Belgium,BEL,1871,1
Belgium,BEL,1872,1
Belgium,BEL,1873,1
Belgium,BEL,1874,1
Belgium,BEL,1875,1
Belgium,BEL,1876,1
Belgium,BEL,1877,1
Belgium,BEL,1878,1
Belgium,BEL,1879,1
Belgium,BEL,1880,1
Belgium,BEL,1881,1
Belgium,BEL,1882,1
Belgium,BEL,1883,1
Belgium,BEL,1884,1
Belgium,BEL,1885,1
Belgium,BEL,1886,1
Belgium,BEL,1887,1
Belgium,BEL,1888,1
Belgium,BEL,1889,1
Belgium,BEL,1890,1
Belgium,BEL,1891,1
Belgium,BEL,1892,1
Belgium,BEL,1893,1
Belgium,BEL,1894,1
Belgium,BEL,1895,1
Belgium,BEL,1896,1
Belgium,BEL,1897,1
Belgium,BEL,1898,1
Belgium,BEL,1899,1
Belgium,BEL,1900,1
Belgium,BEL,1901,1
Belgium,BEL,1902,1
Belgium,BEL,1903,1
Belgium,BEL,1904,1
Belgium,BEL,1905,1
Belgium,BEL,1906,1
Belgium,BEL,1907,1
Belgium,BEL,1908,2
Belgium,BEL,1909,2
Belgium,BEL,1910,2
Belgium,BEL,1911,2
Belgium,BEL,1912,2
Belgium,BEL,1913,2
Belgium,BEL,1915,2
Belgium,BEL,1916,2
Belgium,BEL,1917,2
Belgium,BEL,1918,2
Belgium,BEL,1919,2
Belgium,BEL,1920,2
Belgium,BEL,1921,2
Belgium,BEL,1922,2
Belgium,BEL,1923,2
Belgium,BEL,1924,2
Belgium,BEL,1925,2
Belgium,BEL,1926,2
Belgium,BEL,1927,2
Belgium,BEL,1928,2
Belgium,BEL,1929,2
Belgium,BEL,1930,2
Belgium,BEL,1931,2
Belgium,BEL,1932,2
Belgium,BEL,1933,2
Belgium,BEL,1934,2
Belgium,BEL,1935,2
Belgium,BEL,1936,2
Belgium,BEL,1937,2
Belgium,BEL,1938,2
Belgium,BEL,1939,2
Belgium,BEL,1944,2
Belgium,BEL,1945,2
Belgium,BEL,1946,2
Belgium,BEL,1947,2
Belgium,BEL,1948,2
Belgium,BEL,1949,2
Belgium,BEL,1950,2
Belgium,BEL,1951,2
Belgium,BEL,1952,2
Belgium,BEL,1953,2
Belgium,BEL,1954,2
Belgium,BEL,1955,2
Belgium,BEL,1956,2
Belgium,BEL,1957,2
Belgium,BEL,1958,2
Belgium,BEL,1959,2
Belgium,BEL,1960,2
Belgium,BEL,1961,2
Belgium,BEL,1962,2
Belgium,BEL,1963,2
Belgium,BEL,1964,2
Belgium,BEL,1965,2
Belgium,BEL,1966,2
Belgium,BEL,1967,2
Belgium,BEL,1968,2
Belgium,BEL,1969,2
Belgium,BEL,1970,2
Belgium,BEL,1971,2
Belgium,BEL,1972,2
Belgium,BEL,1973,2
Belgium,BEL,1974,2
Belgium,BEL,1975,2
Belgium,BEL,1976,2
Belgium,BEL,1977,2
Belgium,BEL,1978,2
Belgium,BEL,1979,2
Belgium,BEL,1980,2
Belgium,BEL,1981,2
Belgium,BEL,1982,2
Belgium,BEL,1983,2
Belgium,BEL,1984,2
Belgium,BEL,1985,2
Belgium,BEL,1986,2
Belgium,BEL,1987,2
Belgium,BEL,1988,2
Belgium,BEL,1989,2
Belgium,BEL,1990,2
Belgium,BEL,1991,2
Belgium,BEL,1992,2
Belgium,BEL,1993,2
Belgium,BEL,1994,2
Belgium,BEL,1995,2
Belgium,BEL,1996,2
Belgium,BEL,1997,2
Belgium,BEL,1998,2
Belgium,BEL,1999,2
Belgium,BEL,2000,2
Belgium,BEL,2001,2
Belgium,BEL,2002,2
Belgium,BEL,2003,2
Belgium,BEL,2004,2
Belgium,BEL,2005,2
Belgium,BEL,2006,2
Belgium,BEL,2007,2
Belgium,BEL,2008,2
Belgium,BEL,2009,2
Belgium,BEL,2010,2
Belgium,BEL,2011,2
Belgium,BEL,2012,2
Belgium,BEL,2013,2
Belgium,BEL,2014,2
Belgium,BEL,2015,2
Belgium,BEL,2016,2
Belgium,BEL,2017,2
Belgium,BEL,2018,2
Benin,BEN,1960,1
Benin,BEN,1961,1
Benin,BEN,1962,1
Benin,BEN,1963,1
Benin,BEN,1964,1
Benin,BEN,1965,0
Benin,BEN,1966,0
Benin,BEN,1967,0
Benin,BEN,1968,0
Benin,BEN,1969,0
Benin,BEN,1970,1
Benin,BEN,1971,1
Benin,BEN,1972,0
Benin,BEN,1973,0
Benin,BEN,1974,0
Benin,BEN,1975,0
Benin,BEN,1976,0
Benin,BEN,1977,0
Benin,BEN,1978,0
Benin,BEN,1979,0
Benin,BEN,1980,0
Benin,BEN,1981,0
Benin,BEN,1982,0
Benin,BEN,1983,0
Benin,BEN,1984,0
Benin,BEN,1985,0
Benin,BEN,1986,0
Benin,BEN,1987,0
Benin,BEN,1988,0
Benin,BEN,1989,0
Benin,BEN,1990,1
Benin,BEN,1991,2
Benin,BEN,1992,2
Benin,BEN,1993,2
Benin,BEN,1994,2
Benin,BEN,1995,2
Benin,BEN,1996,2
Benin,BEN,1997,2
Benin,BEN,1998,2
Benin,BEN,1999,2
Benin,BEN,2000,2
Benin,BEN,2001,2
Benin,BEN,2002,2
Benin,BEN,2003,2
Benin,BEN,2004,2
Benin,BEN,2005,2
Benin,BEN,2006,2
Benin,BEN,2007,2
Benin,BEN,2008,2
Benin,BEN,2009,2
Benin,BEN,2010,2
Benin,BEN,2011,2
Benin,BEN,2012,2
Benin,BEN,2013,2
Benin,BEN,2014,2
Benin,BEN,2015,2
Benin,BEN,2016,2
Benin,BEN,2017,2
Benin,BEN,2018,2
Bhutan,BTN,1907,0
Bhutan,BTN,1908,0
Bhutan,BTN,1909,0
Bhutan,BTN,1910,0
Bhutan,BTN,1911,0
Bhutan,BTN,1912,0
Bhutan,BTN,1913,0
Bhutan,BTN,1914,0
Bhutan,BTN,1915,0
Bhutan,BTN,1916,0
Bhutan,BTN,1917,0
Bhutan,BTN,1918,0
Bhutan,BTN,1919,0
Bhutan,BTN,1920,0
Bhutan,BTN,1921,0
Bhutan,BTN,1922,0
Bhutan,BTN,1923,0
Bhutan,BTN,1924,0
Bhutan,BTN,1925,0
Bhutan,BTN,1926,0
Bhutan,BTN,1927,0
Bhutan,BTN,1928,0
Bhutan,BTN,1929,0
Bhutan,BTN,1930,0
Bhutan,BTN,1931,0
Bhutan,BTN,1932,0
Bhutan,BTN,1933,0
Bhutan,BTN,1934,0
Bhutan,BTN,1935,0
Bhutan,BTN,1936,0
Bhutan,BTN,1937,0
Bhutan,BTN,1938,0
Bhutan,BTN,1939,0
Bhutan,BTN,1940,0
Bhutan,BTN,1941,0
Bhutan,BTN,1942,0
Bhutan,BTN,1943,0
Bhutan,BTN,1944,0
Bhutan,BTN,1945,0
Bhutan,BTN,1946,0
Bhutan,BTN,1947,0
Bhutan,BTN,1948,0
Bhutan,BTN,1949,0
Bhutan,BTN,1950,0
Bhutan,BTN,1951,0
Bhutan,BTN,1952,0
Bhutan,BTN,1953,0
Bhutan,BTN,1954,0
Bhutan,BTN,1955,0
Bhutan,BTN,1956,0
Bhutan,BTN,1957,0
Bhutan,BTN,1958,0
Bhutan,BTN,1959,0
Bhutan,BTN,1960,0
Bhutan,BTN,1961,0
Bhutan,BTN,1962,0
Bhutan,BTN,1963,0
Bhutan,BTN,1964,0
Bhutan,BTN,1965,0
Bhutan,BTN,1966,0
Bhutan,BTN,1967,0
Bhutan,BTN,1968,0
Bhutan,BTN,1969,0
Bhutan,BTN,1970,0
Bhutan,BTN,1971,0
Bhutan,BTN,1972,0
Bhutan,BTN,1973,0
Bhutan,BTN,1974,0
Bhutan,BTN,1975,0
Bhutan,BTN,1976,0
Bhutan,BTN,1977,0
Bhutan,BTN,1978,0
Bhutan,BTN,1979,0
Bhutan,BTN,1980,0
Bhutan,BTN,1981,0
Bhutan,BTN,1982,0
Bhutan,BTN,1983,0
Bhutan,BTN,1984,0
Bhutan,BTN,1985,0
Bhutan,BTN,1986,0
Bhutan,BTN,1987,0
Bhutan,BTN,1988,0
Bhutan,BTN,1989,0
Bhutan,BTN,1990,0
Bhutan,BTN,1991,0
Bhutan,BTN,1992,0
Bhutan,BTN,1993,0
Bhutan,BTN,1994,0
Bhutan,BTN,1995,0
Bhutan,BTN,1996,0
Bhutan,BTN,1997,0
Bhutan,BTN,1998,0
Bhutan,BTN,1999,0
Bhutan,BTN,2000,0
Bhutan,BTN,2001,0
Bhutan,BTN,2002,0
Bhutan,BTN,2003,0
Bhutan,BTN,2004,0
Bhutan,BTN,2005,1
Bhutan,BTN,2006,1
Bhutan,BTN,2007,1
Bhutan,BTN,2008,1
Bhutan,BTN,2009,1
Bhutan,BTN,2010,1
Bhutan,BTN,2011,1
Bhutan,BTN,2012,1
Bhutan,BTN,2013,1
Bhutan,BTN,2014,1
Bhutan,BTN,2015,1
Bhutan,BTN,2016,1
Bhutan,BTN,2017,1
Bhutan,BTN,2018,2
Bolivia,BOL,1825,1
Bolivia,BOL,1826,1
Bolivia,BOL,1827,1
Bolivia,BOL,1828,1
Bolivia,BOL,1829,1
Bolivia,BOL,1830,1
Bolivia,BOL,1831,1
Bolivia,BOL,1832,1
Bolivia,BOL,1833,1
Bolivia,BOL,1834,1
Bolivia,BOL,1835,1
Bolivia,BOL,1836,1
Bolivia,BOL,1837,1
Bolivia,BOL,1838,1
Bolivia,BOL,1839,1
Bolivia,BOL,1840,1
Bolivia,BOL,1842,1
Bolivia,BOL,1843,1
Bolivia,BOL,1844,1
Bolivia,BOL,1845,1
Bolivia,BOL,1846,1
Bolivia,BOL,1847,1
Bolivia,BOL,1848,1
Bolivia,BOL,1849,1
Bolivia,BOL,1850,1
Bolivia,BOL,1851,1
Bolivia,BOL,1852,1
Bolivia,BOL,1853,1
Bolivia,BOL,1854,1
Bolivia,BOL,1855,1
Bolivia,BOL,1856,1
Bolivia,BOL,1857,1
Bolivia,BOL,1858,1
Bolivia,BOL,1859,1
Bolivia,BOL,1860,1
Bolivia,BOL,1861,1
Bolivia,BOL,1862,1
Bolivia,BOL,1863,1
Bolivia,BOL,1864,0
Bolivia,BOL,1865,0
Bolivia,BOL,1866,0
Bolivia,BOL,1867,0
Bolivia,BOL,1868,0
Bolivia,BOL,1869,0
Bolivia,BOL,1870,0
Bolivia,BOL,1871,0
Bolivia,BOL,1872,1
Bolivia,BOL,1873,1
Bolivia,BOL,1874,1
Bolivia,BOL,1875,1
Bolivia,BOL,1876,0
Bolivia,BOL,1877,0
Bolivia,BOL,1878,0
Bolivia,BOL,1879,0
Bolivia,BOL,1880,1
Bolivia,BOL,1881,1
Bolivia,BOL,1882,1
Bolivia,BOL,1883,1
Bolivia,BOL,1884,1
Bolivia,BOL,1885,1
Bolivia,BOL,1886,1
Bolivia,BOL,1887,1
Bolivia,BOL,1888,1
Bolivia,BOL,1889,1
Bolivia,BOL,1890,1
Bolivia,BOL,1891,1
Bolivia,BOL,1892,1
Bolivia,BOL,1893,1
Bolivia,BOL,1894,1
Bolivia,BOL,1895,1
Bolivia,BOL,1896,1
Bolivia,BOL,1897,1
Bolivia,BOL,1898,1
Bolivia,BOL,1899,1
Bolivia,BOL,1900,1
Bolivia,BOL,1901,1
Bolivia,BOL,1902,1
Bolivia,BOL,1903,1
Bolivia,BOL,1904,1
Bolivia,BOL,1905,1
Bolivia,BOL,1906,1
Bolivia,BOL,1907,1
Bolivia,BOL,1908,1
Bolivia,BOL,1909,1
Bolivia,BOL,1910,1
Bolivia,BOL,1911,1
Bolivia,BOL,1912,1
Bolivia,BOL,1913,1
Bolivia,BOL,1914,1
Bolivia,BOL,1915,1
Bolivia,BOL,1916,1
Bolivia,BOL,1917,1
Bolivia,BOL,1918,1
Bolivia,BOL,1919,1
Bolivia,BOL,1920,1
Bolivia,BOL,1921,1
Bolivia,BOL,1922,1
Bolivia,BOL,1923,1
Bolivia,BOL,1924,1
Bolivia,BOL,1925,1
Bolivia,BOL,1926,1
Bolivia,BOL,1927,1
Bolivia,BOL,1928,1
Bolivia,BOL,1929,1
Bolivia,BOL,1930,1
Bolivia,BOL,1931,1
Bolivia,BOL,1932,1
Bolivia,BOL,1933,1
Bolivia,BOL,1934,1
Bolivia,BOL,1935,1
Bolivia,BOL,1936,1
Bolivia,BOL,1937,1
Bolivia,BOL,1938,1
Bolivia,BOL,1939,1
Bolivia,BOL,1940,1
Bolivia,BOL,1941,1
Bolivia,BOL,1942,1
Bolivia,BOL,1943,1
Bolivia,BOL,1944,1
Bolivia,BOL,1945,1
Bolivia,BOL,1946,1
Bolivia,BOL,1947,1
Bolivia,BOL,1948,1
Bolivia,BOL,1949,1
Bolivia,BOL,1950,1
Bolivia,BOL,1951,1
Bolivia,BOL,1952,1
Bolivia,BOL,1953,1
Bolivia,BOL,1954,1
Bolivia,BOL,1955,1
Bolivia,BOL,1956,1
Bolivia,BOL,1957,1
Bolivia,BOL,1958,1
Bolivia,BOL,1959,1
Bolivia,BOL,1960,1
Bolivia,BOL,1961,1
Bolivia,BOL,1962,1
Bolivia,BOL,1963,1
Bolivia,BOL,1964,1
Bolivia,BOL,1965,1
Bolivia,BOL,1966,1
Bolivia,BOL,1967,1
Bolivia,BOL,1968,1
Bolivia,BOL,1969,1
Bolivia,BOL,1970,1
Bolivia,BOL,1971,0
Bolivia,BOL,1972,0
Bolivia,BOL,1973,0
Bolivia,BOL,1974,0
Bolivia,BOL,1975,0
Bolivia,BOL,1976,0
Bolivia,BOL,1977,0
Bolivia,BOL,1978,1
Bolivia,BOL,1979,1
Bolivia,BOL,1980,0
Bolivia,BOL,1981,0
Bolivia,BOL,1982,2
Bolivia,BOL,1983,2
Bolivia,BOL,1984,2
Bolivia,BOL,1985,2
Bolivia,BOL,1986,2
Bolivia,BOL,1987,2
Bolivia,BOL,1988,2
Bolivia,BOL,1989,2
Bolivia,BOL,1990,2
Bolivia,BOL,1991,2
Bolivia,BOL,1992,2
Bolivia,BOL,1993,2
Bolivia,BOL,1994,2
Bolivia,BOL,1995,2
Bolivia,BOL,1996,2
Bolivia,BOL,1997,2
Bolivia,BOL,1998,2
Bolivia,BOL,1999,2
Bolivia,BOL,2000,2
Bolivia,BOL,2001,2
Bolivia,BOL,2002,2
Bolivia,BOL,2003,2
Bolivia,BOL,2004,2
Bolivia,BOL,2005,2
Bolivia,BOL,2006,2
Bolivia,BOL,2007,2
Bolivia,BOL,2008,2
Bolivia,BOL,2009,2
Bolivia,BOL,2010,2
Bolivia,BOL,2011,2
Bolivia,BOL,2012,2
Bolivia,BOL,2013,2
Bolivia,BOL,2014,2
Bolivia,BOL,2015,2
Bolivia,BOL,2016,2
Bolivia,BOL,2017,2
Bolivia,BOL,2018,2
Bosnia and Herzegovina,BIH,1921,1
Bosnia and Herzegovina,BIH,1922,1
Bosnia and Herzegovina,BIH,1923,1
Bosnia and Herzegovina,BIH,1924,1
Bosnia and Herzegovina,BIH,1925,1
Bosnia and Herzegovina,BIH,1926,1
Bosnia and Herzegovina,BIH,1927,1
Bosnia and Herzegovina,BIH,1928,1
Bosnia and Herzegovina,BIH,1929,0
Bosnia and Herzegovina,BIH,1930,0
Bosnia and Herzegovina,BIH,1931,0
Bosnia and Herzegovina,BIH,1932,0
Bosnia and Herzegovina,BIH,1933,0
Bosnia and Herzegovina,BIH,1934,0
Bosnia and Herzegovina,BIH,1935,0
Bosnia and Herzegovina,BIH,1936,0
Bosnia and Herzegovina,BIH,1937,1
Bosnia and Herzegovina,BIH,1938,1
Bosnia and Herzegovina,BIH,1939,1
Bosnia and Herzegovina,BIH,1940,1
Bosnia and Herzegovina,BIH,1941,1
Bosnia and Herzegovina,BIH,1942,1
Bosnia and Herzegovina,BIH,1943,1
Bosnia and Herzegovina,BIH,1944,1
Bosnia and Herzegovina,BIH,1945,0
Bosnia and Herzegovina,BIH,1946,0
Bosnia and Herzegovina,BIH,1947,0
Bosnia and Herzegovina,BIH,1948,0
Bosnia and Herzegovina,BIH,1949,0
Bosnia and Herzegovina,BIH,1950,0
Bosnia and Herzegovina,BIH,1951,0
Bosnia and Herzegovina,BIH,1952,0
Bosnia and Herzegovina,BIH,1953,0
Bosnia and Herzegovina,BIH,1954,0
Bosnia and Herzegovina,BIH,1955,0
Bosnia and Herzegovina,BIH,1956,0
Bosnia and Herzegovina,BIH,1957,0
Bosnia and Herzegovina,BIH,1958,0
Bosnia and Herzegovina,BIH,1959,0
Bosnia and Herzegovina,BIH,1960,0
Bosnia and Herzegovina,BIH,1961,0
Bosnia and Herzegovina,BIH,1962,0
Bosnia and Herzegovina,BIH,1963,0
Bosnia and Herzegovina,BIH,1964,0
Bosnia and Herzegovina,BIH,1965,0
Bosnia and Herzegovina,BIH,1966,0
Bosnia and Herzegovina,BIH,1967,0
Bosnia and Herzegovina,BIH,1968,0
Bosnia and Herzegovina,BIH,1969,0
Bosnia and Herzegovina,BIH,1970,0
Bosnia and Herzegovina,BIH,1971,0
Bosnia and Herzegovina,BIH,1972,0
Bosnia and Herzegovina,BIH,1973,0
Bosnia and Herzegovina,BIH,1974,0
Bosnia and Herzegovina,BIH,1975,0
Bosnia and Herzegovina,BIH,1976,0
Bosnia and Herzegovina,BIH,1977,0
Bosnia and Herzegovina,BIH,1978,0
Bosnia and Herzegovina,BIH,1979,0
Bosnia and Herzegovina,BIH,1980,1
Bosnia and Herzegovina,BIH,1981,1
Bosnia and Herzegovina,BIH,1982,1
Bosnia and Herzegovina,BIH,1983,1
Bosnia and Herzegovina,BIH,1984,1
Bosnia and Herzegovina,BIH,1985,1
Bosnia and Herzegovina,BIH,1986,1
Bosnia and Herzegovina,BIH,1987,1
Bosnia and Herzegovina,BIH,1988,1
Bosnia and Herzegovina,BIH,1989,1
Bosnia and Herzegovina,BIH,1990,1
Bosnia and Herzegovina,BIH,1991,1
Bosnia and Herzegovina,BIH,1992,1
Bosnia and Herzegovina,BIH,1993,1
Bosnia and Herzegovina,BIH,1994,1
Botswana,BWA,1966,2
Botswana,BWA,1967,2
Botswana,BWA,1968,2
Botswana,BWA,1969,2
Botswana,BWA,1970,2
Botswana,BWA,1971,2
Botswana,BWA,1972,2
Botswana,BWA,1973,2
Botswana,BWA,1974,2
Botswana,BWA,1975,2
Botswana,BWA,1976,2
Botswana,BWA,1977,2
Botswana,BWA,1978,2
Botswana,BWA,1979,2
Botswana,BWA,1980,2
Botswana,BWA,1981,2
Botswana,BWA,1982,2
Botswana,BWA,1983,2
Botswana,BWA,1984,2
Botswana,BWA,1985,2
Botswana,BWA,1986,2
Botswana,BWA,1987,2
Botswana,BWA,1988,2
Botswana,BWA,1989,2
Botswana,BWA,1990,2
Botswana,BWA,1991,2
Botswana,BWA,1992,2
Botswana,BWA,1993,2
Botswana,BWA,1994,2
Botswana,BWA,1995,2
Botswana,BWA,1996,2
Botswana,BWA,1997,2
Botswana,BWA,1998,2
Botswana,BWA,1999,2
Botswana,BWA,2000,2
Botswana,BWA,2001,2
Botswana,BWA,2002,2
Botswana,BWA,2003,2
Botswana,BWA,2004,2
Botswana,BWA,2005,2
Botswana,BWA,2006,2
Botswana,BWA,2007,2
Botswana,BWA,2008,2
Botswana,BWA,2009,2
Botswana,BWA,2010,2
Botswana,BWA,2011,2
Botswana,BWA,2012,2
Botswana,BWA,2013,2
Botswana,BWA,2014,2
Botswana,BWA,2015,2
Botswana,BWA,2016,2
Botswana,BWA,2017,2
Botswana,BWA,2018,2
Brazil,BRA,1824,0
Brazil,BRA,1825,0
Brazil,BRA,1826,0
Brazil,BRA,1827,0
Brazil,BRA,1828,0
Brazil,BRA,1829,0
Brazil,BRA,1830,0
Brazil,BRA,1831,0
Brazil,BRA,1832,0
Brazil,BRA,1833,0
Brazil,BRA,1834,0
Brazil,BRA,1835,0
Brazil,BRA,1836,0
Brazil,BRA,1837,0
Brazil,BRA,1838,0
Brazil,BRA,1839,0
Brazil,BRA,1840,0
Brazil,BRA,1841,0
Brazil,BRA,1842,0
Brazil,BRA,1843,0
Brazil,BRA,1844,0
Brazil,BRA,1845,0
Brazil,BRA,1846,0
Brazil,BRA,1847,0
Brazil,BRA,1848,0
Brazil,BRA,1849,0
Brazil,BRA,1850,0
Brazil,BRA,1851,0
Brazil,BRA,1852,0
Brazil,BRA,1853,0
Brazil,BRA,1854,0
Brazil,BRA,1855,0
Brazil,BRA,1856,0
Brazil,BRA,1857,0
Brazil,BRA,1858,0
Brazil,BRA,1859,0
Brazil,BRA,1860,0
Brazil,BRA,1861,0
Brazil,BRA,1862,0
Brazil,BRA,1863,0
Brazil,BRA,1864,0
Brazil,BRA,1865,0
Brazil,BRA,1866,0
Brazil,BRA,1867,0
Brazil,BRA,1868,0
Brazil,BRA,1869,0
Brazil,BRA,1870,0
Brazil,BRA,1871,0
Brazil,BRA,1872,0
Brazil,BRA,1873,0
Brazil,BRA,1874,0
Brazil,BRA,1875,0
Brazil,BRA,1876,0
Brazil,BRA,1877,0
Brazil,BRA,1878,0
Brazil,BRA,1879,0
Brazil,BRA,1880,0
Brazil,BRA,1881,0
Brazil,BRA,1882,0
Brazil,BRA,1883,0
Brazil,BRA,1884,0
Brazil,BRA,1885,0
Brazil,BRA,1886,0
Brazil,BRA,1887,0
Brazil,BRA,1888,0
Brazil,BRA,1889,1
Brazil,BRA,1890,1
Brazil,BRA,1891,1
Brazil,BRA,1892,1
Brazil,BRA,1893,1
Brazil,BRA,1894,1
Brazil,BRA,1895,1
Brazil,BRA,1896,1
Brazil,BRA,1897,1
Brazil,BRA,1898,1
Brazil,BRA,1899,1
Brazil,BRA,1900,1
Brazil,BRA,1901,1
Brazil,BRA,1902,1
Brazil,BRA,1903,1
Brazil,BRA,1904,1
Brazil,BRA,1905,1
Brazil,BRA,1906,1
Brazil,BRA,1907,1
Brazil,BRA,1908,1
Brazil,BRA,1909,1
Brazil,BRA,1910,1
Brazil,BRA,1911,1
Brazil,BRA,1912,1
Brazil,BRA,1913,1
Brazil,BRA,1914,1
Brazil,BRA,1915,1
Brazil,BRA,1916,1
Brazil,BRA,1917,1
Brazil,BRA,1918,1
Brazil,BRA,1919,1
Brazil,BRA,1920,1
Brazil,BRA,1921,1
Brazil,BRA,1922,1
Brazil,BRA,1923,1
Brazil,BRA,1924,1
Brazil,BRA,1925,1
Brazil,BRA,1926,1
Brazil,BRA,1927,1
Brazil,BRA,1928,1
Brazil,BRA,1929,1
Brazil,BRA,1930,1
Brazil,BRA,1931,1
Brazil,BRA,1932,0
Brazil,BRA,1933,0
Brazil,BRA,1934,0
Brazil,BRA,1935,0
Brazil,BRA,1936,0
Brazil,BRA,1937,0
Brazil,BRA,1938,0
Brazil,BRA,1939,0
Brazil,BRA,1940,0
Brazil,BRA,1941,0
Brazil,BRA,1942,0
Brazil,BRA,1943,0
Brazil,BRA,1944,0
Brazil,BRA,1945,1
Brazil,BRA,1946,2
Brazil,BRA,1947,1
Brazil,BRA,1948,1
Brazil,BRA,1949,1
Brazil,BRA,1950,1
Brazil,BRA,1951,1
Brazil,BRA,1952,1
Brazil,BRA,1953,1
Brazil,BRA,1954,1
Brazil,BRA,1955,1
Brazil,BRA,1956,1
Brazil,BRA,1957,1
Brazil,BRA,1958,2
Brazil,BRA,1959,2
Brazil,BRA,1960,2
Brazil,BRA,1961,1
Brazil,BRA,1962,1
Brazil,BRA,1963,1
Brazil,BRA,1964,1
Brazil,BRA,1965,0
Brazil,BRA,1966,0
Brazil,BRA,1967,0
Brazil,BRA,1968,0
Brazil,BRA,1969,0
Brazil,BRA,1970,0
Brazil,BRA,1971,0
Brazil,BRA,1972,0
Brazil,BRA,1973,0
Brazil,BRA,1974,1
Brazil,BRA,1975,1
Brazil,BRA,1976,1
Brazil,BRA,1977,1
Brazil,BRA,1978,1
Brazil,BRA,1979,1
Brazil,BRA,1980,1
Brazil,BRA,1981,1
Brazil,BRA,1982,1
Brazil,BRA,1983,1
Brazil,BRA,1984,1
Brazil,BRA,1985,2
Brazil,BRA,1986,2
Brazil,BRA,1987,2
Brazil,BRA,1988,2
Brazil,BRA,1989,2
Brazil,BRA,1990,2
Brazil,BRA,1991,2
Brazil,BRA,1992,2
Brazil,BRA,1993,2
Brazil,BRA,1994,2
Brazil,BRA,1995,2
Brazil,BRA,1996,2
Brazil,BRA,1997,2
Brazil,BRA,1998,2
Brazil,BRA,1999,2
Brazil,BRA,2000,2
Brazil,BRA,2001,2
Brazil,BRA,2002,2
Brazil,BRA,2003,2
Brazil,BRA,2004,2
Brazil,BRA,2005,2
Brazil,BRA,2006,2
Brazil,BRA,2007,2
Brazil,BRA,2008,2
Brazil,BRA,2009,2
Brazil,BRA,2010,2
Brazil,BRA,2011,2
Brazil,BRA,2012,2
Brazil,BRA,2013,2
Brazil,BRA,2014,2
Brazil,BRA,2015,2
Brazil,BRA,2016,2
Brazil,BRA,2017,2
Brazil,BRA,2018,2
Bulgaria,BGR,1879,1
Bulgaria,BGR,1880,1
Bulgaria,BGR,1881,0
Bulgaria,BGR,1882,0
Bulgaria,BGR,1883,1
Bulgaria,BGR,1884,1
Bulgaria,BGR,1885,1
Bulgaria,BGR,1886,1
Bulgaria,BGR,1887,1
Bulgaria,BGR,1888,1
Bulgaria,BGR,1889,1
Bulgaria,BGR,1890,1
Bulgaria,BGR,1891,1
Bulgaria,BGR,1892,1
Bulgaria,BGR,1893,1
Bulgaria,BGR,1894,0
Bulgaria,BGR,1895,0
Bulgaria,BGR,1896,0
Bulgaria,BGR,1897,0
Bulgaria,BGR,1898,0
Bulgaria,BGR,1899,0
Bulgaria,BGR,1900,0
Bulgaria,BGR,1901,0
Bulgaria,BGR,1902,0
Bulgaria,BGR,1903,0
Bulgaria,BGR,1904,0
Bulgaria,BGR,1905,0
Bulgaria,BGR,1906,0
Bulgaria,BGR,1907,0
Bulgaria,BGR,1908,0
Bulgaria,BGR,1909,0
Bulgaria,BGR,1910,0
Bulgaria,BGR,1911,0
Bulgaria,BGR,1912,0
Bulgaria,BGR,1914,0
Bulgaria,BGR,1915,0
Bulgaria,BGR,1916,0
Bulgaria,BGR,1917,0
Bulgaria,BGR,1918,1
Bulgaria,BGR,1919,1
Bulgaria,BGR,1920,1
Bulgaria,BGR,1921,1
Bulgaria,BGR,1922,1
Bulgaria,BGR,1923,1
Bulgaria,BGR,1924,1
Bulgaria,BGR,1925,1
Bulgaria,BGR,1926,1
Bulgaria,BGR,1927,1
Bulgaria,BGR,1928,1
Bulgaria,BGR,1929,1
Bulgaria,BGR,1930,1
Bulgaria,BGR,1931,1
Bulgaria,BGR,1932,1
Bulgaria,BGR,1933,1
Bulgaria,BGR,1934,0
Bulgaria,BGR,1935,0
Bulgaria,BGR,1936,0
Bulgaria,BGR,1937,0
Bulgaria,BGR,1938,0
Bulgaria,BGR,1939,0
Bulgaria,BGR,1940,0
Bulgaria,BGR,1941,0
Bulgaria,BGR,1942,0
Bulgaria,BGR,1943,1
Bulgaria,BGR,1944,1
Bulgaria,BGR,1945,1
Bulgaria,BGR,1946,0
Bulgaria,BGR,1947,0
Bulgaria,BGR,1948,0
Bulgaria,BGR,1949,0
Bulgaria,BGR,1950,0
Bulgaria,BGR,1951,0
Bulgaria,BGR,1952,0
Bulgaria,BGR,1953,0
Bulgaria,BGR,1954,0
Bulgaria,BGR,1955,0
Bulgaria,BGR,1956,0
Bulgaria,BGR,1957,0
Bulgaria,BGR,1958,0
Bulgaria,BGR,1959,0
Bulgaria,BGR,1960,0
Bulgaria,BGR,1961,0
Bulgaria,BGR,1962,0
Bulgaria,BGR,1963,0
Bulgaria,BGR,1964,0
Bulgaria,BGR,1965,0
Bulgaria,BGR,1966,0
Bulgaria,BGR,1967,0
Bulgaria,BGR,1968,0
Bulgaria,BGR,1969,0
Bulgaria,BGR,1970,0
Bulgaria,BGR,1971,0
Bulgaria,BGR,1972,0
Bulgaria,BGR,1973,0
Bulgaria,BGR,1974,0
Bulgaria,BGR,1975,0
Bulgaria,BGR,1976,0
Bulgaria,BGR,1977,0
Bulgaria,BGR,1978,0
Bulgaria,BGR,1979,0
Bulgaria,BGR,1980,0
Bulgaria,BGR,1981,0
Bulgaria,BGR,1982,0
Bulgaria,BGR,1983,0
Bulgaria,BGR,1984,0
Bulgaria,BGR,1985,0
Bulgaria,BGR,1986,0
Bulgaria,BGR,1987,0
Bulgaria,BGR,1988,0
Bulgaria,BGR,1989,1
Bulgaria,BGR,1990,2
Bulgaria,BGR,1991,2
Bulgaria,BGR,1992,2
Bulgaria,BGR,1993,2
Bulgaria,BGR,1994,2
Bulgaria,BGR,1995,2
Bulgaria,BGR,1996,2
Bulgaria,BGR,1997,2
Bulgaria,BGR,1998,2
Bulgaria,BGR,1999,2
Bulgaria,BGR,2000,2
Bulgaria,BGR,2001,2
Bulgaria,BGR,2002,2
Bulgaria,BGR,2003,2
Bulgaria,BGR,2004,2
Bulgaria,BGR,2005,2
Bulgaria,BGR,2006,2
Bulgaria,BGR,2007,2
Bulgaria,BGR,2008,2
Bulgaria,BGR,2009,2
Bulgaria,BGR,2010,2
Bulgaria,BGR,2011,2
Bulgaria,BGR,2012,2
Bulgaria,BGR,2013,2
Bulgaria,BGR,2014,2
Bulgaria,BGR,2015,2
Bulgaria,BGR,2016,2
Bulgaria,BGR,2017,2
Bulgaria,BGR,2018,2
Burkina Faso,BFA,1960,0
Burkina Faso,BFA,1961,0
Burkina Faso,BFA,1962,0
Burkina Faso,BFA,1963,0
Burkina Faso,BFA,1964,0
Burkina Faso,BFA,1965,0
Burkina Faso,BFA,1966,0
Burkina Faso,BFA,1967,0
Burkina Faso,BFA,1968,0
Burkina Faso,BFA,1969,0
Burkina Faso,BFA,1970,1
Burkina Faso,BFA,1971,1
Burkina Faso,BFA,1972,1
Burkina Faso,BFA,1973,1
Burkina Faso,BFA,1974,1
Burkina Faso,BFA,1975,1
Burkina Faso,BFA,1976,1
Burkina Faso,BFA,1977,1
Burkina Faso,BFA,1978,1
Burkina Faso,BFA,1979,1
Burkina Faso,BFA,1980,0
Burkina Faso,BFA,1981,0
Burkina Faso,BFA,1982,0
Burkina Faso,BFA,1983,0
Burkina Faso,BFA,1984,0
Burkina Faso,BFA,1985,0
Burkina Faso,BFA,1986,0
Burkina Faso,BFA,1987,0
Burkina Faso,BFA,1988,0
Burkina Faso,BFA,1989,0
Burkina Faso,BFA,1990,0
Burkina Faso,BFA,1991,1
Burkina Faso,BFA,1992,1
Burkina Faso,BFA,1993,1
Burkina Faso,BFA,1994,1
Burkina Faso,BFA,1995,1
Burkina Faso,BFA,1996,1
Burkina Faso,BFA,1997,1
Burkina Faso,BFA,1998,1
Burkina Faso,BFA,1999,1
Burkina Faso,BFA,2000,1
Burkina Faso,BFA,2001,1
Burkina Faso,BFA,2002,1
Burkina Faso,BFA,2003,1
Burkina Faso,BFA,2004,1
Burkina Faso,BFA,2005,1
Burkina Faso,BFA,2006,1
Burkina Faso,BFA,2007,1
Burkina Faso,BFA,2008,1
Burkina Faso,BFA,2009,1
Burkina Faso,BFA,2010,1
Burkina Faso,BFA,2011,1
Burkina Faso,BFA,2012,1
Burkina Faso,BFA,2013,1
Burkina Faso,BFA,2014,1
Burkina Faso,BFA,2015,2
Burkina Faso,BFA,2016,2
Burkina Faso,BFA,2017,2
Burkina Faso,BFA,2018,2
Burundi,BDI,1962,1
Burundi,BDI,1963,1
Burundi,BDI,1964,1
Burundi,BDI,1965,1
Burundi,BDI,1966,0
Burundi,BDI,1967,0
Burundi,BDI,1968,0
Burundi,BDI,1969,0
Burundi,BDI,1970,0
Burundi,BDI,1971,0
Burundi,BDI,1972,0
Burundi,BDI,1973,0
Burundi,BDI,1974,0
Burundi,BDI,1975,0
Burundi,BDI,1976,0
Burundi,BDI,1977,0
Burundi,BDI,1978,0
Burundi,BDI,1979,0
Burundi,BDI,1980,0
Burundi,BDI,1981,0
Burundi,BDI,1982,0
Burundi,BDI,1983,0
Burundi,BDI,1984,0
Burundi,BDI,1985,0
Burundi,BDI,1986,0
Burundi,BDI,1987,0
Burundi,BDI,1988,0
Burundi,BDI,1989,0
Burundi,BDI,1990,0
Burundi,BDI,1991,0
Burundi,BDI,1992,1
Burundi,BDI,1993,1
Burundi,BDI,1994,1
Burundi,BDI,1995,1
Burundi,BDI,1996,1
Burundi,BDI,1997,1
Burundi,BDI,1998,1
Burundi,BDI,1999,1
Burundi,BDI,2000,1
Burundi,BDI,2001,1
Burundi,BDI,2002,1
Burundi,BDI,2003,1
Burundi,BDI,2004,1
Burundi,BDI,2005,2
Burundi,BDI,2006,2
Burundi,BDI,2007,2
Burundi,BDI,2008,2
Burundi,BDI,2009,2
Burundi,BDI,2010,2
Burundi,BDI,2011,2
Burundi,BDI,2012,2
Burundi,BDI,2013,2
Burundi,BDI,2014,2
Burundi,BDI,2015,1
Burundi,BDI,2016,1
Burundi,BDI,2017,1
Burundi,BDI,2018,1
Cambodia,KHM,1953,1
Cambodia,KHM,1954,1
Cambodia,KHM,1955,0
Cambodia,KHM,1956,0
Cambodia,KHM,1957,0
Cambodia,KHM,1958,0
Cambodia,KHM,1959,0
Cambodia,KHM,1960,0
Cambodia,KHM,1961,0
Cambodia,KHM,1962,0
Cambodia,KHM,1963,0
Cambodia,KHM,1964,0
Cambodia,KHM,1965,0
Cambodia,KHM,1966,0
Cambodia,KHM,1967,0
Cambodia,KHM,1968,0
Cambodia,KHM,1969,0
Cambodia,KHM,1970,0
Cambodia,KHM,1971,0
Cambodia,KHM,1972,1
Cambodia,KHM,1973,1
Cambodia,KHM,1974,1
Cambodia,KHM,1975,1
Cambodia,KHM,1976,0
Cambodia,KHM,1977,0
Cambodia,KHM,1978,0
Cambodia,KHM,1989,0
Cambodia,KHM,1990,1
Cambodia,KHM,1991,1
Cambodia,KHM,1992,1
Cambodia,KHM,1993,1
Cambodia,KHM,1994,1
Cambodia,KHM,1995,1
Cambodia,KHM,1996,1
Cambodia,KHM,1997,0
Cambodia,KHM,1998,1
Cambodia,KHM,1999,1
Cambodia,KHM,2000,1
Cambodia,KHM,2001,1
Cambodia,KHM,2002,1
Cambodia,KHM,2003,1
Cambodia,KHM,2004,1
Cambodia,KHM,2005,1
Cambodia,KHM,2006,1
Cambodia,KHM,2007,1
Cambodia,KHM,2008,1
Cambodia,KHM,2009,1
Cambodia,KHM,2010,1
Cambodia,KHM,2011,1
Cambodia,KHM,2012,1
Cambodia,KHM,2013,1
Cambodia,KHM,2014,1
Cambodia,KHM,2015,1
Cambodia,KHM,2016,1
Cambodia,KHM,2017,1
Cambodia,KHM,2018,1
Cameroon,CMR,1960,1
Cameroon,CMR,1961,1
Cameroon,CMR,1962,1
Cameroon,CMR,1963,1
Cameroon,CMR,1964,1
Cameroon,CMR,1965,1
Cameroon,CMR,1966,0
Cameroon,CMR,1967,0
Cameroon,CMR,1968,0
Cameroon,CMR,1969,0
Cameroon,CMR,1970,0
Cameroon,CMR,1971,0
Cameroon,CMR,1972,0
Cameroon,CMR,1973,0
Cameroon,CMR,1974,0
Cameroon,CMR,1975,0
Cameroon,CMR,1976,0
Cameroon,CMR,1977,0
Cameroon,CMR,1978,0
Cameroon,CMR,1979,0
Cameroon,CMR,1980,0
Cameroon,CMR,1981,0
Cameroon,CMR,1982,0
Cameroon,CMR,1983,0
Cameroon,CMR,1984,0
Cameroon,CMR,1985,0
Cameroon,CMR,1986,0
Cameroon,CMR,1987,0
Cameroon,CMR,1988,0
Cameroon,CMR,1989,0
Cameroon,CMR,1990,1
Cameroon,CMR,1991,1
Cameroon,CMR,1992,1
Cameroon,CMR,1993,1
Cameroon,CMR,1994,1
Cameroon,CMR,1995,1
Cameroon,CMR,1996,1
Cameroon,CMR,1997,1
Cameroon,CMR,1998,1
Cameroon,CMR,1999,1
Cameroon,CMR,2000,1
Cameroon,CMR,2001,1
Cameroon,CMR,2002,1
Cameroon,CMR,2003,1
Cameroon,CMR,2004,1
Cameroon,CMR,2005,1
Cameroon,CMR,2006,1
Cameroon,CMR,2007,1
Cameroon,CMR,2008,1
Cameroon,CMR,2009,1
Cameroon,CMR,2010,1
Cameroon,CMR,2011,1
Cameroon,CMR,2012,1
Cameroon,CMR,2013,1
Cameroon,CMR,2014,1
Cameroon,CMR,2015,1
Cameroon,CMR,2016,1
Cameroon,CMR,2017,1
Cameroon,CMR,2018,1
Canada,CAN,1867,1
Canada,CAN,1868,1
Canada,CAN,1869,1
Canada,CAN,1870,1
Canada,CAN,1871,1
Canada,CAN,1872,1
Canada,CAN,1873,1
Canada,CAN,1874,1
Canada,CAN,1875,1
Canada,CAN,1876,1
Canada,CAN,1877,1
Canada,CAN,1878,1
Canada,CAN,1879,1
Canada,CAN,1880,1
Canada,CAN,1881,1
Canada,CAN,1882,1
Canada,CAN,1883,1
Canada,CAN,1884,1
Canada,CAN,1885,1
Canada,CAN,1886,1
Canada,CAN,1887,1
Canada,CAN,1888,2
Canada,CAN,1889,2
Canada,CAN,1890,2
Canada,CAN,1891,2
Canada,CAN,1892,2
Canada,CAN,1893,2
Canada,CAN,1894,2
Canada,CAN,1895,2
Canada,CAN,1896,2
Canada,CAN,1897,2
Canada,CAN,1898,2
Canada,CAN,1899,2
Canada,CAN,1900,2
Canada,CAN,1901,2
Canada,CAN,1902,2
Canada,CAN,1903,2
Canada,CAN,1904,2
Canada,CAN,1905,2
Canada,CAN,1906,2
Canada,CAN,1907,2
Canada,CAN,1908,2
Canada,CAN,1909,2
Canada,CAN,1910,2
Canada,CAN,1911,2
Canada,CAN,1912,2
Canada,CAN,1913,2
Canada,CAN,1914,2
Canada,CAN,1915,2
Canada,CAN,1916,2
Canada,CAN,1917,2
Canada,CAN,1918,2
Canada,CAN,1919,2
Canada,CAN,1920,2
Canada,CAN,1921,2
Canada,CAN,1922,2
Canada,CAN,1923,2
Canada,CAN,1924,2
Canada,CAN,1925,2
Canada,CAN,1926,2
Canada,CAN,1927,2
Canada,CAN,1928,2
Canada,CAN,1929,2
Canada,CAN,1930,2
Canada,CAN,1931,2
Canada,CAN,1932,2
Canada,CAN,1933,2
Canada,CAN,1934,2
Canada,CAN,1935,2
Canada,CAN,1936,2
Canada,CAN,1937,2
Canada,CAN,1938,2
Canada,CAN,1939,2
Canada,CAN,1940,2
Canada,CAN,1941,2
Canada,CAN,1942,2
Canada,CAN,1943,2
Canada,CAN,1944,2
Canada,CAN,1945,2
Canada,CAN,1946,2
Canada,CAN,1947,2
Canada,CAN,1948,2
Canada,CAN,1949,2
Canada,CAN,1950,2
Canada,CAN,1951,2
Canada,CAN,1952,2
Canada,CAN,1953,2
Canada,CAN,1954,2
Canada,CAN,1955,2
Canada,CAN,1956,2
Canada,CAN,1957,2
Canada,CAN,1958,2
Canada,CAN,1959,2
Canada,CAN,1960,2
Canada,CAN,1961,2
Canada,CAN,1962,2
Canada,CAN,1963,2
Canada,CAN,1964,2
Canada,CAN,1965,2
Canada,CAN,1966,2
Canada,CAN,1967,2
Canada,CAN,1968,2
Canada,CAN,1969,2
Canada,CAN,1970,2
Canada,CAN,1971,2
Canada,CAN,1972,2
Canada,CAN,1973,2
Canada,CAN,1974,2
Canada,CAN,1975,2
Canada,CAN,1976,2
Canada,CAN,1977,2
Canada,CAN,1978,2
Canada,CAN,1979,2
Canada,CAN,1980,2
Canada,CAN,1981,2
Canada,CAN,1982,2
Canada,CAN,1983,2
Canada,CAN,1984,2
Canada,CAN,1985,2
Canada,CAN,1986,2
Canada,CAN,1987,2
Canada,CAN,1988,2
Canada,CAN,1989,2
Canada,CAN,1990,2
Canada,CAN,1991,2
Canada,CAN,1992,2
Canada,CAN,1993,2
Canada,CAN,1994,2
Canada,CAN,1995,2
Canada,CAN,1996,2
Canada,CAN,1997,2
Canada,CAN,1998,2
Canada,CAN,1999,2
Canada,CAN,2000,2
Canada,CAN,2001,2
Canada,CAN,2002,2
Canada,CAN,2003,2
Canada,CAN,2004,2
Canada,CAN,2005,2
Canada,CAN,2006,2
Canada,CAN,2007,2
Canada,CAN,2008,2
Canada,CAN,2009,2
Canada,CAN,2010,2
Canada,CAN,2011,2
Canada,CAN,2012,2
Canada,CAN,2013,2
Canada,CAN,2014,2
Canada,CAN,2015,2
Canada,CAN,2016,2
Canada,CAN,2017,2
Canada,CAN,2018,2
Cape Verde,CPV,1975,1
Cape Verde,CPV,1976,1
Cape Verde,CPV,1977,1
Cape Verde,CPV,1978,1
Cape Verde,CPV,1979,1
Cape Verde,CPV,1980,1
Cape Verde,CPV,1981,1
Cape Verde,CPV,1982,1
Cape Verde,CPV,1983,1
Cape Verde,CPV,1984,1
Cape Verde,CPV,1985,1
Cape Verde,CPV,1986,1
Cape Verde,CPV,1987,1
Cape Verde,CPV,1988,1
Cape Verde,CPV,1989,1
Cape Verde,CPV,1990,1
Cape Verde,CPV,1991,2
Cape Verde,CPV,1992,2
Cape Verde,CPV,1993,2
Cape Verde,CPV,1994,2
Cape Verde,CPV,1995,2
Cape Verde,CPV,1996,2
Cape Verde,CPV,1997,2
Cape Verde,CPV,1998,2
Cape Verde,CPV,1999,2
Cape Verde,CPV,2000,2
Cape Verde,CPV,2001,2
Cape Verde,CPV,2002,2
Cape Verde,CPV,2003,2
Cape Verde,CPV,2004,2
Cape Verde,CPV,2005,2
Cape Verde,CPV,2006,2
Cape Verde,CPV,2007,2
Cape Verde,CPV,2008,2
Cape Verde,CPV,2009,2
Cape Verde,CPV,2010,2
Cape Verde,CPV,2011,2
Cape Verde,CPV,2012,2
Cape Verde,CPV,2013,2
Cape Verde,CPV,2014,2
Cape Verde,CPV,2015,2
Cape Verde,CPV,2016,2
Cape Verde,CPV,2017,2
Cape Verde,CPV,2018,2
Central African Republic,CAF,1960,0
Central African Republic,CAF,1961,0
Central African Republic,CAF,1962,0
Central African Republic,CAF,1963,0
Central African Republic,CAF,1964,0
Central African Republic,CAF,1965,0
Central African Republic,CAF,1966,0
Central African Republic,CAF,1967,0
Central African Republic,CAF,1968,0
Central African Republic,CAF,1969,0
Central African Republic,CAF,1970,0
Central African Republic,CAF,1971,0
Central African Republic,CAF,1972,0
Central African Republic,CAF,1973,0
Central African Republic,CAF,1974,0
Central African Republic,CAF,1975,0
Central African Republic,CAF,1976,0
Central African Republic,CAF,1977,0
Central African Republic,CAF,1978,0
Central African Republic,CAF,1979,0
Central African Republic,CAF,1980,0
Central African Republic,CAF,1981,0
Central African Republic,CAF,1982,0
Central African Republic,CAF,1983,0
Central African Republic,CAF,1984,0
Central African Republic,CAF,1985,0
Central African Republic,CAF,1986,0
Central African Republic,CAF,1987,0
Central African Republic,CAF,1988,0
Central African Republic,CAF,1989,0
Central African Republic,CAF,1990,0
Central African Republic,CAF,1991,0
Central African Republic,CAF,1992,0
Central African Republic,CAF,1993,1
Central African Republic,CAF,1994,1
Central African Republic,CAF,1995,1
Central African Republic,CAF,1996,1
Central African Republic,CAF,1997,1
Central African Republic,CAF,1998,1
Central African Republic,CAF,1999,1
Central African Republic,CAF,2000,1
Central African Republic,CAF,2001,1
Central African Republic,CAF,2002,1
Central African Republic,CAF,2003,1
Central African Republic,CAF,2004,1
Central African Republic,CAF,2005,1
Central African Republic,CAF,2006,1
Central African Republic,CAF,2007,1
Central African Republic,CAF,2008,1
Central African Republic,CAF,2009,1
Central African Republic,CAF,2010,1
Central African Republic,CAF,2011,1
Central African Republic,CAF,2012,1
Central African Republic,CAF,2013,1
Central African Republic,CAF,2014,1
Central African Republic,CAF,2015,1
Central African Republic,CAF,2016,2
Central African Republic,CAF,2017,2
Central African Republic,CAF,2018,2
Chad,TCD,1960,1
Chad,TCD,1961,1
Chad,TCD,1962,0
Chad,TCD,1963,0
Chad,TCD,1964,0
Chad,TCD,1965,0
Chad,TCD,1966,0
Chad,TCD,1967,0
Chad,TCD,1968,0
Chad,TCD,1969,0
Chad,TCD,1970,0
Chad,TCD,1971,0
Chad,TCD,1972,0
Chad,TCD,1973,0
Chad,TCD,1974,0
Chad,TCD,1975,0
Chad,TCD,1976,0
Chad,TCD,1977,0
Chad,TCD,1978,1
Chad,TCD,1979,1
Chad,TCD,1980,1
Chad,TCD,1981,1
Chad,TCD,1982,1
Chad,TCD,1983,1
Chad,TCD,1984,1
Chad,TCD,1985,0
Chad,TCD,1986,0
Chad,TCD,1987,0
Chad,TCD,1988,0
Chad,TCD,1989,0
Chad,TCD,1990,1
Chad,TCD,1991,1
Chad,TCD,1992,1
Chad,TCD,1993,1
Chad,TCD,1994,1
Chad,TCD,1995,1
Chad,TCD,1996,1
Chad,TCD,1997,1
Chad,TCD,1998,1
Chad,TCD,1999,1
Chad,TCD,2000,1
Chad,TCD,2001,1
Chad,TCD,2002,1
Chad,TCD,2003,1
Chad,TCD,2004,1
Chad,TCD,2005,1
Chad,TCD,2006,1
Chad,TCD,2007,1
Chad,TCD,2008,1
Chad,TCD,2009,1
Chad,TCD,2010,1
Chad,TCD,2011,1
Chad,TCD,2012,1
Chad,TCD,2013,1
Chad,TCD,2014,1
Chad,TCD,2015,1
Chad,TCD,2016,1
Chad,TCD,2017,1
Chad,TCD,2018,1
Chile,CHL,1818,1
Chile,CHL,1819,1
Chile,CHL,1820,1
Chile,CHL,1821,1
Chile,CHL,1822,1
Chile,CHL,1823,1
Chile,CHL,1824,1
Chile,CHL,1825,1
Chile,CHL,1826,1
Chile,CHL,1827,1
Chile,CHL,1828,1
Chile,CHL,1829,1
Chile,CHL,1830,1
Chile,CHL,1831,1
Chile,CHL,1832,1
Chile,CHL,1833,1
Chile,CHL,1834,1
Chile,CHL,1835,1
Chile,CHL,1836,1
Chile,CHL,1837,1
Chile,CHL,1838,1
Chile,CHL,1839,1
Chile,CHL,1840,1
Chile,CHL,1841,1
Chile,CHL,1842,1
Chile,CHL,1843,1
Chile,CHL,1844,1
Chile,CHL,1845,1
Chile,CHL,1846,1
Chile,CHL,1847,1
Chile,CHL,1848,1
Chile,CHL,1849,1
Chile,CHL,1850,1
Chile,CHL,1851,1
Chile,CHL,1852,1
Chile,CHL,1853,1
Chile,CHL,1854,1
Chile,CHL,1855,1
Chile,CHL,1856,1
Chile,CHL,1857,1
Chile,CHL,1858,1
Chile,CHL,1859,1
Chile,CHL,1860,1
Chile,CHL,1861,1
Chile,CHL,1862,1
Chile,CHL,1863,1
Chile,CHL,1864,1
Chile,CHL,1865,1
Chile,CHL,1866,1
Chile,CHL,1867,1
Chile,CHL,1868,1
Chile,CHL,1869,1
Chile,CHL,1870,1
Chile,CHL,1871,1
Chile,CHL,1872,1
Chile,CHL,1873,1
Chile,CHL,1874,1
Chile,CHL,1875,1
Chile,CHL,1876,1
Chile,CHL,1877,1
Chile,CHL,1878,1
Chile,CHL,1879,1
Chile,CHL,1880,1
Chile,CHL,1881,1
Chile,CHL,1882,1
Chile,CHL,1883,1
Chile,CHL,1884,1
Chile,CHL,1885,1
Chile,CHL,1886,1
Chile,CHL,1887,1
Chile,CHL,1888,1
Chile,CHL,1889,1
Chile,CHL,1890,1
Chile,CHL,1891,1
Chile,CHL,1892,1
Chile,CHL,1893,1
Chile,CHL,1894,1
Chile,CHL,1895,1
Chile,CHL,1896,1
Chile,CHL,1897,1
Chile,CHL,1898,1
Chile,CHL,1899,1
Chile,CHL,1900,1
Chile,CHL,1901,1
Chile,CHL,1902,1
Chile,CHL,1903,1
Chile,CHL,1904,1
Chile,CHL,1905,1
Chile,CHL,1906,1
Chile,CHL,1907,1
Chile,CHL,1908,1
Chile,CHL,1909,1
Chile,CHL,1910,1
Chile,CHL,1911,1
Chile,CHL,1912,1
Chile,CHL,1913,1
Chile,CHL,1914,1
Chile,CHL,1915,1
Chile,CHL,1916,1
Chile,CHL,1917,1
Chile,CHL,1918,1
Chile,CHL,1919,1
Chile,CHL,1920,1
Chile,CHL,1921,1
Chile,CHL,1922,1
Chile,CHL,1923,1
Chile,CHL,1924,1
Chile,CHL,1925,1
Chile,CHL,1926,1
Chile,CHL,1927,1
Chile,CHL,1928,1
Chile,CHL,1929,1
Chile,CHL,1930,1
Chile,CHL,1931,1
Chile,CHL,1932,1
Chile,CHL,1933,1
Chile,CHL,1934,1
Chile,CHL,1935,1
Chile,CHL,1936,1
Chile,CHL,1937,1
Chile,CHL,1938,1
Chile,CHL,1939,1
Chile,CHL,1940,1
Chile,CHL,1941,1
Chile,CHL,1942,1
Chile,CHL,1943,1
Chile,CHL,1944,1
Chile,CHL,1945,1
Chile,CHL,1946,1
Chile,CHL,1947,1
Chile,CHL,1948,1
Chile,CHL,1949,1
Chile,CHL,1950,1
Chile,CHL,1951,1
Chile,CHL,1952,1
Chile,CHL,1953,1
Chile,CHL,1954,1
Chile,CHL,1955,1
Chile,CHL,1956,1
Chile,CHL,1957,1
Chile,CHL,1958,1
Chile,CHL,1959,1
Chile,CHL,1960,1
Chile,CHL,1961,1
Chile,CHL,1962,1
Chile,CHL,1963,1
Chile,CHL,1964,2
Chile,CHL,1965,2
Chile,CHL,1966,2
Chile,CHL,1967,2
Chile,CHL,1968,2
Chile,CHL,1969,2
Chile,CHL,1970,2
Chile,CHL,1971,2
Chile,CHL,1972,2
Chile,CHL,1973,0
Chile,CHL,1974,0
Chile,CHL,1975,0
Chile,CHL,1976,0
Chile,CHL,1977,0
Chile,CHL,1978,0
Chile,CHL,1979,0
Chile,CHL,1980,0
Chile,CHL,1981,0
Chile,CHL,1982,0
Chile,CHL,1983,0
Chile,CHL,1984,0
Chile,CHL,1985,0
Chile,CHL,1986,0
Chile,CHL,1987,0
Chile,CHL,1988,1
Chile,CHL,1989,2
Chile,CHL,1990,2
Chile,CHL,1991,2
Chile,CHL,1992,2
Chile,CHL,1993,2
Chile,CHL,1994,2
Chile,CHL,1995,2
Chile,CHL,1996,2
Chile,CHL,1997,2
Chile,CHL,1998,2
Chile,CHL,1999,2
Chile,CHL,2000,2
Chile,CHL,2001,2
Chile,CHL,2002,2
Chile,CHL,2003,2
Chile,CHL,2004,2
Chile,CHL,2005,2
Chile,CHL,2006,2
Chile,CHL,2007,2
Chile,CHL,2008,2
Chile,CHL,2009,2
Chile,CHL,2010,2
Chile,CHL,2011,2
Chile,CHL,2012,2
Chile,CHL,2013,2
Chile,CHL,2014,2
Chile,CHL,2015,2
Chile,CHL,2016,2
Chile,CHL,2017,2
Chile,CHL,2018,2
China,CHN,1800,0
China,CHN,1801,0
China,CHN,1802,0
China,CHN,1803,0
China,CHN,1804,0
China,CHN,1805,0
China,CHN,1806,0
China,CHN,1807,0
China,CHN,1808,0
China,CHN,1809,0
China,CHN,1810,0
China,CHN,1811,0
China,CHN,1812,0
China,CHN,1813,0
China,CHN,1814,0
China,CHN,1815,0
China,CHN,1816,0
China,CHN,1817,0
China,CHN,1818,0
China,CHN,1819,0
China,CHN,1820,0
China,CHN,1821,0
China,CHN,1822,0
China,CHN,1823,0
China,CHN,1824,0
China,CHN,1825,0
China,CHN,1826,0
China,CHN,1827,0
China,CHN,1828,0
China,CHN,1829,0
China,CHN,1830,0
China,CHN,1831,0
China,CHN,1832,0
China,CHN,1833,0
China,CHN,1834,0
China,CHN,1835,0
China,CHN,1836,0
China,CHN,1837,0
China,CHN,1838,0
China,CHN,1839,0
China,CHN,1840,0
China,CHN,1841,0
China,CHN,1842,0
China,CHN,1843,0
China,CHN,1844,0
China,CHN,1845,0
China,CHN,1846,0
China,CHN,1847,0
China,CHN,1848,0
China,CHN,1849,0
China,CHN,1850,0
China,CHN,1851,0
China,CHN,1852,0
China,CHN,1853,0
China,CHN,1854,0
China,CHN,1855,0
China,CHN,1856,0
China,CHN,1857,0
China,CHN,1858,0
China,CHN,1859,0
China,CHN,1862,0
China,CHN,1863,0
China,CHN,1864,0
China,CHN,1865,0
China,CHN,1866,0
China,CHN,1867,0
China,CHN,1868,0
China,CHN,1869,0
China,CHN,1870,0
China,CHN,1871,0
China,CHN,1872,0
China,CHN,1873,0
China,CHN,1874,0
China,CHN,1875,0
China,CHN,1876,0
China,CHN,1877,0
China,CHN,1878,0
China,CHN,1879,0
China,CHN,1880,0
China,CHN,1881,0
China,CHN,1882,0
China,CHN,1883,0
China,CHN,1884,0
China,CHN,1885,0
China,CHN,1886,0
China,CHN,1887,0
China,CHN,1888,0
China,CHN,1889,0
China,CHN,1890,0
China,CHN,1891,0
China,CHN,1892,0
China,CHN,1893,0
China,CHN,1894,0
China,CHN,1895,0
China,CHN,1896,0
China,CHN,1897,0
China,CHN,1898,0
China,CHN,1899,0
China,CHN,1900,0
China,CHN,1901,0
China,CHN,1902,0
China,CHN,1903,0
China,CHN,1904,0
China,CHN,1905,0
China,CHN,1906,0
China,CHN,1907,0
China,CHN,1908,0
China,CHN,1909,0
China,CHN,1910,0
China,CHN,1911,1
China,CHN,1912,1
China,CHN,1913,1
China,CHN,1914,1
China,CHN,1915,1
China,CHN,1916,1
China,CHN,1917,1
China,CHN,1918,1
China,CHN,1919,1
China,CHN,1920,1
China,CHN,1921,1
China,CHN,1922,1
China,CHN,1923,1
China,CHN,1924,1
China,CHN,1925,1
China,CHN,1926,1
China,CHN,1927,1
China,CHN,1928,1
China,CHN,1929,1
China,CHN,1930,1
China,CHN,1931,1
China,CHN,1932,1
China,CHN,1933,1
China,CHN,1934,1
China,CHN,1935,1
China,CHN,1936,1
China,CHN,1946,1
China,CHN,1947,1
China,CHN,1948,1
China,CHN,1949,0
China,CHN,1950,0
China,CHN,1951,0
China,CHN,1952,0
China,CHN,1953,0
China,CHN,1954,0
China,CHN,1955,0
China,CHN,1956,0
China,CHN,1957,0
China,CHN,1958,0
China,CHN,1959,0
China,CHN,1960,0
China,CHN,1961,0
China,CHN,1962,0
China,CHN,1963,0
China,CHN,1964,0
China,CHN,1965,0
China,CHN,1966,0
China,CHN,1967,0
China,CHN,1968,0
China,CHN,1969,0
China,CHN,1970,0
China,CHN,1971,0
China,CHN,1972,0
China,CHN,1973,0
China,CHN,1974,0
China,CHN,1975,0
China,CHN,1976,0
China,CHN,1977,0
China,CHN,1978,0
China,CHN,1979,0
China,CHN,1980,0
China,CHN,1981,0
China,CHN,1982,0
China,CHN,1983,0
China,CHN,1984,0
China,CHN,1985,0
China,CHN,1986,0
China,CHN,1987,0
China,CHN,1988,0
China,CHN,1989,0
China,CHN,1990,0
China,CHN,1991,0
China,CHN,1992,0
China,CHN,1993,0
China,CHN,1994,0
China,CHN,1995,0
China,CHN,1996,0
China,CHN,1997,0
China,CHN,1998,0
China,CHN,1999,0
China,CHN,2000,0
China,CHN,2001,0
China,CHN,2002,0
China,CHN,2003,0
China,CHN,2004,0
China,CHN,2005,0
China,CHN,2006,0
China,CHN,2007,0
China,CHN,2008,0
China,CHN,2009,0
China,CHN,2010,0
China,CHN,2011,0
China,CHN,2012,0
China,CHN,2013,0
China,CHN,2014,0
China,CHN,2015,0
China,CHN,2016,0
China,CHN,2017,0
China,CHN,2018,0
Colombia,COL,1832,1
Colombia,COL,1833,1
Colombia,COL,1834,1
Colombia,COL,1835,1
Colombia,COL,1836,1
Colombia,COL,1837,1
Colombia,COL,1838,1
Colombia,COL,1839,1
Colombia,COL,1840,1
Colombia,COL,1841,1
Colombia,COL,1842,1
Colombia,COL,1843,1
Colombia,COL,1844,1
Colombia,COL,1845,1
Colombia,COL,1846,1
Colombia,COL,1847,1
Colombia,COL,1848,1
Colombia,COL,1849,1
Colombia,COL,1850,1
Colombia,COL,1851,1
Colombia,COL,1852,1
Colombia,COL,1853,1
Colombia,COL,1854,1
Colombia,COL,1855,1
Colombia,COL,1856,1
Colombia,COL,1857,1
Colombia,COL,1858,1
Colombia,COL,1859,1
Colombia,COL,1860,1
Colombia,COL,1861,1
Colombia,COL,1862,1
Colombia,COL,1863,1
Colombia,COL,1864,1
Colombia,COL,1865,1
Colombia,COL,1866,1
Colombia,COL,1867,2
Colombia,COL,1868,2
Colombia,COL,1869,2
Colombia,COL,1870,2
Colombia,COL,1871,2
Colombia,COL,1872,2
Colombia,COL,1873,2
Colombia,COL,1874,2
Colombia,COL,1875,2
Colombia,COL,1876,2
Colombia,COL,1877,2
Colombia,COL,1878,2
Colombia,COL,1879,2
Colombia,COL,1880,2
Colombia,COL,1881,2
Colombia,COL,1882,2
Colombia,COL,1883,2
Colombia,COL,1884,2
Colombia,COL,1885,2
Colombia,COL,1886,1
Colombia,COL,1887,1
Colombia,COL,1888,1
Colombia,COL,1889,1
Colombia,COL,1890,1
Colombia,COL,1891,1
Colombia,COL,1892,1
Colombia,COL,1893,1
Colombia,COL,1894,1
Colombia,COL,1895,1
Colombia,COL,1896,1
Colombia,COL,1897,1
Colombia,COL,1898,1
Colombia,COL,1899,1
Colombia,COL,1900,1
Colombia,COL,1901,1
Colombia,COL,1902,1
Colombia,COL,1903,1
Colombia,COL,1904,1
Colombia,COL,1905,1
Colombia,COL,1906,1
Colombia,COL,1907,1
Colombia,COL,1908,1
Colombia,COL,1909,1
Colombia,COL,1910,1
Colombia,COL,1911,1
Colombia,COL,1912,1
Colombia,COL,1913,1
Colombia,COL,1914,1
Colombia,COL,1915,1
Colombia,COL,1916,1
Colombia,COL,1917,1
Colombia,COL,1918,1
Colombia,COL,1919,1
Colombia,COL,1920,1
Colombia,COL,1921,1
Colombia,COL,1922,1
Colombia,COL,1923,1
Colombia,COL,1924,1
Colombia,COL,1925,1
Colombia,COL,1926,1
Colombia,COL,1927,1
Colombia,COL,1928,1
Colombia,COL,1929,1
Colombia,COL,1930,1
Colombia,COL,1931,1
Colombia,COL,1932,1
Colombia,COL,1933,1
Colombia,COL,1934,1
Colombia,COL,1935,1
Colombia,COL,1936,1
Colombia,COL,1937,1
Colombia,COL,1938,1
Colombia,COL,1939,1
Colombia,COL,1940,1
Colombia,COL,1941,1
Colombia,COL,1942,1
Colombia,COL,1943,1
Colombia,COL,1944,1
Colombia,COL,1945,1
Colombia,COL,1946,1
Colombia,COL,1947,1
Colombia,COL,1948,1
Colombia,COL,1949,1
Colombia,COL,1950,1
Colombia,COL,1951,1
Colombia,COL,1952,1
Colombia,COL,1953,1
Colombia,COL,1954,1
Colombia,COL,1955,1
Colombia,COL,1956,1
Colombia,COL,1957,2
Colombia,COL,1958,2
Colombia,COL,1959,2
Colombia,COL,1960,2
Colombia,COL,1961,2
Colombia,COL,1962,2
Colombia,COL,1963,2
Colombia,COL,1964,2
Colombia,COL,1965,2
Colombia,COL,1966,2
Colombia,COL,1967,2
Colombia,COL,1968,2
Colombia,COL,1969,2
Colombia,COL,1970,2
Colombia,COL,1971,2
Colombia,COL,1972,2
Colombia,COL,1973,2
Colombia,COL,1974,2
Colombia,COL,1975,2
Colombia,COL,1976,2
Colombia,COL,1977,2
Colombia,COL,1978,2
Colombia,COL,1979,2
Colombia,COL,1980,2
Colombia,COL,1981,2
Colombia,COL,1982,2
Colombia,COL,1983,2
Colombia,COL,1984,2
Colombia,COL,1985,2
Colombia,COL,1986,2
Colombia,COL,1987,2
Colombia,COL,1988,2
Colombia,COL,1989,2
Colombia,COL,1990,2
Colombia,COL,1991,2
Colombia,COL,1992,2
Colombia,COL,1993,2
Colombia,COL,1994,2
Colombia,COL,1995,2
Colombia,COL,1996,2
Colombia,COL,1997,2
Colombia,COL,1998,2
Colombia,COL,1999,2
Colombia,COL,2000,2
Colombia,COL,2001,2
Colombia,COL,2002,2
Colombia,COL,2003,2
Colombia,COL,2004,2
Colombia,COL,2005,2
Colombia,COL,2006,2
Colombia,COL,2007,2
Colombia,COL,2008,2
Colombia,COL,2009,2
Colombia,COL,2010,2
Colombia,COL,2011,2
Colombia,COL,2012,2
Colombia,COL,2013,2
Colombia,COL,2014,2
Colombia,COL,2015,2
Colombia,COL,2016,2
Colombia,COL,2017,2
Colombia,COL,2018,2
Comoros,COM,1975,1
Comoros,COM,1976,1
Comoros,COM,1977,1
Comoros,COM,1978,1
Comoros,COM,1979,1
Comoros,COM,1980,1
Comoros,COM,1981,1
Comoros,COM,1982,1
Comoros,COM,1983,1
Comoros,COM,1984,0
Comoros,COM,1985,0
Comoros,COM,1986,0
Comoros,COM,1987,0
Comoros,COM,1988,0
Comoros,COM,1989,0
Comoros,COM,1990,1
Comoros,COM,1991,1
Comoros,COM,1992,1
Comoros,COM,1993,1
Comoros,COM,1994,1
Comoros,COM,1995,1
Comoros,COM,1996,1
Comoros,COM,1997,1
Comoros,COM,1998,1
Comoros,COM,1999,1
Comoros,COM,2000,1
Comoros,COM,2001,1
Comoros,COM,2002,1
Comoros,COM,2003,1
Comoros,COM,2004,2
Comoros,COM,2005,2
Comoros,COM,2006,2
Comoros,COM,2007,2
Comoros,COM,2008,2
Comoros,COM,2009,2
Comoros,COM,2010,2
Comoros,COM,2011,2
Comoros,COM,2012,2
Comoros,COM,2013,2
Comoros,COM,2014,2
Comoros,COM,2015,2
Comoros,COM,2016,2
Comoros,COM,2017,2
Comoros,COM,2018,1
Congo,COG,1960,1
Congo,COG,1961,1
Congo,COG,1962,1
Congo,COG,1963,0
Congo,COG,1964,0
Congo,COG,1965,0
Congo,COG,1966,0
Congo,COG,1967,0
Congo,COG,1968,0
Congo,COG,1969,0
Congo,COG,1970,0
Congo,COG,1971,0
Congo,COG,1972,0
Congo,COG,1973,0
Congo,COG,1974,0
Congo,COG,1975,0
Congo,COG,1976,0
Congo,COG,1977,0
Congo,COG,1978,0
Congo,COG,1979,0
Congo,COG,1980,0
Congo,COG,1981,0
Congo,COG,1982,0
Congo,COG,1983,0
Congo,COG,1984,0
Congo,COG,1985,0
Congo,COG,1986,0
Congo,COG,1987,0
Congo,COG,1988,0
Congo,COG,1989,0
Congo,COG,1990,0
Congo,COG,1991,1
Congo,COG,1992,1
Congo,COG,1993,1
Congo,COG,1994,1
Congo,COG,1995,1
Congo,COG,1996,1
Congo,COG,1997,0
Congo,COG,1998,0
Congo,COG,1999,0
Congo,COG,2000,0
Congo,COG,2001,1
Congo,COG,2002,1
Congo,COG,2003,1
Congo,COG,2004,1
Congo,COG,2005,1
Congo,COG,2006,1
Congo,COG,2007,1
Congo,COG,2008,1
Congo,COG,2009,1
Congo,COG,2010,1
Congo,COG,2011,1
Congo,COG,2012,1
Congo,COG,2013,1
Congo,COG,2014,1
Congo,COG,2015,1
Congo,COG,2016,1
Congo,COG,2017,1
Congo,COG,2018,1
Costa Rica,CRI,1838,1
Costa Rica,CRI,1839,1
Costa Rica,CRI,1840,1
Costa Rica,CRI,1841,1
Costa Rica,CRI,1842,1
Costa Rica,CRI,1843,1
Costa Rica,CRI,1844,1
Costa Rica,CRI,1845,1
Costa Rica,CRI,1846,1
Costa Rica,CRI,1847,1
Costa Rica,CRI,1848,1
Costa Rica,CRI,1849,1
Costa Rica,CRI,1850,1
Costa Rica,CRI,1851,1
Costa Rica,CRI,1852,1
Costa Rica,CRI,1853,1
Costa Rica,CRI,1854,1
Costa Rica,CRI,1855,1
Costa Rica,CRI,1856,1
Costa Rica,CRI,1857,1
Costa Rica,CRI,1858,1
Costa Rica,CRI,1859,1
Costa Rica,CRI,1860,1
Costa Rica,CRI,1861,1
Costa Rica,CRI,1862,1
Costa Rica,CRI,1863,1
Costa Rica,CRI,1864,1
Costa Rica,CRI,1865,1
Costa Rica,CRI,1866,1
Costa Rica,CRI,1867,1
Costa Rica,CRI,1868,1
Costa Rica,CRI,1869,1
Costa Rica,CRI,1870,1
Costa Rica,CRI,1871,1
Costa Rica,CRI,1872,1
Costa Rica,CRI,1873,1
Costa Rica,CRI,1874,1
Costa Rica,CRI,1875,1
Costa Rica,CRI,1876,1
Costa Rica,CRI,1877,1
Costa Rica,CRI,1878,1
Costa Rica,CRI,1879,1
Costa Rica,CRI,1880,1
Costa Rica,CRI,1881,1
Costa Rica,CRI,1882,1
Costa Rica,CRI,1883,1
Costa Rica,CRI,1884,1
Costa Rica,CRI,1885,1
Costa Rica,CRI,1886,1
Costa Rica,CRI,1887,1
Costa Rica,CRI,1888,1
Costa Rica,CRI,1889,1
Costa Rica,CRI,1890,1
Costa Rica,CRI,1891,1
Costa Rica,CRI,1892,1
Costa Rica,CRI,1893,1
Costa Rica,CRI,1894,2
Costa Rica,CRI,1895,2
Costa Rica,CRI,1896,2
Costa Rica,CRI,1897,2
Costa Rica,CRI,1898,2
Costa Rica,CRI,1899,2
Costa Rica,CRI,1900,2
Costa Rica,CRI,1901,2
Costa Rica,CRI,1902,2
Costa Rica,CRI,1903,2
Costa Rica,CRI,1904,2
Costa Rica,CRI,1905,2
Costa Rica,CRI,1906,2
Costa Rica,CRI,1907,2
Costa Rica,CRI,1908,2
Costa Rica,CRI,1909,2
Costa Rica,CRI,1910,2
Costa Rica,CRI,1911,2
Costa Rica,CRI,1912,2
Costa Rica,CRI,1913,2
Costa Rica,CRI,1914,2
Costa Rica,CRI,1915,2
Costa Rica,CRI,1916,2
Costa Rica,CRI,1917,1
Costa Rica,CRI,1918,1
Costa Rica,CRI,1919,1
Costa Rica,CRI,1920,1
Costa Rica,CRI,1921,1
Costa Rica,CRI,1922,1
Costa Rica,CRI,1923,1
Costa Rica,CRI,1924,1
Costa Rica,CRI,1925,1
Costa Rica,CRI,1926,1
Costa Rica,CRI,1927,1
Costa Rica,CRI,1928,1
Costa Rica,CRI,1929,1
Costa Rica,CRI,1930,1
Costa Rica,CRI,1931,1
Costa Rica,CRI,1932,1
Costa Rica,CRI,1933,1
Costa Rica,CRI,1934,1
Costa Rica,CRI,1935,1
Costa Rica,CRI,1936,1
Costa Rica,CRI,1937,1
Costa Rica,CRI,1938,1
Costa Rica,CRI,1939,1
Costa Rica,CRI,1940,1
Costa Rica,CRI,1941,1
Costa Rica,CRI,1942,1
Costa Rica,CRI,1943,1
Costa Rica,CRI,1944,1
Costa Rica,CRI,1945,1
Costa Rica,CRI,1946,1
Costa Rica,CRI,1947,1
Costa Rica,CRI,1948,1
Costa Rica,CRI,1949,2
Costa Rica,CRI,1950,2
Costa Rica,CRI,1951,2
Costa Rica,CRI,1952,2
Costa Rica,CRI,1953,2
Costa Rica,CRI,1954,2
Costa Rica,CRI,1955,2
Costa Rica,CRI,1956,2
Costa Rica,CRI,1957,2
Costa Rica,CRI,1958,2
Costa Rica,CRI,1959,2
Costa Rica,CRI,1960,2
Costa Rica,CRI,1961,2
Costa Rica,CRI,1962,2
Costa Rica,CRI,1963,2
Costa Rica,CRI,1964,2
Costa Rica,CRI,1965,2
Costa Rica,CRI,1966,2
Costa Rica,CRI,1967,2
Costa Rica,CRI,1968,2
Costa Rica,CRI,1969,2
Costa Rica,CRI,1970,2
Costa Rica,CRI,1971,2
Costa Rica,CRI,1972,2
Costa Rica,CRI,1973,2
Costa Rica,CRI,1974,2
Costa Rica,CRI,1975,2
Costa Rica,CRI,1976,2
Costa Rica,CRI,1977,2
Costa Rica,CRI,1978,2
Costa Rica,CRI,1979,2
Costa Rica,CRI,1980,2
Costa Rica,CRI,1981,2
Costa Rica,CRI,1982,2
Costa Rica,CRI,1983,2
Costa Rica,CRI,1984,2
Costa Rica,CRI,1985,2
Costa Rica,CRI,1986,2
Costa Rica,CRI,1987,2
Costa Rica,CRI,1988,2
Costa Rica,CRI,1989,2
Costa Rica,CRI,1990,2
Costa Rica,CRI,1991,2
Costa Rica,CRI,1992,2
Costa Rica,CRI,1993,2
Costa Rica,CRI,1994,2
Costa Rica,CRI,1995,2
Costa Rica,CRI,1996,2
Costa Rica,CRI,1997,2
Costa Rica,CRI,1998,2
Costa Rica,CRI,1999,2
Costa Rica,CRI,2000,2
Costa Rica,CRI,2001,2
Costa Rica,CRI,2002,2
Costa Rica,CRI,2003,2
Costa Rica,CRI,2004,2
Costa Rica,CRI,2005,2
Costa Rica,CRI,2006,2
Costa Rica,CRI,2007,2
Costa Rica,CRI,2008,2
Costa Rica,CRI,2009,2
Costa Rica,CRI,2010,2
Costa Rica,CRI,2011,2
Costa Rica,CRI,2012,2
Costa Rica,CRI,2013,2
Costa Rica,CRI,2014,2
Costa Rica,CRI,2015,2
Costa Rica,CRI,2016,2
Costa Rica,CRI,2017,2
Costa Rica,CRI,2018,2
Cote d'Ivoire,CIV,1960,0
Cote d'Ivoire,CIV,1961,0
Cote d'Ivoire,CIV,1962,0
Cote d'Ivoire,CIV,1963,0
Cote d'Ivoire,CIV,1964,0
Cote d'Ivoire,CIV,1965,0
Cote d'Ivoire,CIV,1966,0
Cote d'Ivoire,CIV,1967,0
Cote d'Ivoire,CIV,1968,0
Cote d'Ivoire,CIV,1969,0
Cote d'Ivoire,CIV,1970,0
Cote d'Ivoire,CIV,1971,0
Cote d'Ivoire,CIV,1972,0
Cote d'Ivoire,CIV,1973,0
Cote d'Ivoire,CIV,1974,0
Cote d'Ivoire,CIV,1975,0
Cote d'Ivoire,CIV,1976,0
Cote d'Ivoire,CIV,1977,0
Cote d'Ivoire,CIV,1978,0
Cote d'Ivoire,CIV,1979,0
Cote d'Ivoire,CIV,1980,0
Cote d'Ivoire,CIV,1981,0
Cote d'Ivoire,CIV,1982,0
Cote d'Ivoire,CIV,1983,0
Cote d'Ivoire,CIV,1984,0
Cote d'Ivoire,CIV,1985,0
Cote d'Ivoire,CIV,1986,0
Cote d'Ivoire,CIV,1987,0
Cote d'Ivoire,CIV,1988,0
Cote d'Ivoire,CIV,1989,0
Cote d'Ivoire,CIV,1990,0
Cote d'Ivoire,CIV,1991,0
Cote d'Ivoire,CIV,1992,0
Cote d'Ivoire,CIV,1993,0
Cote d'Ivoire,CIV,1994,0
Cote d'Ivoire,CIV,1995,0
Cote d'Ivoire,CIV,1996,0
Cote d'Ivoire,CIV,1997,0
Cote d'Ivoire,CIV,1998,0
Cote d'Ivoire,CIV,1999,1
Cote d'Ivoire,CIV,2000,1
Cote d'Ivoire,CIV,2001,1
Cote d'Ivoire,CIV,2002,1
Cote d'Ivoire,CIV,2003,1
Cote d'Ivoire,CIV,2004,1
Cote d'Ivoire,CIV,2005,1
Cote d'Ivoire,CIV,2006,1
Cote d'Ivoire,CIV,2007,1
Cote d'Ivoire,CIV,2008,1
Cote d'Ivoire,CIV,2009,1
Cote d'Ivoire,CIV,2010,1
Cote d'Ivoire,CIV,2011,1
Cote d'Ivoire,CIV,2012,1
Cote d'Ivoire,CIV,2013,1
Cote d'Ivoire,CIV,2014,1
Cote d'Ivoire,CIV,2015,1
Cote d'Ivoire,CIV,2016,1
Cote d'Ivoire,CIV,2017,1
Cote d'Ivoire,CIV,2018,1
Croatia,HRV,1921,1
Croatia,HRV,1922,1
Croatia,HRV,1923,1
Croatia,HRV,1924,1
Croatia,HRV,1925,1
Croatia,HRV,1926,1
Croatia,HRV,1927,1
Croatia,HRV,1928,1
Croatia,HRV,1929,0
Croatia,HRV,1930,0
Croatia,HRV,1931,0
Croatia,HRV,1932,0
Croatia,HRV,1933,0
Croatia,HRV,1934,0
Croatia,HRV,1935,0
Croatia,HRV,1936,0
Croatia,HRV,1937,1
Croatia,HRV,1938,1
Croatia,HRV,1939,1
Croatia,HRV,1940,1
Croatia,HRV,1941,1
Croatia,HRV,1942,1
Croatia,HRV,1943,1
Croatia,HRV,1944,1
Croatia,HRV,1945,0
Croatia,HRV,1946,0
Croatia,HRV,1947,0
Croatia,HRV,1948,0
Croatia,HRV,1949,0
Croatia,HRV,1950,0
Croatia,HRV,1951,0
Croatia,HRV,1952,0
Croatia,HRV,1953,0
Croatia,HRV,1954,0
Croatia,HRV,1955,0
Croatia,HRV,1956,0
Croatia,HRV,1957,0
Croatia,HRV,1958,0
Croatia,HRV,1959,0
Croatia,HRV,1960,0
Croatia,HRV,1961,0
Croatia,HRV,1962,0
Croatia,HRV,1963,0
Croatia,HRV,1964,0
Croatia,HRV,1965,0
Croatia,HRV,1966,0
Croatia,HRV,1967,0
Croatia,HRV,1968,0
Croatia,HRV,1969,0
Croatia,HRV,1970,0
Croatia,HRV,1971,0
Croatia,HRV,1972,0
Croatia,HRV,1973,0
Croatia,HRV,1974,0
Croatia,HRV,1975,0
Croatia,HRV,1976,0
Croatia,HRV,1977,0
Croatia,HRV,1978,0
Croatia,HRV,1979,0
Croatia,HRV,1980,1
Croatia,HRV,1981,1
Croatia,HRV,1982,1
Croatia,HRV,1983,1
Croatia,HRV,1984,1
Croatia,HRV,1985,1
Croatia,HRV,1986,1
Croatia,HRV,1987,1
Croatia,HRV,1988,1
Croatia,HRV,1989,1
Croatia,HRV,1990,1
Croatia,HRV,1991,1
Croatia,HRV,1992,1
Croatia,HRV,1993,1
Croatia,HRV,1994,1
Croatia,HRV,1995,1
Croatia,HRV,1996,1
Croatia,HRV,1997,1
Croatia,HRV,1998,1
Croatia,HRV,1999,1
Croatia,HRV,2000,2
Croatia,HRV,2001,2
Croatia,HRV,2002,2
Croatia,HRV,2003,2
Croatia,HRV,2004,2
Croatia,HRV,2005,2
Croatia,HRV,2006,2
Croatia,HRV,2007,2
Croatia,HRV,2008,2
Croatia,HRV,2009,2
Croatia,HRV,2010,2
Croatia,HRV,2011,2
Croatia,HRV,2012,2
Croatia,HRV,2013,2
Croatia,HRV,2014,2
Croatia,HRV,2015,2
Croatia,HRV,2016,2
Croatia,HRV,2017,2
Croatia,HRV,2018,2
Cuba,CUB,1902,1
Cuba,CUB,1903,1
Cuba,CUB,1904,1
Cuba,CUB,1905,1
Cuba,CUB,1906,1
Cuba,CUB,1907,1
Cuba,CUB,1908,1
Cuba,CUB,1909,1
Cuba,CUB,1910,1
Cuba,CUB,1911,1
Cuba,CUB,1912,1
Cuba,CUB,1913,1
Cuba,CUB,1914,1
Cuba,CUB,1915,1
Cuba,CUB,1916,1
Cuba,CUB,1917,1
Cuba,CUB,1918,1
Cuba,CUB,1919,1
Cuba,CUB,1920,1
Cuba,CUB,1921,1
Cuba,CUB,1922,1
Cuba,CUB,1923,1
Cuba,CUB,1924,1
Cuba,CUB,1925,1
Cuba,CUB,1926,1
Cuba,CUB,1927,1
Cuba,CUB,1928,1
Cuba,CUB,1929,1
Cuba,CUB,1930,1
Cuba,CUB,1931,1
Cuba,CUB,1932,1
Cuba,CUB,1933,1
Cuba,CUB,1934,1
Cuba,CUB,1935,1
Cuba,CUB,1936,1
Cuba,CUB,1937,1
Cuba,CUB,1938,1
Cuba,CUB,1939,1
Cuba,CUB,1940,1
Cuba,CUB,1941,1
Cuba,CUB,1942,1
Cuba,CUB,1943,1
Cuba,CUB,1944,1
Cuba,CUB,1945,1
Cuba,CUB,1946,1
Cuba,CUB,1947,1
Cuba,CUB,1948,1
Cuba,CUB,1949,1
Cuba,CUB,1950,1
Cuba,CUB,1951,1
Cuba,CUB,1952,1
Cuba,CUB,1953,1
Cuba,CUB,1954,0
Cuba,CUB,1955,0
Cuba,CUB,1956,0
Cuba,CUB,1957,0
Cuba,CUB,1958,0
Cuba,CUB,1959,1
Cuba,CUB,1960,1
Cuba,CUB,1961,0
Cuba,CUB,1962,0
Cuba,CUB,1963,0
Cuba,CUB,1964,0
Cuba,CUB,1965,0
Cuba,CUB,1966,0
Cuba,CUB,1967,0
Cuba,CUB,1968,0
Cuba,CUB,1969,0
Cuba,CUB,1970,0
Cuba,CUB,1971,0
Cuba,CUB,1972,0
Cuba,CUB,1973,0
Cuba,CUB,1974,0
Cuba,CUB,1975,0
Cuba,CUB,1976,0
Cuba,CUB,1977,0
Cuba,CUB,1978,0
Cuba,CUB,1979,0
Cuba,CUB,1980,0
Cuba,CUB,1981,0
Cuba,CUB,1982,0
Cuba,CUB,1983,0
Cuba,CUB,1984,0
Cuba,CUB,1985,0
Cuba,CUB,1986,0
Cuba,CUB,1987,0
Cuba,CUB,1988,0
Cuba,CUB,1989,0
Cuba,CUB,1990,0
Cuba,CUB,1991,0
Cuba,CUB,1992,0
Cuba,CUB,1993,0
Cuba,CUB,1994,0
Cuba,CUB,1995,0
Cuba,CUB,1996,0
Cuba,CUB,1997,0
Cuba,CUB,1998,0
Cuba,CUB,1999,0
Cuba,CUB,2000,0
Cuba,CUB,2001,0
Cuba,CUB,2002,0
Cuba,CUB,2003,0
Cuba,CUB,2004,0
Cuba,CUB,2005,0
Cuba,CUB,2006,0
Cuba,CUB,2007,0
Cuba,CUB,2008,0
Cuba,CUB,2009,0
Cuba,CUB,2010,0
Cuba,CUB,2011,0
Cuba,CUB,2012,0
Cuba,CUB,2013,0
Cuba,CUB,2014,0
Cuba,CUB,2015,0
Cuba,CUB,2016,0
Cuba,CUB,2017,0
Cuba,CUB,2018,1
Cyprus,CYP,1960,2
Cyprus,CYP,1961,2
Cyprus,CYP,1962,2
Cyprus,CYP,1963,1
Cyprus,CYP,1964,1
Cyprus,CYP,1965,1
Cyprus,CYP,1966,1
Cyprus,CYP,1967,1
Cyprus,CYP,1968,2
Cyprus,CYP,1969,2
Cyprus,CYP,1970,2
Cyprus,CYP,1971,2
Cyprus,CYP,1972,2
Cyprus,CYP,1973,2
Cyprus,CYP,1974,2
Cyprus,CYP,1975,2
Cyprus,CYP,1976,2
Cyprus,CYP,1977,2
Cyprus,CYP,1978,2
Cyprus,CYP,1979,2
Cyprus,CYP,1980,2
Cyprus,CYP,1981,2
Cyprus,CYP,1982,2
Cyprus,CYP,1983,2
Cyprus,CYP,1984,2
Cyprus,CYP,1985,2
Cyprus,CYP,1986,2
Cyprus,CYP,1987,2
Cyprus,CYP,1988,2
Cyprus,CYP,1989,2
Cyprus,CYP,1990,2
Cyprus,CYP,1991,2
Cyprus,CYP,1992,2
Cyprus,CYP,1993,2
Cyprus,CYP,1994,2
Cyprus,CYP,1995,2
Cyprus,CYP,1996,2
Cyprus,CYP,1997,2
Cyprus,CYP,1998,2
Cyprus,CYP,1999,2
Cyprus,CYP,2000,2
Cyprus,CYP,2001,2
Cyprus,CYP,2002,2
Cyprus,CYP,2003,2
Cyprus,CYP,2004,2
Cyprus,CYP,2005,2
Cyprus,CYP,2006,2
Cyprus,CYP,2007,2
Cyprus,CYP,2008,2
Cyprus,CYP,2009,2
Cyprus,CYP,2010,2
Cyprus,CYP,2011,2
Cyprus,CYP,2012,2
Cyprus,CYP,2013,2
Cyprus,CYP,2014,2
Cyprus,CYP,2015,2
Cyprus,CYP,2016,2
Cyprus,CYP,2017,2
Cyprus,CYP,2018,2
Czechia,CZE,1918,2
Czechia,CZE,1919,2
Czechia,CZE,1920,2
Czechia,CZE,1921,2
Czechia,CZE,1922,2
Czechia,CZE,1923,2
Czechia,CZE,1924,2
Czechia,CZE,1925,2
Czechia,CZE,1926,2
Czechia,CZE,1927,2
Czechia,CZE,1928,2
Czechia,CZE,1929,2
Czechia,CZE,1930,2
Czechia,CZE,1931,2
Czechia,CZE,1932,2
Czechia,CZE,1933,2
Czechia,CZE,1934,2
Czechia,CZE,1935,2
Czechia,CZE,1936,2
Czechia,CZE,1937,2
Czechia,CZE,1938,1
Czechia,CZE,1945,2
Czechia,CZE,1946,1
Czechia,CZE,1947,1
Czechia,CZE,1948,0
Czechia,CZE,1949,0
Czechia,CZE,1950,0
Czechia,CZE,1951,0
Czechia,CZE,1952,0
Czechia,CZE,1953,0
Czechia,CZE,1954,0
Czechia,CZE,1955,0
Czechia,CZE,1956,0
Czechia,CZE,1957,0
Czechia,CZE,1958,0
Czechia,CZE,1959,0
Czechia,CZE,1960,0
Czechia,CZE,1961,0
Czechia,CZE,1962,0
Czechia,CZE,1963,0
Czechia,CZE,1964,0
Czechia,CZE,1965,0
Czechia,CZE,1966,0
Czechia,CZE,1967,0
Czechia,CZE,1969,0
Czechia,CZE,1970,0
Czechia,CZE,1971,0
Czechia,CZE,1972,0
Czechia,CZE,1973,0
Czechia,CZE,1974,0
Czechia,CZE,1975,0
Czechia,CZE,1976,0
Czechia,CZE,1977,0
Czechia,CZE,1978,0
Czechia,CZE,1979,0
Czechia,CZE,1980,0
Czechia,CZE,1981,0
Czechia,CZE,1982,0
Czechia,CZE,1983,0
Czechia,CZE,1984,0
Czechia,CZE,1985,0
Czechia,CZE,1986,0
Czechia,CZE,1987,0
Czechia,CZE,1988,0
Czechia,CZE,1989,1
Czechia,CZE,1990,2
Czechia,CZE,1991,2
Czechia,CZE,1992,2
Czechia,CZE,1993,2
Czechia,CZE,1994,2
Czechia,CZE,1995,2
Czechia,CZE,1996,2
Czechia,CZE,1997,2
Czechia,CZE,1998,2
Czechia,CZE,1999,2
Czechia,CZE,2000,2
Czechia,CZE,2001,2
Czechia,CZE,2002,2
Czechia,CZE,2003,2
Czechia,CZE,2004,2
Czechia,CZE,2005,2
Czechia,CZE,2006,2
Czechia,CZE,2007,2
Czechia,CZE,2008,2
Czechia,CZE,2009,2
Czechia,CZE,2010,2
Czechia,CZE,2011,2
Czechia,CZE,2012,2
Czechia,CZE,2013,2
Czechia,CZE,2014,2
Czechia,CZE,2015,2
Czechia,CZE,2016,2
Czechia,CZE,2017,2
Czechia,CZE,2018,2
Czechoslovakia,OWID_CZS,1918,2
Czechoslovakia,OWID_CZS,1919,2
Czechoslovakia,OWID_CZS,1920,2
Czechoslovakia,OWID_CZS,1921,2
Czechoslovakia,OWID_CZS,1922,2
Czechoslovakia,OWID_CZS,1923,2
Czechoslovakia,OWID_CZS,1924,2
Czechoslovakia,OWID_CZS,1925,2
Czechoslovakia,OWID_CZS,1926,2
Czechoslovakia,OWID_CZS,1927,2
Czechoslovakia,OWID_CZS,1928,2
Czechoslovakia,OWID_CZS,1929,2
Czechoslovakia,OWID_CZS,1930,2
Czechoslovakia,OWID_CZS,1931,2
Czechoslovakia,OWID_CZS,1932,2
Czechoslovakia,OWID_CZS,1933,2
Czechoslovakia,OWID_CZS,1934,2
Czechoslovakia,OWID_CZS,1935,2
Czechoslovakia,OWID_CZS,1936,2
Czechoslovakia,OWID_CZS,1937,2
Czechoslovakia,OWID_CZS,1938,1
Czechoslovakia,OWID_CZS,1945,2
Czechoslovakia,OWID_CZS,1946,1
Czechoslovakia,OWID_CZS,1947,1
Czechoslovakia,OWID_CZS,1948,0
Czechoslovakia,OWID_CZS,1949,0
Czechoslovakia,OWID_CZS,1950,0
Czechoslovakia,OWID_CZS,1951,0
Czechoslovakia,OWID_CZS,1952,0
Czechoslovakia,OWID_CZS,1953,0
Czechoslovakia,OWID_CZS,1954,0
Czechoslovakia,OWID_CZS,1955,0
Czechoslovakia,OWID_CZS,1956,0
Czechoslovakia,OWID_CZS,1957,0
Czechoslovakia,OWID_CZS,1958,0
Czechoslovakia,OWID_CZS,1959,0
Czechoslovakia,OWID_CZS,1960,0
Czechoslovakia,OWID_CZS,1961,0
Czechoslovakia,OWID_CZS,1962,0
Czechoslovakia,OWID_CZS,1963,0
Czechoslovakia,OWID_CZS,1964,0
Czechoslovakia,OWID_CZS,1965,0
Czechoslovakia,OWID_CZS,1966,0
Czechoslovakia,OWID_CZS,1967,0
Czechoslovakia,OWID_CZS,1969,0
Czechoslovakia,OWID_CZS,1970,0
Czechoslovakia,OWID_CZS,1971,0
Czechoslovakia,OWID_CZS,1972,0
Czechoslovakia,OWID_CZS,1973,0
Czechoslovakia,OWID_CZS,1974,0
Czechoslovakia,OWID_CZS,1975,0
Czechoslovakia,OWID_CZS,1976,0
Czechoslovakia,OWID_CZS,1977,0
Czechoslovakia,OWID_CZS,1978,0
Czechoslovakia,OWID_CZS,1979,0
Czechoslovakia,OWID_CZS,1980,0
Czechoslovakia,OWID_CZS,1981,0
Czechoslovakia,OWID_CZS,1982,0
Czechoslovakia,OWID_CZS,1983,0
Czechoslovakia,OWID_CZS,1984,0
Czechoslovakia,OWID_CZS,1985,0
Czechoslovakia,OWID_CZS,1986,0
Czechoslovakia,OWID_CZS,1987,0
Czechoslovakia,OWID_CZS,1988,0
Czechoslovakia,OWID_CZS,1989,1
Czechoslovakia,OWID_CZS,1990,2
Czechoslovakia,OWID_CZS,1991,2
Czechoslovakia,OWID_CZS,1992,2
Democratic Republic of Congo,COD,1960,1
Democratic Republic of Congo,COD,1961,1
Democratic Republic of Congo,COD,1962,1
Democratic Republic of Congo,COD,1963,1
Democratic Republic of Congo,COD,1964,0
Democratic Republic of Congo,COD,1965,0
Democratic Republic of Congo,COD,1966,0
Democratic Republic of Congo,COD,1967,0
Democratic Republic of Congo,COD,1968,0
Democratic Republic of Congo,COD,1969,0
Democratic Republic of Congo,COD,1970,0
Democratic Republic of Congo,COD,1971,0
Democratic Republic of Congo,COD,1972,0
Democratic Republic of Congo,COD,1973,0
Democratic Republic of Congo,COD,1974,0
Democratic Republic of Congo,COD,1975,0
Democratic Republic of Congo,COD,1976,0
Democratic Republic of Congo,COD,1977,0
Democratic Republic of Congo,COD,1978,0
Democratic Republic of Congo,COD,1979,0
Democratic Republic of Congo,COD,1980,0
Democratic Republic of Congo,COD,1981,0
Democratic Republic of Congo,COD,1982,0
Democratic Republic of Congo,COD,1983,0
Democratic Republic of Congo,COD,1984,0
Democratic Republic of Congo,COD,1985,0
Democratic Republic of Congo,COD,1986,0
Democratic Republic of Congo,COD,1987,0
Democratic Republic of Congo,COD,1988,0
Democratic Republic of Congo,COD,1989,0
Democratic Republic of Congo,COD,1990,0
Democratic Republic of Congo,COD,1991,0
Democratic Republic of Congo,COD,1992,1
Democratic Republic of Congo,COD,1993,1
Democratic Republic of Congo,COD,1994,1
Democratic Republic of Congo,COD,1995,1
Democratic Republic of Congo,COD,1996,1
Democratic Republic of Congo,COD,1997,1
Democratic Republic of Congo,COD,1998,1
Democratic Republic of Congo,COD,1999,1
Democratic Republic of Congo,COD,2000,1
Democratic Republic of Congo,COD,2001,1
Democratic Republic of Congo,COD,2002,1
Democratic Republic of Congo,COD,2003,1
Democratic Republic of Congo,COD,2004,1
Democratic Republic of Congo,COD,2005,1
Democratic Republic of Congo,COD,2006,1
Democratic Republic of Congo,COD,2007,1
Democratic Republic of Congo,COD,2008,1
Democratic Republic of Congo,COD,2009,1
Democratic Republic of Congo,COD,2010,1
Democratic Republic of Congo,COD,2011,1
Democratic Republic of Congo,COD,2012,1
Democratic Republic of Congo,COD,2013,1
Democratic Republic of Congo,COD,2014,1
Democratic Republic of Congo,COD,2015,1
Democratic Republic of Congo,COD,2016,1
Democratic Republic of Congo,COD,2017,1
Democratic Republic of Congo,COD,2018,1
Democratic Republic of Vietnam,OWID_DRV,1954,0
Democratic Republic of Vietnam,OWID_DRV,1955,0
Democratic Republic of Vietnam,OWID_DRV,1956,0
Democratic Republic of Vietnam,OWID_DRV,1957,0
Democratic Republic of Vietnam,OWID_DRV,1958,0
Democratic Republic of Vietnam,OWID_DRV,1959,0
Democratic Republic of Vietnam,OWID_DRV,1960,0
Democratic Republic of Vietnam,OWID_DRV,1961,0
Democratic Republic of Vietnam,OWID_DRV,1962,0
Democratic Republic of Vietnam,OWID_DRV,1963,0
Democratic Republic of Vietnam,OWID_DRV,1964,0
Democratic Republic of Vietnam,OWID_DRV,1965,0
Democratic Republic of Vietnam,OWID_DRV,1966,0
Democratic Republic of Vietnam,OWID_DRV,1967,0
Democratic Republic of Vietnam,OWID_DRV,1968,0
Democratic Republic of Vietnam,OWID_DRV,1969,0
Democratic Republic of Vietnam,OWID_DRV,1970,0
Democratic Republic of Vietnam,OWID_DRV,1971,0
Democratic Republic of Vietnam,OWID_DRV,1972,0
Democratic Republic of Vietnam,OWID_DRV,1973,0
Democratic Republic of Vietnam,OWID_DRV,1974,0
Democratic Republic of Vietnam,OWID_DRV,1975,0
Democratic Republic of Vietnam,OWID_DRV,1976,0
Denmark,DNK,1800,0
Denmark,DNK,1801,0
Denmark,DNK,1802,0
Denmark,DNK,1803,0
Denmark,DNK,1804,0
Denmark,DNK,1805,0
Denmark,DNK,1806,0
Denmark,DNK,1807,0
Denmark,DNK,1808,0
Denmark,DNK,1809,0
Denmark,DNK,1810,0
Denmark,DNK,1811,0
Denmark,DNK,1812,0
Denmark,DNK,1813,0
Denmark,DNK,1814,0
Denmark,DNK,1815,0
Denmark,DNK,1816,0
Denmark,DNK,1817,0
Denmark,DNK,1818,0
Denmark,DNK,1819,0
Denmark,DNK,1820,0
Denmark,DNK,1821,0
Denmark,DNK,1822,0
Denmark,DNK,1823,0
Denmark,DNK,1824,0
Denmark,DNK,1825,0
Denmark,DNK,1826,0
Denmark,DNK,1827,0
Denmark,DNK,1828,0
Denmark,DNK,1829,0
Denmark,DNK,1830,0
Denmark,DNK,1831,0
Denmark,DNK,1832,0
Denmark,DNK,1833,0
Denmark,DNK,1834,0
Denmark,DNK,1835,0
Denmark,DNK,1836,0
Denmark,DNK,1837,0
Denmark,DNK,1838,0
Denmark,DNK,1839,0
Denmark,DNK,1840,0
Denmark,DNK,1841,0
Denmark,DNK,1842,0
Denmark,DNK,1843,0
Denmark,DNK,1844,0
Denmark,DNK,1845,0
Denmark,DNK,1846,0
Denmark,DNK,1847,0
Denmark,DNK,1848,0
Denmark,DNK,1849,1
Denmark,DNK,1850,1
Denmark,DNK,1851,1
Denmark,DNK,1852,1
Denmark,DNK,1853,1
Denmark,DNK,1854,1
Denmark,DNK,1855,1
Denmark,DNK,1856,1
Denmark,DNK,1857,1
Denmark,DNK,1858,1
Denmark,DNK,1859,1
Denmark,DNK,1860,1
Denmark,DNK,1861,1
Denmark,DNK,1862,1
Denmark,DNK,1863,1
Denmark,DNK,1864,1
Denmark,DNK,1865,1
Denmark,DNK,1866,1
Denmark,DNK,1867,1
Denmark,DNK,1868,1
Denmark,DNK,1869,1
Denmark,DNK,1870,1
Denmark,DNK,1871,1
Denmark,DNK,1872,1
Denmark,DNK,1873,1
Denmark,DNK,1874,1
Denmark,DNK,1875,1
Denmark,DNK,1876,1
Denmark,DNK,1877,1
Denmark,DNK,1878,1
Denmark,DNK,1879,1
Denmark,DNK,1880,1
Denmark,DNK,1881,1
Denmark,DNK,1882,1
Denmark,DNK,1883,1
Denmark,DNK,1884,1
Denmark,DNK,1885,1
Denmark,DNK,1886,1
Denmark,DNK,1887,1
Denmark,DNK,1888,1
Denmark,DNK,1889,1
Denmark,DNK,1890,1
Denmark,DNK,1891,1
Denmark,DNK,1892,1
Denmark,DNK,1893,1
Denmark,DNK,1894,1
Denmark,DNK,1895,1
Denmark,DNK,1896,1
Denmark,DNK,1897,1
Denmark,DNK,1898,1
Denmark,DNK,1899,1
Denmark,DNK,1900,1
Denmark,DNK,1901,1
Denmark,DNK,1902,1
Denmark,DNK,1903,1
Denmark,DNK,1904,1
Denmark,DNK,1905,1
Denmark,DNK,1906,1
Denmark,DNK,1907,1
Denmark,DNK,1908,1
Denmark,DNK,1909,1
Denmark,DNK,1910,1
Denmark,DNK,1911,2
Denmark,DNK,1912,2
Denmark,DNK,1913,2
Denmark,DNK,1914,2
Denmark,DNK,1915,2
Denmark,DNK,1916,2
Denmark,DNK,1917,2
Denmark,DNK,1918,2
Denmark,DNK,1919,2
Denmark,DNK,1920,2
Denmark,DNK,1921,2
Denmark,DNK,1922,2
Denmark,DNK,1923,2
Denmark,DNK,1924,2
Denmark,DNK,1925,2
Denmark,DNK,1926,2
Denmark,DNK,1927,2
Denmark,DNK,1928,2
Denmark,DNK,1929,2
Denmark,DNK,1930,2
Denmark,DNK,1931,2
Denmark,DNK,1932,2
Denmark,DNK,1933,2
Denmark,DNK,1934,2
Denmark,DNK,1935,2
Denmark,DNK,1936,2
Denmark,DNK,1937,2
Denmark,DNK,1938,2
Denmark,DNK,1939,2
Denmark,DNK,1945,2
Denmark,DNK,1946,2
Denmark,DNK,1947,2
Denmark,DNK,1948,2
Denmark,DNK,1949,2
Denmark,DNK,1950,2
Denmark,DNK,1951,2
Denmark,DNK,1952,2
Denmark,DNK,1953,2
Denmark,DNK,1954,2
Denmark,DNK,1955,2
Denmark,DNK,1956,2
Denmark,DNK,1957,2
Denmark,DNK,1958,2
Denmark,DNK,1959,2
Denmark,DNK,1960,2
Denmark,DNK,1961,2
Denmark,DNK,1962,2
Denmark,DNK,1963,2
Denmark,DNK,1964,2
Denmark,DNK,1965,2
Denmark,DNK,1966,2
Denmark,DNK,1967,2
Denmark,DNK,1968,2
Denmark,DNK,1969,2
Denmark,DNK,1970,2
Denmark,DNK,1971,2
Denmark,DNK,1972,2
Denmark,DNK,1973,2
Denmark,DNK,1974,2
Denmark,DNK,1975,2
Denmark,DNK,1976,2
Denmark,DNK,1977,2
Denmark,DNK,1978,2
Denmark,DNK,1979,2
Denmark,DNK,1980,2
Denmark,DNK,1981,2
Denmark,DNK,1982,2
Denmark,DNK,1983,2
Denmark,DNK,1984,2
Denmark,DNK,1985,2
Denmark,DNK,1986,2
Denmark,DNK,1987,2
Denmark,DNK,1988,2
Denmark,DNK,1989,2
Denmark,DNK,1990,2
Denmark,DNK,1991,2
Denmark,DNK,1992,2
Denmark,DNK,1993,2
Denmark,DNK,1994,2
Denmark,DNK,1995,2
Denmark,DNK,1996,2
Denmark,DNK,1997,2
Denmark,DNK,1998,2
Denmark,DNK,1999,2
Denmark,DNK,2000,2
Denmark,DNK,2001,2
Denmark,DNK,2002,2
Denmark,DNK,2003,2
Denmark,DNK,2004,2
Denmark,DNK,2005,2
Denmark,DNK,2006,2
Denmark,DNK,2007,2
Denmark,DNK,2008,2
Denmark,DNK,2009,2
Denmark,DNK,2010,2
Denmark,DNK,2011,2
Denmark,DNK,2012,2
Denmark,DNK,2013,2
Denmark,DNK,2014,2
Denmark,DNK,2015,2
Denmark,DNK,2016,2
Denmark,DNK,2017,2
Denmark,DNK,2018,2
Djibouti,DJI,1977,0
Djibouti,DJI,1978,0
Djibouti,DJI,1979,0
Djibouti,DJI,1980,0
Djibouti,DJI,1981,0
Djibouti,DJI,1982,0
Djibouti,DJI,1983,0
Djibouti,DJI,1984,0
Djibouti,DJI,1985,0
Djibouti,DJI,1986,0
Djibouti,DJI,1987,0
Djibouti,DJI,1988,0
Djibouti,DJI,1989,0
Djibouti,DJI,1990,0
Djibouti,DJI,1991,0
Djibouti,DJI,1992,0
Djibouti,DJI,1993,0
Djibouti,DJI,1994,0
Djibouti,DJI,1995,0
Djibouti,DJI,1996,0
Djibouti,DJI,1997,0
Djibouti,DJI,1998,0
Djibouti,DJI,1999,1
Djibouti,DJI,2000,1
Djibouti,DJI,2001,1
Djibouti,DJI,2002,1
Djibouti,DJI,2003,1
Djibouti,DJI,2004,1
Djibouti,DJI,2005,1
Djibouti,DJI,2006,1
Djibouti,DJI,2007,1
Djibouti,DJI,2008,1
Djibouti,DJI,2009,1
Djibouti,DJI,2010,1
Djibouti,DJI,2011,1
Djibouti,DJI,2012,1
Djibouti,DJI,2013,1
Djibouti,DJI,2014,1
Djibouti,DJI,2015,1
Djibouti,DJI,2016,1
Djibouti,DJI,2017,1
Djibouti,DJI,2018,1
Dominican Republic,DOM,1844,1
Dominican Republic,DOM,1845,1
Dominican Republic,DOM,1846,1
Dominican Republic,DOM,1847,1
Dominican Republic,DOM,1848,1
Dominican Republic,DOM,1849,1
Dominican Republic,DOM,1850,1
Dominican Republic,DOM,1851,1
Dominican Republic,DOM,1852,1
Dominican Republic,DOM,1853,1
Dominican Republic,DOM,1854,1
Dominican Republic,DOM,1855,1
Dominican Republic,DOM,1856,1
Dominican Republic,DOM,1857,1
Dominican Republic,DOM,1858,1
Dominican Republic,DOM,1859,1
Dominican Republic,DOM,1860,1
Dominican Republic,DOM,1861,1
Dominican Republic,DOM,1862,1
Dominican Republic,DOM,1863,1
Dominican Republic,DOM,1864,1
Dominican Republic,DOM,1865,1
Dominican Republic,DOM,1866,1
Dominican Republic,DOM,1867,1
Dominican Republic,DOM,1868,1
Dominican Republic,DOM,1869,1
Dominican Republic,DOM,1870,1
Dominican Republic,DOM,1871,1
Dominican Republic,DOM,1872,1
Dominican Republic,DOM,1873,1
Dominican Republic,DOM,1874,1
Dominican Republic,DOM,1875,1
Dominican Republic,DOM,1876,1
Dominican Republic,DOM,1877,1
Dominican Republic,DOM,1878,1
Dominican Republic,DOM,1879,1
Dominican Republic,DOM,1880,1
Dominican Republic,DOM,1881,1
Dominican Republic,DOM,1882,1
Dominican Republic,DOM,1883,1
Dominican Republic,DOM,1884,1
Dominican Republic,DOM,1885,1
Dominican Republic,DOM,1886,1
Dominican Republic,DOM,1887,1
Dominican Republic,DOM,1888,1
Dominican Republic,DOM,1889,1
Dominican Republic,DOM,1890,1
Dominican Republic,DOM,1891,1
Dominican Republic,DOM,1892,1
Dominican Republic,DOM,1893,1
Dominican Republic,DOM,1894,1
Dominican Republic,DOM,1895,1
Dominican Republic,DOM,1896,1
Dominican Republic,DOM,1897,1
Dominican Republic,DOM,1898,1
Dominican Republic,DOM,1899,1
Dominican Republic,DOM,1900,1
Dominican Republic,DOM,1901,1
Dominican Republic,DOM,1902,1
Dominican Republic,DOM,1903,1
Dominican Republic,DOM,1904,1
Dominican Republic,DOM,1905,1
Dominican Republic,DOM,1906,1
Dominican Republic,DOM,1907,1
Dominican Republic,DOM,1908,1
Dominican Republic,DOM,1909,1
Dominican Republic,DOM,1910,1
Dominican Republic,DOM,1911,1
Dominican Republic,DOM,1912,1
Dominican Republic,DOM,1913,1
Dominican Republic,DOM,1925,1
Dominican Republic,DOM,1926,1
Dominican Republic,DOM,1927,1
Dominican Republic,DOM,1928,1
Dominican Republic,DOM,1929,1
Dominican Republic,DOM,1930,1
Dominican Republic,DOM,1931,0
Dominican Republic,DOM,1932,0
Dominican Republic,DOM,1933,0
Dominican Republic,DOM,1934,0
Dominican Republic,DOM,1935,0
Dominican Republic,DOM,1936,0
Dominican Republic,DOM,1937,0
Dominican Republic,DOM,1938,0
Dominican Republic,DOM,1939,0
Dominican Republic,DOM,1940,0
Dominican Republic,DOM,1941,0
Dominican Republic,DOM,1942,0
Dominican Republic,DOM,1943,0
Dominican Republic,DOM,1944,0
Dominican Republic,DOM,1945,0
Dominican Republic,DOM,1946,0
Dominican Republic,DOM,1947,0
Dominican Republic,DOM,1948,0
Dominican Republic,DOM,1949,0
Dominican Republic,DOM,1950,0
Dominican Republic,DOM,1951,0
Dominican Republic,DOM,1952,0
Dominican Republic,DOM,1953,0
Dominican Republic,DOM,1954,0
Dominican Republic,DOM,1955,0
Dominican Republic,DOM,1956,0
Dominican Republic,DOM,1957,0
Dominican Republic,DOM,1958,0
Dominican Republic,DOM,1959,0
Dominican Republic,DOM,1960,0
Dominican Republic,DOM,1961,0
Dominican Republic,DOM,1962,1
Dominican Republic,DOM,1963,1
Dominican Republic,DOM,1964,1
Dominican Republic,DOM,1965,1
Dominican Republic,DOM,1966,1
Dominican Republic,DOM,1967,1
Dominican Republic,DOM,1968,1
Dominican Republic,DOM,1969,1
Dominican Republic,DOM,1970,1
Dominican Republic,DOM,1971,1
Dominican Republic,DOM,1972,1
Dominican Republic,DOM,1973,1
Dominican Republic,DOM,1974,1
Dominican Republic,DOM,1975,1
Dominican Republic,DOM,1976,1
Dominican Republic,DOM,1977,1
Dominican Republic,DOM,1978,1
Dominican Republic,DOM,1979,1
Dominican Republic,DOM,1980,1
Dominican Republic,DOM,1981,1
Dominican Republic,DOM,1982,1
Dominican Republic,DOM,1983,1
Dominican Republic,DOM,1984,1
Dominican Republic,DOM,1985,1
Dominican Republic,DOM,1986,1
Dominican Republic,DOM,1987,1
Dominican Republic,DOM,1988,1
Dominican Republic,DOM,1989,1
Dominican Republic,DOM,1990,1
Dominican Republic,DOM,1991,1
Dominican Republic,DOM,1992,1
Dominican Republic,DOM,1993,1
Dominican Republic,DOM,1994,1
Dominican Republic,DOM,1995,1
Dominican Republic,DOM,1996,2
Dominican Republic,DOM,1997,2
Dominican Republic,DOM,1998,2
Dominican Republic,DOM,1999,2
Dominican Republic,DOM,2000,2
Dominican Republic,DOM,2001,2
Dominican Republic,DOM,2002,2
Dominican Republic,DOM,2003,2
Dominican Republic,DOM,2004,2
Dominican Republic,DOM,2005,2
Dominican Republic,DOM,2006,2
Dominican Republic,DOM,2007,2
Dominican Republic,DOM,2008,2
Dominican Republic,DOM,2009,2
Dominican Republic,DOM,2010,2
Dominican Republic,DOM,2011,2
Dominican Republic,DOM,2012,2
Dominican Republic,DOM,2013,2
Dominican Republic,DOM,2014,2
Dominican Republic,DOM,2015,2
Dominican Republic,DOM,2016,2
Dominican Republic,DOM,2017,2
Dominican Republic,DOM,2018,2
Duchy of Modena and Reggio,,1815,0
Duchy of Modena and Reggio,,1816,0
Duchy of Modena and Reggio,,1817,0
Duchy of Modena and Reggio,,1818,0
Duchy of Modena and Reggio,,1819,0
Duchy of Modena and Reggio,,1820,0
Duchy of Modena and Reggio,,1821,0
Duchy of Modena and Reggio,,1822,0
Duchy of Modena and Reggio,,1823,0
Duchy of Modena and Reggio,,1824,0
Duchy of Modena and Reggio,,1825,0
Duchy of Modena and Reggio,,1826,0
Duchy of Modena and Reggio,,1827,0
Duchy of Modena and Reggio,,1828,0
Duchy of Modena and Reggio,,1829,0
Duchy of Modena and Reggio,,1830,0
Duchy of Modena and Reggio,,1831,0
Duchy of Modena and Reggio,,1832,0
Duchy of Modena and Reggio,,1833,0
Duchy of Modena and Reggio,,1834,0
Duchy of Modena and Reggio,,1835,0
Duchy of Modena and Reggio,,1836,0
Duchy of Modena and Reggio,,1837,0
Duchy of Modena and Reggio,,1838,0
Duchy of Modena and Reggio,,1839,0
Duchy of Modena and Reggio,,1840,0
Duchy of Modena and Reggio,,1841,0
Duchy of Modena and Reggio,,1842,0
Duchy of Modena and Reggio,,1843,0
Duchy of Modena and Reggio,,1844,0
Duchy of Modena and Reggio,,1845,0
Duchy of Modena and Reggio,,1846,0
Duchy of Modena and Reggio,,1847,0
Duchy of Modena and Reggio,,1848,0
Duchy of Modena and Reggio,,1849,0
Duchy of Modena and Reggio,,1850,0
Duchy of Modena and Reggio,,1851,0
Duchy of Modena and Reggio,,1852,0
Duchy of Modena and Reggio,,1853,0
Duchy of Modena and Reggio,,1854,0
Duchy of Modena and Reggio,,1855,0
Duchy of Modena and Reggio,,1856,0
Duchy of Modena and Reggio,,1857,0
Duchy of Modena and Reggio,,1858,0
Duchy of Modena and Reggio,,1859,0
Duchy of Modena and Reggio,,1860,0
Duchy of Parma and Piacenza,OWID_PAR,1815,0
Duchy of Parma and Piacenza,OWID_PAR,1816,0
Duchy of Parma and Piacenza,OWID_PAR,1817,0
Duchy of Parma and Piacenza,OWID_PAR,1818,0
Duchy of Parma and Piacenza,OWID_PAR,1819,0
Duchy of Parma and Piacenza,OWID_PAR,1820,0
Duchy of Parma and Piacenza,OWID_PAR,1821,0
Duchy of Parma and Piacenza,OWID_PAR,1822,0
Duchy of Parma and Piacenza,OWID_PAR,1823,0
Duchy of Parma and Piacenza,OWID_PAR,1824,0
Duchy of Parma and Piacenza,OWID_PAR,1825,0
Duchy of Parma and Piacenza,OWID_PAR,1826,0
Duchy of Parma and Piacenza,OWID_PAR,1827,0
Duchy of Parma and Piacenza,OWID_PAR,1828,0
Duchy of Parma and Piacenza,OWID_PAR,1829,0
Duchy of Parma and Piacenza,OWID_PAR,1830,0
Duchy of Parma and Piacenza,OWID_PAR,1831,0
Duchy of Parma and Piacenza,OWID_PAR,1832,0
Duchy of Parma and Piacenza,OWID_PAR,1833,0
Duchy of Parma and Piacenza,OWID_PAR,1834,0
Duchy of Parma and Piacenza,OWID_PAR,1835,0
Duchy of Parma and Piacenza,OWID_PAR,1836,0
Duchy of Parma and Piacenza,OWID_PAR,1837,0
Duchy of Parma and Piacenza,OWID_PAR,1838,0
Duchy of Parma and Piacenza,OWID_PAR,1839,0
Duchy of Parma and Piacenza,OWID_PAR,1840,0
Duchy of Parma and Piacenza,OWID_PAR,1841,0
Duchy of Parma and Piacenza,OWID_PAR,1842,0
Duchy of Parma and Piacenza,OWID_PAR,1843,0
Duchy of Parma and Piacenza,OWID_PAR,1844,0
Duchy of Parma and Piacenza,OWID_PAR,1845,0
Duchy of Parma and Piacenza,OWID_PAR,1846,0
Duchy of Parma and Piacenza,OWID_PAR,1847,0
Duchy of Parma and Piacenza,OWID_PAR,1848,0
Duchy of Parma and Piacenza,OWID_PAR,1849,0
Duchy of Parma and Piacenza,OWID_PAR,1850,0
Duchy of Parma and Piacenza,OWID_PAR,1851,0
Duchy of Parma and Piacenza,OWID_PAR,1852,0
Duchy of Parma and Piacenza,OWID_PAR,1853,0
Duchy of Parma and Piacenza,OWID_PAR,1854,0
Duchy of Parma and Piacenza,OWID_PAR,1855,0
Duchy of Parma and Piacenza,OWID_PAR,1856,0
Duchy of Parma and Piacenza,OWID_PAR,1857,0
Duchy of Parma and Piacenza,OWID_PAR,1858,0
Duchy of Parma and Piacenza,OWID_PAR,1859,0
Duchy of Parma and Piacenza,OWID_PAR,1860,0
East Germany,OWID_GDR,1949,0
East Germany,OWID_GDR,1950,0
East Germany,OWID_GDR,1951,0
East Germany,OWID_GDR,1952,0
East Germany,OWID_GDR,1953,0
East Germany,OWID_GDR,1954,0
East Germany,OWID_GDR,1955,0
East Germany,OWID_GDR,1956,0
East Germany,OWID_GDR,1957,0
East Germany,OWID_GDR,1958,0
East Germany,OWID_GDR,1959,0
East Germany,OWID_GDR,1960,0
East Germany,OWID_GDR,1961,0
East Germany,OWID_GDR,1962,0
East Germany,OWID_GDR,1963,0
East Germany,OWID_GDR,1964,0
East Germany,OWID_GDR,1965,0
East Germany,OWID_GDR,1966,0
East Germany,OWID_GDR,1967,0
East Germany,OWID_GDR,1968,0
East Germany,OWID_GDR,1969,0
East Germany,OWID_GDR,1970,0
East Germany,OWID_GDR,1971,0
East Germany,OWID_GDR,1972,0
East Germany,OWID_GDR,1973,0
East Germany,OWID_GDR,1974,0
East Germany,OWID_GDR,1975,0
East Germany,OWID_GDR,1976,0
East Germany,OWID_GDR,1977,0
East Germany,OWID_GDR,1978,0
East Germany,OWID_GDR,1979,0
East Germany,OWID_GDR,1980,0
East Germany,OWID_GDR,1981,0
East Germany,OWID_GDR,1982,0
East Germany,OWID_GDR,1983,0
East Germany,OWID_GDR,1984,0
East Germany,OWID_GDR,1985,0
East Germany,OWID_GDR,1986,0
East Germany,OWID_GDR,1987,0
East Germany,OWID_GDR,1988,0
East Timor,TLS,2002,2
East Timor,TLS,2003,2
East Timor,TLS,2004,2
East Timor,TLS,2005,2
East Timor,TLS,2006,2
East Timor,TLS,2007,2
East Timor,TLS,2008,2
East Timor,TLS,2009,2
East Timor,TLS,2010,2
East Timor,TLS,2011,2
East Timor,TLS,2012,2
East Timor,TLS,2013,2
East Timor,TLS,2014,2
East Timor,TLS,2015,2
East Timor,TLS,2016,2
East Timor,TLS,2017,2
East Timor,TLS,2018,2
Ecuador,ECU,1830,1
Ecuador,ECU,1831,1
Ecuador,ECU,1832,1
Ecuador,ECU,1833,1
Ecuador,ECU,1834,1
Ecuador,ECU,1835,1
Ecuador,ECU,1836,1
Ecuador,ECU,1837,1
Ecuador,ECU,1838,1
Ecuador,ECU,1839,1
Ecuador,ECU,1840,1
Ecuador,ECU,1841,1
Ecuador,ECU,1842,1
Ecuador,ECU,1843,1
Ecuador,ECU,1844,1
Ecuador,ECU,1845,1
Ecuador,ECU,1846,1
Ecuador,ECU,1847,1
Ecuador,ECU,1848,1
Ecuador,ECU,1849,1
Ecuador,ECU,1850,1
Ecuador,ECU,1851,1
Ecuador,ECU,1852,1
Ecuador,ECU,1853,1
Ecuador,ECU,1854,1
Ecuador,ECU,1855,1
Ecuador,ECU,1856,1
Ecuador,ECU,1857,1
Ecuador,ECU,1858,1
Ecuador,ECU,1859,1
Ecuador,ECU,1860,1
Ecuador,ECU,1861,1
Ecuador,ECU,1862,1
Ecuador,ECU,1863,1
Ecuador,ECU,1864,1
Ecuador,ECU,1865,1
Ecuador,ECU,1866,1
Ecuador,ECU,1867,1
Ecuador,ECU,1868,1
Ecuador,ECU,1869,1
Ecuador,ECU,1870,1
Ecuador,ECU,1871,1
Ecuador,ECU,1872,1
Ecuador,ECU,1873,1
Ecuador,ECU,1874,1
Ecuador,ECU,1875,1
Ecuador,ECU,1876,1
Ecuador,ECU,1877,1
Ecuador,ECU,1878,1
Ecuador,ECU,1879,1
Ecuador,ECU,1880,1
Ecuador,ECU,1881,1
Ecuador,ECU,1882,1
Ecuador,ECU,1883,1
Ecuador,ECU,1884,1
Ecuador,ECU,1885,1
Ecuador,ECU,1886,1
Ecuador,ECU,1887,1
Ecuador,ECU,1888,1
Ecuador,ECU,1889,1
Ecuador,ECU,1890,1
Ecuador,ECU,1891,1
Ecuador,ECU,1892,1
Ecuador,ECU,1893,1
Ecuador,ECU,1894,1
Ecuador,ECU,1895,1
Ecuador,ECU,1896,1
Ecuador,ECU,1897,1
Ecuador,ECU,1898,1
Ecuador,ECU,1899,1
Ecuador,ECU,1900,1
Ecuador,ECU,1901,1
Ecuador,ECU,1902,1
Ecuador,ECU,1903,1
Ecuador,ECU,1904,1
Ecuador,ECU,1905,1
Ecuador,ECU,1906,1
Ecuador,ECU,1907,1
Ecuador,ECU,1908,1
Ecuador,ECU,1909,1
Ecuador,ECU,1910,1
Ecuador,ECU,1911,1
Ecuador,ECU,1912,1
Ecuador,ECU,1913,1
Ecuador,ECU,1914,1
Ecuador,ECU,1915,1
Ecuador,ECU,1916,1
Ecuador,ECU,1917,1
Ecuador,ECU,1918,1
Ecuador,ECU,1919,1
Ecuador,ECU,1920,1
Ecuador,ECU,1921,1
Ecuador,ECU,1922,1
Ecuador,ECU,1923,1
Ecuador,ECU,1924,1
Ecuador,ECU,1925,1
Ecuador,ECU,1926,1
Ecuador,ECU,1927,1
Ecuador,ECU,1928,1
Ecuador,ECU,1929,1
Ecuador,ECU,1930,1
Ecuador,ECU,1931,1
Ecuador,ECU,1932,1
Ecuador,ECU,1933,1
Ecuador,ECU,1934,1
Ecuador,ECU,1935,1
Ecuador,ECU,1936,1
Ecuador,ECU,1937,1
Ecuador,ECU,1938,1
Ecuador,ECU,1939,1
Ecuador,ECU,1940,1
Ecuador,ECU,1941,1
Ecuador,ECU,1942,1
Ecuador,ECU,1943,1
Ecuador,ECU,1944,1
Ecuador,ECU,1945,1
Ecuador,ECU,1946,1
Ecuador,ECU,1947,1
Ecuador,ECU,1948,1
Ecuador,ECU,1949,1
Ecuador,ECU,1950,1
Ecuador,ECU,1951,1
Ecuador,ECU,1952,1
Ecuador,ECU,1953,1
Ecuador,ECU,1954,1
Ecuador,ECU,1955,1
Ecuador,ECU,1956,1
Ecuador,ECU,1957,1
Ecuador,ECU,1958,1
Ecuador,ECU,1959,1
Ecuador,ECU,1960,1
Ecuador,ECU,1961,1
Ecuador,ECU,1962,1
Ecuador,ECU,1963,0
Ecuador,ECU,1964,0
Ecuador,ECU,1965,0
Ecuador,ECU,1966,1
Ecuador,ECU,1967,1
Ecuador,ECU,1968,1
Ecuador,ECU,1969,1
Ecuador,ECU,1970,1
Ecuador,ECU,1971,1
Ecuador,ECU,1972,1
Ecuador,ECU,1973,1
Ecuador,ECU,1974,1
Ecuador,ECU,1975,1
Ecuador,ECU,1976,1
Ecuador,ECU,1977,1
Ecuador,ECU,1978,1
Ecuador,ECU,1979,2
Ecuador,ECU,1980,2
Ecuador,ECU,1981,2
Ecuador,ECU,1982,2
Ecuador,ECU,1983,2
Ecuador,ECU,1984,2
Ecuador,ECU,1985,2
Ecuador,ECU,1986,2
Ecuador,ECU,1987,2
Ecuador,ECU,1988,2
Ecuador,ECU,1989,2
Ecuador,ECU,1990,2
Ecuador,ECU,1991,2
Ecuador,ECU,1992,2
Ecuador,ECU,1993,2
Ecuador,ECU,1994,2
Ecuador,ECU,1995,2
Ecuador,ECU,1996,2
Ecuador,ECU,1997,2
Ecuador,ECU,1998,2
Ecuador,ECU,1999,2
Ecuador,ECU,2000,2
Ecuador,ECU,2001,2
Ecuador,ECU,2002,2
Ecuador,ECU,2003,2
Ecuador,ECU,2004,2
Ecuador,ECU,2005,2
Ecuador,ECU,2006,2
Ecuador,ECU,2007,1
Ecuador,ECU,2008,1
Ecuador,ECU,2009,1
Ecuador,ECU,2010,1
Ecuador,ECU,2011,1
Ecuador,ECU,2012,1
Ecuador,ECU,2013,1
Ecuador,ECU,2014,1
Ecuador,ECU,2015,1
Ecuador,ECU,2016,1
Ecuador,ECU,2017,1
Ecuador,ECU,2018,1
Egypt,EGY,1922,1
Egypt,EGY,1923,1
Egypt,EGY,1924,1
Egypt,EGY,1925,1
Egypt,EGY,1926,1
Egypt,EGY,1927,1
Egypt,EGY,1928,1
Egypt,EGY,1929,1
Egypt,EGY,1930,0
Egypt,EGY,1931,0
Egypt,EGY,1932,0
Egypt,EGY,1933,0
Egypt,EGY,1934,1
Egypt,EGY,1935,1
Egypt,EGY,1936,1
Egypt,EGY,1937,1
Egypt,EGY,1938,1
Egypt,EGY,1939,1
Egypt,EGY,1940,1
Egypt,EGY,1941,1
Egypt,EGY,1942,1
Egypt,EGY,1943,1
Egypt,EGY,1944,1
Egypt,EGY,1945,1
Egypt,EGY,1951,2
Egypt,EGY,1952,0
Egypt,EGY,1953,0
Egypt,EGY,1954,0
Egypt,EGY,1955,0
Egypt,EGY,1956,0
Egypt,EGY,1957,0
Egypt,EGY,1958,0
Egypt,EGY,1959,0
Egypt,EGY,1960,0
Egypt,EGY,1961,0
Egypt,EGY,1962,0
Egypt,EGY,1963,0
Egypt,EGY,1964,0
Egypt,EGY,1965,0
Egypt,EGY,1966,0
Egypt,EGY,1967,0
Egypt,EGY,1968,0
Egypt,EGY,1969,0
Egypt,EGY,1970,0
Egypt,EGY,1971,0
Egypt,EGY,1972,0
Egypt,EGY,1973,0
Egypt,EGY,1974,0
Egypt,EGY,1975,0
Egypt,EGY,1976,0
Egypt,EGY,1977,0
Egypt,EGY,1978,0
Egypt,EGY,1979,0
Egypt,EGY,1980,0
Egypt,EGY,1981,0
Egypt,EGY,1982,0
Egypt,EGY,1983,0
Egypt,EGY,1984,0
Egypt,EGY,1985,0
Egypt,EGY,1986,0
Egypt,EGY,1987,0
Egypt,EGY,1988,0
Egypt,EGY,1989,0
Egypt,EGY,1990,0
Egypt,EGY,1991,0
Egypt,EGY,1992,0
Egypt,EGY,1993,0
Egypt,EGY,1994,0
Egypt,EGY,1995,0
Egypt,EGY,1996,0
Egypt,EGY,1997,0
Egypt,EGY,1998,0
Egypt,EGY,1999,0
Egypt,EGY,2000,0
Egypt,EGY,2001,0
Egypt,EGY,2002,0
Egypt,EGY,2003,0
Egypt,EGY,2004,0
Egypt,EGY,2005,1
Egypt,EGY,2006,1
Egypt,EGY,2007,1
Egypt,EGY,2008,1
Egypt,EGY,2009,1
Egypt,EGY,2010,1
Egypt,EGY,2011,1
Egypt,EGY,2012,1
Egypt,EGY,2013,1
Egypt,EGY,2014,1
Egypt,EGY,2015,1
Egypt,EGY,2016,1
Egypt,EGY,2017,1
Egypt,EGY,2018,1
El Salvador,SLV,1841,1
El Salvador,SLV,1842,1
El Salvador,SLV,1843,1
El Salvador,SLV,1844,1
El Salvador,SLV,1845,1
El Salvador,SLV,1846,1
El Salvador,SLV,1847,1
El Salvador,SLV,1848,1
El Salvador,SLV,1849,1
El Salvador,SLV,1850,1
El Salvador,SLV,1851,1
El Salvador,SLV,1852,1
El Salvador,SLV,1853,1
El Salvador,SLV,1854,1
El Salvador,SLV,1858,1
El Salvador,SLV,1859,1
El Salvador,SLV,1860,1
El Salvador,SLV,1861,1
El Salvador,SLV,1862,1
El Salvador,SLV,1863,1
El Salvador,SLV,1864,1
El Salvador,SLV,1865,1
El Salvador,SLV,1866,1
El Salvador,SLV,1867,1
El Salvador,SLV,1868,1
El Salvador,SLV,1869,1
El Salvador,SLV,1870,1
El Salvador,SLV,1871,1
El Salvador,SLV,1872,1
El Salvador,SLV,1873,1
El Salvador,SLV,1874,1
El Salvador,SLV,1875,1
El Salvador,SLV,1876,1
El Salvador,SLV,1877,1
El Salvador,SLV,1878,1
El Salvador,SLV,1879,1
El Salvador,SLV,1880,1
El Salvador,SLV,1881,1
El Salvador,SLV,1882,1
El Salvador,SLV,1883,1
El Salvador,SLV,1884,1
El Salvador,SLV,1885,1
El Salvador,SLV,1886,1
El Salvador,SLV,1887,1
El Salvador,SLV,1888,1
El Salvador,SLV,1889,1
El Salvador,SLV,1890,1
El Salvador,SLV,1891,1
El Salvador,SLV,1892,1
El Salvador,SLV,1893,1
El Salvador,SLV,1894,1
El Salvador,SLV,1895,1
El Salvador,SLV,1896,1
El Salvador,SLV,1897,1
El Salvador,SLV,1898,1
El Salvador,SLV,1899,1
El Salvador,SLV,1900,1
El Salvador,SLV,1901,1
El Salvador,SLV,1902,1
El Salvador,SLV,1903,0
El Salvador,SLV,1904,0
El Salvador,SLV,1905,0
El Salvador,SLV,1906,0
El Salvador,SLV,1907,0
El Salvador,SLV,1908,0
El Salvador,SLV,1909,0
El Salvador,SLV,1910,0
El Salvador,SLV,1911,0
El Salvador,SLV,1912,0
El Salvador,SLV,1913,0
El Salvador,SLV,1914,0
El Salvador,SLV,1915,0
El Salvador,SLV,1916,0
El Salvador,SLV,1917,0
El Salvador,SLV,1918,0
El Salvador,SLV,1919,0
El Salvador,SLV,1920,0
El Salvador,SLV,1921,0
El Salvador,SLV,1922,0
El Salvador,SLV,1923,0
El Salvador,SLV,1924,0
El Salvador,SLV,1925,0
El Salvador,SLV,1926,0
El Salvador,SLV,1927,0
El Salvador,SLV,1928,0
El Salvador,SLV,1929,0
El Salvador,SLV,1930,0
El Salvador,SLV,1931,0
El Salvador,SLV,1932,0
El Salvador,SLV,1933,0
El Salvador,SLV,1934,0
El Salvador,SLV,1935,0
El Salvador,SLV,1936,0
El Salvador,SLV,1937,0
El Salvador,SLV,1938,0
El Salvador,SLV,1939,0
El Salvador,SLV,1940,0
El Salvador,SLV,1941,0
El Salvador,SLV,1942,0
El Salvador,SLV,1943,0
El Salvador,SLV,1944,0
El Salvador,SLV,1945,0
El Salvador,SLV,1946,0
El Salvador,SLV,1947,0
El Salvador,SLV,1948,0
El Salvador,SLV,1949,0
El Salvador,SLV,1950,0
El Salvador,SLV,1951,0
El Salvador,SLV,1952,0
El Salvador,SLV,1953,0
El Salvador,SLV,1954,0
El Salvador,SLV,1955,0
El Salvador,SLV,1956,0
El Salvador,SLV,1957,0
El Salvador,SLV,1958,0
El Salvador,SLV,1959,0
El Salvador,SLV,1960,1
El Salvador,SLV,1961,1
El Salvador,SLV,1962,1
El Salvador,SLV,1963,1
El Salvador,SLV,1964,1
El Salvador,SLV,1965,1
El Salvador,SLV,1966,1
El Salvador,SLV,1967,1
El Salvador,SLV,1968,1
El Salvador,SLV,1969,1
El Salvador,SLV,1970,1
El Salvador,SLV,1971,1
El Salvador,SLV,1972,1
El Salvador,SLV,1973,1
El Salvador,SLV,1974,1
El Salvador,SLV,1975,1
El Salvador,SLV,1976,1
El Salvador,SLV,1977,0
El Salvador,SLV,1978,0
El Salvador,SLV,1979,1
El Salvador,SLV,1980,1
El Salvador,SLV,1981,1
El Salvador,SLV,1982,1
El Salvador,SLV,1983,1
El Salvador,SLV,1984,2
El Salvador,SLV,1985,2
El Salvador,SLV,1986,2
El Salvador,SLV,1987,2
El Salvador,SLV,1988,2
El Salvador,SLV,1989,2
El Salvador,SLV,1990,2
El Salvador,SLV,1991,2
El Salvador,SLV,1992,2
El Salvador,SLV,1993,2
El Salvador,SLV,1994,2
El Salvador,SLV,1995,2
El Salvador,SLV,1996,2
El Salvador,SLV,1997,2
El Salvador,SLV,1998,2
El Salvador,SLV,1999,2
El Salvador,SLV,2000,2
El Salvador,SLV,2001,2
El Salvador,SLV,2002,2
El Salvador,SLV,2003,2
El Salvador,SLV,2004,2
El Salvador,SLV,2005,2
El Salvador,SLV,2006,2
El Salvador,SLV,2007,2
El Salvador,SLV,2008,2
El Salvador,SLV,2009,2
El Salvador,SLV,2010,2
El Salvador,SLV,2011,2
El Salvador,SLV,2012,2
El Salvador,SLV,2013,2
El Salvador,SLV,2014,2
El Salvador,SLV,2015,2
El Salvador,SLV,2016,2
El Salvador,SLV,2017,2
El Salvador,SLV,2018,2
Equatorial Guinea,GNQ,1968,1
Equatorial Guinea,GNQ,1969,0
Equatorial Guinea,GNQ,1970,0
Equatorial Guinea,GNQ,1971,0
Equatorial Guinea,GNQ,1972,0
Equatorial Guinea,GNQ,1973,0
Equatorial Guinea,GNQ,1974,0
Equatorial Guinea,GNQ,1975,0
Equatorial Guinea,GNQ,1976,0
Equatorial Guinea,GNQ,1977,0
Equatorial Guinea,GNQ,1978,0
Equatorial Guinea,GNQ,1979,0
Equatorial Guinea,GNQ,1980,0
Equatorial Guinea,GNQ,1981,0
Equatorial Guinea,GNQ,1982,0
Equatorial Guinea,GNQ,1983,0
Equatorial Guinea,GNQ,1984,0
Equatorial Guinea,GNQ,1985,0
Equatorial Guinea,GNQ,1986,0
Equatorial Guinea,GNQ,1987,0
Equatorial Guinea,GNQ,1988,0
Equatorial Guinea,GNQ,1989,0
Equatorial Guinea,GNQ,1990,0
Equatorial Guinea,GNQ,1991,0
Equatorial Guinea,GNQ,1992,0
Equatorial Guinea,GNQ,1993,1
Equatorial Guinea,GNQ,1994,1
Equatorial Guinea,GNQ,1995,1
Equatorial Guinea,GNQ,1996,0
Equatorial Guinea,GNQ,1997,0
Equatorial Guinea,GNQ,1998,0
Equatorial Guinea,GNQ,1999,0
Equatorial Guinea,GNQ,2000,0
Equatorial Guinea,GNQ,2001,0
Equatorial Guinea,GNQ,2002,0
Equatorial Guinea,GNQ,2003,0
Equatorial Guinea,GNQ,2004,0
Equatorial Guinea,GNQ,2005,0
Equatorial Guinea,GNQ,2006,0
Equatorial Guinea,GNQ,2007,0
Equatorial Guinea,GNQ,2008,0
Equatorial Guinea,GNQ,2009,0
Equatorial Guinea,GNQ,2010,0
Equatorial Guinea,GNQ,2011,0
Equatorial Guinea,GNQ,2012,0
Equatorial Guinea,GNQ,2013,0
Equatorial Guinea,GNQ,2014,0
Equatorial Guinea,GNQ,2015,0
Equatorial Guinea,GNQ,2016,0
Equatorial Guinea,GNQ,2017,0
Equatorial Guinea,GNQ,2018,0
Eritrea,ERI,1993,0
Eritrea,ERI,1994,0
Eritrea,ERI,1995,0
Eritrea,ERI,1996,0
Eritrea,ERI,1997,0
Eritrea,ERI,1998,0
Eritrea,ERI,1999,0
Eritrea,ERI,2000,0
Eritrea,ERI,2001,0
Eritrea,ERI,2002,0
Eritrea,ERI,2003,0
Eritrea,ERI,2004,0
Eritrea,ERI,2005,0
Eritrea,ERI,2006,0
Eritrea,ERI,2007,0
Eritrea,ERI,2008,0
Eritrea,ERI,2009,0
Eritrea,ERI,2010,0
Eritrea,ERI,2011,0
Eritrea,ERI,2012,0
Eritrea,ERI,2013,0
Eritrea,ERI,2014,0
Eritrea,ERI,2015,0
Eritrea,ERI,2016,0
Eritrea,ERI,2017,0
Eritrea,ERI,2018,0
Estonia,EST,1917,2
Estonia,EST,1919,2
Estonia,EST,1920,2
Estonia,EST,1921,2
Estonia,EST,1922,2
Estonia,EST,1923,2
Estonia,EST,1924,2
Estonia,EST,1925,2
Estonia,EST,1926,2
Estonia,EST,1927,2
Estonia,EST,1928,2
Estonia,EST,1929,2
Estonia,EST,1930,2
Estonia,EST,1931,2
Estonia,EST,1932,2
Estonia,EST,1933,2
Estonia,EST,1934,1
Estonia,EST,1935,1
Estonia,EST,1936,0
Estonia,EST,1937,0
Estonia,EST,1938,0
Estonia,EST,1939,0
Estonia,EST,1940,0
Estonia,EST,1941,0
Estonia,EST,1942,0
Estonia,EST,1943,0
Estonia,EST,1944,0
Estonia,EST,1945,0
Estonia,EST,1946,0
Estonia,EST,1947,0
Estonia,EST,1948,0
Estonia,EST,1949,0
Estonia,EST,1950,0
Estonia,EST,1951,0
Estonia,EST,1952,0
Estonia,EST,1953,0
Estonia,EST,1954,0
Estonia,EST,1955,0
Estonia,EST,1956,0
Estonia,EST,1957,0
Estonia,EST,1958,0
Estonia,EST,1959,0
Estonia,EST,1960,0
Estonia,EST,1961,0
Estonia,EST,1962,0
Estonia,EST,1963,0
Estonia,EST,1964,0
Estonia,EST,1965,0
Estonia,EST,1966,0
Estonia,EST,1967,0
Estonia,EST,1968,0
Estonia,EST,1969,0
Estonia,EST,1970,0
Estonia,EST,1971,0
Estonia,EST,1972,0
Estonia,EST,1973,0
Estonia,EST,1974,0
Estonia,EST,1975,0
Estonia,EST,1976,0
Estonia,EST,1977,0
Estonia,EST,1978,0
Estonia,EST,1979,0
Estonia,EST,1980,0
Estonia,EST,1981,0
Estonia,EST,1982,0
Estonia,EST,1983,0
Estonia,EST,1984,0
Estonia,EST,1985,0
Estonia,EST,1986,0
Estonia,EST,1987,0
Estonia,EST,1988,0
Estonia,EST,1989,1
Estonia,EST,1990,1
Estonia,EST,1991,2
Estonia,EST,1992,2
Estonia,EST,1993,2
Estonia,EST,1994,2
Estonia,EST,1995,2
Estonia,EST,1996,2
Estonia,EST,1997,2
Estonia,EST,1998,2
Estonia,EST,1999,2
Estonia,EST,2000,2
Estonia,EST,2001,2
Estonia,EST,2002,2
Estonia,EST,2003,2
Estonia,EST,2004,2
Estonia,EST,2005,2
Estonia,EST,2006,2
Estonia,EST,2007,2
Estonia,EST,2008,2
Estonia,EST,2009,2
Estonia,EST,2010,2
Estonia,EST,2011,2
Estonia,EST,2012,2
Estonia,EST,2013,2
Estonia,EST,2014,2
Estonia,EST,2015,2
Estonia,EST,2016,2
Estonia,EST,2017,2
Estonia,EST,2018,2
Eswatini,SWZ,1968,0
Eswatini,SWZ,1969,0
Eswatini,SWZ,1970,0
Eswatini,SWZ,1971,0
Eswatini,SWZ,1972,0
Eswatini,SWZ,1973,0
Eswatini,SWZ,1974,0
Eswatini,SWZ,1975,0
Eswatini,SWZ,1976,0
Eswatini,SWZ,1977,0
Eswatini,SWZ,1978,0
Eswatini,SWZ,1979,0
Eswatini,SWZ,1980,0
Eswatini,SWZ,1981,0
Eswatini,SWZ,1982,0
Eswatini,SWZ,1983,0
Eswatini,SWZ,1984,0
Eswatini,SWZ,1985,0
Eswatini,SWZ,1986,0
Eswatini,SWZ,1987,0
Eswatini,SWZ,1988,0
Eswatini,SWZ,1989,0
Eswatini,SWZ,1990,0
Eswatini,SWZ,1991,0
Eswatini,SWZ,1992,0
Eswatini,SWZ,1993,0
Eswatini,SWZ,1994,0
Eswatini,SWZ,1995,0
Eswatini,SWZ,1996,0
Eswatini,SWZ,1997,0
Eswatini,SWZ,1998,0
Eswatini,SWZ,1999,0
Eswatini,SWZ,2000,0
Eswatini,SWZ,2001,0
Eswatini,SWZ,2002,0
Eswatini,SWZ,2003,0
Eswatini,SWZ,2004,0
Eswatini,SWZ,2005,0
Eswatini,SWZ,2006,0
Eswatini,SWZ,2007,0
Eswatini,SWZ,2008,0
Eswatini,SWZ,2009,0
Eswatini,SWZ,2010,0
Eswatini,SWZ,2011,0
Eswatini,SWZ,2012,0
Eswatini,SWZ,2013,0
Eswatini,SWZ,2014,0
Eswatini,SWZ,2015,0
Eswatini,SWZ,2016,0
Eswatini,SWZ,2017,0
Eswatini,SWZ,2018,0
Ethiopia,ETH,1993,1
Ethiopia,ETH,1994,1
Ethiopia,ETH,1995,1
Ethiopia,ETH,1996,1
Ethiopia,ETH,1997,1
Ethiopia,ETH,1998,1
Ethiopia,ETH,1999,1
Ethiopia,ETH,2000,1
Ethiopia,ETH,2001,1
Ethiopia,ETH,2002,1
Ethiopia,ETH,2003,1
Ethiopia,ETH,2004,1
Ethiopia,ETH,2005,1
Ethiopia,ETH,2006,1
Ethiopia,ETH,2007,1
Ethiopia,ETH,2008,1
Ethiopia,ETH,2009,1
Ethiopia,ETH,2010,1
Ethiopia,ETH,2011,1
Ethiopia,ETH,2012,1
Ethiopia,ETH,2013,1
Ethiopia,ETH,2014,1
Ethiopia,ETH,2015,1
Ethiopia,ETH,2016,1
Ethiopia,ETH,2017,1
Ethiopia,ETH,2018,1
Ethiopia (former),OWID_ERE,1855,1
Ethiopia (former),OWID_ERE,1856,1
Ethiopia (former),OWID_ERE,1857,1
Ethiopia (former),OWID_ERE,1858,1
Ethiopia (former),OWID_ERE,1859,1
Ethiopia (former),OWID_ERE,1860,1
Ethiopia (former),OWID_ERE,1861,1
Ethiopia (former),OWID_ERE,1862,1
Ethiopia (former),OWID_ERE,1863,1
Ethiopia (former),OWID_ERE,1864,1
Ethiopia (former),OWID_ERE,1865,1
Ethiopia (former),OWID_ERE,1866,1
Ethiopia (former),OWID_ERE,1867,1
Ethiopia (former),OWID_ERE,1868,1
Ethiopia (former),OWID_ERE,1869,1
Ethiopia (former),OWID_ERE,1870,1
Ethiopia (former),OWID_ERE,1871,1
Ethiopia (former),OWID_ERE,1872,1
Ethiopia (former),OWID_ERE,1873,1
Ethiopia (former),OWID_ERE,1874,1
Ethiopia (former),OWID_ERE,1875,1
Ethiopia (former),OWID_ERE,1876,1
Ethiopia (former),OWID_ERE,1877,1
Ethiopia (former),OWID_ERE,1878,1
Ethiopia (former),OWID_ERE,1879,1
Ethiopia (former),OWID_ERE,1880,1
Ethiopia (former),OWID_ERE,1881,1
Ethiopia (former),OWID_ERE,1882,1
Ethiopia (former),OWID_ERE,1883,1
Ethiopia (former),OWID_ERE,1884,1
Ethiopia (former),OWID_ERE,1885,1
Ethiopia (former),OWID_ERE,1886,1
Ethiopia (former),OWID_ERE,1887,1
Ethiopia (former),OWID_ERE,1888,1
Ethiopia (former),OWID_ERE,1889,1
Ethiopia (former),OWID_ERE,1890,1
Ethiopia (former),OWID_ERE,1891,1
Ethiopia (former),OWID_ERE,1892,1
Ethiopia (former),OWID_ERE,1893,1
Ethiopia (former),OWID_ERE,1894,1
Ethiopia (former),OWID_ERE,1895,1
Ethiopia (former),OWID_ERE,1896,1
Ethiopia (former),OWID_ERE,1897,1
Ethiopia (former),OWID_ERE,1898,1
Ethiopia (former),OWID_ERE,1899,1
Ethiopia (former),OWID_ERE,1900,1
Ethiopia (former),OWID_ERE,1901,1
Ethiopia (former),OWID_ERE,1902,1
Ethiopia (former),OWID_ERE,1903,1
Ethiopia (former),OWID_ERE,1904,1
Ethiopia (former),OWID_ERE,1905,1
Ethiopia (former),OWID_ERE,1906,1
Ethiopia (former),OWID_ERE,1907,1
Ethiopia (former),OWID_ERE,1908,1
Ethiopia (former),OWID_ERE,1909,1
Ethiopia (former),OWID_ERE,1910,1
Ethiopia (former),OWID_ERE,1911,1
Ethiopia (former),OWID_ERE,1912,1
Ethiopia (former),OWID_ERE,1913,1
Ethiopia (former),OWID_ERE,1914,1
Ethiopia (former),OWID_ERE,1915,1
Ethiopia (former),OWID_ERE,1916,1
Ethiopia (former),OWID_ERE,1917,1
Ethiopia (former),OWID_ERE,1918,1
Ethiopia (former),OWID_ERE,1919,1
Ethiopia (former),OWID_ERE,1920,1
Ethiopia (former),OWID_ERE,1921,1
Ethiopia (former),OWID_ERE,1922,1
Ethiopia (former),OWID_ERE,1923,1
Ethiopia (former),OWID_ERE,1924,1
Ethiopia (former),OWID_ERE,1925,1
Ethiopia (former),OWID_ERE,1926,1
Ethiopia (former),OWID_ERE,1927,1
Ethiopia (former),OWID_ERE,1928,1
Ethiopia (former),OWID_ERE,1929,1
Ethiopia (former),OWID_ERE,1930,1
Ethiopia (former),OWID_ERE,1931,1
Ethiopia (former),OWID_ERE,1932,1
Ethiopia (former),OWID_ERE,1933,1
Ethiopia (former),OWID_ERE,1934,1
Ethiopia (former),OWID_ERE,1935,1
Ethiopia (former),OWID_ERE,1942,1
Ethiopia (former),OWID_ERE,1943,1
Ethiopia (former),OWID_ERE,1944,1
Ethiopia (former),OWID_ERE,1945,1
Ethiopia (former),OWID_ERE,1946,0
Ethiopia (former),OWID_ERE,1947,0
Ethiopia (former),OWID_ERE,1948,0
Ethiopia (former),OWID_ERE,1949,0
Ethiopia (former),OWID_ERE,1950,0
Ethiopia (former),OWID_ERE,1951,0
Ethiopia (former),OWID_ERE,1952,0
Ethiopia (former),OWID_ERE,1953,0
Ethiopia (former),OWID_ERE,1954,0
Ethiopia (former),OWID_ERE,1955,0
Ethiopia (former),OWID_ERE,1956,0
Ethiopia (former),OWID_ERE,1957,0
Ethiopia (former),OWID_ERE,1958,0
Ethiopia (former),OWID_ERE,1959,0
Ethiopia (former),OWID_ERE,1960,0
Ethiopia (former),OWID_ERE,1961,0
Ethiopia (former),OWID_ERE,1962,0
Ethiopia (former),OWID_ERE,1963,0
Ethiopia (former),OWID_ERE,1964,0
Ethiopia (former),OWID_ERE,1965,0
Ethiopia (former),OWID_ERE,1966,0
Ethiopia (former),OWID_ERE,1967,0
Ethiopia (former),OWID_ERE,1968,0
Ethiopia (former),OWID_ERE,1969,0
Ethiopia (former),OWID_ERE,1970,0
Ethiopia (former),OWID_ERE,1971,0
Ethiopia (former),OWID_ERE,1972,0
Ethiopia (former),OWID_ERE,1973,0
Ethiopia (former),OWID_ERE,1974,1
Ethiopia (former),OWID_ERE,1975,0
Ethiopia (former),OWID_ERE,1976,0
Ethiopia (former),OWID_ERE,1977,0
Ethiopia (former),OWID_ERE,1978,0
Ethiopia (former),OWID_ERE,1979,0
Ethiopia (former),OWID_ERE,1980,0
Ethiopia (former),OWID_ERE,1981,0
Ethiopia (former),OWID_ERE,1982,0
Ethiopia (former),OWID_ERE,1983,0
Ethiopia (former),OWID_ERE,1984,0
Ethiopia (former),OWID_ERE,1985,0
Ethiopia (former),OWID_ERE,1986,0
Ethiopia (former),OWID_ERE,1987,0
Ethiopia (former),OWID_ERE,1988,0
Ethiopia (former),OWID_ERE,1989,0
Ethiopia (former),OWID_ERE,1990,0
Ethiopia (former),OWID_ERE,1991,1
Ethiopia (former),OWID_ERE,1992,1
Fiji,FJI,1970,2
Fiji,FJI,1971,2
Fiji,FJI,1972,2
Fiji,FJI,1973,2
Fiji,FJI,1974,2
Fiji,FJI,1975,2
Fiji,FJI,1976,2
Fiji,FJI,1977,2
Fiji,FJI,1978,2
Fiji,FJI,1979,2
Fiji,FJI,1980,2
Fiji,FJI,1981,2
Fiji,FJI,1982,2
Fiji,FJI,1983,2
Fiji,FJI,1984,2
Fiji,FJI,1985,2
Fiji,FJI,1986,2
Fiji,FJI,1987,1
Fiji,FJI,1988,1
Fiji,FJI,1989,1
Fiji,FJI,1990,1
Fiji,FJI,1991,1
Fiji,FJI,1992,1
Fiji,FJI,1993,1
Fiji,FJI,1994,1
Fiji,FJI,1995,1
Fiji,FJI,1996,1
Fiji,FJI,1997,1
Fiji,FJI,1998,2
Fiji,FJI,1999,2
Fiji,FJI,2000,2
Fiji,FJI,2001,1
Fiji,FJI,2002,1
Fiji,FJI,2003,1
Fiji,FJI,2004,2
Fiji,FJI,2005,2
Fiji,FJI,2006,1
Fiji,FJI,2007,1
Fiji,FJI,2008,1
Fiji,FJI,2009,1
Fiji,FJI,2010,1
Fiji,FJI,2011,1
Fiji,FJI,2012,1
Fiji,FJI,2013,1
Fiji,FJI,2014,1
Fiji,FJI,2015,1
Fiji,FJI,2016,1
Fiji,FJI,2017,1
Fiji,FJI,2018,1
Finland,FIN,1917,2
Finland,FIN,1918,2
Finland,FIN,1919,2
Finland,FIN,1920,2
Finland,FIN,1921,2
Finland,FIN,1922,2
Finland,FIN,1923,2
Finland,FIN,1924,2
Finland,FIN,1925,2
Finland,FIN,1926,2
Finland,FIN,1927,2
Finland,FIN,1928,2
Finland,FIN,1929,2
Finland,FIN,1930,2
Finland,FIN,1931,1
Finland,FIN,1932,1
Finland,FIN,1933,1
Finland,FIN,1934,1
Finland,FIN,1935,1
Finland,FIN,1936,1
Finland,FIN,1937,1
Finland,FIN,1938,1
Finland,FIN,1939,1
Finland,FIN,1940,1
Finland,FIN,1941,1
Finland,FIN,1942,1
Finland,FIN,1943,1
Finland,FIN,1944,2
Finland,FIN,1945,2
Finland,FIN,1946,2
Finland,FIN,1947,2
Finland,FIN,1948,2
Finland,FIN,1949,2
Finland,FIN,1950,2
Finland,FIN,1951,2
Finland,FIN,1952,2
Finland,FIN,1953,2
Finland,FIN,1954,2
Finland,FIN,1955,2
Finland,FIN,1956,2
Finland,FIN,1957,2
Finland,FIN,1958,2
Finland,FIN,1959,2
Finland,FIN,1960,2
Finland,FIN,1961,2
Finland,FIN,1962,2
Finland,FIN,1963,2
Finland,FIN,1964,2
Finland,FIN,1965,2
Finland,FIN,1966,2
Finland,FIN,1967,2
Finland,FIN,1968,2
Finland,FIN,1969,2
Finland,FIN,1970,2
Finland,FIN,1971,2
Finland,FIN,1972,2
Finland,FIN,1973,2
Finland,FIN,1974,2
Finland,FIN,1975,2
Finland,FIN,1976,2
Finland,FIN,1977,2
Finland,FIN,1978,2
Finland,FIN,1979,2
Finland,FIN,1980,2
Finland,FIN,1981,2
Finland,FIN,1982,2
Finland,FIN,1983,2
Finland,FIN,1984,2
Finland,FIN,1985,2
Finland,FIN,1986,2
Finland,FIN,1987,2
Finland,FIN,1988,2
Finland,FIN,1989,2
Finland,FIN,1990,2
Finland,FIN,1991,2
Finland,FIN,1992,2
Finland,FIN,1993,2
Finland,FIN,1994,2
Finland,FIN,1995,2
Finland,FIN,1996,2
Finland,FIN,1997,2
Finland,FIN,1998,2
Finland,FIN,1999,2
Finland,FIN,2000,2
Finland,FIN,2001,2
Finland,FIN,2002,2
Finland,FIN,2003,2
Finland,FIN,2004,2
Finland,FIN,2005,2
Finland,FIN,2006,2
Finland,FIN,2007,2
Finland,FIN,2008,2
Finland,FIN,2009,2
Finland,FIN,2010,2
Finland,FIN,2011,2
Finland,FIN,2012,2
Finland,FIN,2013,2
Finland,FIN,2014,2
Finland,FIN,2015,2
Finland,FIN,2016,2
Finland,FIN,2017,2
Finland,FIN,2018,2
France,FRA,1800,0
France,FRA,1801,0
France,FRA,1802,0
France,FRA,1803,0
France,FRA,1804,0
France,FRA,1805,0
France,FRA,1806,0
France,FRA,1807,0
France,FRA,1808,0
France,FRA,1809,0
France,FRA,1810,0
France,FRA,1811,0
France,FRA,1812,0
France,FRA,1813,0
France,FRA,1814,1
France,FRA,1815,1
France,FRA,1816,1
France,FRA,1817,1
France,FRA,1818,1
France,FRA,1819,1
France,FRA,1820,1
France,FRA,1821,1
France,FRA,1822,1
France,FRA,1823,1
France,FRA,1824,1
France,FRA,1825,1
France,FRA,1826,1
France,FRA,1827,1
France,FRA,1828,1
France,FRA,1829,1
France,FRA,1830,1
France,FRA,1831,1
France,FRA,1832,1
France,FRA,1833,1
France,FRA,1834,1
France,FRA,1835,1
France,FRA,1836,1
France,FRA,1837,1
France,FRA,1838,1
France,FRA,1839,1
France,FRA,1840,1
France,FRA,1841,1
France,FRA,1842,1
France,FRA,1843,1
France,FRA,1844,1
France,FRA,1845,1
France,FRA,1846,1
France,FRA,1847,1
France,FRA,1848,2
France,FRA,1849,2
France,FRA,1850,2
France,FRA,1851,1
France,FRA,1852,0
France,FRA,1853,0
France,FRA,1854,0
France,FRA,1855,0
France,FRA,1856,0
France,FRA,1857,0
France,FRA,1858,0
France,FRA,1859,0
France,FRA,1860,0
France,FRA,1861,0
France,FRA,1862,0
France,FRA,1863,0
France,FRA,1864,0
France,FRA,1865,0
France,FRA,1866,0
France,FRA,1867,0
France,FRA,1868,0
France,FRA,1869,1
France,FRA,1870,1
France,FRA,1871,1
France,FRA,1872,1
France,FRA,1873,1
France,FRA,1874,1
France,FRA,1875,1
France,FRA,1876,2
France,FRA,1877,2
France,FRA,1878,2
France,FRA,1879,2
France,FRA,1880,2
France,FRA,1881,2
France,FRA,1882,2
France,FRA,1883,2
France,FRA,1884,2
France,FRA,1885,2
France,FRA,1886,2
France,FRA,1887,2
France,FRA,1888,2
France,FRA,1889,2
France,FRA,1890,2
France,FRA,1891,2
France,FRA,1892,2
France,FRA,1893,2
France,FRA,1894,2
France,FRA,1895,2
France,FRA,1896,2
France,FRA,1897,2
France,FRA,1898,2
France,FRA,1899,2
France,FRA,1900,2
France,FRA,1901,2
France,FRA,1902,2
France,FRA,1903,2
France,FRA,1904,2
France,FRA,1905,2
France,FRA,1906,2
France,FRA,1907,2
France,FRA,1908,2
France,FRA,1909,2
France,FRA,1910,2
France,FRA,1911,2
France,FRA,1912,2
France,FRA,1913,2
France,FRA,1914,2
France,FRA,1915,2
France,FRA,1916,2
France,FRA,1917,2
France,FRA,1918,2
France,FRA,1919,2
France,FRA,1920,2
France,FRA,1921,2
France,FRA,1922,2
France,FRA,1923,2
France,FRA,1924,2
France,FRA,1925,2
France,FRA,1926,2
France,FRA,1927,2
France,FRA,1928,2
France,FRA,1929,2
France,FRA,1930,2
France,FRA,1931,2
France,FRA,1932,2
France,FRA,1933,2
France,FRA,1934,2
France,FRA,1935,2
France,FRA,1936,2
France,FRA,1937,2
France,FRA,1938,2
France,FRA,1939,2
France,FRA,1944,2
France,FRA,1945,2
France,FRA,1946,2
France,FRA,1947,2
France,FRA,1948,2
France,FRA,1949,2
France,FRA,1950,2
France,FRA,1951,2
France,FRA,1952,2
France,FRA,1953,2
France,FRA,1954,2
France,FRA,1955,2
France,FRA,1956,2
France,FRA,1957,2
France,FRA,1958,1
France,FRA,1959,1
France,FRA,1960,1
France,FRA,1961,1
France,FRA,1962,1
France,FRA,1963,1
France,FRA,1964,1
France,FRA,1965,2
France,FRA,1966,2
France,FRA,1967,2
France,FRA,1968,2
France,FRA,1969,2
France,FRA,1970,2
France,FRA,1971,2
France,FRA,1972,2
France,FRA,1973,2
France,FRA,1974,2
France,FRA,1975,2
France,FRA,1976,2
France,FRA,1977,2
France,FRA,1978,2
France,FRA,1979,2
France,FRA,1980,2
France,FRA,1981,2
France,FRA,1982,2
France,FRA,1983,2
France,FRA,1984,2
France,FRA,1985,2
France,FRA,1986,2
France,FRA,1987,2
France,FRA,1988,2
France,FRA,1989,2
France,FRA,1990,2
France,FRA,1991,2
France,FRA,1992,2
France,FRA,1993,2
France,FRA,1994,2
France,FRA,1995,2
France,FRA,1996,2
France,FRA,1997,2
France,FRA,1998,2
France,FRA,1999,2
France,FRA,2000,2
France,FRA,2001,2
France,FRA,2002,2
France,FRA,2003,2
France,FRA,2004,2
France,FRA,2005,2
France,FRA,2006,2
France,FRA,2007,2
France,FRA,2008,2
France,FRA,2009,2
France,FRA,2010,2
France,FRA,2011,2
France,FRA,2012,2
France,FRA,2013,2
France,FRA,2014,2
France,FRA,2015,2
France,FRA,2016,2
France,FRA,2017,2
France,FRA,2018,2
Gabon,GAB,1960,0
Gabon,GAB,1961,0
Gabon,GAB,1962,0
Gabon,GAB,1963,0
Gabon,GAB,1964,0
Gabon,GAB,1965,0
Gabon,GAB,1966,0
Gabon,GAB,1967,0
Gabon,GAB,1968,0
Gabon,GAB,1969,0
Gabon,GAB,1970,0
Gabon,GAB,1971,0
Gabon,GAB,1972,0
Gabon,GAB,1973,0
Gabon,GAB,1974,0
Gabon,GAB,1975,0
Gabon,GAB,1976,0
Gabon,GAB,1977,0
Gabon,GAB,1978,0
Gabon,GAB,1979,0
Gabon,GAB,1980,0
Gabon,GAB,1981,0
Gabon,GAB,1982,0
Gabon,GAB,1983,0
Gabon,GAB,1984,0
Gabon,GAB,1985,0
Gabon,GAB,1986,0
Gabon,GAB,1987,0
Gabon,GAB,1988,0
Gabon,GAB,1989,0
Gabon,GAB,1990,0
Gabon,GAB,1991,1
Gabon,GAB,1992,1
Gabon,GAB,1993,1
Gabon,GAB,1994,1
Gabon,GAB,1995,1
Gabon,GAB,1996,1
Gabon,GAB,1997,1
Gabon,GAB,1998,1
Gabon,GAB,1999,1
Gabon,GAB,2000,1
Gabon,GAB,2001,1
Gabon,GAB,2002,1
Gabon,GAB,2003,1
Gabon,GAB,2004,1
Gabon,GAB,2005,1
Gabon,GAB,2006,1
Gabon,GAB,2007,1
Gabon,GAB,2008,1
Gabon,GAB,2009,1
Gabon,GAB,2010,1
Gabon,GAB,2011,1
Gabon,GAB,2012,1
Gabon,GAB,2013,1
Gabon,GAB,2014,1
Gabon,GAB,2015,1
Gabon,GAB,2016,1
Gabon,GAB,2017,1
Gabon,GAB,2018,1
Gambia,GMB,1965,2
Gambia,GMB,1966,2
Gambia,GMB,1967,2
Gambia,GMB,1968,2
Gambia,GMB,1969,2
Gambia,GMB,1970,2
Gambia,GMB,1971,2
Gambia,GMB,1972,2
Gambia,GMB,1973,2
Gambia,GMB,1974,2
Gambia,GMB,1975,2
Gambia,GMB,1976,2
Gambia,GMB,1977,2
Gambia,GMB,1978,2
Gambia,GMB,1979,2
Gambia,GMB,1980,2
Gambia,GMB,1981,2
Gambia,GMB,1982,2
Gambia,GMB,1983,2
Gambia,GMB,1984,2
Gambia,GMB,1985,2
Gambia,GMB,1986,2
Gambia,GMB,1987,2
Gambia,GMB,1988,2
Gambia,GMB,1989,2
Gambia,GMB,1990,2
Gambia,GMB,1991,2
Gambia,GMB,1992,2
Gambia,GMB,1993,2
Gambia,GMB,1994,0
Gambia,GMB,1995,0
Gambia,GMB,1996,0
Gambia,GMB,1997,1
Gambia,GMB,1998,1
Gambia,GMB,1999,1
Gambia,GMB,2000,1
Gambia,GMB,2001,1
Gambia,GMB,2002,1
Gambia,GMB,2003,1
Gambia,GMB,2004,1
Gambia,GMB,2005,1
Gambia,GMB,2006,1
Gambia,GMB,2007,1
Gambia,GMB,2008,1
Gambia,GMB,2009,1
Gambia,GMB,2010,1
Gambia,GMB,2011,1
Gambia,GMB,2012,1
Gambia,GMB,2013,1
Gambia,GMB,2014,1
Gambia,GMB,2015,1
Gambia,GMB,2016,1
Gambia,GMB,2017,1
Gambia,GMB,2018,1
Georgia,GEO,1800,0
Georgia,GEO,1801,0
Georgia,GEO,1802,0
Georgia,GEO,1803,0
Georgia,GEO,1804,0
Georgia,GEO,1805,0
Georgia,GEO,1806,0
Georgia,GEO,1807,0
Georgia,GEO,1808,0
Georgia,GEO,1809,0
Georgia,GEO,1810,0
Georgia,GEO,1811,0
Georgia,GEO,1812,0
Georgia,GEO,1813,0
Georgia,GEO,1814,0
Georgia,GEO,1815,0
Georgia,GEO,1816,0
Georgia,GEO,1817,0
Georgia,GEO,1818,0
Georgia,GEO,1819,0
Georgia,GEO,1820,0
Georgia,GEO,1821,0
Georgia,GEO,1822,0
Georgia,GEO,1823,0
Georgia,GEO,1824,0
Georgia,GEO,1825,0
Georgia,GEO,1826,0
Georgia,GEO,1827,0
Georgia,GEO,1828,0
Georgia,GEO,1829,0
Georgia,GEO,1830,0
Georgia,GEO,1831,0
Georgia,GEO,1832,0
Georgia,GEO,1833,0
Georgia,GEO,1834,0
Georgia,GEO,1835,0
Georgia,GEO,1836,0
Georgia,GEO,1837,0
Georgia,GEO,1838,0
Georgia,GEO,1839,0
Georgia,GEO,1840,0
Georgia,GEO,1841,0
Georgia,GEO,1842,0
Georgia,GEO,1843,0
Georgia,GEO,1844,0
Georgia,GEO,1845,0
Georgia,GEO,1846,0
Georgia,GEO,1847,0
Georgia,GEO,1848,0
Georgia,GEO,1849,0
Georgia,GEO,1850,0
Georgia,GEO,1851,0
Georgia,GEO,1852,0
Georgia,GEO,1853,0
Georgia,GEO,1854,0
Georgia,GEO,1855,0
Georgia,GEO,1856,0
Georgia,GEO,1857,0
Georgia,GEO,1858,0
Georgia,GEO,1859,0
Georgia,GEO,1860,0
Georgia,GEO,1861,0
Georgia,GEO,1862,0
Georgia,GEO,1863,0
Georgia,GEO,1864,0
Georgia,GEO,1865,0
Georgia,GEO,1866,0
Georgia,GEO,1867,0
Georgia,GEO,1868,0
Georgia,GEO,1869,0
Georgia,GEO,1870,0
Georgia,GEO,1871,0
Georgia,GEO,1872,0
Georgia,GEO,1873,0
Georgia,GEO,1874,0
Georgia,GEO,1875,0
Georgia,GEO,1876,0
Georgia,GEO,1877,0
Georgia,GEO,1878,0
Georgia,GEO,1879,0
Georgia,GEO,1880,0
Georgia,GEO,1881,0
Georgia,GEO,1882,0
Georgia,GEO,1883,0
Georgia,GEO,1884,0
Georgia,GEO,1885,0
Georgia,GEO,1886,0
Georgia,GEO,1887,0
Georgia,GEO,1888,0
Georgia,GEO,1889,0
Georgia,GEO,1890,0
Georgia,GEO,1891,0
Georgia,GEO,1892,0
Georgia,GEO,1893,0
Georgia,GEO,1894,0
Georgia,GEO,1895,0
Georgia,GEO,1896,0
Georgia,GEO,1897,0
Georgia,GEO,1898,0
Georgia,GEO,1899,0
Georgia,GEO,1900,0
Georgia,GEO,1901,0
Georgia,GEO,1902,0
Georgia,GEO,1903,0
Georgia,GEO,1904,0
Georgia,GEO,1905,0
Georgia,GEO,1906,0
Georgia,GEO,1907,0
Georgia,GEO,1908,0
Georgia,GEO,1909,0
Georgia,GEO,1910,0
Georgia,GEO,1911,0
Georgia,GEO,1912,0
Georgia,GEO,1913,0
Georgia,GEO,1914,0
Georgia,GEO,1915,0
Georgia,GEO,1916,0
Georgia,GEO,1917,1
Georgia,GEO,1918,1
Georgia,GEO,1919,1
Georgia,GEO,1920,1
Georgia,GEO,1921,1
Georgia,GEO,1922,0
Georgia,GEO,1923,0
Georgia,GEO,1924,0
Georgia,GEO,1925,0
Georgia,GEO,1926,0
Georgia,GEO,1927,0
Georgia,GEO,1928,0
Georgia,GEO,1929,0
Georgia,GEO,1930,0
Georgia,GEO,1931,0
Georgia,GEO,1932,0
Georgia,GEO,1933,0
Georgia,GEO,1934,0
Georgia,GEO,1935,0
Georgia,GEO,1936,0
Georgia,GEO,1937,0
Georgia,GEO,1938,0
Georgia,GEO,1939,0
Georgia,GEO,1940,0
Georgia,GEO,1941,0
Georgia,GEO,1942,0
Georgia,GEO,1943,0
Georgia,GEO,1944,0
Georgia,GEO,1945,0
Georgia,GEO,1946,0
Georgia,GEO,1947,0
Georgia,GEO,1948,0
Georgia,GEO,1949,0
Georgia,GEO,1950,0
Georgia,GEO,1951,0
Georgia,GEO,1952,0
Georgia,GEO,1953,0
Georgia,GEO,1954,0
Georgia,GEO,1955,0
Georgia,GEO,1956,0
Georgia,GEO,1957,0
Georgia,GEO,1958,0
Georgia,GEO,1959,0
Georgia,GEO,1960,0
Georgia,GEO,1961,0
Georgia,GEO,1962,0
Georgia,GEO,1963,0
Georgia,GEO,1964,0
Georgia,GEO,1965,0
Georgia,GEO,1966,0
Georgia,GEO,1967,0
Georgia,GEO,1968,0
Georgia,GEO,1969,0
Georgia,GEO,1970,0
Georgia,GEO,1971,0
Georgia,GEO,1972,0
Georgia,GEO,1973,0
Georgia,GEO,1974,0
Georgia,GEO,1975,0
Georgia,GEO,1976,0
Georgia,GEO,1977,0
Georgia,GEO,1978,0
Georgia,GEO,1979,0
Georgia,GEO,1980,0
Georgia,GEO,1981,0
Georgia,GEO,1982,0
Georgia,GEO,1983,0
Georgia,GEO,1984,0
Georgia,GEO,1985,0
Georgia,GEO,1986,0
Georgia,GEO,1987,0
Georgia,GEO,1988,0
Georgia,GEO,1989,1
Georgia,GEO,1990,1
Georgia,GEO,1991,1
Georgia,GEO,1992,1
Georgia,GEO,1993,1
Georgia,GEO,1994,1
Georgia,GEO,1995,1
Georgia,GEO,1996,1
Georgia,GEO,1997,1
Georgia,GEO,1998,1
Georgia,GEO,1999,1
Georgia,GEO,2000,1
Georgia,GEO,2001,1
Georgia,GEO,2002,1
Georgia,GEO,2003,1
Georgia,GEO,2004,2
Georgia,GEO,2005,2
Georgia,GEO,2006,2
Georgia,GEO,2007,2
Georgia,GEO,2008,2
Georgia,GEO,2009,2
Georgia,GEO,2010,2
Georgia,GEO,2011,2
Georgia,GEO,2012,2
Georgia,GEO,2013,2
Georgia,GEO,2014,2
Georgia,GEO,2015,2
Georgia,GEO,2016,2
Georgia,GEO,2017,2
Georgia,GEO,2018,2
Germany,DEU,1868,0
Germany,DEU,1869,1
Germany,DEU,1870,1
Germany,DEU,1871,1
Germany,DEU,1872,1
Germany,DEU,1873,1
Germany,DEU,1874,1
Germany,DEU,1875,1
Germany,DEU,1876,1
Germany,DEU,1877,1
Germany,DEU,1878,1
Germany,DEU,1879,1
Germany,DEU,1880,1
Germany,DEU,1881,1
Germany,DEU,1882,1
Germany,DEU,1883,1
Germany,DEU,1884,1
Germany,DEU,1885,1
Germany,DEU,1886,1
Germany,DEU,1887,1
Germany,DEU,1888,1
Germany,DEU,1889,1
Germany,DEU,1890,1
Germany,DEU,1891,1
Germany,DEU,1892,1
Germany,DEU,1893,1
Germany,DEU,1894,1
Germany,DEU,1895,1
Germany,DEU,1896,1
Germany,DEU,1897,1
Germany,DEU,1898,1
Germany,DEU,1899,1
Germany,DEU,1900,1
Germany,DEU,1901,1
Germany,DEU,1902,1
Germany,DEU,1903,1
Germany,DEU,1904,1
Germany,DEU,1905,1
Germany,DEU,1906,1
Germany,DEU,1907,1
Germany,DEU,1908,1
Germany,DEU,1909,1
Germany,DEU,1910,1
Germany,DEU,1911,1
Germany,DEU,1912,1
Germany,DEU,1913,1
Germany,DEU,1914,1
Germany,DEU,1915,1
Germany,DEU,1916,1
Germany,DEU,1917,1
Germany,DEU,1918,1
Germany,DEU,1919,2
Germany,DEU,1920,2
Germany,DEU,1921,2
Germany,DEU,1922,2
Germany,DEU,1923,2
Germany,DEU,1924,2
Germany,DEU,1925,2
Germany,DEU,1926,2
Germany,DEU,1927,2
Germany,DEU,1928,2
Germany,DEU,1929,2
Germany,DEU,1930,2
Germany,DEU,1931,2
Germany,DEU,1932,2
Germany,DEU,1933,0
Germany,DEU,1934,0
Germany,DEU,1935,0
Germany,DEU,1936,0
Germany,DEU,1937,0
Germany,DEU,1938,0
Germany,DEU,1939,0
Germany,DEU,1940,0
Germany,DEU,1941,0
Germany,DEU,1942,0
Germany,DEU,1943,0
Germany,DEU,1944,0
Germany,DEU,1990,2
Germany,DEU,1991,2
Germany,DEU,1992,2
Germany,DEU,1993,2
Germany,DEU,1994,2
Germany,DEU,1995,2
Germany,DEU,1996,2
Germany,DEU,1997,2
Germany,DEU,1998,2
Germany,DEU,1999,2
Germany,DEU,2000,2
Germany,DEU,2001,2
Germany,DEU,2002,2
Germany,DEU,2003,2
Germany,DEU,2004,2
Germany,DEU,2005,2
Germany,DEU,2006,2
Germany,DEU,2007,2
Germany,DEU,2008,2
Germany,DEU,2009,2
Germany,DEU,2010,2
Germany,DEU,2011,2
Germany,DEU,2012,2
Germany,DEU,2013,2
Germany,DEU,2014,2
Germany,DEU,2015,2
Germany,DEU,2016,2
Germany,DEU,2017,2
Germany,DEU,2018,2
Ghana,GHA,1960,1
Ghana,GHA,1961,1
Ghana,GHA,1962,1
Ghana,GHA,1963,1
Ghana,GHA,1964,0
Ghana,GHA,1965,0
Ghana,GHA,1966,1
Ghana,GHA,1967,1
Ghana,GHA,1968,1
Ghana,GHA,1969,1
Ghana,GHA,1970,1
Ghana,GHA,1971,1
Ghana,GHA,1972,0
Ghana,GHA,1973,0
Ghana,GHA,1974,0
Ghana,GHA,1975,0
Ghana,GHA,1976,0
Ghana,GHA,1977,0
Ghana,GHA,1978,1
Ghana,GHA,1979,1
Ghana,GHA,1980,1
Ghana,GHA,1981,1
Ghana,GHA,1982,0
Ghana,GHA,1983,0
Ghana,GHA,1984,0
Ghana,GHA,1985,0
Ghana,GHA,1986,0
Ghana,GHA,1987,0
Ghana,GHA,1988,0
Ghana,GHA,1989,0
Ghana,GHA,1990,0
Ghana,GHA,1991,1
Ghana,GHA,1992,1
Ghana,GHA,1993,1
Ghana,GHA,1994,1
Ghana,GHA,1995,1
Ghana,GHA,1996,1
Ghana,GHA,1997,1
Ghana,GHA,1998,1
Ghana,GHA,1999,1
Ghana,GHA,2000,1
Ghana,GHA,2001,2
Ghana,GHA,2002,2
Ghana,GHA,2003,2
Ghana,GHA,2004,2
Ghana,GHA,2005,2
Ghana,GHA,2006,2
Ghana,GHA,2007,2
Ghana,GHA,2008,2
Ghana,GHA,2009,2
Ghana,GHA,2010,2
Ghana,GHA,2011,2
Ghana,GHA,2012,2
Ghana,GHA,2013,2
Ghana,GHA,2014,2
Ghana,GHA,2015,2
Ghana,GHA,2016,2
Ghana,GHA,2017,2
Ghana,GHA,2018,2
Grand Duchy of Baden,,1819,0
Grand Duchy of Baden,,1820,0
Grand Duchy of Baden,,1821,0
Grand Duchy of Baden,,1822,0
Grand Duchy of Baden,,1823,0
Grand Duchy of Baden,,1824,0
Grand Duchy of Baden,,1825,0
Grand Duchy of Baden,,1826,0
Grand Duchy of Baden,,1827,0
Grand Duchy of Baden,,1828,0
Grand Duchy of Baden,,1829,0
Grand Duchy of Baden,,1830,0
Grand Duchy of Baden,,1831,0
Grand Duchy of Baden,,1832,0
Grand Duchy of Baden,,1833,0
Grand Duchy of Baden,,1834,0
Grand Duchy of Baden,,1835,0
Grand Duchy of Baden,,1836,0
Grand Duchy of Baden,,1837,0
Grand Duchy of Baden,,1838,0
Grand Duchy of Baden,,1839,0
Grand Duchy of Baden,,1840,0
Grand Duchy of Baden,,1841,1
Grand Duchy of Baden,,1842,1
Grand Duchy of Baden,,1843,1
Grand Duchy of Baden,,1844,1
Grand Duchy of Baden,,1845,1
Grand Duchy of Baden,,1846,1
Grand Duchy of Baden,,1847,1
Grand Duchy of Baden,,1848,0
Grand Duchy of Baden,,1849,0
Grand Duchy of Baden,,1850,0
Grand Duchy of Baden,,1851,0
Grand Duchy of Baden,,1852,0
Grand Duchy of Baden,,1853,0
Grand Duchy of Baden,,1854,0
Grand Duchy of Baden,,1855,0
Grand Duchy of Baden,,1856,0
Grand Duchy of Baden,,1857,0
Grand Duchy of Baden,,1858,0
Grand Duchy of Baden,,1859,0
Grand Duchy of Baden,,1860,0
Grand Duchy of Baden,,1861,0
Grand Duchy of Baden,,1862,0
Grand Duchy of Baden,,1863,0
Grand Duchy of Baden,,1864,0
Grand Duchy of Baden,,1865,0
Grand Duchy of Baden,,1866,0
Grand Duchy of Baden,,1867,0
Grand Duchy of Baden,,1868,0
Grand Duchy of Baden,,1869,0
Grand Duchy of Baden,,1870,0
Grand Duchy of Baden,,1871,0
Grand Duchy of Tuscany,OWID_TSC,1815,0
Grand Duchy of Tuscany,OWID_TSC,1816,0
Grand Duchy of Tuscany,OWID_TSC,1817,0
Grand Duchy of Tuscany,OWID_TSC,1818,0
Grand Duchy of Tuscany,OWID_TSC,1819,0
Grand Duchy of Tuscany,OWID_TSC,1820,0
Grand Duchy of Tuscany,OWID_TSC,1821,0
Grand Duchy of Tuscany,OWID_TSC,1822,0
Grand Duchy of Tuscany,OWID_TSC,1823,0
Grand Duchy of Tuscany,OWID_TSC,1824,0
Grand Duchy of Tuscany,OWID_TSC,1825,0
Grand Duchy of Tuscany,OWID_TSC,1826,0
Grand Duchy of Tuscany,OWID_TSC,1827,0
Grand Duchy of Tuscany,OWID_TSC,1828,0
Grand Duchy of Tuscany,OWID_TSC,1829,0
Grand Duchy of Tuscany,OWID_TSC,1830,0
Grand Duchy of Tuscany,OWID_TSC,1831,0
Grand Duchy of Tuscany,OWID_TSC,1832,0
Grand Duchy of Tuscany,OWID_TSC,1833,0
Grand Duchy of Tuscany,OWID_TSC,1834,0
Grand Duchy of Tuscany,OWID_TSC,1835,0
Grand Duchy of Tuscany,OWID_TSC,1836,0
Grand Duchy of Tuscany,OWID_TSC,1837,0
Grand Duchy of Tuscany,OWID_TSC,1838,0
Grand Duchy of Tuscany,OWID_TSC,1839,0
Grand Duchy of Tuscany,OWID_TSC,1840,0
Grand Duchy of Tuscany,OWID_TSC,1841,0
Grand Duchy of Tuscany,OWID_TSC,1842,0
Grand Duchy of Tuscany,OWID_TSC,1843,0
Grand Duchy of Tuscany,OWID_TSC,1844,0
Grand Duchy of Tuscany,OWID_TSC,1845,0
Grand Duchy of Tuscany,OWID_TSC,1846,0
Grand Duchy of Tuscany,OWID_TSC,1847,0
Grand Duchy of Tuscany,OWID_TSC,1848,0
Grand Duchy of Tuscany,OWID_TSC,1849,0
Grand Duchy of Tuscany,OWID_TSC,1850,0
Grand Duchy of Tuscany,OWID_TSC,1851,0
Grand Duchy of Tuscany,OWID_TSC,1852,0
Grand Duchy of Tuscany,OWID_TSC,1853,0
Grand Duchy of Tuscany,OWID_TSC,1854,0
Grand Duchy of Tuscany,OWID_TSC,1855,0
Grand Duchy of Tuscany,OWID_TSC,1856,0
Grand Duchy of Tuscany,OWID_TSC,1857,0
Grand Duchy of Tuscany,OWID_TSC,1858,0
Grand Duchy of Tuscany,OWID_TSC,1859,0
Grand Duchy of Tuscany,OWID_TSC,1860,0
Great Colombia,OWID_GCL,1821,1
Great Colombia,OWID_GCL,1822,1
Great Colombia,OWID_GCL,1823,1
Great Colombia,OWID_GCL,1824,1
Great Colombia,OWID_GCL,1825,1
Great Colombia,OWID_GCL,1826,1
Great Colombia,OWID_GCL,1827,1
Great Colombia,OWID_GCL,1828,1
Great Colombia,OWID_GCL,1829,1
Great Colombia,OWID_GCL,1830,1
Great Colombia,OWID_GCL,1831,1
Great Colombia,OWID_GCL,1832,1
Greece,GRC,1827,1
Greece,GRC,1828,1
Greece,GRC,1829,1
Greece,GRC,1830,1
Greece,GRC,1831,1
Greece,GRC,1832,1
Greece,GRC,1833,1
Greece,GRC,1834,1
Greece,GRC,1835,1
Greece,GRC,1836,1
Greece,GRC,1837,1
Greece,GRC,1838,1
Greece,GRC,1839,1
Greece,GRC,1840,1
Greece,GRC,1841,1
Greece,GRC,1842,1
Greece,GRC,1843,1
Greece,GRC,1844,1
Greece,GRC,1845,1
Greece,GRC,1846,1
Greece,GRC,1847,1
Greece,GRC,1848,1
Greece,GRC,1849,1
Greece,GRC,1850,1
Greece,GRC,1851,1
Greece,GRC,1852,1
Greece,GRC,1853,1
Greece,GRC,1854,1
Greece,GRC,1855,1
Greece,GRC,1856,1
Greece,GRC,1857,1
Greece,GRC,1858,1
Greece,GRC,1859,1
Greece,GRC,1860,1
Greece,GRC,1861,1
Greece,GRC,1862,1
Greece,GRC,1863,1
Greece,GRC,1864,2
Greece,GRC,1865,2
Greece,GRC,1866,2
Greece,GRC,1867,2
Greece,GRC,1868,2
Greece,GRC,1869,2
Greece,GRC,1870,2
Greece,GRC,1871,2
Greece,GRC,1872,2
Greece,GRC,1873,2
Greece,GRC,1874,2
Greece,GRC,1875,2
Greece,GRC,1876,2
Greece,GRC,1877,2
Greece,GRC,1878,2
Greece,GRC,1879,2
Greece,GRC,1880,2
Greece,GRC,1881,2
Greece,GRC,1882,2
Greece,GRC,1883,2
Greece,GRC,1884,2
Greece,GRC,1885,2
Greece,GRC,1886,2
Greece,GRC,1887,2
Greece,GRC,1888,2
Greece,GRC,1889,2
Greece,GRC,1890,2
Greece,GRC,1891,2
Greece,GRC,1892,2
Greece,GRC,1893,2
Greece,GRC,1894,2
Greece,GRC,1895,2
Greece,GRC,1896,2
Greece,GRC,1897,2
Greece,GRC,1898,2
Greece,GRC,1899,2
Greece,GRC,1900,2
Greece,GRC,1901,2
Greece,GRC,1902,2
Greece,GRC,1903,2
Greece,GRC,1904,2
Greece,GRC,1905,2
Greece,GRC,1906,2
Greece,GRC,1907,2
Greece,GRC,1908,2
Greece,GRC,1909,2
Greece,GRC,1910,2
Greece,GRC,1911,2
Greece,GRC,1912,2
Greece,GRC,1913,2
Greece,GRC,1914,2
Greece,GRC,1915,1
Greece,GRC,1920,1
Greece,GRC,1921,1
Greece,GRC,1922,1
Greece,GRC,1923,1
Greece,GRC,1924,1
Greece,GRC,1925,0
Greece,GRC,1926,2
Greece,GRC,1927,2
Greece,GRC,1928,2
Greece,GRC,1929,2
Greece,GRC,1930,2
Greece,GRC,1931,2
Greece,GRC,1932,2
Greece,GRC,1933,2
Greece,GRC,1934,2
Greece,GRC,1935,2
Greece,GRC,1936,0
Greece,GRC,1937,0
Greece,GRC,1938,0
Greece,GRC,1939,0
Greece,GRC,1940,0
Greece,GRC,1941,1
Greece,GRC,1942,1
Greece,GRC,1943,1
Greece,GRC,1944,2
Greece,GRC,1945,2
Greece,GRC,1946,2
Greece,GRC,1947,2
Greece,GRC,1948,2
Greece,GRC,1949,1
Greece,GRC,1950,1
Greece,GRC,1951,1
Greece,GRC,1952,1
Greece,GRC,1953,1
Greece,GRC,1954,1
Greece,GRC,1955,1
Greece,GRC,1956,1
Greece,GRC,1957,1
Greece,GRC,1958,1
Greece,GRC,1959,1
Greece,GRC,1960,1
Greece,GRC,1961,1
Greece,GRC,1962,1
Greece,GRC,1963,1
Greece,GRC,1964,1
Greece,GRC,1965,1
Greece,GRC,1966,1
Greece,GRC,1967,0
Greece,GRC,1968,0
Greece,GRC,1969,0
Greece,GRC,1970,0
Greece,GRC,1971,0
Greece,GRC,1972,0
Greece,GRC,1973,0
Greece,GRC,1974,1
Greece,GRC,1975,2
Greece,GRC,1976,2
Greece,GRC,1977,2
Greece,GRC,1978,2
Greece,GRC,1979,2
Greece,GRC,1980,2
Greece,GRC,1981,2
Greece,GRC,1982,2
Greece,GRC,1983,2
Greece,GRC,1984,2
Greece,GRC,1985,2
Greece,GRC,1986,2
Greece,GRC,1987,2
Greece,GRC,1988,2
Greece,GRC,1989,2
Greece,GRC,1990,2
Greece,GRC,1991,2
Greece,GRC,1992,2
Greece,GRC,1993,2
Greece,GRC,1994,2
Greece,GRC,1995,2
Greece,GRC,1996,2
Greece,GRC,1997,2
Greece,GRC,1998,2
Greece,GRC,1999,2
Greece,GRC,2000,2
Greece,GRC,2001,2
Greece,GRC,2002,2
Greece,GRC,2003,2
Greece,GRC,2004,2
Greece,GRC,2005,2
Greece,GRC,2006,2
Greece,GRC,2007,2
Greece,GRC,2008,2
Greece,GRC,2009,2
Greece,GRC,2010,2
Greece,GRC,2011,2
Greece,GRC,2012,2
Greece,GRC,2013,2
Greece,GRC,2014,2
Greece,GRC,2015,2
Greece,GRC,2016,2
Greece,GRC,2017,2
Greece,GRC,2018,2
Guatemala,GTM,1839,1
Guatemala,GTM,1840,1
Guatemala,GTM,1841,1
Guatemala,GTM,1842,1
Guatemala,GTM,1843,1
Guatemala,GTM,1844,1
Guatemala,GTM,1845,1
Guatemala,GTM,1846,1
Guatemala,GTM,1847,1
Guatemala,GTM,1848,1
Guatemala,GTM,1849,1
Guatemala,GTM,1850,1
Guatemala,GTM,1851,1
Guatemala,GTM,1852,1
Guatemala,GTM,1853,1
Guatemala,GTM,1854,1
Guatemala,GTM,1855,1
Guatemala,GTM,1856,1
Guatemala,GTM,1857,1
Guatemala,GTM,1858,1
Guatemala,GTM,1859,1
Guatemala,GTM,1860,1
Guatemala,GTM,1861,1
Guatemala,GTM,1862,1
Guatemala,GTM,1863,1
Guatemala,GTM,1864,1
Guatemala,GTM,1865,1
Guatemala,GTM,1866,1
Guatemala,GTM,1867,1
Guatemala,GTM,1868,1
Guatemala,GTM,1869,1
Guatemala,GTM,1870,1
Guatemala,GTM,1871,1
Guatemala,GTM,1872,1
Guatemala,GTM,1873,1
Guatemala,GTM,1874,1
Guatemala,GTM,1875,1
Guatemala,GTM,1876,1
Guatemala,GTM,1877,1
Guatemala,GTM,1878,1
Guatemala,GTM,1879,1
Guatemala,GTM,1880,1
Guatemala,GTM,1881,1
Guatemala,GTM,1882,1
Guatemala,GTM,1883,1
Guatemala,GTM,1884,1
Guatemala,GTM,1885,1
Guatemala,GTM,1886,1
Guatemala,GTM,1887,1
Guatemala,GTM,1888,1
Guatemala,GTM,1889,1
Guatemala,GTM,1890,1
Guatemala,GTM,1891,1
Guatemala,GTM,1892,1
Guatemala,GTM,1893,1
Guatemala,GTM,1894,1
Guatemala,GTM,1895,1
Guatemala,GTM,1896,1
Guatemala,GTM,1897,1
Guatemala,GTM,1898,1
Guatemala,GTM,1899,1
Guatemala,GTM,1900,0
Guatemala,GTM,1901,0
Guatemala,GTM,1902,0
Guatemala,GTM,1903,0
Guatemala,GTM,1904,0
Guatemala,GTM,1905,0
Guatemala,GTM,1906,0
Guatemala,GTM,1907,0
Guatemala,GTM,1908,0
Guatemala,GTM,1909,0
Guatemala,GTM,1910,0
Guatemala,GTM,1911,0
Guatemala,GTM,1912,0
Guatemala,GTM,1913,0
Guatemala,GTM,1914,0
Guatemala,GTM,1915,0
Guatemala,GTM,1916,0
Guatemala,GTM,1917,0
Guatemala,GTM,1918,0
Guatemala,GTM,1919,0
Guatemala,GTM,1920,0
Guatemala,GTM,1921,1
Guatemala,GTM,1922,1
Guatemala,GTM,1923,1
Guatemala,GTM,1924,1
Guatemala,GTM,1925,1
Guatemala,GTM,1926,1
Guatemala,GTM,1927,1
Guatemala,GTM,1928,1
Guatemala,GTM,1929,1
Guatemala,GTM,1930,1
Guatemala,GTM,1931,0
Guatemala,GTM,1932,0
Guatemala,GTM,1933,0
Guatemala,GTM,1934,0
Guatemala,GTM,1935,0
Guatemala,GTM,1936,0
Guatemala,GTM,1937,0
Guatemala,GTM,1938,0
Guatemala,GTM,1939,0
Guatemala,GTM,1940,0
Guatemala,GTM,1941,0
Guatemala,GTM,1942,0
Guatemala,GTM,1943,0
Guatemala,GTM,1944,1
Guatemala,GTM,1945,1
Guatemala,GTM,1946,1
Guatemala,GTM,1947,1
Guatemala,GTM,1948,1
Guatemala,GTM,1949,1
Guatemala,GTM,1950,1
Guatemala,GTM,1951,1
Guatemala,GTM,1952,1
Guatemala,GTM,1953,1
Guatemala,GTM,1954,0
Guatemala,GTM,1955,0
Guatemala,GTM,1956,0
Guatemala,GTM,1957,0
Guatemala,GTM,1958,1
Guatemala,GTM,1959,1
Guatemala,GTM,1960,1
Guatemala,GTM,1961,1
Guatemala,GTM,1962,1
Guatemala,GTM,1963,1
Guatemala,GTM,1964,1
Guatemala,GTM,1965,1
Guatemala,GTM,1966,1
Guatemala,GTM,1967,1
Guatemala,GTM,1968,1
Guatemala,GTM,1969,1
Guatemala,GTM,1970,1
Guatemala,GTM,1971,1
Guatemala,GTM,1972,1
Guatemala,GTM,1973,1
Guatemala,GTM,1974,1
Guatemala,GTM,1975,1
Guatemala,GTM,1976,1
Guatemala,GTM,1977,1
Guatemala,GTM,1978,1
Guatemala,GTM,1979,1
Guatemala,GTM,1980,1
Guatemala,GTM,1981,1
Guatemala,GTM,1982,0
Guatemala,GTM,1983,0
Guatemala,GTM,1984,0
Guatemala,GTM,1985,1
Guatemala,GTM,1986,1
Guatemala,GTM,1987,1
Guatemala,GTM,1988,1
Guatemala,GTM,1989,1
Guatemala,GTM,1990,1
Guatemala,GTM,1991,1
Guatemala,GTM,1992,1
Guatemala,GTM,1993,1
Guatemala,GTM,1994,1
Guatemala,GTM,1995,1
Guatemala,GTM,1996,2
Guatemala,GTM,1997,2
Guatemala,GTM,1998,2
Guatemala,GTM,1999,2
Guatemala,GTM,2000,2
Guatemala,GTM,2001,2
Guatemala,GTM,2002,2
Guatemala,GTM,2003,2
Guatemala,GTM,2004,2
Guatemala,GTM,2005,2
Guatemala,GTM,2006,2
Guatemala,GTM,2007,2
Guatemala,GTM,2008,2
Guatemala,GTM,2009,2
Guatemala,GTM,2010,2
Guatemala,GTM,2011,2
Guatemala,GTM,2012,2
Guatemala,GTM,2013,2
Guatemala,GTM,2014,2
Guatemala,GTM,2015,2
Guatemala,GTM,2016,2
Guatemala,GTM,2017,2
Guatemala,GTM,2018,2
Guinea,GIN,1958,0
Guinea,GIN,1959,0
Guinea,GIN,1960,0
Guinea,GIN,1961,0
Guinea,GIN,1962,0
Guinea,GIN,1963,0
Guinea,GIN,1964,0
Guinea,GIN,1965,0
Guinea,GIN,1966,0
Guinea,GIN,1967,0
Guinea,GIN,1968,0
Guinea,GIN,1969,0
Guinea,GIN,1970,0
Guinea,GIN,1971,0
Guinea,GIN,1972,0
Guinea,GIN,1973,0
Guinea,GIN,1974,0
Guinea,GIN,1975,0
Guinea,GIN,1976,0
Guinea,GIN,1977,0
Guinea,GIN,1978,0
Guinea,GIN,1979,0
Guinea,GIN,1980,0
Guinea,GIN,1981,0
Guinea,GIN,1982,0
Guinea,GIN,1983,0
Guinea,GIN,1984,0
Guinea,GIN,1985,0
Guinea,GIN,1986,0
Guinea,GIN,1987,0
Guinea,GIN,1988,0
Guinea,GIN,1989,0
Guinea,GIN,1990,0
Guinea,GIN,1991,1
Guinea,GIN,1992,1
Guinea,GIN,1993,1
Guinea,GIN,1994,1
Guinea,GIN,1995,1
Guinea,GIN,1996,1
Guinea,GIN,1997,1
Guinea,GIN,1998,1
Guinea,GIN,1999,1
Guinea,GIN,2000,1
Guinea,GIN,2001,1
Guinea,GIN,2002,1
Guinea,GIN,2003,1
Guinea,GIN,2004,1
Guinea,GIN,2005,1
Guinea,GIN,2006,1
Guinea,GIN,2007,1
Guinea,GIN,2008,1
Guinea,GIN,2009,1
Guinea,GIN,2010,1
Guinea,GIN,2011,1
Guinea,GIN,2012,1
Guinea,GIN,2013,1
Guinea,GIN,2014,1
Guinea,GIN,2015,1
Guinea,GIN,2016,1
Guinea,GIN,2017,1
Guinea,GIN,2018,1
Guinea-Bissau,GNB,1974,0
Guinea-Bissau,GNB,1975,0
Guinea-Bissau,GNB,1976,0
Guinea-Bissau,GNB,1977,0
Guinea-Bissau,GNB,1978,0
Guinea-Bissau,GNB,1979,0
Guinea-Bissau,GNB,1980,0
Guinea-Bissau,GNB,1981,0
Guinea-Bissau,GNB,1982,0
Guinea-Bissau,GNB,1983,0
Guinea-Bissau,GNB,1984,0
Guinea-Bissau,GNB,1985,0
Guinea-Bissau,GNB,1986,0
Guinea-Bissau,GNB,1987,0
Guinea-Bissau,GNB,1988,0
Guinea-Bissau,GNB,1989,0
Guinea-Bissau,GNB,1990,0
Guinea-Bissau,GNB,1991,1
Guinea-Bissau,GNB,1992,1
Guinea-Bissau,GNB,1993,1
Guinea-Bissau,GNB,1994,1
Guinea-Bissau,GNB,1995,1
Guinea-Bissau,GNB,1996,1
Guinea-Bissau,GNB,1997,1
Guinea-Bissau,GNB,1998,1
Guinea-Bissau,GNB,1999,1
Guinea-Bissau,GNB,2000,1
Guinea-Bissau,GNB,2001,1
Guinea-Bissau,GNB,2002,1
Guinea-Bissau,GNB,2003,1
Guinea-Bissau,GNB,2004,1
Guinea-Bissau,GNB,2005,2
Guinea-Bissau,GNB,2006,2
Guinea-Bissau,GNB,2007,2
Guinea-Bissau,GNB,2008,2
Guinea-Bissau,GNB,2009,2
Guinea-Bissau,GNB,2010,2
Guinea-Bissau,GNB,2011,2
Guinea-Bissau,GNB,2012,1
Guinea-Bissau,GNB,2013,1
Guinea-Bissau,GNB,2014,2
Guinea-Bissau,GNB,2015,2
Guinea-Bissau,GNB,2016,2
Guinea-Bissau,GNB,2017,2
Guinea-Bissau,GNB,2018,2
Guyana,GUY,1966,1
Guyana,GUY,1967,1
Guyana,GUY,1968,1
Guyana,GUY,1969,1
Guyana,GUY,1970,1
Guyana,GUY,1971,1
Guyana,GUY,1972,1
Guyana,GUY,1973,1
Guyana,GUY,1974,1
Guyana,GUY,1975,1
Guyana,GUY,1976,1
Guyana,GUY,1977,1
Guyana,GUY,1978,1
Guyana,GUY,1979,1
Guyana,GUY,1980,0
Guyana,GUY,1981,0
Guyana,GUY,1982,0
Guyana,GUY,1983,0
Guyana,GUY,1984,0
Guyana,GUY,1985,0
Guyana,GUY,1986,0
Guyana,GUY,1987,0
Guyana,GUY,1988,0
Guyana,GUY,1989,0
Guyana,GUY,1990,0
Guyana,GUY,1991,0
Guyana,GUY,1992,2
Guyana,GUY,1993,2
Guyana,GUY,1994,2
Guyana,GUY,1995,2
Guyana,GUY,1996,2
Guyana,GUY,1997,2
Guyana,GUY,1998,2
Guyana,GUY,1999,2
Guyana,GUY,2000,2
Guyana,GUY,2001,2
Guyana,GUY,2002,2
Guyana,GUY,2003,2
Guyana,GUY,2004,2
Guyana,GUY,2005,2
Guyana,GUY,2006,2
Guyana,GUY,2007,2
Guyana,GUY,2008,2
Guyana,GUY,2009,2
Guyana,GUY,2010,2
Guyana,GUY,2011,2
Guyana,GUY,2012,2
Guyana,GUY,2013,2
Guyana,GUY,2014,2
Guyana,GUY,2015,2
Guyana,GUY,2016,2
Guyana,GUY,2017,2
Guyana,GUY,2018,2
Haiti,HTI,1820,1
Haiti,HTI,1821,1
Haiti,HTI,1822,1
Haiti,HTI,1823,1
Haiti,HTI,1824,1
Haiti,HTI,1825,1
Haiti,HTI,1826,1
Haiti,HTI,1827,1
Haiti,HTI,1828,1
Haiti,HTI,1829,1
Haiti,HTI,1830,1
Haiti,HTI,1831,1
Haiti,HTI,1832,1
Haiti,HTI,1833,1
Haiti,HTI,1834,1
Haiti,HTI,1835,1
Haiti,HTI,1836,1
Haiti,HTI,1837,1
Haiti,HTI,1838,1
Haiti,HTI,1839,1
Haiti,HTI,1840,1
Haiti,HTI,1841,1
Haiti,HTI,1842,1
Haiti,HTI,1843,1
Haiti,HTI,1844,1
Haiti,HTI,1845,1
Haiti,HTI,1846,1
Haiti,HTI,1847,1
Haiti,HTI,1848,1
Haiti,HTI,1849,1
Haiti,HTI,1850,1
Haiti,HTI,1851,1
Haiti,HTI,1852,1
Haiti,HTI,1853,1
Haiti,HTI,1854,1
Haiti,HTI,1855,1
Haiti,HTI,1856,1
Haiti,HTI,1857,1
Haiti,HTI,1858,1
Haiti,HTI,1859,1
Haiti,HTI,1860,1
Haiti,HTI,1861,1
Haiti,HTI,1862,1
Haiti,HTI,1863,1
Haiti,HTI,1864,1
Haiti,HTI,1865,1
Haiti,HTI,1866,1
Haiti,HTI,1867,1
Haiti,HTI,1868,1
Haiti,HTI,1869,1
Haiti,HTI,1870,1
Haiti,HTI,1871,1
Haiti,HTI,1872,1
Haiti,HTI,1873,1
Haiti,HTI,1874,1
Haiti,HTI,1875,1
Haiti,HTI,1876,1
Haiti,HTI,1877,1
Haiti,HTI,1878,1
Haiti,HTI,1879,1
Haiti,HTI,1880,1
Haiti,HTI,1881,1
Haiti,HTI,1882,1
Haiti,HTI,1883,1
Haiti,HTI,1884,1
Haiti,HTI,1885,1
Haiti,HTI,1886,1
Haiti,HTI,1887,1
Haiti,HTI,1888,1
Haiti,HTI,1889,1
Haiti,HTI,1890,1
Haiti,HTI,1891,1
Haiti,HTI,1892,1
Haiti,HTI,1893,1
Haiti,HTI,1894,1
Haiti,HTI,1895,1
Haiti,HTI,1896,1
Haiti,HTI,1897,1
Haiti,HTI,1898,1
Haiti,HTI,1899,1
Haiti,HTI,1900,1
Haiti,HTI,1901,1
Haiti,HTI,1902,1
Haiti,HTI,1903,1
Haiti,HTI,1904,1
Haiti,HTI,1905,1
Haiti,HTI,1906,1
Haiti,HTI,1907,1
Haiti,HTI,1908,1
Haiti,HTI,1909,1
Haiti,HTI,1910,1
Haiti,HTI,1911,1
Haiti,HTI,1912,1
Haiti,HTI,1913,1
Haiti,HTI,1914,1
Haiti,HTI,1934,1
Haiti,HTI,1935,1
Haiti,HTI,1936,1
Haiti,HTI,1937,1
Haiti,HTI,1938,1
Haiti,HTI,1939,1
Haiti,HTI,1940,1
Haiti,HTI,1941,1
Haiti,HTI,1942,1
Haiti,HTI,1943,1
Haiti,HTI,1944,1
Haiti,HTI,1945,1
Haiti,HTI,1946,1
Haiti,HTI,1947,1
Haiti,HTI,1948,1
Haiti,HTI,1949,1
Haiti,HTI,1950,1
Haiti,HTI,1951,1
Haiti,HTI,1952,1
Haiti,HTI,1953,1
Haiti,HTI,1954,1
Haiti,HTI,1955,1
Haiti,HTI,1956,1
Haiti,HTI,1957,1
Haiti,HTI,1958,1
Haiti,HTI,1959,1
Haiti,HTI,1960,1
Haiti,HTI,1961,0
Haiti,HTI,1962,0
Haiti,HTI,1963,0
Haiti,HTI,1964,0
Haiti,HTI,1965,0
Haiti,HTI,1966,0
Haiti,HTI,1967,0
Haiti,HTI,1968,0
Haiti,HTI,1969,0
Haiti,HTI,1970,0
Haiti,HTI,1971,0
Haiti,HTI,1972,0
Haiti,HTI,1973,0
Haiti,HTI,1974,0
Haiti,HTI,1975,0
Haiti,HTI,1976,0
Haiti,HTI,1977,0
Haiti,HTI,1978,0
Haiti,HTI,1979,0
Haiti,HTI,1980,0
Haiti,HTI,1981,0
Haiti,HTI,1982,0
Haiti,HTI,1983,0
Haiti,HTI,1984,0
Haiti,HTI,1985,0
Haiti,HTI,1986,1
Haiti,HTI,1987,1
Haiti,HTI,1988,1
Haiti,HTI,1989,1
Haiti,HTI,1990,1
Haiti,HTI,1991,0
Haiti,HTI,1992,0
Haiti,HTI,1993,0
Haiti,HTI,1994,2
Haiti,HTI,1995,2
Haiti,HTI,1996,2
Haiti,HTI,1997,2
Haiti,HTI,1998,2
Haiti,HTI,1999,1
Haiti,HTI,2000,1
Haiti,HTI,2001,1
Haiti,HTI,2002,1
Haiti,HTI,2003,1
Haiti,HTI,2004,1
Haiti,HTI,2005,1
Haiti,HTI,2006,1
Haiti,HTI,2007,1
Haiti,HTI,2008,1
Haiti,HTI,2009,1
Haiti,HTI,2010,1
Haiti,HTI,2011,1
Haiti,HTI,2012,1
Haiti,HTI,2013,1
Haiti,HTI,2014,1
Haiti,HTI,2015,1
Haiti,HTI,2016,1
Haiti,HTI,2017,1
Haiti,HTI,2018,1
Honduras,HND,1839,1
Honduras,HND,1840,1
Honduras,HND,1841,1
Honduras,HND,1842,1
Honduras,HND,1843,1
Honduras,HND,1844,1
Honduras,HND,1845,1
Honduras,HND,1846,1
Honduras,HND,1847,1
Honduras,HND,1848,1
Honduras,HND,1849,1
Honduras,HND,1850,1
Honduras,HND,1851,1
Honduras,HND,1854,1
Honduras,HND,1855,1
Honduras,HND,1856,1
Honduras,HND,1857,1
Honduras,HND,1858,1
Honduras,HND,1859,1
Honduras,HND,1860,1
Honduras,HND,1861,1
Honduras,HND,1862,1
Honduras,HND,1863,1
Honduras,HND,1864,1
Honduras,HND,1865,1
Honduras,HND,1866,1
Honduras,HND,1867,1
Honduras,HND,1868,1
Honduras,HND,1869,1
Honduras,HND,1870,1
Honduras,HND,1871,1
Honduras,HND,1872,1
Honduras,HND,1873,1
Honduras,HND,1874,1
Honduras,HND,1875,1
Honduras,HND,1876,1
Honduras,HND,1877,1
Honduras,HND,1878,1
Honduras,HND,1879,1
Honduras,HND,1880,1
Honduras,HND,1881,1
Honduras,HND,1882,1
Honduras,HND,1883,1
Honduras,HND,1884,1
Honduras,HND,1885,1
Honduras,HND,1886,1
Honduras,HND,1887,1
Honduras,HND,1888,1
Honduras,HND,1889,1
Honduras,HND,1890,1
Honduras,HND,1891,1
Honduras,HND,1892,1
Honduras,HND,1893,1
Honduras,HND,1894,1
Honduras,HND,1895,1
Honduras,HND,1896,1
Honduras,HND,1897,1
Honduras,HND,1898,1
Honduras,HND,1899,1
Honduras,HND,1900,1
Honduras,HND,1901,1
Honduras,HND,1902,1
Honduras,HND,1903,1
Honduras,HND,1904,1
Honduras,HND,1905,1
Honduras,HND,1906,1
Honduras,HND,1908,1
Honduras,HND,1909,1
Honduras,HND,1910,1
Honduras,HND,1911,1
Honduras,HND,1913,1
Honduras,HND,1914,1
Honduras,HND,1915,1
Honduras,HND,1916,1
Honduras,HND,1917,1
Honduras,HND,1918,1
Honduras,HND,1920,1
Honduras,HND,1921,1
Honduras,HND,1922,1
Honduras,HND,1923,1
Honduras,HND,1925,1
Honduras,HND,1926,1
Honduras,HND,1927,1
Honduras,HND,1928,1
Honduras,HND,1929,1
Honduras,HND,1930,1
Honduras,HND,1931,1
Honduras,HND,1932,1
Honduras,HND,1933,1
Honduras,HND,1934,1
Honduras,HND,1935,1
Honduras,HND,1936,1
Honduras,HND,1937,1
Honduras,HND,1938,1
Honduras,HND,1939,1
Honduras,HND,1940,1
Honduras,HND,1941,1
Honduras,HND,1942,1
Honduras,HND,1943,1
Honduras,HND,1944,1
Honduras,HND,1945,1
Honduras,HND,1946,1
Honduras,HND,1947,1
Honduras,HND,1948,1
Honduras,HND,1949,1
Honduras,HND,1950,1
Honduras,HND,1951,1
Honduras,HND,1952,1
Honduras,HND,1953,1
Honduras,HND,1954,1
Honduras,HND,1955,1
Honduras,HND,1956,1
Honduras,HND,1957,1
Honduras,HND,1958,1
Honduras,HND,1959,1
Honduras,HND,1960,1
Honduras,HND,1961,1
Honduras,HND,1962,1
Honduras,HND,1963,1
Honduras,HND,1964,1
Honduras,HND,1965,1
Honduras,HND,1966,1
Honduras,HND,1967,1
Honduras,HND,1968,1
Honduras,HND,1969,1
Honduras,HND,1970,1
Honduras,HND,1971,1
Honduras,HND,1972,1
Honduras,HND,1973,1
Honduras,HND,1974,1
Honduras,HND,1975,1
Honduras,HND,1976,1
Honduras,HND,1977,1
Honduras,HND,1978,1
Honduras,HND,1979,1
Honduras,HND,1980,1
Honduras,HND,1981,1
Honduras,HND,1982,2
Honduras,HND,1983,2
Honduras,HND,1984,2
Honduras,HND,1985,1
Honduras,HND,1986,1
Honduras,HND,1987,1
Honduras,HND,1988,1
Honduras,HND,1989,2
Honduras,HND,1990,2
Honduras,HND,1991,2
Honduras,HND,1992,2
Honduras,HND,1993,2
Honduras,HND,1994,2
Honduras,HND,1995,2
Honduras,HND,1996,2
Honduras,HND,1997,2
Honduras,HND,1998,2
Honduras,HND,1999,2
Honduras,HND,2000,2
Honduras,HND,2001,2
Honduras,HND,2002,2
Honduras,HND,2003,2
Honduras,HND,2004,2
Honduras,HND,2005,2
Honduras,HND,2006,2
Honduras,HND,2007,2
Honduras,HND,2008,2
Honduras,HND,2009,2
Honduras,HND,2010,2
Honduras,HND,2011,2
Honduras,HND,2012,2
Honduras,HND,2013,2
Honduras,HND,2014,2
Honduras,HND,2015,2
Honduras,HND,2016,2
Honduras,HND,2017,2
Honduras,HND,2018,2
Hungary,HUN,1867,1
Hungary,HUN,1868,1
Hungary,HUN,1869,1
Hungary,HUN,1870,1
Hungary,HUN,1871,1
Hungary,HUN,1872,1
Hungary,HUN,1873,1
Hungary,HUN,1874,1
Hungary,HUN,1875,1
Hungary,HUN,1876,1
Hungary,HUN,1877,1
Hungary,HUN,1878,1
Hungary,HUN,1879,1
Hungary,HUN,1880,1
Hungary,HUN,1881,1
Hungary,HUN,1882,1
Hungary,HUN,1883,1
Hungary,HUN,1884,1
Hungary,HUN,1885,1
Hungary,HUN,1886,1
Hungary,HUN,1887,1
Hungary,HUN,1888,1
Hungary,HUN,1889,1
Hungary,HUN,1890,1
Hungary,HUN,1891,1
Hungary,HUN,1892,1
Hungary,HUN,1893,1
Hungary,HUN,1894,1
Hungary,HUN,1895,1
Hungary,HUN,1896,1
Hungary,HUN,1897,1
Hungary,HUN,1898,1
Hungary,HUN,1899,1
Hungary,HUN,1900,1
Hungary,HUN,1901,1
Hungary,HUN,1902,1
Hungary,HUN,1903,1
Hungary,HUN,1904,1
Hungary,HUN,1905,1
Hungary,HUN,1906,1
Hungary,HUN,1907,1
Hungary,HUN,1908,1
Hungary,HUN,1909,1
Hungary,HUN,1910,1
Hungary,HUN,1911,1
Hungary,HUN,1912,1
Hungary,HUN,1913,1
Hungary,HUN,1914,1
Hungary,HUN,1915,1
Hungary,HUN,1916,1
Hungary,HUN,1917,1
Hungary,HUN,1918,0
Hungary,HUN,1919,0
Hungary,HUN,1920,1
Hungary,HUN,1921,1
Hungary,HUN,1922,1
Hungary,HUN,1923,1
Hungary,HUN,1924,1
Hungary,HUN,1925,1
Hungary,HUN,1926,1
Hungary,HUN,1927,1
Hungary,HUN,1928,1
Hungary,HUN,1929,1
Hungary,HUN,1930,1
Hungary,HUN,1931,1
Hungary,HUN,1932,1
Hungary,HUN,1933,1
Hungary,HUN,1934,1
Hungary,HUN,1935,1
Hungary,HUN,1936,1
Hungary,HUN,1937,1
Hungary,HUN,1938,1
Hungary,HUN,1939,1
Hungary,HUN,1940,1
Hungary,HUN,1941,1
Hungary,HUN,1942,1
Hungary,HUN,1943,1
Hungary,HUN,1945,1
Hungary,HUN,1946,1
Hungary,HUN,1947,0
Hungary,HUN,1948,0
Hungary,HUN,1949,0
Hungary,HUN,1950,0
Hungary,HUN,1951,0
Hungary,HUN,1952,0
Hungary,HUN,1953,0
Hungary,HUN,1954,0
Hungary,HUN,1955,0
Hungary,HUN,1957,0
Hungary,HUN,1958,0
Hungary,HUN,1959,0
Hungary,HUN,1960,0
Hungary,HUN,1961,0
Hungary,HUN,1962,0
Hungary,HUN,1963,0
Hungary,HUN,1964,0
Hungary,HUN,1965,0
Hungary,HUN,1966,0
Hungary,HUN,1967,0
Hungary,HUN,1968,0
Hungary,HUN,1969,0
Hungary,HUN,1970,0
Hungary,HUN,1971,0
Hungary,HUN,1972,0
Hungary,HUN,1973,0
Hungary,HUN,1974,0
Hungary,HUN,1975,0
Hungary,HUN,1976,0
Hungary,HUN,1977,0
Hungary,HUN,1978,0
Hungary,HUN,1979,0
Hungary,HUN,1980,0
Hungary,HUN,1981,0
Hungary,HUN,1982,0
Hungary,HUN,1983,0
Hungary,HUN,1984,0
Hungary,HUN,1985,0
Hungary,HUN,1986,0
Hungary,HUN,1987,0
Hungary,HUN,1988,1
Hungary,HUN,1989,1
Hungary,HUN,1990,2
Hungary,HUN,1991,2
Hungary,HUN,1992,2
Hungary,HUN,1993,2
Hungary,HUN,1994,2
Hungary,HUN,1995,2
Hungary,HUN,1996,2
Hungary,HUN,1997,2
Hungary,HUN,1998,2
Hungary,HUN,1999,2
Hungary,HUN,2000,2
Hungary,HUN,2001,2
Hungary,HUN,2002,2
Hungary,HUN,2003,2
Hungary,HUN,2004,2
Hungary,HUN,2005,2
Hungary,HUN,2006,2
Hungary,HUN,2007,2
Hungary,HUN,2008,2
Hungary,HUN,2009,2
Hungary,HUN,2010,2
Hungary,HUN,2011,2
Hungary,HUN,2012,2
Hungary,HUN,2013,2
Hungary,HUN,2014,2
Hungary,HUN,2015,2
Hungary,HUN,2016,2
Hungary,HUN,2017,2
Hungary,HUN,2018,2
India,IND,1952,1
India,IND,1953,1
India,IND,1954,1
India,IND,1955,1
India,IND,1956,1
India,IND,1957,1
India,IND,1958,1
India,IND,1959,1
India,IND,1960,1
India,IND,1961,1
India,IND,1962,1
India,IND,1963,1
India,IND,1964,1
India,IND,1965,1
India,IND,1966,1
India,IND,1967,2
India,IND,1968,2
India,IND,1969,2
India,IND,1970,2
India,IND,1971,2
India,IND,1972,2
India,IND,1973,2
India,IND,1974,2
India,IND,1975,2
India,IND,1976,2
India,IND,1977,2
India,IND,1978,2
India,IND,1979,2
India,IND,1980,2
India,IND,1981,2
India,IND,1982,2
India,IND,1983,2
India,IND,1984,2
India,IND,1985,2
India,IND,1986,2
India,IND,1987,2
India,IND,1988,2
India,IND,1989,2
India,IND,1990,2
India,IND,1991,2
India,IND,1992,2
India,IND,1993,2
India,IND,1994,2
India,IND,1995,2
India,IND,1996,2
India,IND,1997,2
India,IND,1998,2
India,IND,1999,2
India,IND,2000,2
India,IND,2001,2
India,IND,2002,2
India,IND,2003,2
India,IND,2004,2
India,IND,2005,2
India,IND,2006,2
India,IND,2007,2
India,IND,2008,2
India,IND,2009,2
India,IND,2010,2
India,IND,2011,2
India,IND,2012,2
India,IND,2013,2
India,IND,2014,2
India,IND,2015,2
India,IND,2016,2
India,IND,2017,2
India,IND,2018,2
Indonesia,IDN,1945,1
Indonesia,IDN,1946,1
Indonesia,IDN,1947,1
Indonesia,IDN,1948,1
Indonesia,IDN,1949,1
Indonesia,IDN,1950,1
Indonesia,IDN,1951,1
Indonesia,IDN,1952,1
Indonesia,IDN,1953,1
Indonesia,IDN,1954,1
Indonesia,IDN,1955,1
Indonesia,IDN,1956,1
Indonesia,IDN,1957,1
Indonesia,IDN,1958,1
Indonesia,IDN,1959,1
Indonesia,IDN,1960,1
Indonesia,IDN,1961,1
Indonesia,IDN,1962,1
Indonesia,IDN,1963,1
Indonesia,IDN,1964,1
Indonesia,IDN,1965,1
Indonesia,IDN,1966,0
Indonesia,IDN,1967,0
Indonesia,IDN,1968,0
Indonesia,IDN,1969,0
Indonesia,IDN,1970,0
Indonesia,IDN,1971,0
Indonesia,IDN,1972,0
Indonesia,IDN,1973,0
Indonesia,IDN,1974,0
Indonesia,IDN,1975,0
Indonesia,IDN,1976,0
Indonesia,IDN,1977,0
Indonesia,IDN,1978,0
Indonesia,IDN,1979,0
Indonesia,IDN,1980,0
Indonesia,IDN,1981,0
Indonesia,IDN,1982,0
Indonesia,IDN,1983,0
Indonesia,IDN,1984,0
Indonesia,IDN,1985,0
Indonesia,IDN,1986,0
Indonesia,IDN,1987,0
Indonesia,IDN,1988,0
Indonesia,IDN,1989,0
Indonesia,IDN,1990,0
Indonesia,IDN,1991,0
Indonesia,IDN,1992,0
Indonesia,IDN,1993,0
Indonesia,IDN,1994,0
Indonesia,IDN,1995,0
Indonesia,IDN,1996,0
Indonesia,IDN,1997,0
Indonesia,IDN,1998,1
Indonesia,IDN,1999,2
Indonesia,IDN,2000,2
Indonesia,IDN,2001,2
Indonesia,IDN,2002,2
Indonesia,IDN,2003,2
Indonesia,IDN,2004,2
Indonesia,IDN,2005,2
Indonesia,IDN,2006,2
Indonesia,IDN,2007,2
Indonesia,IDN,2008,2
Indonesia,IDN,2009,2
Indonesia,IDN,2010,2
Indonesia,IDN,2011,2
Indonesia,IDN,2012,2
Indonesia,IDN,2013,2
Indonesia,IDN,2014,2
Indonesia,IDN,2015,2
Indonesia,IDN,2016,2
Indonesia,IDN,2017,2
Indonesia,IDN,2018,2
Iran,IRN,1800,0
Iran,IRN,1801,0
Iran,IRN,1802,0
Iran,IRN,1803,0
Iran,IRN,1804,0
Iran,IRN,1805,0
Iran,IRN,1806,0
Iran,IRN,1807,0
Iran,IRN,1808,0
Iran,IRN,1809,0
Iran,IRN,1810,0
Iran,IRN,1811,0
Iran,IRN,1812,0
Iran,IRN,1813,0
Iran,IRN,1814,0
Iran,IRN,1815,0
Iran,IRN,1816,0
Iran,IRN,1817,0
Iran,IRN,1818,0
Iran,IRN,1819,0
Iran,IRN,1820,0
Iran,IRN,1821,0
Iran,IRN,1822,0
Iran,IRN,1823,0
Iran,IRN,1824,0
Iran,IRN,1825,0
Iran,IRN,1826,0
Iran,IRN,1827,0
Iran,IRN,1828,0
Iran,IRN,1829,0
Iran,IRN,1830,0
Iran,IRN,1831,0
Iran,IRN,1832,0
Iran,IRN,1833,0
Iran,IRN,1834,0
Iran,IRN,1835,0
Iran,IRN,1836,0
Iran,IRN,1837,0
Iran,IRN,1838,0
Iran,IRN,1839,0
Iran,IRN,1840,0
Iran,IRN,1841,0
Iran,IRN,1842,0
Iran,IRN,1843,0
Iran,IRN,1844,0
Iran,IRN,1845,0
Iran,IRN,1846,0
Iran,IRN,1847,0
Iran,IRN,1848,0
Iran,IRN,1849,0
Iran,IRN,1850,0
Iran,IRN,1851,0
Iran,IRN,1852,0
Iran,IRN,1853,0
Iran,IRN,1854,0
Iran,IRN,1855,0
Iran,IRN,1856,0
Iran,IRN,1857,0
Iran,IRN,1858,0
Iran,IRN,1859,0
Iran,IRN,1860,0
Iran,IRN,1861,0
Iran,IRN,1862,0
Iran,IRN,1863,0
Iran,IRN,1864,0
Iran,IRN,1865,0
Iran,IRN,1866,0
Iran,IRN,1867,0
Iran,IRN,1868,0
Iran,IRN,1869,0
Iran,IRN,1870,0
Iran,IRN,1871,0
Iran,IRN,1872,0
Iran,IRN,1873,0
Iran,IRN,1874,0
Iran,IRN,1875,0
Iran,IRN,1876,0
Iran,IRN,1877,0
Iran,IRN,1878,0
Iran,IRN,1879,0
Iran,IRN,1880,0
Iran,IRN,1881,0
Iran,IRN,1882,0
Iran,IRN,1883,0
Iran,IRN,1884,0
Iran,IRN,1885,0
Iran,IRN,1886,0
Iran,IRN,1887,0
Iran,IRN,1888,0
Iran,IRN,1889,0
Iran,IRN,1890,0
Iran,IRN,1891,0
Iran,IRN,1892,0
Iran,IRN,1893,0
Iran,IRN,1894,0
Iran,IRN,1895,0
Iran,IRN,1896,0
Iran,IRN,1897,0
Iran,IRN,1898,0
Iran,IRN,1899,0
Iran,IRN,1900,0
Iran,IRN,1901,0
Iran,IRN,1902,0
Iran,IRN,1903,0
Iran,IRN,1904,0
Iran,IRN,1905,0
Iran,IRN,1906,1
Iran,IRN,1907,1
Iran,IRN,1908,1
Iran,IRN,1909,1
Iran,IRN,1910,1
Iran,IRN,1911,1
Iran,IRN,1912,1
Iran,IRN,1913,1
Iran,IRN,1914,1
Iran,IRN,1915,1
Iran,IRN,1916,1
Iran,IRN,1917,1
Iran,IRN,1918,1
Iran,IRN,1919,1
Iran,IRN,1920,1
Iran,IRN,1921,1
Iran,IRN,1922,1
Iran,IRN,1923,1
Iran,IRN,1924,0
Iran,IRN,1925,0
Iran,IRN,1926,0
Iran,IRN,1927,0
Iran,IRN,1928,0
Iran,IRN,1929,0
Iran,IRN,1930,0
Iran,IRN,1931,0
Iran,IRN,1932,0
Iran,IRN,1933,0
Iran,IRN,1934,0
Iran,IRN,1935,0
Iran,IRN,1936,0
Iran,IRN,1937,0
Iran,IRN,1938,0
Iran,IRN,1939,0
Iran,IRN,1940,0
Iran,IRN,1941,1
Iran,IRN,1942,1
Iran,IRN,1943,1
Iran,IRN,1944,1
Iran,IRN,1945,1
Iran,IRN,1946,1
Iran,IRN,1947,1
Iran,IRN,1948,1
Iran,IRN,1949,1
Iran,IRN,1950,1
Iran,IRN,1951,1
Iran,IRN,1952,1
Iran,IRN,1953,0
Iran,IRN,1954,0
Iran,IRN,1955,0
Iran,IRN,1956,0
Iran,IRN,1957,0
Iran,IRN,1958,0
Iran,IRN,1959,0
Iran,IRN,1960,0
Iran,IRN,1961,0
Iran,IRN,1962,0
Iran,IRN,1963,0
Iran,IRN,1964,0
Iran,IRN,1965,0
Iran,IRN,1966,0
Iran,IRN,1967,0
Iran,IRN,1968,0
Iran,IRN,1969,0
Iran,IRN,1970,0
Iran,IRN,1971,0
Iran,IRN,1972,0
Iran,IRN,1973,0
Iran,IRN,1974,0
Iran,IRN,1975,0
Iran,IRN,1976,0
Iran,IRN,1977,0
Iran,IRN,1978,0
Iran,IRN,1979,0
Iran,IRN,1980,0
Iran,IRN,1981,0
Iran,IRN,1982,0
Iran,IRN,1983,0
Iran,IRN,1984,0
Iran,IRN,1985,0
Iran,IRN,1986,0
Iran,IRN,1987,0
Iran,IRN,1988,0
Iran,IRN,1989,0
Iran,IRN,1990,0
Iran,IRN,1991,0
Iran,IRN,1992,0
Iran,IRN,1993,0
Iran,IRN,1994,0
Iran,IRN,1995,0
Iran,IRN,1996,0
Iran,IRN,1997,1
Iran,IRN,1998,1
Iran,IRN,1999,1
Iran,IRN,2000,1
Iran,IRN,2001,1
Iran,IRN,2002,1
Iran,IRN,2003,1
Iran,IRN,2004,0
Iran,IRN,2005,0
Iran,IRN,2006,0
Iran,IRN,2007,0
Iran,IRN,2008,0
Iran,IRN,2009,0
Iran,IRN,2010,0
Iran,IRN,2011,0
Iran,IRN,2012,0
Iran,IRN,2013,0
Iran,IRN,2014,0
Iran,IRN,2015,0
Iran,IRN,2016,0
Iran,IRN,2017,0
Iran,IRN,2018,0
Iraq,IRQ,1924,1
Iraq,IRQ,1925,1
Iraq,IRQ,1926,1
Iraq,IRQ,1927,1
Iraq,IRQ,1928,1
Iraq,IRQ,1929,1
Iraq,IRQ,1930,1
Iraq,IRQ,1931,1
Iraq,IRQ,1932,1
Iraq,IRQ,1933,1
Iraq,IRQ,1934,1
Iraq,IRQ,1935,1
Iraq,IRQ,1936,1
Iraq,IRQ,1937,1
Iraq,IRQ,1938,1
Iraq,IRQ,1939,1
Iraq,IRQ,1940,1
Iraq,IRQ,1941,1
Iraq,IRQ,1942,1
Iraq,IRQ,1943,1
Iraq,IRQ,1944,1
Iraq,IRQ,1945,1
Iraq,IRQ,1946,1
Iraq,IRQ,1947,1
Iraq,IRQ,1948,1
Iraq,IRQ,1949,1
Iraq,IRQ,1950,1
Iraq,IRQ,1951,1
Iraq,IRQ,1952,1
Iraq,IRQ,1953,1
Iraq,IRQ,1954,1
Iraq,IRQ,1955,1
Iraq,IRQ,1956,1
Iraq,IRQ,1957,1
Iraq,IRQ,1958,1
Iraq,IRQ,1959,1
Iraq,IRQ,1960,1
Iraq,IRQ,1961,1
Iraq,IRQ,1962,1
Iraq,IRQ,1963,1
Iraq,IRQ,1964,1
Iraq,IRQ,1965,1
Iraq,IRQ,1966,1
Iraq,IRQ,1967,1
Iraq,IRQ,1968,0
Iraq,IRQ,1969,0
Iraq,IRQ,1970,0
Iraq,IRQ,1971,0
Iraq,IRQ,1972,0
Iraq,IRQ,1973,0
Iraq,IRQ,1974,0
Iraq,IRQ,1975,0
Iraq,IRQ,1976,0
Iraq,IRQ,1977,0
Iraq,IRQ,1978,0
Iraq,IRQ,1979,0
Iraq,IRQ,1980,0
Iraq,IRQ,1981,0
Iraq,IRQ,1982,0
Iraq,IRQ,1983,0
Iraq,IRQ,1984,0
Iraq,IRQ,1985,0
Iraq,IRQ,1986,0
Iraq,IRQ,1987,0
Iraq,IRQ,1988,0
Iraq,IRQ,1989,0
Iraq,IRQ,1990,0
Iraq,IRQ,1991,0
Iraq,IRQ,1992,0
Iraq,IRQ,1993,0
Iraq,IRQ,1994,0
Iraq,IRQ,1995,0
Iraq,IRQ,1996,0
Iraq,IRQ,1997,0
Iraq,IRQ,1998,0
Iraq,IRQ,1999,0
Iraq,IRQ,2000,0
Iraq,IRQ,2001,0
Iraq,IRQ,2002,0
Iraq,IRQ,2010,1
Iraq,IRQ,2011,1
Iraq,IRQ,2012,1
Iraq,IRQ,2013,1
Iraq,IRQ,2014,2
Iraq,IRQ,2015,2
Iraq,IRQ,2016,2
Iraq,IRQ,2017,2
Iraq,IRQ,2018,2
Ireland,IRL,1921,2
Ireland,IRL,1922,2
Ireland,IRL,1923,2
Ireland,IRL,1924,2
Ireland,IRL,1925,2
Ireland,IRL,1926,2
Ireland,IRL,1927,2
Ireland,IRL,1928,2
Ireland,IRL,1929,2
Ireland,IRL,1930,2
Ireland,IRL,1931,2
Ireland,IRL,1932,2
Ireland,IRL,1933,2
Ireland,IRL,1934,2
Ireland,IRL,1935,2
Ireland,IRL,1936,2
Ireland,IRL,1937,2
Ireland,IRL,1938,2
Ireland,IRL,1939,2
Ireland,IRL,1940,2
Ireland,IRL,1941,2
Ireland,IRL,1942,2
Ireland,IRL,1943,2
Ireland,IRL,1944,2
Ireland,IRL,1945,2
Ireland,IRL,1946,2
Ireland,IRL,1947,2
Ireland,IRL,1948,2
Ireland,IRL,1949,2
Ireland,IRL,1950,2
Ireland,IRL,1951,2
Ireland,IRL,1952,2
Ireland,IRL,1953,2
Ireland,IRL,1954,2
Ireland,IRL,1955,2
Ireland,IRL,1956,2
Ireland,IRL,1957,2
Ireland,IRL,1958,2
Ireland,IRL,1959,2
Ireland,IRL,1960,2
Ireland,IRL,1961,2
Ireland,IRL,1962,2
Ireland,IRL,1963,2
Ireland,IRL,1964,2
Ireland,IRL,1965,2
Ireland,IRL,1966,2
Ireland,IRL,1967,2
Ireland,IRL,1968,2
Ireland,IRL,1969,2
Ireland,IRL,1970,2
Ireland,IRL,1971,2
Ireland,IRL,1972,2
Ireland,IRL,1973,2
Ireland,IRL,1974,2
Ireland,IRL,1975,2
Ireland,IRL,1976,2
Ireland,IRL,1977,2
Ireland,IRL,1978,2
Ireland,IRL,1979,2
Ireland,IRL,1980,2
Ireland,IRL,1981,2
Ireland,IRL,1982,2
Ireland,IRL,1983,2
Ireland,IRL,1984,2
Ireland,IRL,1985,2
Ireland,IRL,1986,2
Ireland,IRL,1987,2
Ireland,IRL,1988,2
Ireland,IRL,1989,2
Ireland,IRL,1990,2
Ireland,IRL,1991,2
Ireland,IRL,1992,2
Ireland,IRL,1993,2
Ireland,IRL,1994,2
Ireland,IRL,1995,2
Ireland,IRL,1996,2
Ireland,IRL,1997,2
Ireland,IRL,1998,2
Ireland,IRL,1999,2
Ireland,IRL,2000,2
Ireland,IRL,2001,2
Ireland,IRL,2002,2
Ireland,IRL,2003,2
Ireland,IRL,2004,2
Ireland,IRL,2005,2
Ireland,IRL,2006,2
Ireland,IRL,2007,2
Ireland,IRL,2008,2
Ireland,IRL,2009,2
Ireland,IRL,2010,2
Ireland,IRL,2011,2
Ireland,IRL,2012,2
Ireland,IRL,2013,2
Ireland,IRL,2014,2
Ireland,IRL,2015,2
Ireland,IRL,2016,2
Ireland,IRL,2017,2
Ireland,IRL,2018,2
Israel,ISR,1948,2
Israel,ISR,1949,2
Israel,ISR,1950,2
Israel,ISR,1951,2
Israel,ISR,1952,2
Israel,ISR,1953,2
Israel,ISR,1954,2
Israel,ISR,1955,2
Israel,ISR,1956,2
Israel,ISR,1957,2
Israel,ISR,1958,2
Israel,ISR,1959,2
Israel,ISR,1960,2
Israel,ISR,1961,2
Israel,ISR,1962,2
Israel,ISR,1963,2
Israel,ISR,1964,2
Israel,ISR,1965,2
Israel,ISR,1966,2
Israel,ISR,1967,2
Israel,ISR,1968,2
Israel,ISR,1969,2
Israel,ISR,1970,2
Israel,ISR,1971,2
Israel,ISR,1972,2
Israel,ISR,1973,2
Israel,ISR,1974,2
Israel,ISR,1975,2
Israel,ISR,1976,2
Israel,ISR,1977,2
Israel,ISR,1978,2
Israel,ISR,1979,2
Israel,ISR,1980,2
Israel,ISR,1981,2
Israel,ISR,1982,2
Israel,ISR,1983,2
Israel,ISR,1984,2
Israel,ISR,1985,2
Israel,ISR,1986,2
Israel,ISR,1987,2
Israel,ISR,1988,2
Israel,ISR,1989,2
Israel,ISR,1990,2
Israel,ISR,1991,2
Israel,ISR,1992,2
Israel,ISR,1993,2
Israel,ISR,1994,2
Israel,ISR,1995,2
Israel,ISR,1996,2
Israel,ISR,1997,2
Israel,ISR,1998,2
Israel,ISR,1999,2
Israel,ISR,2000,2
Israel,ISR,2001,2
Israel,ISR,2002,2
Israel,ISR,2003,2
Israel,ISR,2004,2
Israel,ISR,2005,2
Israel,ISR,2006,2
Israel,ISR,2007,2
Israel,ISR,2008,2
Israel,ISR,2009,2
Israel,ISR,2010,2
Israel,ISR,2011,2
Israel,ISR,2012,2
Israel,ISR,2013,2
Israel,ISR,2014,2
Israel,ISR,2015,2
Israel,ISR,2016,2
Israel,ISR,2017,2
Israel,ISR,2018,2
Italy,ITA,1861,1
Italy,ITA,1862,1
Italy,ITA,1863,1
Italy,ITA,1864,1
Italy,ITA,1865,1
Italy,ITA,1866,1
Italy,ITA,1867,1
Italy,ITA,1868,1
Italy,ITA,1869,1
Italy,ITA,1870,1
Italy,ITA,1871,1
Italy,ITA,1872,1
Italy,ITA,1873,1
Italy,ITA,1874,1
Italy,ITA,1875,1
Italy,ITA,1876,1
Italy,ITA,1877,1
Italy,ITA,1878,1
Italy,ITA,1879,1
Italy,ITA,1880,1
Italy,ITA,1881,1
Italy,ITA,1882,1
Italy,ITA,1883,1
Italy,ITA,1884,1
Italy,ITA,1885,1
Italy,ITA,1886,1
Italy,ITA,1887,1
Italy,ITA,1888,1
Italy,ITA,1889,1
Italy,ITA,1890,1
Italy,ITA,1891,1
Italy,ITA,1892,1
Italy,ITA,1893,1
Italy,ITA,1894,1
Italy,ITA,1895,1
Italy,ITA,1896,1
Italy,ITA,1897,1
Italy,ITA,1898,1
Italy,ITA,1899,1
Italy,ITA,1900,1
Italy,ITA,1901,1
Italy,ITA,1902,1
Italy,ITA,1903,1
Italy,ITA,1904,1
Italy,ITA,1905,1
Italy,ITA,1906,1
Italy,ITA,1907,1
Italy,ITA,1908,1
Italy,ITA,1909,1
Italy,ITA,1910,1
Italy,ITA,1911,1
Italy,ITA,1912,1
Italy,ITA,1913,1
Italy,ITA,1914,1
Italy,ITA,1915,1
Italy,ITA,1916,1
Italy,ITA,1917,1
Italy,ITA,1918,1
Italy,ITA,1919,1
Italy,ITA,1920,1
Italy,ITA,1921,1
Italy,ITA,1922,1
Italy,ITA,1923,1
Italy,ITA,1924,1
Italy,ITA,1925,0
Italy,ITA,1926,0
Italy,ITA,1927,0
Italy,ITA,1928,0
Italy,ITA,1929,0
Italy,ITA,1930,0
Italy,ITA,1931,0
Italy,ITA,1932,0
Italy,ITA,1933,0
Italy,ITA,1934,0
Italy,ITA,1935,0
Italy,ITA,1936,0
Italy,ITA,1937,0
Italy,ITA,1938,0
Italy,ITA,1939,0
Italy,ITA,1940,0
Italy,ITA,1941,0
Italy,ITA,1942,0
Italy,ITA,1943,1
Italy,ITA,1944,1
Italy,ITA,1945,1
Italy,ITA,1946,1
Italy,ITA,1947,2
Italy,ITA,1948,2
Italy,ITA,1949,2
Italy,ITA,1950,2
Italy,ITA,1951,2
Italy,ITA,1952,2
Italy,ITA,1953,2
Italy,ITA,1954,2
Italy,ITA,1955,2
Italy,ITA,1956,2
Italy,ITA,1957,2
Italy,ITA,1958,2
Italy,ITA,1959,2
Italy,ITA,1960,2
Italy,ITA,1961,2
Italy,ITA,1962,2
Italy,ITA,1963,2
Italy,ITA,1964,2
Italy,ITA,1965,2
Italy,ITA,1966,2
Italy,ITA,1967,2
Italy,ITA,1968,2
Italy,ITA,1969,2
Italy,ITA,1970,2
Italy,ITA,1971,2
Italy,ITA,1972,2
Italy,ITA,1973,2
Italy,ITA,1974,2
Italy,ITA,1975,2
Italy,ITA,1976,2
Italy,ITA,1977,2
Italy,ITA,1978,2
Italy,ITA,1979,2
Italy,ITA,1980,2
Italy,ITA,1981,2
Italy,ITA,1982,2
Italy,ITA,1983,2
Italy,ITA,1984,2
Italy,ITA,1985,2
Italy,ITA,1986,2
Italy,ITA,1987,2
Italy,ITA,1988,2
Italy,ITA,1989,2
Italy,ITA,1990,2
Italy,ITA,1991,2
Italy,ITA,1992,2
Italy,ITA,1993,2
Italy,ITA,1994,2
Italy,ITA,1995,2
Italy,ITA,1996,2
Italy,ITA,1997,2
Italy,ITA,1998,2
Italy,ITA,1999,2
Italy,ITA,2000,2
Italy,ITA,2001,2
Italy,ITA,2002,2
Italy,ITA,2003,2
Italy,ITA,2004,2
Italy,ITA,2005,2
Italy,ITA,2006,2
Italy,ITA,2007,2
Italy,ITA,2008,2
Italy,ITA,2009,2
Italy,ITA,2010,2
Italy,ITA,2011,2
Italy,ITA,2012,2
Italy,ITA,2013,2
Italy,ITA,2014,2
Italy,ITA,2015,2
Italy,ITA,2016,2
Italy,ITA,2017,2
Italy,ITA,2018,2
Jamaica,JAM,1959,2
Jamaica,JAM,1960,2
Jamaica,JAM,1961,2
Jamaica,JAM,1962,2
Jamaica,JAM,1963,2
Jamaica,JAM,1964,2
Jamaica,JAM,1965,2
Jamaica,JAM,1966,2
Jamaica,JAM,1967,2
Jamaica,JAM,1968,2
Jamaica,JAM,1969,2
Jamaica,JAM,1970,2
Jamaica,JAM,1971,2
Jamaica,JAM,1972,2
Jamaica,JAM,1973,2
Jamaica,JAM,1974,2
Jamaica,JAM,1975,2
Jamaica,JAM,1976,2
Jamaica,JAM,1977,2
Jamaica,JAM,1978,2
Jamaica,JAM,1979,2
Jamaica,JAM,1980,2
Jamaica,JAM,1981,2
Jamaica,JAM,1982,2
Jamaica,JAM,1983,2
Jamaica,JAM,1984,2
Jamaica,JAM,1985,2
Jamaica,JAM,1986,2
Jamaica,JAM,1987,2
Jamaica,JAM,1988,2
Jamaica,JAM,1989,2
Jamaica,JAM,1990,2
Jamaica,JAM,1991,2
Jamaica,JAM,1992,2
Jamaica,JAM,1993,2
Jamaica,JAM,1994,2
Jamaica,JAM,1995,2
Jamaica,JAM,1996,2
Jamaica,JAM,1997,2
Jamaica,JAM,1998,2
Jamaica,JAM,1999,2
Jamaica,JAM,2000,2
Jamaica,JAM,2001,2
Jamaica,JAM,2002,2
Jamaica,JAM,2003,2
Jamaica,JAM,2004,2
Jamaica,JAM,2005,2
Jamaica,JAM,2006,2
Jamaica,JAM,2007,2
Jamaica,JAM,2008,2
Jamaica,JAM,2009,2
Jamaica,JAM,2010,2
Jamaica,JAM,2011,2
Jamaica,JAM,2012,2
Jamaica,JAM,2013,2
Jamaica,JAM,2014,2
Jamaica,JAM,2015,2
Jamaica,JAM,2016,2
Jamaica,JAM,2017,2
Jamaica,JAM,2018,2
Japan,JPN,1800,0
Japan,JPN,1801,0
Japan,JPN,1802,0
Japan,JPN,1803,0
Japan,JPN,1804,0
Japan,JPN,1805,0
Japan,JPN,1806,0
Japan,JPN,1807,0
Japan,JPN,1808,0
Japan,JPN,1809,0
Japan,JPN,1810,0
Japan,JPN,1811,0
Japan,JPN,1812,0
Japan,JPN,1813,0
Japan,JPN,1814,0
Japan,JPN,1815,0
Japan,JPN,1816,0
Japan,JPN,1817,0
Japan,JPN,1818,0
Japan,JPN,1819,0
Japan,JPN,1820,0
Japan,JPN,1821,0
Japan,JPN,1822,0
Japan,JPN,1823,0
Japan,JPN,1824,0
Japan,JPN,1825,0
Japan,JPN,1826,0
Japan,JPN,1827,0
Japan,JPN,1828,0
Japan,JPN,1829,0
Japan,JPN,1830,0
Japan,JPN,1831,0
Japan,JPN,1832,0
Japan,JPN,1833,0
Japan,JPN,1834,0
Japan,JPN,1835,0
Japan,JPN,1836,0
Japan,JPN,1837,0
Japan,JPN,1838,0
Japan,JPN,1839,0
Japan,JPN,1840,0
Japan,JPN,1841,0
Japan,JPN,1842,0
Japan,JPN,1843,0
Japan,JPN,1844,0
Japan,JPN,1845,0
Japan,JPN,1846,0
Japan,JPN,1847,0
Japan,JPN,1848,0
Japan,JPN,1849,0
Japan,JPN,1850,0
Japan,JPN,1851,0
Japan,JPN,1852,0
Japan,JPN,1853,0
Japan,JPN,1854,0
Japan,JPN,1855,0
Japan,JPN,1856,0
Japan,JPN,1857,0
Japan,JPN,1858,0
Japan,JPN,1859,0
Japan,JPN,1860,0
Japan,JPN,1861,0
Japan,JPN,1862,1
Japan,JPN,1863,1
Japan,JPN,1864,1
Japan,JPN,1865,1
Japan,JPN,1866,1
Japan,JPN,1867,1
Japan,JPN,1868,1
Japan,JPN,1869,1
Japan,JPN,1870,1
Japan,JPN,1871,1
Japan,JPN,1872,1
Japan,JPN,1873,1
Japan,JPN,1874,1
Japan,JPN,1875,1
Japan,JPN,1876,1
Japan,JPN,1877,1
Japan,JPN,1878,1
Japan,JPN,1879,1
Japan,JPN,1880,1
Japan,JPN,1881,1
Japan,JPN,1882,1
Japan,JPN,1883,1
Japan,JPN,1884,1
Japan,JPN,1885,1
Japan,JPN,1886,1
Japan,JPN,1887,1
Japan,JPN,1888,1
Japan,JPN,1889,1
Japan,JPN,1890,1
Japan,JPN,1891,1
Japan,JPN,1892,1
Japan,JPN,1893,1
Japan,JPN,1894,1
Japan,JPN,1895,1
Japan,JPN,1896,1
Japan,JPN,1897,1
Japan,JPN,1898,1
Japan,JPN,1899,1
Japan,JPN,1900,1
Japan,JPN,1901,1
Japan,JPN,1902,1
Japan,JPN,1903,1
Japan,JPN,1904,1
Japan,JPN,1905,1
Japan,JPN,1906,1
Japan,JPN,1907,1
Japan,JPN,1908,1
Japan,JPN,1909,1
Japan,JPN,1910,1
Japan,JPN,1911,1
Japan,JPN,1912,1
Japan,JPN,1913,1
Japan,JPN,1914,1
Japan,JPN,1915,1
Japan,JPN,1916,1
Japan,JPN,1917,1
Japan,JPN,1918,1
Japan,JPN,1919,1
Japan,JPN,1920,1
Japan,JPN,1921,1
Japan,JPN,1922,1
Japan,JPN,1923,1
Japan,JPN,1924,1
Japan,JPN,1925,1
Japan,JPN,1926,1
Japan,JPN,1927,1
Japan,JPN,1928,1
Japan,JPN,1929,1
Japan,JPN,1930,1
Japan,JPN,1931,1
Japan,JPN,1932,1
Japan,JPN,1933,1
Japan,JPN,1934,1
Japan,JPN,1935,1
Japan,JPN,1936,1
Japan,JPN,1937,1
Japan,JPN,1938,1
Japan,JPN,1939,1
Japan,JPN,1940,1
Japan,JPN,1941,1
Japan,JPN,1942,1
Japan,JPN,1943,1
Japan,JPN,1944,1
Japan,JPN,1952,2
Japan,JPN,1953,2
Japan,JPN,1954,2
Japan,JPN,1955,2
Japan,JPN,1956,2
Japan,JPN,1957,2
Japan,JPN,1958,2
Japan,JPN,1959,2
Japan,JPN,1960,2
Japan,JPN,1961,2
Japan,JPN,1962,2
Japan,JPN,1963,2
Japan,JPN,1964,2
Japan,JPN,1965,2
Japan,JPN,1966,2
Japan,JPN,1967,2
Japan,JPN,1968,2
Japan,JPN,1969,2
Japan,JPN,1970,2
Japan,JPN,1971,2
Japan,JPN,1972,2
Japan,JPN,1973,2
Japan,JPN,1974,2
Japan,JPN,1975,2
Japan,JPN,1976,2
Japan,JPN,1977,2
Japan,JPN,1978,2
Japan,JPN,1979,2
Japan,JPN,1980,2
Japan,JPN,1981,2
Japan,JPN,1982,2
Japan,JPN,1983,2
Japan,JPN,1984,2
Japan,JPN,1985,2
Japan,JPN,1986,2
Japan,JPN,1987,2
Japan,JPN,1988,2
Japan,JPN,1989,2
Japan,JPN,1990,2
Japan,JPN,1991,2
Japan,JPN,1992,2
Japan,JPN,1993,2
Japan,JPN,1994,2
Japan,JPN,1995,2
Japan,JPN,1996,2
Japan,JPN,1997,2
Japan,JPN,1998,2
Japan,JPN,1999,2
Japan,JPN,2000,2
Japan,JPN,2001,2
Japan,JPN,2002,2
Japan,JPN,2003,2
Japan,JPN,2004,2
Japan,JPN,2005,2
Japan,JPN,2006,2
Japan,JPN,2007,2
Japan,JPN,2008,2
Japan,JPN,2009,2
Japan,JPN,2010,2
Japan,JPN,2011,2
Japan,JPN,2012,2
Japan,JPN,2013,2
Japan,JPN,2014,2
Japan,JPN,2015,2
Japan,JPN,2016,2
Japan,JPN,2017,2
Japan,JPN,2018,2
Jordan,JOR,1946,0
Jordan,JOR,1947,0
Jordan,JOR,1948,0
Jordan,JOR,1949,0
Jordan,JOR,1950,0
Jordan,JOR,1951,0
Jordan,JOR,1952,1
Jordan,JOR,1953,1
Jordan,JOR,1954,1
Jordan,JOR,1955,1
Jordan,JOR,1956,1
Jordan,JOR,1957,0
Jordan,JOR,1958,0
Jordan,JOR,1959,0
Jordan,JOR,1960,0
Jordan,JOR,1961,0
Jordan,JOR,1962,0
Jordan,JOR,1963,0
Jordan,JOR,1964,0
Jordan,JOR,1965,0
Jordan,JOR,1966,0
Jordan,JOR,1967,0
Jordan,JOR,1968,0
Jordan,JOR,1969,0
Jordan,JOR,1970,0
Jordan,JOR,1971,0
Jordan,JOR,1972,0
Jordan,JOR,1973,0
Jordan,JOR,1974,0
Jordan,JOR,1975,0
Jordan,JOR,1976,0
Jordan,JOR,1977,0
Jordan,JOR,1978,0
Jordan,JOR,1979,0
Jordan,JOR,1980,0
Jordan,JOR,1981,0
Jordan,JOR,1982,0
Jordan,JOR,1983,0
Jordan,JOR,1984,0
Jordan,JOR,1985,0
Jordan,JOR,1986,0
Jordan,JOR,1987,0
Jordan,JOR,1988,0
Jordan,JOR,1989,1
Jordan,JOR,1990,1
Jordan,JOR,1991,1
Jordan,JOR,1992,1
Jordan,JOR,1993,1
Jordan,JOR,1994,1
Jordan,JOR,1995,1
Jordan,JOR,1996,1
Jordan,JOR,1997,1
Jordan,JOR,1998,1
Jordan,JOR,1999,1
Jordan,JOR,2000,1
Jordan,JOR,2001,1
Jordan,JOR,2002,1
Jordan,JOR,2003,1
Jordan,JOR,2004,1
Jordan,JOR,2005,1
Jordan,JOR,2006,1
Jordan,JOR,2007,1
Jordan,JOR,2008,1
Jordan,JOR,2009,1
Jordan,JOR,2010,1
Jordan,JOR,2011,1
Jordan,JOR,2012,1
Jordan,JOR,2013,1
Jordan,JOR,2014,1
Jordan,JOR,2015,1
Jordan,JOR,2016,1
Jordan,JOR,2017,1
Jordan,JOR,2018,1
Kazakhstan,KAZ,1800,0
Kazakhstan,KAZ,1801,0
Kazakhstan,KAZ,1802,0
Kazakhstan,KAZ,1803,0
Kazakhstan,KAZ,1804,0
Kazakhstan,KAZ,1805,0
Kazakhstan,KAZ,1806,0
Kazakhstan,KAZ,1807,0
Kazakhstan,KAZ,1808,0
Kazakhstan,KAZ,1809,0
Kazakhstan,KAZ,1810,0
Kazakhstan,KAZ,1811,0
Kazakhstan,KAZ,1812,0
Kazakhstan,KAZ,1813,0
Kazakhstan,KAZ,1814,0
Kazakhstan,KAZ,1815,0
Kazakhstan,KAZ,1816,0
Kazakhstan,KAZ,1817,0
Kazakhstan,KAZ,1818,0
Kazakhstan,KAZ,1819,0
Kazakhstan,KAZ,1820,0
Kazakhstan,KAZ,1821,0
Kazakhstan,KAZ,1822,0
Kazakhstan,KAZ,1823,0
Kazakhstan,KAZ,1824,0
Kazakhstan,KAZ,1825,0
Kazakhstan,KAZ,1826,0
Kazakhstan,KAZ,1827,0
Kazakhstan,KAZ,1828,0
Kazakhstan,KAZ,1829,0
Kazakhstan,KAZ,1830,0
Kazakhstan,KAZ,1831,0
Kazakhstan,KAZ,1832,0
Kazakhstan,KAZ,1833,0
Kazakhstan,KAZ,1834,0
Kazakhstan,KAZ,1835,0
Kazakhstan,KAZ,1836,0
Kazakhstan,KAZ,1837,0
Kazakhstan,KAZ,1838,0
Kazakhstan,KAZ,1839,0
Kazakhstan,KAZ,1840,0
Kazakhstan,KAZ,1841,0
Kazakhstan,KAZ,1842,0
Kazakhstan,KAZ,1843,0
Kazakhstan,KAZ,1844,0
Kazakhstan,KAZ,1845,0
Kazakhstan,KAZ,1846,0
Kazakhstan,KAZ,1847,0
Kazakhstan,KAZ,1848,0
Kazakhstan,KAZ,1849,0
Kazakhstan,KAZ,1850,0
Kazakhstan,KAZ,1851,0
Kazakhstan,KAZ,1852,0
Kazakhstan,KAZ,1853,0
Kazakhstan,KAZ,1854,0
Kazakhstan,KAZ,1855,0
Kazakhstan,KAZ,1856,0
Kazakhstan,KAZ,1857,0
Kazakhstan,KAZ,1858,0
Kazakhstan,KAZ,1859,0
Kazakhstan,KAZ,1860,0
Kazakhstan,KAZ,1861,0
Kazakhstan,KAZ,1862,0
Kazakhstan,KAZ,1863,0
Kazakhstan,KAZ,1864,0
Kazakhstan,KAZ,1865,0
Kazakhstan,KAZ,1866,0
Kazakhstan,KAZ,1867,0
Kazakhstan,KAZ,1868,0
Kazakhstan,KAZ,1869,0
Kazakhstan,KAZ,1870,0
Kazakhstan,KAZ,1871,0
Kazakhstan,KAZ,1872,0
Kazakhstan,KAZ,1873,0
Kazakhstan,KAZ,1874,0
Kazakhstan,KAZ,1875,0
Kazakhstan,KAZ,1876,0
Kazakhstan,KAZ,1877,0
Kazakhstan,KAZ,1878,0
Kazakhstan,KAZ,1879,0
Kazakhstan,KAZ,1880,0
Kazakhstan,KAZ,1881,0
Kazakhstan,KAZ,1882,0
Kazakhstan,KAZ,1883,0
Kazakhstan,KAZ,1884,0
Kazakhstan,KAZ,1885,0
Kazakhstan,KAZ,1886,0
Kazakhstan,KAZ,1887,0
Kazakhstan,KAZ,1888,0
Kazakhstan,KAZ,1889,0
Kazakhstan,KAZ,1890,0
Kazakhstan,KAZ,1891,0
Kazakhstan,KAZ,1892,0
Kazakhstan,KAZ,1893,0
Kazakhstan,KAZ,1894,0
Kazakhstan,KAZ,1895,0
Kazakhstan,KAZ,1896,0
Kazakhstan,KAZ,1897,0
Kazakhstan,KAZ,1898,0
Kazakhstan,KAZ,1899,0
Kazakhstan,KAZ,1900,0
Kazakhstan,KAZ,1901,0
Kazakhstan,KAZ,1902,0
Kazakhstan,KAZ,1903,0
Kazakhstan,KAZ,1904,0
Kazakhstan,KAZ,1905,0
Kazakhstan,KAZ,1906,0
Kazakhstan,KAZ,1907,0
Kazakhstan,KAZ,1908,0
Kazakhstan,KAZ,1909,0
Kazakhstan,KAZ,1910,0
Kazakhstan,KAZ,1911,0
Kazakhstan,KAZ,1912,0
Kazakhstan,KAZ,1913,0
Kazakhstan,KAZ,1914,0
Kazakhstan,KAZ,1915,0
Kazakhstan,KAZ,1916,0
Kazakhstan,KAZ,1917,1
Kazakhstan,KAZ,1918,1
Kazakhstan,KAZ,1919,1
Kazakhstan,KAZ,1920,1
Kazakhstan,KAZ,1921,1
Kazakhstan,KAZ,1922,0
Kazakhstan,KAZ,1923,0
Kazakhstan,KAZ,1924,0
Kazakhstan,KAZ,1925,0
Kazakhstan,KAZ,1926,0
Kazakhstan,KAZ,1927,0
Kazakhstan,KAZ,1928,0
Kazakhstan,KAZ,1929,0
Kazakhstan,KAZ,1930,0
Kazakhstan,KAZ,1931,0
Kazakhstan,KAZ,1932,0
Kazakhstan,KAZ,1933,0
Kazakhstan,KAZ,1934,0
Kazakhstan,KAZ,1935,0
Kazakhstan,KAZ,1936,0
Kazakhstan,KAZ,1937,0
Kazakhstan,KAZ,1938,0
Kazakhstan,KAZ,1939,0
Kazakhstan,KAZ,1940,0
Kazakhstan,KAZ,1941,0
Kazakhstan,KAZ,1942,0
Kazakhstan,KAZ,1943,0
Kazakhstan,KAZ,1944,0
Kazakhstan,KAZ,1945,0
Kazakhstan,KAZ,1946,0
Kazakhstan,KAZ,1947,0
Kazakhstan,KAZ,1948,0
Kazakhstan,KAZ,1949,0
Kazakhstan,KAZ,1950,0
Kazakhstan,KAZ,1951,0
Kazakhstan,KAZ,1952,0
Kazakhstan,KAZ,1953,0
Kazakhstan,KAZ,1954,0
Kazakhstan,KAZ,1955,0
Kazakhstan,KAZ,1956,0
Kazakhstan,KAZ,1957,0
Kazakhstan,KAZ,1958,0
Kazakhstan,KAZ,1959,0
Kazakhstan,KAZ,1960,0
Kazakhstan,KAZ,1961,0
Kazakhstan,KAZ,1962,0
Kazakhstan,KAZ,1963,0
Kazakhstan,KAZ,1964,0
Kazakhstan,KAZ,1965,0
Kazakhstan,KAZ,1966,0
Kazakhstan,KAZ,1967,0
Kazakhstan,KAZ,1968,0
Kazakhstan,KAZ,1969,0
Kazakhstan,KAZ,1970,0
Kazakhstan,KAZ,1971,0
Kazakhstan,KAZ,1972,0
Kazakhstan,KAZ,1973,0
Kazakhstan,KAZ,1974,0
Kazakhstan,KAZ,1975,0
Kazakhstan,KAZ,1976,0
Kazakhstan,KAZ,1977,0
Kazakhstan,KAZ,1978,0
Kazakhstan,KAZ,1979,0
Kazakhstan,KAZ,1980,0
Kazakhstan,KAZ,1981,0
Kazakhstan,KAZ,1982,0
Kazakhstan,KAZ,1983,0
Kazakhstan,KAZ,1984,0
Kazakhstan,KAZ,1985,0
Kazakhstan,KAZ,1986,0
Kazakhstan,KAZ,1987,0
Kazakhstan,KAZ,1988,0
Kazakhstan,KAZ,1989,1
Kazakhstan,KAZ,1990,1
Kazakhstan,KAZ,1991,1
Kazakhstan,KAZ,1992,1
Kazakhstan,KAZ,1993,1
Kazakhstan,KAZ,1994,1
Kazakhstan,KAZ,1995,0
Kazakhstan,KAZ,1996,0
Kazakhstan,KAZ,1997,0
Kazakhstan,KAZ,1998,0
Kazakhstan,KAZ,1999,0
Kazakhstan,KAZ,2000,0
Kazakhstan,KAZ,2001,0
Kazakhstan,KAZ,2002,0
Kazakhstan,KAZ,2003,0
Kazakhstan,KAZ,2004,0
Kazakhstan,KAZ,2005,0
Kazakhstan,KAZ,2006,0
Kazakhstan,KAZ,2007,0
Kazakhstan,KAZ,2008,0
Kazakhstan,KAZ,2009,0
Kazakhstan,KAZ,2010,0
Kazakhstan,KAZ,2011,0
Kazakhstan,KAZ,2012,0
Kazakhstan,KAZ,2013,0
Kazakhstan,KAZ,2014,0
Kazakhstan,KAZ,2015,0
Kazakhstan,KAZ,2016,0
Kazakhstan,KAZ,2017,0
Kazakhstan,KAZ,2018,0
Kenya,KEN,1963,1
Kenya,KEN,1964,1
Kenya,KEN,1965,1
Kenya,KEN,1966,1
Kenya,KEN,1967,1
Kenya,KEN,1968,1
Kenya,KEN,1969,0
Kenya,KEN,1970,0
Kenya,KEN,1971,0
Kenya,KEN,1972,0
Kenya,KEN,1973,0
Kenya,KEN,1974,0
Kenya,KEN,1975,0
Kenya,KEN,1976,0
Kenya,KEN,1977,0
Kenya,KEN,1978,0
Kenya,KEN,1979,0
Kenya,KEN,1980,0
Kenya,KEN,1981,0
Kenya,KEN,1982,0
Kenya,KEN,1983,0
Kenya,KEN,1984,0
Kenya,KEN,1985,0
Kenya,KEN,1986,0
Kenya,KEN,1987,0
Kenya,KEN,1988,0
Kenya,KEN,1989,0
Kenya,KEN,1990,0
Kenya,KEN,1991,1
Kenya,KEN,1992,1
Kenya,KEN,1993,1
Kenya,KEN,1994,1
Kenya,KEN,1995,1
Kenya,KEN,1996,1
Kenya,KEN,1997,1
Kenya,KEN,1998,1
Kenya,KEN,1999,1
Kenya,KEN,2000,1
Kenya,KEN,2001,1
Kenya,KEN,2002,2
Kenya,KEN,2003,2
Kenya,KEN,2004,2
Kenya,KEN,2005,2
Kenya,KEN,2006,2
Kenya,KEN,2007,2
Kenya,KEN,2008,2
Kenya,KEN,2009,2
Kenya,KEN,2010,2
Kenya,KEN,2011,2
Kenya,KEN,2012,2
Kenya,KEN,2013,2
Kenya,KEN,2014,2
Kenya,KEN,2015,2
Kenya,KEN,2016,2
Kenya,KEN,2017,2
Kenya,KEN,2018,2
Kingdom of Bavaria,,1800,0
Kingdom of Bavaria,,1801,0
Kingdom of Bavaria,,1802,0
Kingdom of Bavaria,,1803,0
Kingdom of Bavaria,,1804,0
Kingdom of Bavaria,,1805,0
Kingdom of Bavaria,,1806,0
Kingdom of Bavaria,,1807,0
Kingdom of Bavaria,,1808,0
Kingdom of Bavaria,,1809,0
Kingdom of Bavaria,,1810,0
Kingdom of Bavaria,,1811,0
Kingdom of Bavaria,,1812,0
Kingdom of Bavaria,,1813,0
Kingdom of Bavaria,,1814,0
Kingdom of Bavaria,,1815,0
Kingdom of Bavaria,,1816,0
Kingdom of Bavaria,,1817,0
Kingdom of Bavaria,,1818,0
Kingdom of Bavaria,,1819,0
Kingdom of Bavaria,,1820,0
Kingdom of Bavaria,,1821,0
Kingdom of Bavaria,,1822,0
Kingdom of Bavaria,,1823,0
Kingdom of Bavaria,,1824,0
Kingdom of Bavaria,,1825,0
Kingdom of Bavaria,,1826,0
Kingdom of Bavaria,,1827,0
Kingdom of Bavaria,,1828,0
Kingdom of Bavaria,,1829,0
Kingdom of Bavaria,,1830,0
Kingdom of Bavaria,,1831,0
Kingdom of Bavaria,,1832,0
Kingdom of Bavaria,,1833,0
Kingdom of Bavaria,,1834,0
Kingdom of Bavaria,,1835,0
Kingdom of Bavaria,,1836,0
Kingdom of Bavaria,,1837,0
Kingdom of Bavaria,,1838,0
Kingdom of Bavaria,,1839,0
Kingdom of Bavaria,,1840,0
Kingdom of Bavaria,,1841,0
Kingdom of Bavaria,,1842,0
Kingdom of Bavaria,,1843,0
Kingdom of Bavaria,,1844,0
Kingdom of Bavaria,,1845,0
Kingdom of Bavaria,,1846,0
Kingdom of Bavaria,,1847,0
Kingdom of Bavaria,,1848,0
Kingdom of Bavaria,,1849,0
Kingdom of Bavaria,,1850,0
Kingdom of Bavaria,,1851,0
Kingdom of Bavaria,,1852,0
Kingdom of Bavaria,,1853,0
Kingdom of Bavaria,,1854,0
Kingdom of Bavaria,,1855,0
Kingdom of Bavaria,,1856,0
Kingdom of Bavaria,,1857,0
Kingdom of Bavaria,,1858,0
Kingdom of Bavaria,,1859,0
Kingdom of Bavaria,,1860,0
Kingdom of Bavaria,,1861,0
Kingdom of Bavaria,,1862,0
Kingdom of Bavaria,,1863,0
Kingdom of Bavaria,,1864,0
Kingdom of Bavaria,,1865,0
Kingdom of Bavaria,,1866,0
Kingdom of Bavaria,,1867,0
Kingdom of Bavaria,,1868,0
Kingdom of Bavaria,,1869,0
Kingdom of Bavaria,,1870,0
Kingdom of Bavaria,,1871,0
Kingdom of Sardinia,OWID_SAR,1815,0
Kingdom of Sardinia,OWID_SAR,1816,0
Kingdom of Sardinia,OWID_SAR,1817,0
Kingdom of Sardinia,OWID_SAR,1818,0
Kingdom of Sardinia,OWID_SAR,1819,0
Kingdom of Sardinia,OWID_SAR,1820,0
Kingdom of Sardinia,OWID_SAR,1821,0
Kingdom of Sardinia,OWID_SAR,1822,0
Kingdom of Sardinia,OWID_SAR,1823,0
Kingdom of Sardinia,OWID_SAR,1824,0
Kingdom of Sardinia,OWID_SAR,1825,0
Kingdom of Sardinia,OWID_SAR,1826,0
Kingdom of Sardinia,OWID_SAR,1827,0
Kingdom of Sardinia,OWID_SAR,1828,0
Kingdom of Sardinia,OWID_SAR,1829,0
Kingdom of Sardinia,OWID_SAR,1830,0
Kingdom of Sardinia,OWID_SAR,1831,0
Kingdom of Sardinia,OWID_SAR,1832,0
Kingdom of Sardinia,OWID_SAR,1833,0
Kingdom of Sardinia,OWID_SAR,1834,0
Kingdom of Sardinia,OWID_SAR,1835,0
Kingdom of Sardinia,OWID_SAR,1836,0
Kingdom of Sardinia,OWID_SAR,1837,0
Kingdom of Sardinia,OWID_SAR,1838,0
Kingdom of Sardinia,OWID_SAR,1839,0
Kingdom of Sardinia,OWID_SAR,1840,0
Kingdom of Sardinia,OWID_SAR,1841,0
Kingdom of Sardinia,OWID_SAR,1842,0
Kingdom of Sardinia,OWID_SAR,1843,0
Kingdom of Sardinia,OWID_SAR,1844,0
Kingdom of Sardinia,OWID_SAR,1845,0
Kingdom of Sardinia,OWID_SAR,1846,0
Kingdom of Sardinia,OWID_SAR,1847,0
Kingdom of Sardinia,OWID_SAR,1848,0
Kingdom of Sardinia,OWID_SAR,1849,0
Kingdom of Sardinia,OWID_SAR,1850,0
Kingdom of Sardinia,OWID_SAR,1851,0
Kingdom of Sardinia,OWID_SAR,1852,0
Kingdom of Sardinia,OWID_SAR,1853,0
Kingdom of Sardinia,OWID_SAR,1854,0
Kingdom of Sardinia,OWID_SAR,1855,0
Kingdom of Sardinia,OWID_SAR,1856,0
Kingdom of Sardinia,OWID_SAR,1857,0
Kingdom of Sardinia,OWID_SAR,1858,0
Kingdom of Sardinia,OWID_SAR,1859,0
Kingdom of Sardinia,OWID_SAR,1860,0
Kingdom of Sardinia,OWID_SAR,1861,0
Kingdom of Saxony,,1806,0
Kingdom of Saxony,,1807,0
Kingdom of Saxony,,1808,0
Kingdom of Saxony,,1809,0
Kingdom of Saxony,,1810,0
Kingdom of Saxony,,1811,0
Kingdom of Saxony,,1812,0
Kingdom of Saxony,,1815,0
Kingdom of Saxony,,1816,0
Kingdom of Saxony,,1817,0
Kingdom of Saxony,,1818,0
Kingdom of Saxony,,1819,0
Kingdom of Saxony,,1820,0
Kingdom of Saxony,,1821,0
Kingdom of Saxony,,1822,0
Kingdom of Saxony,,1823,0
Kingdom of Saxony,,1824,0
Kingdom of Saxony,,1825,0
Kingdom of Saxony,,1826,0
Kingdom of Saxony,,1827,0
Kingdom of Saxony,,1828,0
Kingdom of Saxony,,1829,0
Kingdom of Saxony,,1830,0
Kingdom of Saxony,,1831,0
Kingdom of Saxony,,1832,0
Kingdom of Saxony,,1833,0
Kingdom of Saxony,,1834,0
Kingdom of Saxony,,1835,0
Kingdom of Saxony,,1836,0
Kingdom of Saxony,,1837,0
Kingdom of Saxony,,1838,0
Kingdom of Saxony,,1839,0
Kingdom of Saxony,,1840,0
Kingdom of Saxony,,1841,0
Kingdom of Saxony,,1842,0
Kingdom of Saxony,,1843,0
Kingdom of Saxony,,1844,0
Kingdom of Saxony,,1845,0
Kingdom of Saxony,,1846,0
Kingdom of Saxony,,1847,0
Kingdom of Saxony,,1849,0
Kingdom of Saxony,,1850,0
Kingdom of Saxony,,1851,0
Kingdom of Saxony,,1852,0
Kingdom of Saxony,,1853,0
Kingdom of Saxony,,1854,0
Kingdom of Saxony,,1855,0
Kingdom of Saxony,,1856,0
Kingdom of Saxony,,1857,0
Kingdom of Saxony,,1858,0
Kingdom of Saxony,,1859,0
Kingdom of Saxony,,1860,0
Kingdom of Saxony,,1861,0
Kingdom of Saxony,,1862,0
Kingdom of Saxony,,1863,0
Kingdom of Saxony,,1864,0
Kingdom of Saxony,,1865,0
Kingdom of Saxony,,1866,0
Kingdom of Saxony,,1867,0
Kingdom of Saxony,,1868,0
Kingdom of Saxony,,1869,0
Kingdom of Saxony,,1870,0
Kingdom of Saxony,,1871,0
Kingdom of Wurttemberg,OWID_WTB,1800,0
Kingdom of Wurttemberg,OWID_WTB,1801,0
Kingdom of Wurttemberg,OWID_WTB,1802,0
Kingdom of Wurttemberg,OWID_WTB,1803,0
Kingdom of Wurttemberg,OWID_WTB,1804,0
Kingdom of Wurttemberg,OWID_WTB,1805,0
Kingdom of Wurttemberg,OWID_WTB,1806,0
Kingdom of Wurttemberg,OWID_WTB,1807,0
Kingdom of Wurttemberg,OWID_WTB,1808,0
Kingdom of Wurttemberg,OWID_WTB,1809,0
Kingdom of Wurttemberg,OWID_WTB,1810,0
Kingdom of Wurttemberg,OWID_WTB,1811,0
Kingdom of Wurttemberg,OWID_WTB,1812,0
Kingdom of Wurttemberg,OWID_WTB,1813,0
Kingdom of Wurttemberg,OWID_WTB,1814,0
Kingdom of Wurttemberg,OWID_WTB,1815,0
Kingdom of Wurttemberg,OWID_WTB,1816,0
Kingdom of Wurttemberg,OWID_WTB,1817,0
Kingdom of Wurttemberg,OWID_WTB,1818,0
Kingdom of Wurttemberg,OWID_WTB,1819,1
Kingdom of Wurttemberg,OWID_WTB,1820,1
Kingdom of Wurttemberg,OWID_WTB,1821,1
Kingdom of Wurttemberg,OWID_WTB,1822,1
Kingdom of Wurttemberg,OWID_WTB,1823,1
Kingdom of Wurttemberg,OWID_WTB,1824,1
Kingdom of Wurttemberg,OWID_WTB,1825,1
Kingdom of Wurttemberg,OWID_WTB,1826,1
Kingdom of Wurttemberg,OWID_WTB,1827,1
Kingdom of Wurttemberg,OWID_WTB,1828,1
Kingdom of Wurttemberg,OWID_WTB,1829,1
Kingdom of Wurttemberg,OWID_WTB,1830,1
Kingdom of Wurttemberg,OWID_WTB,1831,1
Kingdom of Wurttemberg,OWID_WTB,1832,1
Kingdom of Wurttemberg,OWID_WTB,1833,1
Kingdom of Wurttemberg,OWID_WTB,1834,1
Kingdom of Wurttemberg,OWID_WTB,1835,1
Kingdom of Wurttemberg,OWID_WTB,1836,1
Kingdom of Wurttemberg,OWID_WTB,1837,1
Kingdom of Wurttemberg,OWID_WTB,1838,1
Kingdom of Wurttemberg,OWID_WTB,1839,1
Kingdom of Wurttemberg,OWID_WTB,1840,1
Kingdom of Wurttemberg,OWID_WTB,1841,1
Kingdom of Wurttemberg,OWID_WTB,1842,1
Kingdom of Wurttemberg,OWID_WTB,1843,1
Kingdom of Wurttemberg,OWID_WTB,1844,1
Kingdom of Wurttemberg,OWID_WTB,1845,1
Kingdom of Wurttemberg,OWID_WTB,1846,1
Kingdom of Wurttemberg,OWID_WTB,1847,1
Kingdom of Wurttemberg,OWID_WTB,1848,1
Kingdom of Wurttemberg,OWID_WTB,1849,1
Kingdom of Wurttemberg,OWID_WTB,1850,1
Kingdom of Wurttemberg,OWID_WTB,1851,1
Kingdom of Wurttemberg,OWID_WTB,1852,1
Kingdom of Wurttemberg,OWID_WTB,1853,1
Kingdom of Wurttemberg,OWID_WTB,1854,1
Kingdom of Wurttemberg,OWID_WTB,1855,1
Kingdom of Wurttemberg,OWID_WTB,1856,1
Kingdom of Wurttemberg,OWID_WTB,1857,1
Kingdom of Wurttemberg,OWID_WTB,1858,1
Kingdom of Wurttemberg,OWID_WTB,1859,1
Kingdom of Wurttemberg,OWID_WTB,1860,1
Kingdom of Wurttemberg,OWID_WTB,1861,1
Kingdom of Wurttemberg,OWID_WTB,1862,1
Kingdom of Wurttemberg,OWID_WTB,1863,1
Kingdom of Wurttemberg,OWID_WTB,1864,1
Kingdom of Wurttemberg,OWID_WTB,1865,1
Kingdom of Wurttemberg,OWID_WTB,1866,1
Kingdom of Wurttemberg,OWID_WTB,1867,1
Kingdom of Wurttemberg,OWID_WTB,1868,1
Kingdom of Wurttemberg,OWID_WTB,1869,1
Kingdom of Wurttemberg,OWID_WTB,1870,1
Kingdom of Wurttemberg,OWID_WTB,1871,1
Kingdom of the Two Sicilies,OWID_DSI,1816,0
Kingdom of the Two Sicilies,OWID_DSI,1817,0
Kingdom of the Two Sicilies,OWID_DSI,1818,0
Kingdom of the Two Sicilies,OWID_DSI,1819,0
Kingdom of the Two Sicilies,OWID_DSI,1820,0
Kingdom of the Two Sicilies,OWID_DSI,1821,0
Kingdom of the Two Sicilies,OWID_DSI,1822,0
Kingdom of the Two Sicilies,OWID_DSI,1823,0
Kingdom of the Two Sicilies,OWID_DSI,1824,0
Kingdom of the Two Sicilies,OWID_DSI,1825,0
Kingdom of the Two Sicilies,OWID_DSI,1826,0
Kingdom of the Two Sicilies,OWID_DSI,1827,0
Kingdom of the Two Sicilies,OWID_DSI,1828,0
Kingdom of the Two Sicilies,OWID_DSI,1829,0
Kingdom of the Two Sicilies,OWID_DSI,1830,0
Kingdom of the Two Sicilies,OWID_DSI,1831,0
Kingdom of the Two Sicilies,OWID_DSI,1832,0
Kingdom of the Two Sicilies,OWID_DSI,1833,0
Kingdom of the Two Sicilies,OWID_DSI,1834,0
Kingdom of the Two Sicilies,OWID_DSI,1835,0
Kingdom of the Two Sicilies,OWID_DSI,1836,0
Kingdom of the Two Sicilies,OWID_DSI,1837,0
Kingdom of the Two Sicilies,OWID_DSI,1838,0
Kingdom of the Two Sicilies,OWID_DSI,1839,0
Kingdom of the Two Sicilies,OWID_DSI,1840,0
Kingdom of the Two Sicilies,OWID_DSI,1841,0
Kingdom of the Two Sicilies,OWID_DSI,1842,0
Kingdom of the Two Sicilies,OWID_DSI,1843,0
Kingdom of the Two Sicilies,OWID_DSI,1844,0
Kingdom of the Two Sicilies,OWID_DSI,1845,0
Kingdom of the Two Sicilies,OWID_DSI,1846,0
Kingdom of the Two Sicilies,OWID_DSI,1847,0
Kingdom of the Two Sicilies,OWID_DSI,1848,0
Kingdom of the Two Sicilies,OWID_DSI,1849,0
Kingdom of the Two Sicilies,OWID_DSI,1850,0
Kingdom of the Two Sicilies,OWID_DSI,1851,0
Kingdom of the Two Sicilies,OWID_DSI,1852,0
Kingdom of the Two Sicilies,OWID_DSI,1853,0
Kingdom of the Two Sicilies,OWID_DSI,1854,0
Kingdom of the Two Sicilies,OWID_DSI,1855,0
Kingdom of the Two Sicilies,OWID_DSI,1856,0
Kingdom of the Two Sicilies,OWID_DSI,1857,0
Kingdom of the Two Sicilies,OWID_DSI,1858,0
Kingdom of the Two Sicilies,OWID_DSI,1859,0
Kingdom of the Two Sicilies,OWID_DSI,1860,0
Korea (former),OWID_KRU,1800,1
Korea (former),OWID_KRU,1801,1
Korea (former),OWID_KRU,1802,1
Korea (former),OWID_KRU,1803,1
Korea (former),OWID_KRU,1804,1
Korea (former),OWID_KRU,1805,1
Korea (former),OWID_KRU,1806,1
Korea (former),OWID_KRU,1807,1
Korea (former),OWID_KRU,1808,1
Korea (former),OWID_KRU,1809,1
Korea (former),OWID_KRU,1810,1
Korea (former),OWID_KRU,1811,1
Korea (former),OWID_KRU,1812,1
Korea (former),OWID_KRU,1813,1
Korea (former),OWID_KRU,1814,1
Korea (former),OWID_KRU,1815,1
Korea (former),OWID_KRU,1816,1
Korea (former),OWID_KRU,1817,1
Korea (former),OWID_KRU,1818,1
Korea (former),OWID_KRU,1819,1
Korea (former),OWID_KRU,1820,1
Korea (former),OWID_KRU,1821,1
Korea (former),OWID_KRU,1822,1
Korea (former),OWID_KRU,1823,1
Korea (former),OWID_KRU,1824,1
Korea (former),OWID_KRU,1825,1
Korea (former),OWID_KRU,1826,1
Korea (former),OWID_KRU,1827,1
Korea (former),OWID_KRU,1828,1
Korea (former),OWID_KRU,1829,1
Korea (former),OWID_KRU,1830,1
Korea (former),OWID_KRU,1831,1
Korea (former),OWID_KRU,1832,1
Korea (former),OWID_KRU,1833,1
Korea (former),OWID_KRU,1834,1
Korea (former),OWID_KRU,1835,1
Korea (former),OWID_KRU,1836,1
Korea (former),OWID_KRU,1837,1
Korea (former),OWID_KRU,1838,1
Korea (former),OWID_KRU,1839,1
Korea (former),OWID_KRU,1840,1
Korea (former),OWID_KRU,1841,1
Korea (former),OWID_KRU,1842,1
Korea (former),OWID_KRU,1843,1
Korea (former),OWID_KRU,1844,1
Korea (former),OWID_KRU,1845,1
Korea (former),OWID_KRU,1846,1
Korea (former),OWID_KRU,1847,1
Korea (former),OWID_KRU,1848,1
Korea (former),OWID_KRU,1849,1
Korea (former),OWID_KRU,1850,1
Korea (former),OWID_KRU,1851,1
Korea (former),OWID_KRU,1852,1
Korea (former),OWID_KRU,1853,1
Korea (former),OWID_KRU,1854,1
Korea (former),OWID_KRU,1855,1
Korea (former),OWID_KRU,1856,1
Korea (former),OWID_KRU,1857,1
Korea (former),OWID_KRU,1858,1
Korea (former),OWID_KRU,1859,1
Korea (former),OWID_KRU,1860,1
Korea (former),OWID_KRU,1861,1
Korea (former),OWID_KRU,1862,1
Korea (former),OWID_KRU,1863,1
Korea (former),OWID_KRU,1864,1
Korea (former),OWID_KRU,1865,1
Korea (former),OWID_KRU,1866,1
Korea (former),OWID_KRU,1867,1
Korea (former),OWID_KRU,1868,1
Korea (former),OWID_KRU,1869,1
Korea (former),OWID_KRU,1870,1
Korea (former),OWID_KRU,1871,1
Korea (former),OWID_KRU,1872,1
Korea (former),OWID_KRU,1873,1
Korea (former),OWID_KRU,1874,1
Korea (former),OWID_KRU,1875,1
Korea (former),OWID_KRU,1876,1
Korea (former),OWID_KRU,1877,1
Korea (former),OWID_KRU,1878,1
Korea (former),OWID_KRU,1879,1
Korea (former),OWID_KRU,1880,1
Korea (former),OWID_KRU,1881,1
Korea (former),OWID_KRU,1882,1
Korea (former),OWID_KRU,1883,1
Korea (former),OWID_KRU,1884,1
Korea (former),OWID_KRU,1885,1
Korea (former),OWID_KRU,1886,1
Korea (former),OWID_KRU,1887,1
Korea (former),OWID_KRU,1888,1
Korea (former),OWID_KRU,1889,1
Korea (former),OWID_KRU,1890,1
Korea (former),OWID_KRU,1891,1
Korea (former),OWID_KRU,1892,1
Korea (former),OWID_KRU,1893,1
Korea (former),OWID_KRU,1894,1
Korea (former),OWID_KRU,1895,1
Korea (former),OWID_KRU,1896,1
Korea (former),OWID_KRU,1897,1
Korea (former),OWID_KRU,1898,1
Korea (former),OWID_KRU,1899,1
Korea (former),OWID_KRU,1900,1
Korea (former),OWID_KRU,1901,1
Korea (former),OWID_KRU,1902,1
Korea (former),OWID_KRU,1903,1
Korea (former),OWID_KRU,1904,1
Korea (former),OWID_KRU,1905,1
Korea (former),OWID_KRU,1906,1
Korea (former),OWID_KRU,1907,1
Korea (former),OWID_KRU,1908,1
Korea (former),OWID_KRU,1909,1
Korea (former),OWID_KRU,1910,1
Kosovo,OWID_KOS,1921,1
Kosovo,OWID_KOS,1922,1
Kosovo,OWID_KOS,1923,1
Kosovo,OWID_KOS,1924,1
Kosovo,OWID_KOS,1925,1
Kosovo,OWID_KOS,1926,1
Kosovo,OWID_KOS,1927,1
Kosovo,OWID_KOS,1928,1
Kosovo,OWID_KOS,1929,0
Kosovo,OWID_KOS,1930,0
Kosovo,OWID_KOS,1931,0
Kosovo,OWID_KOS,1932,0
Kosovo,OWID_KOS,1933,0
Kosovo,OWID_KOS,1934,0
Kosovo,OWID_KOS,1935,0
Kosovo,OWID_KOS,1936,0
Kosovo,OWID_KOS,1937,1
Kosovo,OWID_KOS,1938,1
Kosovo,OWID_KOS,1939,1
Kosovo,OWID_KOS,1940,1
Kosovo,OWID_KOS,1941,1
Kosovo,OWID_KOS,1942,1
Kosovo,OWID_KOS,1943,1
Kosovo,OWID_KOS,1944,1
Kosovo,OWID_KOS,1945,0
Kosovo,OWID_KOS,1946,0
Kosovo,OWID_KOS,1947,0
Kosovo,OWID_KOS,1948,0
Kosovo,OWID_KOS,1949,0
Kosovo,OWID_KOS,1950,0
Kosovo,OWID_KOS,1951,0
Kosovo,OWID_KOS,1952,0
Kosovo,OWID_KOS,1953,0
Kosovo,OWID_KOS,1954,0
Kosovo,OWID_KOS,1955,0
Kosovo,OWID_KOS,1956,0
Kosovo,OWID_KOS,1957,0
Kosovo,OWID_KOS,1958,0
Kosovo,OWID_KOS,1959,0
Kosovo,OWID_KOS,1960,0
Kosovo,OWID_KOS,1961,0
Kosovo,OWID_KOS,1962,0
Kosovo,OWID_KOS,1963,0
Kosovo,OWID_KOS,1964,0
Kosovo,OWID_KOS,1965,0
Kosovo,OWID_KOS,1966,0
Kosovo,OWID_KOS,1967,0
Kosovo,OWID_KOS,1968,0
Kosovo,OWID_KOS,1969,0
Kosovo,OWID_KOS,1970,0
Kosovo,OWID_KOS,1971,0
Kosovo,OWID_KOS,1972,0
Kosovo,OWID_KOS,1973,0
Kosovo,OWID_KOS,1974,0
Kosovo,OWID_KOS,1975,0
Kosovo,OWID_KOS,1976,0
Kosovo,OWID_KOS,1977,0
Kosovo,OWID_KOS,1978,0
Kosovo,OWID_KOS,1979,0
Kosovo,OWID_KOS,1980,1
Kosovo,OWID_KOS,1981,1
Kosovo,OWID_KOS,1982,1
Kosovo,OWID_KOS,1983,1
Kosovo,OWID_KOS,1984,1
Kosovo,OWID_KOS,1985,1
Kosovo,OWID_KOS,1986,1
Kosovo,OWID_KOS,1987,1
Kosovo,OWID_KOS,1988,1
Kosovo,OWID_KOS,1989,1
Kosovo,OWID_KOS,1990,1
Kosovo,OWID_KOS,1991,1
Kosovo,OWID_KOS,1992,1
Kosovo,OWID_KOS,1993,0
Kosovo,OWID_KOS,1994,0
Kosovo,OWID_KOS,1995,0
Kosovo,OWID_KOS,1996,0
Kosovo,OWID_KOS,1997,0
Kosovo,OWID_KOS,1998,0
Kosovo,OWID_KOS,1999,0
Kosovo,OWID_KOS,2000,2
Kosovo,OWID_KOS,2001,2
Kosovo,OWID_KOS,2002,2
Kosovo,OWID_KOS,2003,2
Kosovo,OWID_KOS,2004,2
Kosovo,OWID_KOS,2005,2
Kosovo,OWID_KOS,2006,2
Kosovo,OWID_KOS,2007,2
Kosovo,OWID_KOS,2008,2
Kosovo,OWID_KOS,2009,2
Kosovo,OWID_KOS,2010,2
Kosovo,OWID_KOS,2011,2
Kosovo,OWID_KOS,2012,2
Kosovo,OWID_KOS,2013,2
Kosovo,OWID_KOS,2014,2
Kosovo,OWID_KOS,2015,2
Kosovo,OWID_KOS,2016,2
Kosovo,OWID_KOS,2017,2
Kosovo,OWID_KOS,2018,2
Kuwait,KWT,1963,0
Kuwait,KWT,1964,0
Kuwait,KWT,1965,0
Kuwait,KWT,1966,0
Kuwait,KWT,1967,0
Kuwait,KWT,1968,0
Kuwait,KWT,1969,0
Kuwait,KWT,1970,0
Kuwait,KWT,1971,0
Kuwait,KWT,1972,0
Kuwait,KWT,1973,0
Kuwait,KWT,1974,0
Kuwait,KWT,1975,0
Kuwait,KWT,1976,0
Kuwait,KWT,1977,0
Kuwait,KWT,1978,0
Kuwait,KWT,1979,0
Kuwait,KWT,1980,0
Kuwait,KWT,1981,0
Kuwait,KWT,1982,0
Kuwait,KWT,1983,0
Kuwait,KWT,1984,0
Kuwait,KWT,1985,0
Kuwait,KWT,1986,0
Kuwait,KWT,1987,0
Kuwait,KWT,1988,0
Kuwait,KWT,1989,0
Kuwait,KWT,1991,0
Kuwait,KWT,1992,0
Kuwait,KWT,1993,0
Kuwait,KWT,1994,0
Kuwait,KWT,1995,0
Kuwait,KWT,1996,0
Kuwait,KWT,1997,0
Kuwait,KWT,1998,0
Kuwait,KWT,1999,0
Kuwait,KWT,2000,0
Kuwait,KWT,2001,0
Kuwait,KWT,2002,0
Kuwait,KWT,2003,0
Kuwait,KWT,2004,0
Kuwait,KWT,2005,0
Kuwait,KWT,2006,0
Kuwait,KWT,2007,0
Kuwait,KWT,2008,0
Kuwait,KWT,2009,0
Kuwait,KWT,2010,0
Kuwait,KWT,2011,0
Kuwait,KWT,2012,0
Kuwait,KWT,2013,0
Kuwait,KWT,2014,0
Kuwait,KWT,2015,0
Kuwait,KWT,2016,0
Kuwait,KWT,2017,0
Kuwait,KWT,2018,0
Kyrgyzstan,KGZ,1868,0
Kyrgyzstan,KGZ,1869,0
Kyrgyzstan,KGZ,1870,0
Kyrgyzstan,KGZ,1871,0
Kyrgyzstan,KGZ,1872,0
Kyrgyzstan,KGZ,1873,0
Kyrgyzstan,KGZ,1874,0
Kyrgyzstan,KGZ,1875,0
Kyrgyzstan,KGZ,1876,0
Kyrgyzstan,KGZ,1877,0
Kyrgyzstan,KGZ,1878,0
Kyrgyzstan,KGZ,1879,0
Kyrgyzstan,KGZ,1880,0
Kyrgyzstan,KGZ,1881,0
Kyrgyzstan,KGZ,1882,0
Kyrgyzstan,KGZ,1883,0
Kyrgyzstan,KGZ,1884,0
Kyrgyzstan,KGZ,1885,0
Kyrgyzstan,KGZ,1886,0
Kyrgyzstan,KGZ,1887,0
Kyrgyzstan,KGZ,1888,0
Kyrgyzstan,KGZ,1889,0
Kyrgyzstan,KGZ,1890,0
Kyrgyzstan,KGZ,1891,0
Kyrgyzstan,KGZ,1892,0
Kyrgyzstan,KGZ,1893,0
Kyrgyzstan,KGZ,1894,0
Kyrgyzstan,KGZ,1895,0
Kyrgyzstan,KGZ,1896,0
Kyrgyzstan,KGZ,1897,0
Kyrgyzstan,KGZ,1898,0
Kyrgyzstan,KGZ,1899,0
Kyrgyzstan,KGZ,1900,0
Kyrgyzstan,KGZ,1901,0
Kyrgyzstan,KGZ,1902,0
Kyrgyzstan,KGZ,1903,0
Kyrgyzstan,KGZ,1904,0
Kyrgyzstan,KGZ,1905,0
Kyrgyzstan,KGZ,1906,0
Kyrgyzstan,KGZ,1907,0
Kyrgyzstan,KGZ,1908,0
Kyrgyzstan,KGZ,1909,0
Kyrgyzstan,KGZ,1910,0
Kyrgyzstan,KGZ,1911,0
Kyrgyzstan,KGZ,1912,0
Kyrgyzstan,KGZ,1913,0
Kyrgyzstan,KGZ,1914,0
Kyrgyzstan,KGZ,1915,0
Kyrgyzstan,KGZ,1916,0
Kyrgyzstan,KGZ,1917,1
Kyrgyzstan,KGZ,1918,1
Kyrgyzstan,KGZ,1919,1
Kyrgyzstan,KGZ,1920,1
Kyrgyzstan,KGZ,1921,1
Kyrgyzstan,KGZ,1922,0
Kyrgyzstan,KGZ,1923,0
Kyrgyzstan,KGZ,1924,0
Kyrgyzstan,KGZ,1925,0
Kyrgyzstan,KGZ,1926,0
Kyrgyzstan,KGZ,1927,0
Kyrgyzstan,KGZ,1928,0
Kyrgyzstan,KGZ,1929,0
Kyrgyzstan,KGZ,1930,0
Kyrgyzstan,KGZ,1931,0
Kyrgyzstan,KGZ,1932,0
Kyrgyzstan,KGZ,1933,0
Kyrgyzstan,KGZ,1934,0
Kyrgyzstan,KGZ,1935,0
Kyrgyzstan,KGZ,1936,0
Kyrgyzstan,KGZ,1937,0
Kyrgyzstan,KGZ,1938,0
Kyrgyzstan,KGZ,1939,0
Kyrgyzstan,KGZ,1940,0
Kyrgyzstan,KGZ,1941,0
Kyrgyzstan,KGZ,1942,0
Kyrgyzstan,KGZ,1943,0
Kyrgyzstan,KGZ,1944,0
Kyrgyzstan,KGZ,1945,0
Kyrgyzstan,KGZ,1946,0
Kyrgyzstan,KGZ,1947,0
Kyrgyzstan,KGZ,1948,0
Kyrgyzstan,KGZ,1949,0
Kyrgyzstan,KGZ,1950,0
Kyrgyzstan,KGZ,1951,0
Kyrgyzstan,KGZ,1952,0
Kyrgyzstan,KGZ,1953,0
Kyrgyzstan,KGZ,1954,0
Kyrgyzstan,KGZ,1955,0
Kyrgyzstan,KGZ,1956,0
Kyrgyzstan,KGZ,1957,0
Kyrgyzstan,KGZ,1958,0
Kyrgyzstan,KGZ,1959,0
Kyrgyzstan,KGZ,1960,0
Kyrgyzstan,KGZ,1961,0
Kyrgyzstan,KGZ,1962,0
Kyrgyzstan,KGZ,1963,0
Kyrgyzstan,KGZ,1964,0
Kyrgyzstan,KGZ,1965,0
Kyrgyzstan,KGZ,1966,0
Kyrgyzstan,KGZ,1967,0
Kyrgyzstan,KGZ,1968,0
Kyrgyzstan,KGZ,1969,0
Kyrgyzstan,KGZ,1970,0
Kyrgyzstan,KGZ,1971,0
Kyrgyzstan,KGZ,1972,0
Kyrgyzstan,KGZ,1973,0
Kyrgyzstan,KGZ,1974,0
Kyrgyzstan,KGZ,1975,0
Kyrgyzstan,KGZ,1976,0
Kyrgyzstan,KGZ,1977,0
Kyrgyzstan,KGZ,1978,0
Kyrgyzstan,KGZ,1979,0
Kyrgyzstan,KGZ,1980,0
Kyrgyzstan,KGZ,1981,0
Kyrgyzstan,KGZ,1982,0
Kyrgyzstan,KGZ,1983,0
Kyrgyzstan,KGZ,1984,0
Kyrgyzstan,KGZ,1985,0
Kyrgyzstan,KGZ,1986,0
Kyrgyzstan,KGZ,1987,0
Kyrgyzstan,KGZ,1988,0
Kyrgyzstan,KGZ,1989,1
Kyrgyzstan,KGZ,1990,1
Kyrgyzstan,KGZ,1991,1
Kyrgyzstan,KGZ,1992,1
Kyrgyzstan,KGZ,1993,1
Kyrgyzstan,KGZ,1994,1
Kyrgyzstan,KGZ,1995,1
Kyrgyzstan,KGZ,1996,1
Kyrgyzstan,KGZ,1997,1
Kyrgyzstan,KGZ,1998,1
Kyrgyzstan,KGZ,1999,1
Kyrgyzstan,KGZ,2000,1
Kyrgyzstan,KGZ,2001,1
Kyrgyzstan,KGZ,2002,1
Kyrgyzstan,KGZ,2003,1
Kyrgyzstan,KGZ,2004,1
Kyrgyzstan,KGZ,2005,1
Kyrgyzstan,KGZ,2006,1
Kyrgyzstan,KGZ,2007,1
Kyrgyzstan,KGZ,2008,1
Kyrgyzstan,KGZ,2009,1
Kyrgyzstan,KGZ,2010,1
Kyrgyzstan,KGZ,2011,2
Kyrgyzstan,KGZ,2012,2
Kyrgyzstan,KGZ,2013,2
Kyrgyzstan,KGZ,2014,2
Kyrgyzstan,KGZ,2015,2
Kyrgyzstan,KGZ,2016,2
Kyrgyzstan,KGZ,2017,2
Kyrgyzstan,KGZ,2018,2
Laos,LAO,1953,1
Laos,LAO,1954,1
Laos,LAO,1955,1
Laos,LAO,1956,1
Laos,LAO,1957,1
Laos,LAO,1958,1
Laos,LAO,1959,1
Laos,LAO,1960,1
Laos,LAO,1961,1
Laos,LAO,1962,1
Laos,LAO,1963,1
Laos,LAO,1964,1
Laos,LAO,1965,1
Laos,LAO,1966,1
Laos,LAO,1967,1
Laos,LAO,1968,1
Laos,LAO,1969,1
Laos,LAO,1970,1
Laos,LAO,1971,1
Laos,LAO,1972,1
Laos,LAO,1973,1
Laos,LAO,1974,1
Laos,LAO,1975,0
Laos,LAO,1976,0
Laos,LAO,1977,0
Laos,LAO,1978,0
Laos,LAO,1979,0
Laos,LAO,1980,0
Laos,LAO,1981,0
Laos,LAO,1982,0
Laos,LAO,1983,0
Laos,LAO,1984,0
Laos,LAO,1985,0
Laos,LAO,1986,0
Laos,LAO,1987,0
Laos,LAO,1988,0
Laos,LAO,1989,0
Laos,LAO,1990,0
Laos,LAO,1991,0
Laos,LAO,1992,0
Laos,LAO,1993,0
Laos,LAO,1994,0
Laos,LAO,1995,0
Laos,LAO,1996,0
Laos,LAO,1997,0
Laos,LAO,1998,0
Laos,LAO,1999,0
Laos,LAO,2000,0
Laos,LAO,2001,0
Laos,LAO,2002,0
Laos,LAO,2003,0
Laos,LAO,2004,0
Laos,LAO,2005,0
Laos,LAO,2006,0
Laos,LAO,2007,0
Laos,LAO,2008,0
Laos,LAO,2009,0
Laos,LAO,2010,0
Laos,LAO,2011,0
Laos,LAO,2012,0
Laos,LAO,2013,0
Laos,LAO,2014,0
Laos,LAO,2015,0
Laos,LAO,2016,0
Laos,LAO,2017,0
Laos,LAO,2018,0
Latvia,LVA,1920,2
Latvia,LVA,1921,2
Latvia,LVA,1922,2
Latvia,LVA,1923,2
Latvia,LVA,1924,2
Latvia,LVA,1925,2
Latvia,LVA,1926,2
Latvia,LVA,1927,2
Latvia,LVA,1928,2
Latvia,LVA,1929,2
Latvia,LVA,1930,2
Latvia,LVA,1931,2
Latvia,LVA,1932,2
Latvia,LVA,1933,2
Latvia,LVA,1934,0
Latvia,LVA,1935,0
Latvia,LVA,1936,0
Latvia,LVA,1937,0
Latvia,LVA,1938,0
Latvia,LVA,1939,0
Latvia,LVA,1940,0
Latvia,LVA,1941,0
Latvia,LVA,1942,0
Latvia,LVA,1943,0
Latvia,LVA,1944,0
Latvia,LVA,1945,0
Latvia,LVA,1946,0
Latvia,LVA,1947,0
Latvia,LVA,1948,0
Latvia,LVA,1949,0
Latvia,LVA,1950,0
Latvia,LVA,1951,0
Latvia,LVA,1952,0
Latvia,LVA,1953,0
Latvia,LVA,1954,0
Latvia,LVA,1955,0
Latvia,LVA,1956,0
Latvia,LVA,1957,0
Latvia,LVA,1958,0
Latvia,LVA,1959,0
Latvia,LVA,1960,0
Latvia,LVA,1961,0
Latvia,LVA,1962,0
Latvia,LVA,1963,0
Latvia,LVA,1964,0
Latvia,LVA,1965,0
Latvia,LVA,1966,0
Latvia,LVA,1967,0
Latvia,LVA,1968,0
Latvia,LVA,1969,0
Latvia,LVA,1970,0
Latvia,LVA,1971,0
Latvia,LVA,1972,0
Latvia,LVA,1973,0
Latvia,LVA,1974,0
Latvia,LVA,1975,0
Latvia,LVA,1976,0
Latvia,LVA,1977,0
Latvia,LVA,1978,0
Latvia,LVA,1979,0
Latvia,LVA,1980,0
Latvia,LVA,1981,0
Latvia,LVA,1982,0
Latvia,LVA,1983,0
Latvia,LVA,1984,0
Latvia,LVA,1985,0
Latvia,LVA,1986,0
Latvia,LVA,1987,0
Latvia,LVA,1988,0
Latvia,LVA,1989,1
Latvia,LVA,1990,1
Latvia,LVA,1991,2
Latvia,LVA,1992,2
Latvia,LVA,1993,2
Latvia,LVA,1994,2
Latvia,LVA,1995,2
Latvia,LVA,1996,2
Latvia,LVA,1997,2
Latvia,LVA,1998,2
Latvia,LVA,1999,2
Latvia,LVA,2000,2
Latvia,LVA,2001,2
Latvia,LVA,2002,2
Latvia,LVA,2003,2
Latvia,LVA,2004,2
Latvia,LVA,2005,2
Latvia,LVA,2006,2
Latvia,LVA,2007,2
Latvia,LVA,2008,2
Latvia,LVA,2009,2
Latvia,LVA,2010,2
Latvia,LVA,2011,2
Latvia,LVA,2012,2
Latvia,LVA,2013,2
Latvia,LVA,2014,2
Latvia,LVA,2015,2
Latvia,LVA,2016,2
Latvia,LVA,2017,2
Latvia,LVA,2018,2
Lebanon,LBN,1943,1
Lebanon,LBN,1944,1
Lebanon,LBN,1945,1
Lebanon,LBN,1946,1
Lebanon,LBN,1947,1
Lebanon,LBN,1948,1
Lebanon,LBN,1949,1
Lebanon,LBN,1950,1
Lebanon,LBN,1951,1
Lebanon,LBN,1952,1
Lebanon,LBN,1953,1
Lebanon,LBN,1954,1
Lebanon,LBN,1955,1
Lebanon,LBN,1956,1
Lebanon,LBN,1957,1
Lebanon,LBN,1958,1
Lebanon,LBN,1959,1
Lebanon,LBN,1960,1
Lebanon,LBN,1961,1
Lebanon,LBN,1962,1
Lebanon,LBN,1963,1
Lebanon,LBN,1964,1
Lebanon,LBN,1965,1
Lebanon,LBN,1966,1
Lebanon,LBN,1967,1
Lebanon,LBN,1968,1
Lebanon,LBN,1969,1
Lebanon,LBN,1970,1
Lebanon,LBN,1971,1
Lebanon,LBN,1972,1
Lebanon,LBN,1973,1
Lebanon,LBN,1974,1
Lebanon,LBN,1975,1
Lebanon,LBN,1976,1
Lebanon,LBN,1977,1
Lebanon,LBN,1978,1
Lebanon,LBN,1979,1
Lebanon,LBN,1980,1
Lebanon,LBN,1981,1
Lebanon,LBN,1982,1
Lebanon,LBN,1983,1
Lebanon,LBN,1984,1
Lebanon,LBN,1985,1
Lebanon,LBN,1986,1
Lebanon,LBN,1987,1
Lebanon,LBN,1988,1
Lebanon,LBN,1989,1
Lebanon,LBN,2005,2
Lebanon,LBN,2006,2
Lebanon,LBN,2007,2
Lebanon,LBN,2008,2
Lebanon,LBN,2009,2
Lebanon,LBN,2010,2
Lebanon,LBN,2011,2
Lebanon,LBN,2012,2
Lebanon,LBN,2013,2
Lebanon,LBN,2014,2
Lebanon,LBN,2015,2
Lebanon,LBN,2016,2
Lebanon,LBN,2017,2
Lebanon,LBN,2018,2
Lesotho,LSO,1966,1
Lesotho,LSO,1967,1
Lesotho,LSO,1968,1
Lesotho,LSO,1969,1
Lesotho,LSO,1970,1
Lesotho,LSO,1971,1
Lesotho,LSO,1972,1
Lesotho,LSO,1973,0
Lesotho,LSO,1974,0
Lesotho,LSO,1975,0
Lesotho,LSO,1976,0
Lesotho,LSO,1977,0
Lesotho,LSO,1978,0
Lesotho,LSO,1979,0
Lesotho,LSO,1980,0
Lesotho,LSO,1981,0
Lesotho,LSO,1982,0
Lesotho,LSO,1983,0
Lesotho,LSO,1984,0
Lesotho,LSO,1985,0
Lesotho,LSO,1986,0
Lesotho,LSO,1987,0
Lesotho,LSO,1988,0
Lesotho,LSO,1989,0
Lesotho,LSO,1990,0
Lesotho,LSO,1991,1
Lesotho,LSO,1992,1
Lesotho,LSO,1993,1
Lesotho,LSO,1994,1
Lesotho,LSO,1995,1
Lesotho,LSO,1996,1
Lesotho,LSO,1997,1
Lesotho,LSO,1998,2
Lesotho,LSO,1999,2
Lesotho,LSO,2000,2
Lesotho,LSO,2001,2
Lesotho,LSO,2002,2
Lesotho,LSO,2003,2
Lesotho,LSO,2004,2
Lesotho,LSO,2005,2
Lesotho,LSO,2006,2
Lesotho,LSO,2007,2
Lesotho,LSO,2008,2
Lesotho,LSO,2009,2
Lesotho,LSO,2010,2
Lesotho,LSO,2011,2
Lesotho,LSO,2012,2
Lesotho,LSO,2013,2
Lesotho,LSO,2014,2
Lesotho,LSO,2015,2
Lesotho,LSO,2016,2
Lesotho,LSO,2017,2
Lesotho,LSO,2018,2
Liberia,LBR,1847,1
Liberia,LBR,1848,1
Liberia,LBR,1849,1
Liberia,LBR,1850,1
Liberia,LBR,1851,1
Liberia,LBR,1852,1
Liberia,LBR,1853,1
Liberia,LBR,1854,1
Liberia,LBR,1855,1
Liberia,LBR,1856,1
Liberia,LBR,1857,1
Liberia,LBR,1858,1
Liberia,LBR,1859,1
Liberia,LBR,1860,1
Liberia,LBR,1861,1
Liberia,LBR,1862,1
Liberia,LBR,1863,1
Liberia,LBR,1864,1
Liberia,LBR,1865,1
Liberia,LBR,1866,1
Liberia,LBR,1867,1
Liberia,LBR,1868,1
Liberia,LBR,1869,1
Liberia,LBR,1870,1
Liberia,LBR,1871,1
Liberia,LBR,1872,1
Liberia,LBR,1873,1
Liberia,LBR,1874,1
Liberia,LBR,1875,1
Liberia,LBR,1876,1
Liberia,LBR,1877,1
Liberia,LBR,1878,1
Liberia,LBR,1879,1
Liberia,LBR,1880,1
Liberia,LBR,1881,1
Liberia,LBR,1882,1
Liberia,LBR,1883,1
Liberia,LBR,1884,1
Liberia,LBR,1885,1
Liberia,LBR,1886,1
Liberia,LBR,1887,1
Liberia,LBR,1888,1
Liberia,LBR,1889,1
Liberia,LBR,1890,1
Liberia,LBR,1891,1
Liberia,LBR,1892,1
Liberia,LBR,1893,1
Liberia,LBR,1894,1
Liberia,LBR,1895,1
Liberia,LBR,1896,1
Liberia,LBR,1897,1
Liberia,LBR,1898,1
Liberia,LBR,1899,1
Liberia,LBR,1900,1
Liberia,LBR,1901,1
Liberia,LBR,1902,1
Liberia,LBR,1903,1
Liberia,LBR,1904,1
Liberia,LBR,1905,1
Liberia,LBR,1906,1
Liberia,LBR,1907,1
Liberia,LBR,1908,1
Liberia,LBR,1909,0
Liberia,LBR,1910,0
Liberia,LBR,1911,0
Liberia,LBR,1912,0
Liberia,LBR,1913,0
Liberia,LBR,1914,0
Liberia,LBR,1915,0
Liberia,LBR,1916,0
Liberia,LBR,1917,0
Liberia,LBR,1918,0
Liberia,LBR,1919,0
Liberia,LBR,1920,0
Liberia,LBR,1921,0
Liberia,LBR,1922,0
Liberia,LBR,1923,0
Liberia,LBR,1924,0
Liberia,LBR,1925,0
Liberia,LBR,1926,0
Liberia,LBR,1927,0
Liberia,LBR,1928,0
Liberia,LBR,1929,0
Liberia,LBR,1930,0
Liberia,LBR,1931,0
Liberia,LBR,1932,0
Liberia,LBR,1933,0
Liberia,LBR,1934,0
Liberia,LBR,1935,0
Liberia,LBR,1936,0
Liberia,LBR,1937,0
Liberia,LBR,1938,0
Liberia,LBR,1939,0
Liberia,LBR,1940,0
Liberia,LBR,1941,0
Liberia,LBR,1942,0
Liberia,LBR,1943,0
Liberia,LBR,1944,0
Liberia,LBR,1945,0
Liberia,LBR,1946,0
Liberia,LBR,1947,0
Liberia,LBR,1948,0
Liberia,LBR,1949,0
Liberia,LBR,1950,0
Liberia,LBR,1951,0
Liberia,LBR,1952,0
Liberia,LBR,1953,0
Liberia,LBR,1954,0
Liberia,LBR,1955,0
Liberia,LBR,1956,0
Liberia,LBR,1957,0
Liberia,LBR,1958,0
Liberia,LBR,1959,0
Liberia,LBR,1960,0
Liberia,LBR,1961,0
Liberia,LBR,1962,0
Liberia,LBR,1963,0
Liberia,LBR,1964,0
Liberia,LBR,1965,0
Liberia,LBR,1966,0
Liberia,LBR,1967,0
Liberia,LBR,1968,0
Liberia,LBR,1969,0
Liberia,LBR,1970,0
Liberia,LBR,1971,0
Liberia,LBR,1972,0
Liberia,LBR,1973,0
Liberia,LBR,1974,0
Liberia,LBR,1975,0
Liberia,LBR,1976,0
Liberia,LBR,1977,0
Liberia,LBR,1978,0
Liberia,LBR,1979,0
Liberia,LBR,1980,0
Liberia,LBR,1981,0
Liberia,LBR,1982,0
Liberia,LBR,1983,0
Liberia,LBR,1984,0
Liberia,LBR,1985,0
Liberia,LBR,1986,0
Liberia,LBR,1987,0
Liberia,LBR,1988,0
Liberia,LBR,1989,0
Liberia,LBR,1990,1
Liberia,LBR,1991,1
Liberia,LBR,1992,1
Liberia,LBR,1993,1
Liberia,LBR,1994,1
Liberia,LBR,1995,1
Liberia,LBR,1996,1
Liberia,LBR,1997,1
Liberia,LBR,1998,1
Liberia,LBR,1999,1
Liberia,LBR,2000,1
Liberia,LBR,2001,1
Liberia,LBR,2002,1
Liberia,LBR,2003,1
Liberia,LBR,2004,1
Liberia,LBR,2005,1
Liberia,LBR,2006,2
Liberia,LBR,2007,2
Liberia,LBR,2008,2
Liberia,LBR,2009,2
Liberia,LBR,2010,2
Liberia,LBR,2011,2
Liberia,LBR,2012,2
Liberia,LBR,2013,2
Liberia,LBR,2014,2
Liberia,LBR,2015,2
Liberia,LBR,2016,2
Liberia,LBR,2017,2
Liberia,LBR,2018,2
Libya,LBY,1951,0
Libya,LBY,1952,0
Libya,LBY,1953,0
Libya,LBY,1954,0
Libya,LBY,1955,0
Libya,LBY,1956,0
Libya,LBY,1957,0
Libya,LBY,1958,0
Libya,LBY,1959,0
Libya,LBY,1960,0
Libya,LBY,1961,0
Libya,LBY,1962,0
Libya,LBY,1963,0
Libya,LBY,1964,0
Libya,LBY,1965,0
Libya,LBY,1966,0
Libya,LBY,1967,0
Libya,LBY,1968,0
Libya,LBY,1969,0
Libya,LBY,1970,0
Libya,LBY,1971,0
Libya,LBY,1972,0
Libya,LBY,1973,0
Libya,LBY,1974,0
Libya,LBY,1975,0
Libya,LBY,1976,0
Libya,LBY,1977,0
Libya,LBY,1978,0
Libya,LBY,1979,0
Libya,LBY,1980,0
Libya,LBY,1981,0
Libya,LBY,1982,0
Libya,LBY,1983,0
Libya,LBY,1984,0
Libya,LBY,1985,0
Libya,LBY,1986,0
Libya,LBY,1987,0
Libya,LBY,1988,0
Libya,LBY,1989,0
Libya,LBY,1990,0
Libya,LBY,1991,0
Libya,LBY,1992,0
Libya,LBY,1993,0
Libya,LBY,1994,0
Libya,LBY,1995,0
Libya,LBY,1996,0
Libya,LBY,1997,0
Libya,LBY,1998,0
Libya,LBY,1999,0
Libya,LBY,2000,0
Libya,LBY,2001,0
Libya,LBY,2002,0
Libya,LBY,2003,0
Libya,LBY,2004,0
Libya,LBY,2005,0
Libya,LBY,2006,0
Libya,LBY,2007,0
Libya,LBY,2008,0
Libya,LBY,2009,0
Libya,LBY,2010,0
Libya,LBY,2011,1
Libya,LBY,2012,1
Libya,LBY,2013,1
Libya,LBY,2014,1
Libya,LBY,2015,1
Libya,LBY,2016,1
Libya,LBY,2017,1
Libya,LBY,2018,1
Lithuania,LTU,1918,1
Lithuania,LTU,1919,1
Lithuania,LTU,1920,1
Lithuania,LTU,1921,1
Lithuania,LTU,1922,1
Lithuania,LTU,1923,1
Lithuania,LTU,1924,1
Lithuania,LTU,1925,1
Lithuania,LTU,1926,1
Lithuania,LTU,1927,1
Lithuania,LTU,1928,0
Lithuania,LTU,1929,0
Lithuania,LTU,1930,0
Lithuania,LTU,1931,0
Lithuania,LTU,1932,0
Lithuania,LTU,1933,0
Lithuania,LTU,1934,0
Lithuania,LTU,1935,0
Lithuania,LTU,1936,0
Lithuania,LTU,1937,0
Lithuania,LTU,1938,0
Lithuania,LTU,1939,0
Lithuania,LTU,1940,0
Lithuania,LTU,1941,0
Lithuania,LTU,1942,0
Lithuania,LTU,1943,0
Lithuania,LTU,1944,0
Lithuania,LTU,1945,0
Lithuania,LTU,1946,0
Lithuania,LTU,1947,0
Lithuania,LTU,1948,0
Lithuania,LTU,1949,0
Lithuania,LTU,1950,0
Lithuania,LTU,1951,0
Lithuania,LTU,1952,0
Lithuania,LTU,1953,0
Lithuania,LTU,1954,0
Lithuania,LTU,1955,0
Lithuania,LTU,1956,0
Lithuania,LTU,1957,0
Lithuania,LTU,1958,0
Lithuania,LTU,1959,0
Lithuania,LTU,1960,0
Lithuania,LTU,1961,0
Lithuania,LTU,1962,0
Lithuania,LTU,1963,0
Lithuania,LTU,1964,0
Lithuania,LTU,1965,0
Lithuania,LTU,1966,0
Lithuania,LTU,1967,0
Lithuania,LTU,1968,0
Lithuania,LTU,1969,0
Lithuania,LTU,1970,0
Lithuania,LTU,1971,0
Lithuania,LTU,1972,0
Lithuania,LTU,1973,0
Lithuania,LTU,1974,0
Lithuania,LTU,1975,0
Lithuania,LTU,1976,0
Lithuania,LTU,1977,0
Lithuania,LTU,1978,0
Lithuania,LTU,1979,0
Lithuania,LTU,1980,0
Lithuania,LTU,1981,0
Lithuania,LTU,1982,0
Lithuania,LTU,1983,0
Lithuania,LTU,1984,0
Lithuania,LTU,1985,0
Lithuania,LTU,1986,0
Lithuania,LTU,1987,0
Lithuania,LTU,1988,0
Lithuania,LTU,1989,1
Lithuania,LTU,1990,1
Lithuania,LTU,1991,2
Lithuania,LTU,1992,2
Lithuania,LTU,1993,2
Lithuania,LTU,1994,2
Lithuania,LTU,1995,2
Lithuania,LTU,1996,2
Lithuania,LTU,1997,2
Lithuania,LTU,1998,2
Lithuania,LTU,1999,2
Lithuania,LTU,2000,2
Lithuania,LTU,2001,2
Lithuania,LTU,2002,2
Lithuania,LTU,2003,2
Lithuania,LTU,2004,2
Lithuania,LTU,2005,2
Lithuania,LTU,2006,2
Lithuania,LTU,2007,2
Lithuania,LTU,2008,2
Lithuania,LTU,2009,2
Lithuania,LTU,2010,2
Lithuania,LTU,2011,2
Lithuania,LTU,2012,2
Lithuania,LTU,2013,2
Lithuania,LTU,2014,2
Lithuania,LTU,2015,2
Lithuania,LTU,2016,2
Lithuania,LTU,2017,2
Lithuania,LTU,2018,2
Luxembourg,LUX,1867,1
Luxembourg,LUX,1868,1
Luxembourg,LUX,1869,1
Luxembourg,LUX,1870,1
Luxembourg,LUX,1871,1
Luxembourg,LUX,1872,1
Luxembourg,LUX,1873,1
Luxembourg,LUX,1874,1
Luxembourg,LUX,1875,1
Luxembourg,LUX,1876,1
Luxembourg,LUX,1877,1
Luxembourg,LUX,1878,1
Luxembourg,LUX,1879,1
Luxembourg,LUX,1880,1
Luxembourg,LUX,1881,1
Luxembourg,LUX,1882,1
Luxembourg,LUX,1883,1
Luxembourg,LUX,1884,1
Luxembourg,LUX,1885,1
Luxembourg,LUX,1886,1
Luxembourg,LUX,1887,1
Luxembourg,LUX,1888,1
Luxembourg,LUX,1889,1
Luxembourg,LUX,1890,2
Luxembourg,LUX,1891,2
Luxembourg,LUX,1892,2
Luxembourg,LUX,1893,2
Luxembourg,LUX,1894,2
Luxembourg,LUX,1895,2
Luxembourg,LUX,1896,2
Luxembourg,LUX,1897,2
Luxembourg,LUX,1898,2
Luxembourg,LUX,1899,2
Luxembourg,LUX,1900,2
Luxembourg,LUX,1901,2
Luxembourg,LUX,1902,2
Luxembourg,LUX,1903,2
Luxembourg,LUX,1904,2
Luxembourg,LUX,1905,2
Luxembourg,LUX,1906,2
Luxembourg,LUX,1907,2
Luxembourg,LUX,1908,2
Luxembourg,LUX,1909,2
Luxembourg,LUX,1910,2
Luxembourg,LUX,1911,2
Luxembourg,LUX,1912,2
Luxembourg,LUX,1913,2
Luxembourg,LUX,1914,2
Luxembourg,LUX,1915,2
Luxembourg,LUX,1916,2
Luxembourg,LUX,1917,2
Luxembourg,LUX,1918,2
Luxembourg,LUX,1919,2
Luxembourg,LUX,1920,2
Luxembourg,LUX,1921,2
Luxembourg,LUX,1922,2
Luxembourg,LUX,1923,2
Luxembourg,LUX,1924,2
Luxembourg,LUX,1925,2
Luxembourg,LUX,1926,2
Luxembourg,LUX,1927,2
Luxembourg,LUX,1928,2
Luxembourg,LUX,1929,2
Luxembourg,LUX,1930,2
Luxembourg,LUX,1931,2
Luxembourg,LUX,1932,2
Luxembourg,LUX,1933,2
Luxembourg,LUX,1934,2
Luxembourg,LUX,1935,2
Luxembourg,LUX,1936,2
Luxembourg,LUX,1937,2
Luxembourg,LUX,1938,2
Luxembourg,LUX,1939,2
Luxembourg,LUX,1945,2
Luxembourg,LUX,1946,2
Luxembourg,LUX,1947,2
Luxembourg,LUX,1948,2
Luxembourg,LUX,1949,2
Luxembourg,LUX,1950,2
Luxembourg,LUX,1951,2
Luxembourg,LUX,1952,2
Luxembourg,LUX,1953,2
Luxembourg,LUX,1954,2
Luxembourg,LUX,1955,2
Luxembourg,LUX,1956,2
Luxembourg,LUX,1957,2
Luxembourg,LUX,1958,2
Luxembourg,LUX,1959,2
Luxembourg,LUX,1960,2
Luxembourg,LUX,1961,2
Luxembourg,LUX,1962,2
Luxembourg,LUX,1963,2
Luxembourg,LUX,1964,2
Luxembourg,LUX,1965,2
Luxembourg,LUX,1966,2
Luxembourg,LUX,1967,2
Luxembourg,LUX,1968,2
Luxembourg,LUX,1969,2
Luxembourg,LUX,1970,2
Luxembourg,LUX,1971,2
Luxembourg,LUX,1972,2
Luxembourg,LUX,1973,2
Luxembourg,LUX,1974,2
Luxembourg,LUX,1975,2
Luxembourg,LUX,1976,2
Luxembourg,LUX,1977,2
Luxembourg,LUX,1978,2
Luxembourg,LUX,1979,2
Luxembourg,LUX,1980,2
Luxembourg,LUX,1981,2
Luxembourg,LUX,1982,2
Luxembourg,LUX,1983,2
Luxembourg,LUX,1984,2
Luxembourg,LUX,1985,2
Luxembourg,LUX,1986,2
Luxembourg,LUX,1987,2
Luxembourg,LUX,1988,2
Luxembourg,LUX,1989,2
Luxembourg,LUX,1990,2
Luxembourg,LUX,1991,2
Luxembourg,LUX,1992,2
Luxembourg,LUX,1993,2
Luxembourg,LUX,1994,2
Luxembourg,LUX,1995,2
Luxembourg,LUX,1996,2
Luxembourg,LUX,1997,2
Luxembourg,LUX,1998,2
Luxembourg,LUX,1999,2
Luxembourg,LUX,2000,2
Luxembourg,LUX,2001,2
Luxembourg,LUX,2002,2
Luxembourg,LUX,2003,2
Luxembourg,LUX,2004,2
Luxembourg,LUX,2005,2
Luxembourg,LUX,2006,2
Luxembourg,LUX,2007,2
Luxembourg,LUX,2008,2
Luxembourg,LUX,2009,2
Luxembourg,LUX,2010,2
Luxembourg,LUX,2011,2
Luxembourg,LUX,2012,2
Luxembourg,LUX,2013,2
Luxembourg,LUX,2014,2
Luxembourg,LUX,2015,2
Luxembourg,LUX,2016,2
Luxembourg,LUX,2017,2
Luxembourg,LUX,2018,2
Madagascar,MDG,1960,1
Madagascar,MDG,1961,1
Madagascar,MDG,1962,1
Madagascar,MDG,1963,1
Madagascar,MDG,1964,1
Madagascar,MDG,1965,1
Madagascar,MDG,1966,1
Madagascar,MDG,1967,1
Madagascar,MDG,1968,1
Madagascar,MDG,1969,1
Madagascar,MDG,1970,1
Madagascar,MDG,1971,1
Madagascar,MDG,1972,1
Madagascar,MDG,1973,1
Madagascar,MDG,1974,1
Madagascar,MDG,1975,0
Madagascar,MDG,1976,0
Madagascar,MDG,1977,0
Madagascar,MDG,1978,0
Madagascar,MDG,1979,0
Madagascar,MDG,1980,0
Madagascar,MDG,1981,0
Madagascar,MDG,1982,0
Madagascar,MDG,1983,0
Madagascar,MDG,1984,0
Madagascar,MDG,1985,0
Madagascar,MDG,1986,0
Madagascar,MDG,1987,0
Madagascar,MDG,1988,0
Madagascar,MDG,1989,0
Madagascar,MDG,1990,0
Madagascar,MDG,1991,1
Madagascar,MDG,1992,2
Madagascar,MDG,1993,2
Madagascar,MDG,1994,2
Madagascar,MDG,1995,2
Madagascar,MDG,1996,2
Madagascar,MDG,1997,2
Madagascar,MDG,1998,2
Madagascar,MDG,1999,2
Madagascar,MDG,2000,2
Madagascar,MDG,2001,2
Madagascar,MDG,2002,2
Madagascar,MDG,2003,2
Madagascar,MDG,2004,2
Madagascar,MDG,2005,2
Madagascar,MDG,2006,2
Madagascar,MDG,2007,2
Madagascar,MDG,2008,2
Madagascar,MDG,2009,1
Madagascar,MDG,2010,1
Madagascar,MDG,2011,1
Madagascar,MDG,2012,1
Madagascar,MDG,2013,1
Madagascar,MDG,2014,2
Madagascar,MDG,2015,2
Madagascar,MDG,2016,2
Madagascar,MDG,2017,2
Madagascar,MDG,2018,2
Malawi,MWI,1964,0
Malawi,MWI,1965,0
Malawi,MWI,1966,0
Malawi,MWI,1967,0
Malawi,MWI,1968,0
Malawi,MWI,1969,0
Malawi,MWI,1970,0
Malawi,MWI,1971,0
Malawi,MWI,1972,0
Malawi,MWI,1973,0
Malawi,MWI,1974,0
Malawi,MWI,1975,0
Malawi,MWI,1976,0
Malawi,MWI,1977,0
Malawi,MWI,1978,0
Malawi,MWI,1979,0
Malawi,MWI,1980,0
Malawi,MWI,1981,0
Malawi,MWI,1982,0
Malawi,MWI,1983,0
Malawi,MWI,1984,0
Malawi,MWI,1985,0
Malawi,MWI,1986,0
Malawi,MWI,1987,0
Malawi,MWI,1988,0
Malawi,MWI,1989,0
Malawi,MWI,1990,0
Malawi,MWI,1991,0
Malawi,MWI,1992,0
Malawi,MWI,1993,0
Malawi,MWI,1994,2
Malawi,MWI,1995,2
Malawi,MWI,1996,2
Malawi,MWI,1997,2
Malawi,MWI,1998,2
Malawi,MWI,1999,2
Malawi,MWI,2000,2
Malawi,MWI,2001,1
Malawi,MWI,2002,1
Malawi,MWI,2003,1
Malawi,MWI,2004,2
Malawi,MWI,2005,2
Malawi,MWI,2006,2
Malawi,MWI,2007,2
Malawi,MWI,2008,2
Malawi,MWI,2009,2
Malawi,MWI,2010,2
Malawi,MWI,2011,2
Malawi,MWI,2012,2
Malawi,MWI,2013,2
Malawi,MWI,2014,2
Malawi,MWI,2015,2
Malawi,MWI,2016,2
Malawi,MWI,2017,2
Malawi,MWI,2018,2
Malaysia,MYS,1957,2
Malaysia,MYS,1958,2
Malaysia,MYS,1959,2
Malaysia,MYS,1960,2
Malaysia,MYS,1961,2
Malaysia,MYS,1962,2
Malaysia,MYS,1963,2
Malaysia,MYS,1964,2
Malaysia,MYS,1965,2
Malaysia,MYS,1966,2
Malaysia,MYS,1967,2
Malaysia,MYS,1968,2
Malaysia,MYS,1969,1
Malaysia,MYS,1970,1
Malaysia,MYS,1971,1
Malaysia,MYS,1972,1
Malaysia,MYS,1973,1
Malaysia,MYS,1974,1
Malaysia,MYS,1975,1
Malaysia,MYS,1976,1
Malaysia,MYS,1977,1
Malaysia,MYS,1978,1
Malaysia,MYS,1979,1
Malaysia,MYS,1980,1
Malaysia,MYS,1981,1
Malaysia,MYS,1982,1
Malaysia,MYS,1983,1
Malaysia,MYS,1984,1
Malaysia,MYS,1985,1
Malaysia,MYS,1986,1
Malaysia,MYS,1987,1
Malaysia,MYS,1988,1
Malaysia,MYS,1989,1
Malaysia,MYS,1990,1
Malaysia,MYS,1991,1
Malaysia,MYS,1992,1
Malaysia,MYS,1993,1
Malaysia,MYS,1994,1
Malaysia,MYS,1995,1
Malaysia,MYS,1996,1
Malaysia,MYS,1997,1
Malaysia,MYS,1998,1
Malaysia,MYS,1999,1
Malaysia,MYS,2000,1
Malaysia,MYS,2001,1
Malaysia,MYS,2002,1
Malaysia,MYS,2003,1
Malaysia,MYS,2004,1
Malaysia,MYS,2005,1
Malaysia,MYS,2006,1
Malaysia,MYS,2007,1
Malaysia,MYS,2008,2
Malaysia,MYS,2009,2
Malaysia,MYS,2010,2
Malaysia,MYS,2011,2
Malaysia,MYS,2012,2
Malaysia,MYS,2013,2
Malaysia,MYS,2014,1
Malaysia,MYS,2015,1
Malaysia,MYS,2016,1
Malaysia,MYS,2017,1
Malaysia,MYS,2018,2
Mali,MLI,1960,0
Mali,MLI,1961,0
Mali,MLI,1962,0
Mali,MLI,1963,0
Mali,MLI,1964,0
Mali,MLI,1965,0
Mali,MLI,1966,0
Mali,MLI,1967,0
Mali,MLI,1968,0
Mali,MLI,1969,0
Mali,MLI,1970,0
Mali,MLI,1971,0
Mali,MLI,1972,0
Mali,MLI,1973,0
Mali,MLI,1974,0
Mali,MLI,1975,0
Mali,MLI,1976,0
Mali,MLI,1977,0
Mali,MLI,1978,0
Mali,MLI,1979,0
Mali,MLI,1980,0
Mali,MLI,1981,0
Mali,MLI,1982,0
Mali,MLI,1983,0
Mali,MLI,1984,0
Mali,MLI,1985,0
Mali,MLI,1986,0
Mali,MLI,1987,0
Mali,MLI,1988,0
Mali,MLI,1989,0
Mali,MLI,1990,0
Mali,MLI,1991,1
Mali,MLI,1992,1
Mali,MLI,1993,1
Mali,MLI,1994,1
Mali,MLI,1995,1
Mali,MLI,1996,1
Mali,MLI,1997,1
Mali,MLI,1998,1
Mali,MLI,1999,1
Mali,MLI,2000,1
Mali,MLI,2001,1
Mali,MLI,2002,1
Mali,MLI,2003,1
Mali,MLI,2004,1
Mali,MLI,2005,2
Mali,MLI,2006,2
Mali,MLI,2007,2
Mali,MLI,2008,2
Mali,MLI,2009,2
Mali,MLI,2010,2
Mali,MLI,2011,2
Mali,MLI,2012,1
Mali,MLI,2013,1
Mali,MLI,2014,1
Mali,MLI,2015,1
Mali,MLI,2016,1
Mali,MLI,2017,1
Mali,MLI,2018,1
Mauritania,MRT,1960,1
Mauritania,MRT,1961,1
Mauritania,MRT,1962,0
Mauritania,MRT,1963,0
Mauritania,MRT,1964,0
Mauritania,MRT,1965,0
Mauritania,MRT,1966,0
Mauritania,MRT,1967,0
Mauritania,MRT,1968,0
Mauritania,MRT,1969,0
Mauritania,MRT,1970,0
Mauritania,MRT,1971,0
Mauritania,MRT,1972,0
Mauritania,MRT,1973,0
Mauritania,MRT,1974,0
Mauritania,MRT,1975,0
Mauritania,MRT,1976,0
Mauritania,MRT,1977,0
Mauritania,MRT,1978,0
Mauritania,MRT,1979,0
Mauritania,MRT,1980,0
Mauritania,MRT,1981,0
Mauritania,MRT,1982,0
Mauritania,MRT,1983,0
Mauritania,MRT,1984,0
Mauritania,MRT,1985,0
Mauritania,MRT,1986,0
Mauritania,MRT,1987,0
Mauritania,MRT,1988,0
Mauritania,MRT,1989,0
Mauritania,MRT,1990,0
Mauritania,MRT,1991,0
Mauritania,MRT,1992,0
Mauritania,MRT,1993,0
Mauritania,MRT,1994,0
Mauritania,MRT,1995,0
Mauritania,MRT,1996,0
Mauritania,MRT,1997,0
Mauritania,MRT,1998,0
Mauritania,MRT,1999,0
Mauritania,MRT,2000,0
Mauritania,MRT,2001,0
Mauritania,MRT,2002,0
Mauritania,MRT,2003,0
Mauritania,MRT,2004,0
Mauritania,MRT,2005,1
Mauritania,MRT,2006,1
Mauritania,MRT,2007,1
Mauritania,MRT,2008,1
Mauritania,MRT,2009,1
Mauritania,MRT,2010,1
Mauritania,MRT,2011,1
Mauritania,MRT,2012,1
Mauritania,MRT,2013,1
Mauritania,MRT,2014,1
Mauritania,MRT,2015,1
Mauritania,MRT,2016,1
Mauritania,MRT,2017,1
Mauritania,MRT,2018,1
Mauritius,MUS,1968,2
Mauritius,MUS,1969,2
Mauritius,MUS,1970,2
Mauritius,MUS,1971,2
Mauritius,MUS,1972,2
Mauritius,MUS,1973,2
Mauritius,MUS,1974,2
Mauritius,MUS,1975,2
Mauritius,MUS,1976,2
Mauritius,MUS,1977,2
Mauritius,MUS,1978,2
Mauritius,MUS,1979,2
Mauritius,MUS,1980,2
Mauritius,MUS,1981,2
Mauritius,MUS,1982,2
Mauritius,MUS,1983,2
Mauritius,MUS,1984,2
Mauritius,MUS,1985,2
Mauritius,MUS,1986,2
Mauritius,MUS,1987,2
Mauritius,MUS,1988,2
Mauritius,MUS,1989,2
Mauritius,MUS,1990,2
Mauritius,MUS,1991,2
Mauritius,MUS,1992,2
Mauritius,MUS,1993,2
Mauritius,MUS,1994,2
Mauritius,MUS,1995,2
Mauritius,MUS,1996,2
Mauritius,MUS,1997,2
Mauritius,MUS,1998,2
Mauritius,MUS,1999,2
Mauritius,MUS,2000,2
Mauritius,MUS,2001,2
Mauritius,MUS,2002,2
Mauritius,MUS,2003,2
Mauritius,MUS,2004,2
Mauritius,MUS,2005,2
Mauritius,MUS,2006,2
Mauritius,MUS,2007,2
Mauritius,MUS,2008,2
Mauritius,MUS,2009,2
Mauritius,MUS,2010,2
Mauritius,MUS,2011,2
Mauritius,MUS,2012,2
Mauritius,MUS,2013,2
Mauritius,MUS,2014,2
Mauritius,MUS,2015,2
Mauritius,MUS,2016,2
Mauritius,MUS,2017,2
Mauritius,MUS,2018,2
Mexico,MEX,1822,1
Mexico,MEX,1823,1
Mexico,MEX,1824,1
Mexico,MEX,1825,1
Mexico,MEX,1826,1
Mexico,MEX,1827,1
Mexico,MEX,1828,1
Mexico,MEX,1829,1
Mexico,MEX,1830,1
Mexico,MEX,1831,1
Mexico,MEX,1832,1
Mexico,MEX,1833,1
Mexico,MEX,1834,1
Mexico,MEX,1835,1
Mexico,MEX,1836,1
Mexico,MEX,1837,1
Mexico,MEX,1838,1
Mexico,MEX,1839,1
Mexico,MEX,1840,1
Mexico,MEX,1841,1
Mexico,MEX,1842,1
Mexico,MEX,1843,1
Mexico,MEX,1844,1
Mexico,MEX,1845,1
Mexico,MEX,1848,1
Mexico,MEX,1849,1
Mexico,MEX,1850,1
Mexico,MEX,1851,1
Mexico,MEX,1852,1
Mexico,MEX,1853,1
Mexico,MEX,1854,1
Mexico,MEX,1855,1
Mexico,MEX,1856,1
Mexico,MEX,1857,1
Mexico,MEX,1858,1
Mexico,MEX,1859,1
Mexico,MEX,1860,1
Mexico,MEX,1861,1
Mexico,MEX,1862,1
Mexico,MEX,1864,1
Mexico,MEX,1865,1
Mexico,MEX,1866,1
Mexico,MEX,1867,1
Mexico,MEX,1868,1
Mexico,MEX,1869,1
Mexico,MEX,1870,1
Mexico,MEX,1871,1
Mexico,MEX,1872,1
Mexico,MEX,1873,1
Mexico,MEX,1874,1
Mexico,MEX,1875,1
Mexico,MEX,1876,0
Mexico,MEX,1877,0
Mexico,MEX,1878,0
Mexico,MEX,1879,0
Mexico,MEX,1880,0
Mexico,MEX,1881,0
Mexico,MEX,1882,0
Mexico,MEX,1883,0
Mexico,MEX,1884,0
Mexico,MEX,1885,0
Mexico,MEX,1886,0
Mexico,MEX,1887,0
Mexico,MEX,1888,0
Mexico,MEX,1889,0
Mexico,MEX,1890,0
Mexico,MEX,1891,0
Mexico,MEX,1892,0
Mexico,MEX,1893,0
Mexico,MEX,1894,0
Mexico,MEX,1895,0
Mexico,MEX,1896,0
Mexico,MEX,1897,0
Mexico,MEX,1898,0
Mexico,MEX,1899,0
Mexico,MEX,1900,0
Mexico,MEX,1901,0
Mexico,MEX,1902,0
Mexico,MEX,1903,0
Mexico,MEX,1904,0
Mexico,MEX,1905,0
Mexico,MEX,1906,0
Mexico,MEX,1907,0
Mexico,MEX,1908,0
Mexico,MEX,1909,0
Mexico,MEX,1910,0
Mexico,MEX,1911,1
Mexico,MEX,1912,1
Mexico,MEX,1913,1
Mexico,MEX,1914,1
Mexico,MEX,1915,1
Mexico,MEX,1916,1
Mexico,MEX,1917,1
Mexico,MEX,1918,1
Mexico,MEX,1919,1
Mexico,MEX,1920,1
Mexico,MEX,1921,1
Mexico,MEX,1922,1
Mexico,MEX,1923,1
Mexico,MEX,1924,1
Mexico,MEX,1925,1
Mexico,MEX,1926,1
Mexico,MEX,1927,1
Mexico,MEX,1928,1
Mexico,MEX,1929,1
Mexico,MEX,1930,0
Mexico,MEX,1931,0
Mexico,MEX,1932,0
Mexico,MEX,1933,0
Mexico,MEX,1934,0
Mexico,MEX,1935,0
Mexico,MEX,1936,0
Mexico,MEX,1937,0
Mexico,MEX,1938,0
Mexico,MEX,1939,0
Mexico,MEX,1940,0
Mexico,MEX,1941,0
Mexico,MEX,1942,0
Mexico,MEX,1943,0
Mexico,MEX,1944,0
Mexico,MEX,1945,0
Mexico,MEX,1946,0
Mexico,MEX,1947,0
Mexico,MEX,1948,0
Mexico,MEX,1949,0
Mexico,MEX,1950,0
Mexico,MEX,1951,0
Mexico,MEX,1952,0
Mexico,MEX,1953,0
Mexico,MEX,1954,0
Mexico,MEX,1955,0
Mexico,MEX,1956,0
Mexico,MEX,1957,0
Mexico,MEX,1958,0
Mexico,MEX,1959,0
Mexico,MEX,1960,0
Mexico,MEX,1961,0
Mexico,MEX,1962,0
Mexico,MEX,1963,0
Mexico,MEX,1964,0
Mexico,MEX,1965,0
Mexico,MEX,1966,0
Mexico,MEX,1967,0
Mexico,MEX,1968,0
Mexico,MEX,1969,0
Mexico,MEX,1970,0
Mexico,MEX,1971,0
Mexico,MEX,1972,0
Mexico,MEX,1973,0
Mexico,MEX,1974,0
Mexico,MEX,1975,0
Mexico,MEX,1976,0
Mexico,MEX,1977,1
Mexico,MEX,1978,1
Mexico,MEX,1979,1
Mexico,MEX,1980,1
Mexico,MEX,1981,1
Mexico,MEX,1982,1
Mexico,MEX,1983,1
Mexico,MEX,1984,1
Mexico,MEX,1985,1
Mexico,MEX,1986,1
Mexico,MEX,1987,1
Mexico,MEX,1988,1
Mexico,MEX,1989,1
Mexico,MEX,1990,1
Mexico,MEX,1991,1
Mexico,MEX,1992,1
Mexico,MEX,1993,1
Mexico,MEX,1994,1
Mexico,MEX,1995,1
Mexico,MEX,1996,1
Mexico,MEX,1997,2
Mexico,MEX,1998,2
Mexico,MEX,1999,2
Mexico,MEX,2000,2
Mexico,MEX,2001,2
Mexico,MEX,2002,2
Mexico,MEX,2003,2
Mexico,MEX,2004,2
Mexico,MEX,2005,2
Mexico,MEX,2006,2
Mexico,MEX,2007,2
Mexico,MEX,2008,2
Mexico,MEX,2009,2
Mexico,MEX,2010,2
Mexico,MEX,2011,2
Mexico,MEX,2012,2
Mexico,MEX,2013,2
Mexico,MEX,2014,2
Mexico,MEX,2015,2
Mexico,MEX,2016,2
Mexico,MEX,2017,2
Mexico,MEX,2018,2
Moldova,MDA,1800,0
Moldova,MDA,1801,0
Moldova,MDA,1802,0
Moldova,MDA,1803,0
Moldova,MDA,1804,0
Moldova,MDA,1805,0
Moldova,MDA,1806,0
Moldova,MDA,1807,0
Moldova,MDA,1808,0
Moldova,MDA,1809,0
Moldova,MDA,1810,0
Moldova,MDA,1811,0
Moldova,MDA,1812,0
Moldova,MDA,1813,0
Moldova,MDA,1814,0
Moldova,MDA,1815,0
Moldova,MDA,1816,0
Moldova,MDA,1817,0
Moldova,MDA,1818,0
Moldova,MDA,1819,0
Moldova,MDA,1820,0
Moldova,MDA,1821,0
Moldova,MDA,1822,0
Moldova,MDA,1823,0
Moldova,MDA,1824,0
Moldova,MDA,1825,0
Moldova,MDA,1826,0
Moldova,MDA,1827,0
Moldova,MDA,1828,0
Moldova,MDA,1829,0
Moldova,MDA,1830,0
Moldova,MDA,1831,0
Moldova,MDA,1832,0
Moldova,MDA,1833,0
Moldova,MDA,1834,0
Moldova,MDA,1835,0
Moldova,MDA,1836,0
Moldova,MDA,1837,0
Moldova,MDA,1838,0
Moldova,MDA,1839,0
Moldova,MDA,1840,0
Moldova,MDA,1841,0
Moldova,MDA,1842,0
Moldova,MDA,1843,0
Moldova,MDA,1844,0
Moldova,MDA,1845,0
Moldova,MDA,1846,0
Moldova,MDA,1847,0
Moldova,MDA,1848,0
Moldova,MDA,1849,0
Moldova,MDA,1850,0
Moldova,MDA,1851,0
Moldova,MDA,1852,0
Moldova,MDA,1853,0
Moldova,MDA,1854,0
Moldova,MDA,1855,0
Moldova,MDA,1856,0
Moldova,MDA,1857,0
Moldova,MDA,1858,0
Moldova,MDA,1859,0
Moldova,MDA,1860,0
Moldova,MDA,1861,0
Moldova,MDA,1862,0
Moldova,MDA,1863,0
Moldova,MDA,1864,0
Moldova,MDA,1865,0
Moldova,MDA,1866,0
Moldova,MDA,1867,0
Moldova,MDA,1868,0
Moldova,MDA,1869,0
Moldova,MDA,1870,0
Moldova,MDA,1871,0
Moldova,MDA,1872,0
Moldova,MDA,1873,0
Moldova,MDA,1874,0
Moldova,MDA,1875,0
Moldova,MDA,1876,0
Moldova,MDA,1877,0
Moldova,MDA,1878,0
Moldova,MDA,1879,0
Moldova,MDA,1880,0
Moldova,MDA,1881,0
Moldova,MDA,1882,0
Moldova,MDA,1883,0
Moldova,MDA,1884,0
Moldova,MDA,1885,0
Moldova,MDA,1886,0
Moldova,MDA,1887,0
Moldova,MDA,1888,0
Moldova,MDA,1889,0
Moldova,MDA,1890,0
Moldova,MDA,1891,0
Moldova,MDA,1892,0
Moldova,MDA,1893,0
Moldova,MDA,1894,0
Moldova,MDA,1895,0
Moldova,MDA,1896,0
Moldova,MDA,1897,0
Moldova,MDA,1898,0
Moldova,MDA,1899,0
Moldova,MDA,1900,0
Moldova,MDA,1901,0
Moldova,MDA,1902,0
Moldova,MDA,1903,0
Moldova,MDA,1904,0
Moldova,MDA,1905,0
Moldova,MDA,1906,0
Moldova,MDA,1907,0
Moldova,MDA,1908,0
Moldova,MDA,1909,0
Moldova,MDA,1910,0
Moldova,MDA,1911,0
Moldova,MDA,1912,0
Moldova,MDA,1913,0
Moldova,MDA,1914,0
Moldova,MDA,1915,0
Moldova,MDA,1916,0
Moldova,MDA,1917,1
Moldova,MDA,1918,1
Moldova,MDA,1919,1
Moldova,MDA,1941,0
Moldova,MDA,1942,0
Moldova,MDA,1943,0
Moldova,MDA,1944,0
Moldova,MDA,1945,0
Moldova,MDA,1946,0
Moldova,MDA,1947,0
Moldova,MDA,1948,0
Moldova,MDA,1949,0
Moldova,MDA,1950,0
Moldova,MDA,1951,0
Moldova,MDA,1952,0
Moldova,MDA,1953,0
Moldova,MDA,1954,0
Moldova,MDA,1955,0
Moldova,MDA,1956,0
Moldova,MDA,1957,0
Moldova,MDA,1958,0
Moldova,MDA,1959,0
Moldova,MDA,1960,0
Moldova,MDA,1961,0
Moldova,MDA,1962,0
Moldova,MDA,1963,0
Moldova,MDA,1964,0
Moldova,MDA,1965,0
Moldova,MDA,1966,0
Moldova,MDA,1967,0
Moldova,MDA,1968,0
Moldova,MDA,1969,0
Moldova,MDA,1970,0
Moldova,MDA,1971,0
Moldova,MDA,1972,0
Moldova,MDA,1973,0
Moldova,MDA,1974,0
Moldova,MDA,1975,0
Moldova,MDA,1976,0
Moldova,MDA,1977,0
Moldova,MDA,1978,0
Moldova,MDA,1979,0
Moldova,MDA,1980,0
Moldova,MDA,1981,0
Moldova,MDA,1982,0
Moldova,MDA,1983,0
Moldova,MDA,1984,0
Moldova,MDA,1985,0
Moldova,MDA,1986,0
Moldova,MDA,1987,0
Moldova,MDA,1988,0
Moldova,MDA,1989,1
Moldova,MDA,1990,1
Moldova,MDA,1991,1
Moldova,MDA,1992,1
Moldova,MDA,1993,1
Moldova,MDA,1994,2
Moldova,MDA,1995,2
Moldova,MDA,1996,2
Moldova,MDA,1997,2
Moldova,MDA,1998,2
Moldova,MDA,1999,2
Moldova,MDA,2000,2
Moldova,MDA,2001,2
Moldova,MDA,2002,2
Moldova,MDA,2003,2
Moldova,MDA,2004,2
Moldova,MDA,2005,2
Moldova,MDA,2006,2
Moldova,MDA,2007,2
Moldova,MDA,2008,2
Moldova,MDA,2009,2
Moldova,MDA,2010,2
Moldova,MDA,2011,2
Moldova,MDA,2012,2
Moldova,MDA,2013,2
Moldova,MDA,2014,2
Moldova,MDA,2015,2
Moldova,MDA,2016,2
Moldova,MDA,2017,2
Moldova,MDA,2018,2
Mongolia,MNG,1924,0
Mongolia,MNG,1925,0
Mongolia,MNG,1926,0
Mongolia,MNG,1927,0
Mongolia,MNG,1928,0
Mongolia,MNG,1929,0
Mongolia,MNG,1930,0
Mongolia,MNG,1931,0
Mongolia,MNG,1932,0
Mongolia,MNG,1933,0
Mongolia,MNG,1934,0
Mongolia,MNG,1935,0
Mongolia,MNG,1936,0
Mongolia,MNG,1937,0
Mongolia,MNG,1938,0
Mongolia,MNG,1939,0
Mongolia,MNG,1940,0
Mongolia,MNG,1941,0
Mongolia,MNG,1942,0
Mongolia,MNG,1943,0
Mongolia,MNG,1944,0
Mongolia,MNG,1945,0
Mongolia,MNG,1946,0
Mongolia,MNG,1947,0
Mongolia,MNG,1948,0
Mongolia,MNG,1949,0
Mongolia,MNG,1950,0
Mongolia,MNG,1951,0
Mongolia,MNG,1952,0
Mongolia,MNG,1953,0
Mongolia,MNG,1954,0
Mongolia,MNG,1955,0
Mongolia,MNG,1956,0
Mongolia,MNG,1957,0
Mongolia,MNG,1958,0
Mongolia,MNG,1959,0
Mongolia,MNG,1960,0
Mongolia,MNG,1961,0
Mongolia,MNG,1962,0
Mongolia,MNG,1963,0
Mongolia,MNG,1964,0
Mongolia,MNG,1965,0
Mongolia,MNG,1966,0
Mongolia,MNG,1967,0
Mongolia,MNG,1968,0
Mongolia,MNG,1969,0
Mongolia,MNG,1970,0
Mongolia,MNG,1971,0
Mongolia,MNG,1972,0
Mongolia,MNG,1973,0
Mongolia,MNG,1974,0
Mongolia,MNG,1975,0
Mongolia,MNG,1976,0
Mongolia,MNG,1977,0
Mongolia,MNG,1978,0
Mongolia,MNG,1979,0
Mongolia,MNG,1980,0
Mongolia,MNG,1981,0
Mongolia,MNG,1982,0
Mongolia,MNG,1983,0
Mongolia,MNG,1984,0
Mongolia,MNG,1985,0
Mongolia,MNG,1986,0
Mongolia,MNG,1987,0
Mongolia,MNG,1988,0
Mongolia,MNG,1989,0
Mongolia,MNG,1990,1
Mongolia,MNG,1991,1
Mongolia,MNG,1992,2
Mongolia,MNG,1993,2
Mongolia,MNG,1994,2
Mongolia,MNG,1995,2
Mongolia,MNG,1996,2
Mongolia,MNG,1997,2
Mongolia,MNG,1998,2
Mongolia,MNG,1999,2
Mongolia,MNG,2000,2
Mongolia,MNG,2001,2
Mongolia,MNG,2002,2
Mongolia,MNG,2003,2
Mongolia,MNG,2004,2
Mongolia,MNG,2005,2
Mongolia,MNG,2006,2
Mongolia,MNG,2007,2
Mongolia,MNG,2008,2
Mongolia,MNG,2009,2
Mongolia,MNG,2010,2
Mongolia,MNG,2011,2
Mongolia,MNG,2012,2
Mongolia,MNG,2013,2
Mongolia,MNG,2014,2
Mongolia,MNG,2015,2
Mongolia,MNG,2016,2
Mongolia,MNG,2017,2
Mongolia,MNG,2018,2
Montenegro,MNE,1921,1
Montenegro,MNE,1922,1
Montenegro,MNE,1923,1
Montenegro,MNE,1924,1
Montenegro,MNE,1925,1
Montenegro,MNE,1926,1
Montenegro,MNE,1927,1
Montenegro,MNE,1928,1
Montenegro,MNE,1929,0
Montenegro,MNE,1930,0
Montenegro,MNE,1931,0
Montenegro,MNE,1932,0
Montenegro,MNE,1933,0
Montenegro,MNE,1934,0
Montenegro,MNE,1935,0
Montenegro,MNE,1936,0
Montenegro,MNE,1937,1
Montenegro,MNE,1938,1
Montenegro,MNE,1939,1
Montenegro,MNE,1940,1
Montenegro,MNE,1941,1
Montenegro,MNE,1942,1
Montenegro,MNE,1943,1
Montenegro,MNE,1944,1
Montenegro,MNE,1945,0
Montenegro,MNE,1946,0
Montenegro,MNE,1947,0
Montenegro,MNE,1948,0
Montenegro,MNE,1949,0
Montenegro,MNE,1950,0
Montenegro,MNE,1951,0
Montenegro,MNE,1952,0
Montenegro,MNE,1953,0
Montenegro,MNE,1954,0
Montenegro,MNE,1955,0
Montenegro,MNE,1956,0
Montenegro,MNE,1957,0
Montenegro,MNE,1958,0
Montenegro,MNE,1959,0
Montenegro,MNE,1960,0
Montenegro,MNE,1961,0
Montenegro,MNE,1962,0
Montenegro,MNE,1963,0
Montenegro,MNE,1964,0
Montenegro,MNE,1965,0
Montenegro,MNE,1966,0
Montenegro,MNE,1967,0
Montenegro,MNE,1968,0
Montenegro,MNE,1969,0
Montenegro,MNE,1970,0
Montenegro,MNE,1971,0
Montenegro,MNE,1972,0
Montenegro,MNE,1973,0
Montenegro,MNE,1974,0
Montenegro,MNE,1975,0
Montenegro,MNE,1976,0
Montenegro,MNE,1977,0
Montenegro,MNE,1978,0
Montenegro,MNE,1979,0
Montenegro,MNE,1980,1
Montenegro,MNE,1981,1
Montenegro,MNE,1982,1
Montenegro,MNE,1983,1
Montenegro,MNE,1984,1
Montenegro,MNE,1985,1
Montenegro,MNE,1986,1
Montenegro,MNE,1987,1
Montenegro,MNE,1988,1
Montenegro,MNE,1989,1
Montenegro,MNE,1990,1
Montenegro,MNE,1991,1
Montenegro,MNE,1992,1
Montenegro,MNE,1993,0
Montenegro,MNE,1994,0
Montenegro,MNE,1995,0
Montenegro,MNE,1996,0
Montenegro,MNE,1997,0
Montenegro,MNE,1998,0
Montenegro,MNE,1999,0
Montenegro,MNE,2000,2
Montenegro,MNE,2001,2
Montenegro,MNE,2002,2
Montenegro,MNE,2003,2
Montenegro,MNE,2004,2
Montenegro,MNE,2005,2
Montenegro,MNE,2006,2
Montenegro,MNE,2007,2
Montenegro,MNE,2008,2
Montenegro,MNE,2009,2
Montenegro,MNE,2010,2
Montenegro,MNE,2011,2
Montenegro,MNE,2012,2
Montenegro,MNE,2013,2
Montenegro,MNE,2014,2
Montenegro,MNE,2015,2
Montenegro,MNE,2016,2
Montenegro,MNE,2017,2
Montenegro,MNE,2018,2
Morocco,MAR,1800,0
Morocco,MAR,1801,0
Morocco,MAR,1802,0
Morocco,MAR,1803,0
Morocco,MAR,1804,0
Morocco,MAR,1805,0
Morocco,MAR,1806,0
Morocco,MAR,1807,0
Morocco,MAR,1808,0
Morocco,MAR,1809,0
Morocco,MAR,1810,0
Morocco,MAR,1811,0
Morocco,MAR,1812,0
Morocco,MAR,1813,0
Morocco,MAR,1814,0
Morocco,MAR,1815,0
Morocco,MAR,1816,0
Morocco,MAR,1817,0
Morocco,MAR,1818,0
Morocco,MAR,1819,0
Morocco,MAR,1820,0
Morocco,MAR,1821,0
Morocco,MAR,1822,0
Morocco,MAR,1823,0
Morocco,MAR,1824,0
Morocco,MAR,1825,0
Morocco,MAR,1826,0
Morocco,MAR,1827,0
Morocco,MAR,1828,0
Morocco,MAR,1829,0
Morocco,MAR,1830,0
Morocco,MAR,1831,0
Morocco,MAR,1832,0
Morocco,MAR,1833,0
Morocco,MAR,1834,0
Morocco,MAR,1835,0
Morocco,MAR,1836,0
Morocco,MAR,1837,0
Morocco,MAR,1838,0
Morocco,MAR,1839,0
Morocco,MAR,1840,0
Morocco,MAR,1841,0
Morocco,MAR,1842,0
Morocco,MAR,1843,0
Morocco,MAR,1844,0
Morocco,MAR,1845,0
Morocco,MAR,1846,0
Morocco,MAR,1847,0
Morocco,MAR,1848,0
Morocco,MAR,1849,0
Morocco,MAR,1850,0
Morocco,MAR,1851,0
Morocco,MAR,1852,0
Morocco,MAR,1853,0
Morocco,MAR,1854,0
Morocco,MAR,1855,0
Morocco,MAR,1856,0
Morocco,MAR,1857,0
Morocco,MAR,1858,0
Morocco,MAR,1859,0
Morocco,MAR,1860,0
Morocco,MAR,1861,0
Morocco,MAR,1862,0
Morocco,MAR,1863,0
Morocco,MAR,1864,0
Morocco,MAR,1865,0
Morocco,MAR,1866,0
Morocco,MAR,1867,0
Morocco,MAR,1868,0
Morocco,MAR,1869,0
Morocco,MAR,1870,0
Morocco,MAR,1871,0
Morocco,MAR,1872,0
Morocco,MAR,1873,0
Morocco,MAR,1874,0
Morocco,MAR,1875,0
Morocco,MAR,1876,0
Morocco,MAR,1877,0
Morocco,MAR,1878,0
Morocco,MAR,1879,0
Morocco,MAR,1880,0
Morocco,MAR,1881,0
Morocco,MAR,1882,0
Morocco,MAR,1883,0
Morocco,MAR,1884,0
Morocco,MAR,1885,0
Morocco,MAR,1886,0
Morocco,MAR,1887,0
Morocco,MAR,1888,0
Morocco,MAR,1889,0
Morocco,MAR,1890,0
Morocco,MAR,1891,0
Morocco,MAR,1892,0
Morocco,MAR,1893,0
Morocco,MAR,1894,0
Morocco,MAR,1895,0
Morocco,MAR,1896,0
Morocco,MAR,1897,0
Morocco,MAR,1898,0
Morocco,MAR,1899,0
Morocco,MAR,1900,0
Morocco,MAR,1901,0
Morocco,MAR,1902,0
Morocco,MAR,1903,0
Morocco,MAR,1904,0
Morocco,MAR,1905,0
Morocco,MAR,1906,0
Morocco,MAR,1907,0
Morocco,MAR,1908,0
Morocco,MAR,1909,0
Morocco,MAR,1910,0
Morocco,MAR,1911,0
Morocco,MAR,1912,0
Morocco,MAR,1956,1
Morocco,MAR,1957,1
Morocco,MAR,1958,1
Morocco,MAR,1959,1
Morocco,MAR,1960,1
Morocco,MAR,1961,1
Morocco,MAR,1962,1
Morocco,MAR,1963,1
Morocco,MAR,1964,1
Morocco,MAR,1965,0
Morocco,MAR,1966,0
Morocco,MAR,1967,0
Morocco,MAR,1968,0
Morocco,MAR,1969,0
Morocco,MAR,1970,0
Morocco,MAR,1971,0
Morocco,MAR,1972,0
Morocco,MAR,1973,0
Morocco,MAR,1974,0
Morocco,MAR,1975,0
Morocco,MAR,1976,0
Morocco,MAR,1977,0
Morocco,MAR,1978,0
Morocco,MAR,1979,0
Morocco,MAR,1980,0
Morocco,MAR,1981,0
Morocco,MAR,1982,0
Morocco,MAR,1983,0
Morocco,MAR,1984,0
Morocco,MAR,1985,0
Morocco,MAR,1986,0
Morocco,MAR,1987,0
Morocco,MAR,1988,0
Morocco,MAR,1989,0
Morocco,MAR,1990,0
Morocco,MAR,1991,0
Morocco,MAR,1992,0
Morocco,MAR,1993,0
Morocco,MAR,1994,0
Morocco,MAR,1995,0
Morocco,MAR,1996,0
Morocco,MAR,1997,0
Morocco,MAR,1998,0
Morocco,MAR,1999,0
Morocco,MAR,2000,0
Morocco,MAR,2001,0
Morocco,MAR,2002,0
Morocco,MAR,2003,0
Morocco,MAR,2004,0
Morocco,MAR,2005,0
Morocco,MAR,2006,0
Morocco,MAR,2007,0
Morocco,MAR,2008,0
Morocco,MAR,2009,0
Morocco,MAR,2010,0
Morocco,MAR,2011,1
Morocco,MAR,2012,1
Morocco,MAR,2013,1
Morocco,MAR,2014,1
Morocco,MAR,2015,1
Morocco,MAR,2016,1
Morocco,MAR,2017,1
Morocco,MAR,2018,1
Mozambique,MOZ,1975,0
Mozambique,MOZ,1976,0
Mozambique,MOZ,1977,0
Mozambique,MOZ,1978,0
Mozambique,MOZ,1979,0
Mozambique,MOZ,1980,0
Mozambique,MOZ,1981,0
Mozambique,MOZ,1982,0
Mozambique,MOZ,1983,0
Mozambique,MOZ,1984,0
Mozambique,MOZ,1985,0
Mozambique,MOZ,1986,0
Mozambique,MOZ,1987,0
Mozambique,MOZ,1988,0
Mozambique,MOZ,1989,0
Mozambique,MOZ,1990,0
Mozambique,MOZ,1991,0
Mozambique,MOZ,1992,0
Mozambique,MOZ,1993,0
Mozambique,MOZ,1994,1
Mozambique,MOZ,1995,1
Mozambique,MOZ,1996,1
Mozambique,MOZ,1997,1
Mozambique,MOZ,1998,1
Mozambique,MOZ,1999,1
Mozambique,MOZ,2000,1
Mozambique,MOZ,2001,1
Mozambique,MOZ,2002,1
Mozambique,MOZ,2003,1
Mozambique,MOZ,2004,1
Mozambique,MOZ,2005,1
Mozambique,MOZ,2006,1
Mozambique,MOZ,2007,1
Mozambique,MOZ,2008,1
Mozambique,MOZ,2009,1
Mozambique,MOZ,2010,1
Mozambique,MOZ,2011,1
Mozambique,MOZ,2012,1
Mozambique,MOZ,2013,1
Mozambique,MOZ,2014,1
Mozambique,MOZ,2015,1
Mozambique,MOZ,2016,1
Mozambique,MOZ,2017,1
Mozambique,MOZ,2018,1
Myanmar,MMR,1948,2
Myanmar,MMR,1949,2
Myanmar,MMR,1950,2
Myanmar,MMR,1951,2
Myanmar,MMR,1952,2
Myanmar,MMR,1953,2
Myanmar,MMR,1954,2
Myanmar,MMR,1955,2
Myanmar,MMR,1956,2
Myanmar,MMR,1957,2
Myanmar,MMR,1958,1
Myanmar,MMR,1959,1
Myanmar,MMR,1960,1
Myanmar,MMR,1961,1
Myanmar,MMR,1962,0
Myanmar,MMR,1963,0
Myanmar,MMR,1964,0
Myanmar,MMR,1965,0
Myanmar,MMR,1966,0
Myanmar,MMR,1967,0
Myanmar,MMR,1968,0
Myanmar,MMR,1969,0
Myanmar,MMR,1970,0
Myanmar,MMR,1971,0
Myanmar,MMR,1972,0
Myanmar,MMR,1973,0
Myanmar,MMR,1974,0
Myanmar,MMR,1975,0
Myanmar,MMR,1976,0
Myanmar,MMR,1977,0
Myanmar,MMR,1978,0
Myanmar,MMR,1979,0
Myanmar,MMR,1980,0
Myanmar,MMR,1981,0
Myanmar,MMR,1982,0
Myanmar,MMR,1983,0
Myanmar,MMR,1984,0
Myanmar,MMR,1985,0
Myanmar,MMR,1986,0
Myanmar,MMR,1987,0
Myanmar,MMR,1988,1
Myanmar,MMR,1989,1
Myanmar,MMR,1990,1
Myanmar,MMR,1991,1
Myanmar,MMR,1992,1
Myanmar,MMR,1993,1
Myanmar,MMR,1994,1
Myanmar,MMR,1995,1
Myanmar,MMR,1996,1
Myanmar,MMR,1997,1
Myanmar,MMR,1998,1
Myanmar,MMR,1999,1
Myanmar,MMR,2000,1
Myanmar,MMR,2001,1
Myanmar,MMR,2002,1
Myanmar,MMR,2003,1
Myanmar,MMR,2004,0
Myanmar,MMR,2005,0
Myanmar,MMR,2006,0
Myanmar,MMR,2007,0
Myanmar,MMR,2008,0
Myanmar,MMR,2009,0
Myanmar,MMR,2010,0
Myanmar,MMR,2011,1
Myanmar,MMR,2012,1
Myanmar,MMR,2013,1
Myanmar,MMR,2014,1
Myanmar,MMR,2015,1
Myanmar,MMR,2016,2
Myanmar,MMR,2017,2
Myanmar,MMR,2018,2
Namibia,NAM,1990,2
Namibia,NAM,1991,2
Namibia,NAM,1992,2
Namibia,NAM,1993,2
Namibia,NAM,1994,2
Namibia,NAM,1995,2
Namibia,NAM,1996,2
Namibia,NAM,1997,2
Namibia,NAM,1998,2
Namibia,NAM,1999,2
Namibia,NAM,2000,2
Namibia,NAM,2001,2
Namibia,NAM,2002,2
Namibia,NAM,2003,2
Namibia,NAM,2004,2
Namibia,NAM,2005,2
Namibia,NAM,2006,2
Namibia,NAM,2007,2
Namibia,NAM,2008,2
Namibia,NAM,2009,2
Namibia,NAM,2010,2
Namibia,NAM,2011,2
Namibia,NAM,2012,2
Namibia,NAM,2013,2
Namibia,NAM,2014,2
Namibia,NAM,2015,2
Namibia,NAM,2016,2
Namibia,NAM,2017,2
Namibia,NAM,2018,2
Nepal,NPL,1800,0
Nepal,NPL,1801,0
Nepal,NPL,1802,0
Nepal,NPL,1803,0
Nepal,NPL,1804,0
Nepal,NPL,1805,0
Nepal,NPL,1806,0
Nepal,NPL,1807,0
Nepal,NPL,1808,0
Nepal,NPL,1809,0
Nepal,NPL,1810,0
Nepal,NPL,1811,0
Nepal,NPL,1812,0
Nepal,NPL,1813,0
Nepal,NPL,1814,0
Nepal,NPL,1815,0
Nepal,NPL,1816,0
Nepal,NPL,1817,0
Nepal,NPL,1818,0
Nepal,NPL,1819,0
Nepal,NPL,1820,0
Nepal,NPL,1821,0
Nepal,NPL,1822,0
Nepal,NPL,1823,0
Nepal,NPL,1824,0
Nepal,NPL,1825,0
Nepal,NPL,1826,0
Nepal,NPL,1827,0
Nepal,NPL,1828,0
Nepal,NPL,1829,0
Nepal,NPL,1830,0
Nepal,NPL,1831,0
Nepal,NPL,1832,0
Nepal,NPL,1833,0
Nepal,NPL,1834,0
Nepal,NPL,1835,0
Nepal,NPL,1836,0
Nepal,NPL,1837,0
Nepal,NPL,1838,0
Nepal,NPL,1839,0
Nepal,NPL,1840,0
Nepal,NPL,1841,0
Nepal,NPL,1842,0
Nepal,NPL,1843,0
Nepal,NPL,1844,0
Nepal,NPL,1845,0
Nepal,NPL,1846,1
Nepal,NPL,1847,1
Nepal,NPL,1848,1
Nepal,NPL,1849,1
Nepal,NPL,1850,1
Nepal,NPL,1851,1
Nepal,NPL,1852,1
Nepal,NPL,1853,1
Nepal,NPL,1854,1
Nepal,NPL,1855,1
Nepal,NPL,1856,1
Nepal,NPL,1857,1
Nepal,NPL,1858,1
Nepal,NPL,1859,1
Nepal,NPL,1860,1
Nepal,NPL,1861,1
Nepal,NPL,1862,1
Nepal,NPL,1863,1
Nepal,NPL,1864,1
Nepal,NPL,1865,1
Nepal,NPL,1866,1
Nepal,NPL,1867,1
Nepal,NPL,1868,1
Nepal,NPL,1869,1
Nepal,NPL,1870,1
Nepal,NPL,1871,1
Nepal,NPL,1872,1
Nepal,NPL,1873,1
Nepal,NPL,1874,1
Nepal,NPL,1875,1
Nepal,NPL,1876,1
Nepal,NPL,1877,1
Nepal,NPL,1878,1
Nepal,NPL,1879,1
Nepal,NPL,1880,1
Nepal,NPL,1881,1
Nepal,NPL,1882,1
Nepal,NPL,1883,1
Nepal,NPL,1884,1
Nepal,NPL,1885,1
Nepal,NPL,1886,1
Nepal,NPL,1887,1
Nepal,NPL,1888,1
Nepal,NPL,1889,1
Nepal,NPL,1890,1
Nepal,NPL,1891,1
Nepal,NPL,1892,1
Nepal,NPL,1893,1
Nepal,NPL,1894,1
Nepal,NPL,1895,1
Nepal,NPL,1896,1
Nepal,NPL,1897,1
Nepal,NPL,1898,1
Nepal,NPL,1899,1
Nepal,NPL,1900,1
Nepal,NPL,1901,1
Nepal,NPL,1902,1
Nepal,NPL,1903,1
Nepal,NPL,1904,1
Nepal,NPL,1905,1
Nepal,NPL,1906,1
Nepal,NPL,1907,1
Nepal,NPL,1908,1
Nepal,NPL,1909,1
Nepal,NPL,1910,1
Nepal,NPL,1911,1
Nepal,NPL,1912,1
Nepal,NPL,1913,1
Nepal,NPL,1914,1
Nepal,NPL,1915,1
Nepal,NPL,1916,1
Nepal,NPL,1917,1
Nepal,NPL,1918,1
Nepal,NPL,1919,1
Nepal,NPL,1920,1
Nepal,NPL,1921,1
Nepal,NPL,1922,1
Nepal,NPL,1923,1
Nepal,NPL,1924,1
Nepal,NPL,1925,1
Nepal,NPL,1926,1
Nepal,NPL,1927,1
Nepal,NPL,1928,1
Nepal,NPL,1929,1
Nepal,NPL,1930,1
Nepal,NPL,1931,1
Nepal,NPL,1932,1
Nepal,NPL,1933,1
Nepal,NPL,1934,1
Nepal,NPL,1935,1
Nepal,NPL,1936,1
Nepal,NPL,1937,1
Nepal,NPL,1938,1
Nepal,NPL,1939,1
Nepal,NPL,1940,1
Nepal,NPL,1941,1
Nepal,NPL,1942,1
Nepal,NPL,1943,1
Nepal,NPL,1944,1
Nepal,NPL,1945,1
Nepal,NPL,1946,1
Nepal,NPL,1947,1
Nepal,NPL,1948,1
Nepal,NPL,1949,1
Nepal,NPL,1950,1
Nepal,NPL,1951,0
Nepal,NPL,1952,0
Nepal,NPL,1953,0
Nepal,NPL,1954,0
Nepal,NPL,1955,0
Nepal,NPL,1956,0
Nepal,NPL,1957,1
Nepal,NPL,1958,1
Nepal,NPL,1959,1
Nepal,NPL,1960,0
Nepal,NPL,1961,0
Nepal,NPL,1962,0
Nepal,NPL,1963,0
Nepal,NPL,1964,0
Nepal,NPL,1965,0
Nepal,NPL,1966,0
Nepal,NPL,1967,0
Nepal,NPL,1968,0
Nepal,NPL,1969,0
Nepal,NPL,1970,0
Nepal,NPL,1971,0
Nepal,NPL,1972,0
Nepal,NPL,1973,0
Nepal,NPL,1974,0
Nepal,NPL,1975,0
Nepal,NPL,1976,0
Nepal,NPL,1977,0
Nepal,NPL,1978,0
Nepal,NPL,1979,0
Nepal,NPL,1980,0
Nepal,NPL,1981,1
Nepal,NPL,1982,1
Nepal,NPL,1983,1
Nepal,NPL,1984,1
Nepal,NPL,1985,1
Nepal,NPL,1986,1
Nepal,NPL,1987,1
Nepal,NPL,1988,1
Nepal,NPL,1989,1
Nepal,NPL,1990,1
Nepal,NPL,1991,1
Nepal,NPL,1992,1
Nepal,NPL,1993,1
Nepal,NPL,1994,1
Nepal,NPL,1995,1
Nepal,NPL,1996,1
Nepal,NPL,1997,1
Nepal,NPL,1998,1
Nepal,NPL,1999,2
Nepal,NPL,2000,2
Nepal,NPL,2001,2
Nepal,NPL,2002,0
Nepal,NPL,2003,0
Nepal,NPL,2004,0
Nepal,NPL,2005,0
Nepal,NPL,2006,2
Nepal,NPL,2007,2
Nepal,NPL,2008,2
Nepal,NPL,2009,2
Nepal,NPL,2010,2
Nepal,NPL,2011,2
Nepal,NPL,2012,2
Nepal,NPL,2013,2
Nepal,NPL,2014,2
Nepal,NPL,2015,2
Nepal,NPL,2016,2
Nepal,NPL,2017,2
Nepal,NPL,2018,2
Netherlands,NLD,1815,0
Netherlands,NLD,1816,0
Netherlands,NLD,1817,0
Netherlands,NLD,1818,0
Netherlands,NLD,1819,0
Netherlands,NLD,1820,0
Netherlands,NLD,1821,0
Netherlands,NLD,1822,0
Netherlands,NLD,1823,0
Netherlands,NLD,1824,0
Netherlands,NLD,1825,0
Netherlands,NLD,1826,0
Netherlands,NLD,1827,0
Netherlands,NLD,1828,0
Netherlands,NLD,1829,0
Netherlands,NLD,1830,0
Netherlands,NLD,1831,0
Netherlands,NLD,1832,0
Netherlands,NLD,1833,0
Netherlands,NLD,1834,0
Netherlands,NLD,1835,0
Netherlands,NLD,1836,0
Netherlands,NLD,1837,0
Netherlands,NLD,1838,0
Netherlands,NLD,1839,0
Netherlands,NLD,1840,0
Netherlands,NLD,1841,0
Netherlands,NLD,1842,0
Netherlands,NLD,1843,0
Netherlands,NLD,1844,0
Netherlands,NLD,1845,0
Netherlands,NLD,1846,0
Netherlands,NLD,1847,0
Netherlands,NLD,1848,1
Netherlands,NLD,1849,1
Netherlands,NLD,1850,1
Netherlands,NLD,1851,1
Netherlands,NLD,1852,1
Netherlands,NLD,1853,1
Netherlands,NLD,1854,1
Netherlands,NLD,1855,1
Netherlands,NLD,1856,1
Netherlands,NLD,1857,1
Netherlands,NLD,1858,1
Netherlands,NLD,1859,1
Netherlands,NLD,1860,1
Netherlands,NLD,1861,1
Netherlands,NLD,1862,1
Netherlands,NLD,1863,1
Netherlands,NLD,1864,1
Netherlands,NLD,1865,1
Netherlands,NLD,1866,1
Netherlands,NLD,1867,1
Netherlands,NLD,1868,1
Netherlands,NLD,1869,1
Netherlands,NLD,1870,1
Netherlands,NLD,1871,1
Netherlands,NLD,1872,1
Netherlands,NLD,1873,1
Netherlands,NLD,1874,1
Netherlands,NLD,1875,1
Netherlands,NLD,1876,1
Netherlands,NLD,1877,1
Netherlands,NLD,1878,1
Netherlands,NLD,1879,1
Netherlands,NLD,1880,1
Netherlands,NLD,1881,1
Netherlands,NLD,1882,1
Netherlands,NLD,1883,1
Netherlands,NLD,1884,1
Netherlands,NLD,1885,1
Netherlands,NLD,1886,1
Netherlands,NLD,1887,1
Netherlands,NLD,1888,1
Netherlands,NLD,1889,1
Netherlands,NLD,1890,1
Netherlands,NLD,1891,1
Netherlands,NLD,1892,1
Netherlands,NLD,1893,1
Netherlands,NLD,1894,1
Netherlands,NLD,1895,1
Netherlands,NLD,1896,1
Netherlands,NLD,1897,1
Netherlands,NLD,1898,1
Netherlands,NLD,1899,1
Netherlands,NLD,1900,1
Netherlands,NLD,1901,1
Netherlands,NLD,1902,1
Netherlands,NLD,1903,1
Netherlands,NLD,1904,1
Netherlands,NLD,1905,1
Netherlands,NLD,1906,1
Netherlands,NLD,1907,1
Netherlands,NLD,1908,1
Netherlands,NLD,1909,1
Netherlands,NLD,1910,1
Netherlands,NLD,1911,1
Netherlands,NLD,1912,1
Netherlands,NLD,1913,1
Netherlands,NLD,1914,1
Netherlands,NLD,1915,1
Netherlands,NLD,1916,1
Netherlands,NLD,1917,2
Netherlands,NLD,1918,2
Netherlands,NLD,1919,2
Netherlands,NLD,1920,2
Netherlands,NLD,1921,2
Netherlands,NLD,1922,2
Netherlands,NLD,1923,2
Netherlands,NLD,1924,2
Netherlands,NLD,1925,2
Netherlands,NLD,1926,2
Netherlands,NLD,1927,2
Netherlands,NLD,1928,2
Netherlands,NLD,1929,2
Netherlands,NLD,1930,2
Netherlands,NLD,1931,2
Netherlands,NLD,1932,2
Netherlands,NLD,1933,2
Netherlands,NLD,1934,2
Netherlands,NLD,1935,2
Netherlands,NLD,1936,2
Netherlands,NLD,1937,2
Netherlands,NLD,1938,2
Netherlands,NLD,1939,2
Netherlands,NLD,1945,2
Netherlands,NLD,1946,2
Netherlands,NLD,1947,2
Netherlands,NLD,1948,2
Netherlands,NLD,1949,2
Netherlands,NLD,1950,2
Netherlands,NLD,1951,2
Netherlands,NLD,1952,2
Netherlands,NLD,1953,2
Netherlands,NLD,1954,2
Netherlands,NLD,1955,2
Netherlands,NLD,1956,2
Netherlands,NLD,1957,2
Netherlands,NLD,1958,2
Netherlands,NLD,1959,2
Netherlands,NLD,1960,2
Netherlands,NLD,1961,2
Netherlands,NLD,1962,2
Netherlands,NLD,1963,2
Netherlands,NLD,1964,2
Netherlands,NLD,1965,2
Netherlands,NLD,1966,2
Netherlands,NLD,1967,2
Netherlands,NLD,1968,2
Netherlands,NLD,1969,2
Netherlands,NLD,1970,2
Netherlands,NLD,1971,2
Netherlands,NLD,1972,2
Netherlands,NLD,1973,2
Netherlands,NLD,1974,2
Netherlands,NLD,1975,2
Netherlands,NLD,1976,2
Netherlands,NLD,1977,2
Netherlands,NLD,1978,2
Netherlands,NLD,1979,2
Netherlands,NLD,1980,2
Netherlands,NLD,1981,2
Netherlands,NLD,1982,2
Netherlands,NLD,1983,2
Netherlands,NLD,1984,2
Netherlands,NLD,1985,2
Netherlands,NLD,1986,2
Netherlands,NLD,1987,2
Netherlands,NLD,1988,2
Netherlands,NLD,1989,2
Netherlands,NLD,1990,2
Netherlands,NLD,1991,2
Netherlands,NLD,1992,2
Netherlands,NLD,1993,2
Netherlands,NLD,1994,2
Netherlands,NLD,1995,2
Netherlands,NLD,1996,2
Netherlands,NLD,1997,2
Netherlands,NLD,1998,2
Netherlands,NLD,1999,2
Netherlands,NLD,2000,2
Netherlands,NLD,2001,2
Netherlands,NLD,2002,2
Netherlands,NLD,2003,2
Netherlands,NLD,2004,2
Netherlands,NLD,2005,2
Netherlands,NLD,2006,2
Netherlands,NLD,2007,2
Netherlands,NLD,2008,2
Netherlands,NLD,2009,2
Netherlands,NLD,2010,2
Netherlands,NLD,2011,2
Netherlands,NLD,2012,2
Netherlands,NLD,2013,2
Netherlands,NLD,2014,2
Netherlands,NLD,2015,2
Netherlands,NLD,2016,2
Netherlands,NLD,2017,2
Netherlands,NLD,2018,2
New Zealand,NZL,1857,2
New Zealand,NZL,1858,2
New Zealand,NZL,1859,2
New Zealand,NZL,1860,2
New Zealand,NZL,1861,2
New Zealand,NZL,1862,2
New Zealand,NZL,1863,2
New Zealand,NZL,1864,2
New Zealand,NZL,1865,2
New Zealand,NZL,1866,2
New Zealand,NZL,1867,2
New Zealand,NZL,1868,2
New Zealand,NZL,1869,2
New Zealand,NZL,1870,2
New Zealand,NZL,1871,2
New Zealand,NZL,1872,2
New Zealand,NZL,1873,2
New Zealand,NZL,1874,2
New Zealand,NZL,1875,2
New Zealand,NZL,1876,1
New Zealand,NZL,1877,2
New Zealand,NZL,1878,2
New Zealand,NZL,1879,2
New Zealand,NZL,1880,2
New Zealand,NZL,1881,2
New Zealand,NZL,1882,2
New Zealand,NZL,1883,2
New Zealand,NZL,1884,2
New Zealand,NZL,1885,2
New Zealand,NZL,1886,2
New Zealand,NZL,1887,2
New Zealand,NZL,1888,2
New Zealand,NZL,1889,2
New Zealand,NZL,1890,2
New Zealand,NZL,1891,2
New Zealand,NZL,1892,2
New Zealand,NZL,1893,2
New Zealand,NZL,1894,2
New Zealand,NZL,1895,2
New Zealand,NZL,1896,2
New Zealand,NZL,1897,2
New Zealand,NZL,1898,2
New Zealand,NZL,1899,2
New Zealand,NZL,1900,2
New Zealand,NZL,1901,2
New Zealand,NZL,1902,2
New Zealand,NZL,1903,2
New Zealand,NZL,1904,2
New Zealand,NZL,1905,2
New Zealand,NZL,1906,2
New Zealand,NZL,1907,2
New Zealand,NZL,1908,2
New Zealand,NZL,1909,2
New Zealand,NZL,1910,2
New Zealand,NZL,1911,2
New Zealand,NZL,1912,2
New Zealand,NZL,1913,2
New Zealand,NZL,1914,2
New Zealand,NZL,1915,2
New Zealand,NZL,1916,2
New Zealand,NZL,1917,2
New Zealand,NZL,1918,2
New Zealand,NZL,1919,2
New Zealand,NZL,1920,2
New Zealand,NZL,1921,2
New Zealand,NZL,1922,2
New Zealand,NZL,1923,2
New Zealand,NZL,1924,2
New Zealand,NZL,1925,2
New Zealand,NZL,1926,2
New Zealand,NZL,1927,2
New Zealand,NZL,1928,2
New Zealand,NZL,1929,2
New Zealand,NZL,1930,2
New Zealand,NZL,1931,2
New Zealand,NZL,1932,2
New Zealand,NZL,1933,2
New Zealand,NZL,1934,2
New Zealand,NZL,1935,2
New Zealand,NZL,1936,2
New Zealand,NZL,1937,2
New Zealand,NZL,1938,2
New Zealand,NZL,1939,2
New Zealand,NZL,1940,2
New Zealand,NZL,1941,2
New Zealand,NZL,1942,2
New Zealand,NZL,1943,2
New Zealand,NZL,1944,2
New Zealand,NZL,1945,2
New Zealand,NZL,1946,2
New Zealand,NZL,1947,2
New Zealand,NZL,1948,2
New Zealand,NZL,1949,2
New Zealand,NZL,1950,2
New Zealand,NZL,1951,2
New Zealand,NZL,1952,2
New Zealand,NZL,1953,2
New Zealand,NZL,1954,2
New Zealand,NZL,1955,2
New Zealand,NZL,1956,2
New Zealand,NZL,1957,2
New Zealand,NZL,1958,2
New Zealand,NZL,1959,2
New Zealand,NZL,1960,2
New Zealand,NZL,1961,2
New Zealand,NZL,1962,2
New Zealand,NZL,1963,2
New Zealand,NZL,1964,2
New Zealand,NZL,1965,2
New Zealand,NZL,1966,2
New Zealand,NZL,1967,2
New Zealand,NZL,1968,2
New Zealand,NZL,1969,2
New Zealand,NZL,1970,2
New Zealand,NZL,1971,2
New Zealand,NZL,1972,2
New Zealand,NZL,1973,2
New Zealand,NZL,1974,2
New Zealand,NZL,1975,2
New Zealand,NZL,1976,2
New Zealand,NZL,1977,2
New Zealand,NZL,1978,2
New Zealand,NZL,1979,2
New Zealand,NZL,1980,2
New Zealand,NZL,1981,2
New Zealand,NZL,1982,2
New Zealand,NZL,1983,2
New Zealand,NZL,1984,2
New Zealand,NZL,1985,2
New Zealand,NZL,1986,2
New Zealand,NZL,1987,2
New Zealand,NZL,1988,2
New Zealand,NZL,1989,2
New Zealand,NZL,1990,2
New Zealand,NZL,1991,2
New Zealand,NZL,1992,2
New Zealand,NZL,1993,2
New Zealand,NZL,1994,2
New Zealand,NZL,1995,2
New Zealand,NZL,1996,2
New Zealand,NZL,1997,2
New Zealand,NZL,1998,2
New Zealand,NZL,1999,2
New Zealand,NZL,2000,2
New Zealand,NZL,2001,2
New Zealand,NZL,2002,2
New Zealand,NZL,2003,2
New Zealand,NZL,2004,2
New Zealand,NZL,2005,2
New Zealand,NZL,2006,2
New Zealand,NZL,2007,2
New Zealand,NZL,2008,2
New Zealand,NZL,2009,2
New Zealand,NZL,2010,2
New Zealand,NZL,2011,2
New Zealand,NZL,2012,2
New Zealand,NZL,2013,2
New Zealand,NZL,2014,2
New Zealand,NZL,2015,2
New Zealand,NZL,2016,2
New Zealand,NZL,2017,2
New Zealand,NZL,2018,2
Nicaragua,NIC,1838,1
Nicaragua,NIC,1839,1
Nicaragua,NIC,1840,1
Nicaragua,NIC,1841,1
Nicaragua,NIC,1842,1
Nicaragua,NIC,1843,1
Nicaragua,NIC,1844,1
Nicaragua,NIC,1845,1
Nicaragua,NIC,1846,1
Nicaragua,NIC,1847,1
Nicaragua,NIC,1848,1
Nicaragua,NIC,1849,1
Nicaragua,NIC,1850,1
Nicaragua,NIC,1851,1
Nicaragua,NIC,1852,1
Nicaragua,NIC,1853,1
Nicaragua,NIC,1854,1
Nicaragua,NIC,1855,1
Nicaragua,NIC,1856,1
Nicaragua,NIC,1857,1
Nicaragua,NIC,1858,1
Nicaragua,NIC,1859,1
Nicaragua,NIC,1860,1
Nicaragua,NIC,1861,1
Nicaragua,NIC,1862,1
Nicaragua,NIC,1863,1
Nicaragua,NIC,1864,1
Nicaragua,NIC,1865,1
Nicaragua,NIC,1866,1
Nicaragua,NIC,1867,1
Nicaragua,NIC,1868,1
Nicaragua,NIC,1869,1
Nicaragua,NIC,1870,1
Nicaragua,NIC,1871,1
Nicaragua,NIC,1872,1
Nicaragua,NIC,1873,1
Nicaragua,NIC,1874,1
Nicaragua,NIC,1875,1
Nicaragua,NIC,1876,1
Nicaragua,NIC,1877,1
Nicaragua,NIC,1878,1
Nicaragua,NIC,1879,1
Nicaragua,NIC,1880,1
Nicaragua,NIC,1881,1
Nicaragua,NIC,1882,1
Nicaragua,NIC,1883,1
Nicaragua,NIC,1884,1
Nicaragua,NIC,1885,1
Nicaragua,NIC,1886,1
Nicaragua,NIC,1887,1
Nicaragua,NIC,1888,1
Nicaragua,NIC,1889,1
Nicaragua,NIC,1890,1
Nicaragua,NIC,1891,1
Nicaragua,NIC,1892,1
Nicaragua,NIC,1893,1
Nicaragua,NIC,1894,1
Nicaragua,NIC,1895,1
Nicaragua,NIC,1896,1
Nicaragua,NIC,1897,1
Nicaragua,NIC,1898,1
Nicaragua,NIC,1899,1
Nicaragua,NIC,1900,1
Nicaragua,NIC,1901,1
Nicaragua,NIC,1902,1
Nicaragua,NIC,1903,1
Nicaragua,NIC,1904,1
Nicaragua,NIC,1905,1
Nicaragua,NIC,1906,1
Nicaragua,NIC,1907,1
Nicaragua,NIC,1908,1
Nicaragua,NIC,1909,1
Nicaragua,NIC,1910,1
Nicaragua,NIC,1911,1
Nicaragua,NIC,1912,1
Nicaragua,NIC,1913,1
Nicaragua,NIC,1914,1
Nicaragua,NIC,1915,1
Nicaragua,NIC,1916,1
Nicaragua,NIC,1917,1
Nicaragua,NIC,1918,1
Nicaragua,NIC,1919,1
Nicaragua,NIC,1920,1
Nicaragua,NIC,1921,1
Nicaragua,NIC,1922,1
Nicaragua,NIC,1923,1
Nicaragua,NIC,1924,1
Nicaragua,NIC,1925,1
Nicaragua,NIC,1928,1
Nicaragua,NIC,1929,1
Nicaragua,NIC,1930,1
Nicaragua,NIC,1931,1
Nicaragua,NIC,1932,1
Nicaragua,NIC,1933,1
Nicaragua,NIC,1934,1
Nicaragua,NIC,1935,1
Nicaragua,NIC,1936,0
Nicaragua,NIC,1937,0
Nicaragua,NIC,1938,0
Nicaragua,NIC,1939,0
Nicaragua,NIC,1940,0
Nicaragua,NIC,1941,0
Nicaragua,NIC,1942,0
Nicaragua,NIC,1943,0
Nicaragua,NIC,1944,0
Nicaragua,NIC,1945,0
Nicaragua,NIC,1946,0
Nicaragua,NIC,1947,0
Nicaragua,NIC,1948,0
Nicaragua,NIC,1949,0
Nicaragua,NIC,1950,0
Nicaragua,NIC,1951,0
Nicaragua,NIC,1952,0
Nicaragua,NIC,1953,0
Nicaragua,NIC,1954,0
Nicaragua,NIC,1955,0
Nicaragua,NIC,1956,0
Nicaragua,NIC,1957,0
Nicaragua,NIC,1958,0
Nicaragua,NIC,1959,0
Nicaragua,NIC,1960,0
Nicaragua,NIC,1961,0
Nicaragua,NIC,1962,0
Nicaragua,NIC,1963,0
Nicaragua,NIC,1964,0
Nicaragua,NIC,1965,0
Nicaragua,NIC,1966,0
Nicaragua,NIC,1967,0
Nicaragua,NIC,1968,0
Nicaragua,NIC,1969,0
Nicaragua,NIC,1970,0
Nicaragua,NIC,1971,0
Nicaragua,NIC,1972,0
Nicaragua,NIC,1973,0
Nicaragua,NIC,1974,0
Nicaragua,NIC,1975,0
Nicaragua,NIC,1976,0
Nicaragua,NIC,1977,0
Nicaragua,NIC,1978,0
Nicaragua,NIC,1979,1
Nicaragua,NIC,1980,1
Nicaragua,NIC,1981,1
Nicaragua,NIC,1982,1
Nicaragua,NIC,1983,1
Nicaragua,NIC,1984,1
Nicaragua,NIC,1985,1
Nicaragua,NIC,1986,1
Nicaragua,NIC,1987,1
Nicaragua,NIC,1988,1
Nicaragua,NIC,1989,1
Nicaragua,NIC,1990,2
Nicaragua,NIC,1991,2
Nicaragua,NIC,1992,2
Nicaragua,NIC,1993,2
Nicaragua,NIC,1994,2
Nicaragua,NIC,1995,2
Nicaragua,NIC,1996,2
Nicaragua,NIC,1997,2
Nicaragua,NIC,1998,2
Nicaragua,NIC,1999,2
Nicaragua,NIC,2000,2
Nicaragua,NIC,2001,2
Nicaragua,NIC,2002,2
Nicaragua,NIC,2003,2
Nicaragua,NIC,2004,2
Nicaragua,NIC,2005,2
Nicaragua,NIC,2006,2
Nicaragua,NIC,2007,2
Nicaragua,NIC,2008,2
Nicaragua,NIC,2009,2
Nicaragua,NIC,2010,2
Nicaragua,NIC,2011,2
Nicaragua,NIC,2012,2
Nicaragua,NIC,2013,2
Nicaragua,NIC,2014,2
Nicaragua,NIC,2015,2
Nicaragua,NIC,2016,2
Nicaragua,NIC,2017,2
Nicaragua,NIC,2018,2
Niger,NER,1960,1
Niger,NER,1961,1
Niger,NER,1962,1
Niger,NER,1963,1
Niger,NER,1964,1
Niger,NER,1965,1
Niger,NER,1966,1
Niger,NER,1967,1
Niger,NER,1968,1
Niger,NER,1969,1
Niger,NER,1970,1
Niger,NER,1971,1
Niger,NER,1972,1
Niger,NER,1973,1
Niger,NER,1974,0
Niger,NER,1975,0
Niger,NER,1976,0
Niger,NER,1977,0
Niger,NER,1978,0
Niger,NER,1979,0
Niger,NER,1980,0
Niger,NER,1981,0
Niger,NER,1982,0
Niger,NER,1983,0
Niger,NER,1984,0
Niger,NER,1985,0
Niger,NER,1986,0
Niger,NER,1987,0
Niger,NER,1988,0
Niger,NER,1989,0
Niger,NER,1990,1
Niger,NER,1991,1
Niger,NER,1992,1
Niger,NER,1993,2
Niger,NER,1994,2
Niger,NER,1995,2
Niger,NER,1996,1
Niger,NER,1997,1
Niger,NER,1998,1
Niger,NER,1999,1
Niger,NER,2000,1
Niger,NER,2001,1
Niger,NER,2002,1
Niger,NER,2003,1
Niger,NER,2004,2
Niger,NER,2005,2
Niger,NER,2006,2
Niger,NER,2007,2
Niger,NER,2008,2
Niger,NER,2009,1
Niger,NER,2010,1
Niger,NER,2011,2
Niger,NER,2012,2
Niger,NER,2013,2
Niger,NER,2014,2
Niger,NER,2015,2
Niger,NER,2016,1
Niger,NER,2017,1
Niger,NER,2018,1
Nigeria,NGA,1960,2
Nigeria,NGA,1961,2
Nigeria,NGA,1962,2
Nigeria,NGA,1963,2
Nigeria,NGA,1964,2
Nigeria,NGA,1965,2
Nigeria,NGA,1966,0
Nigeria,NGA,1967,0
Nigeria,NGA,1968,0
Nigeria,NGA,1969,0
Nigeria,NGA,1970,0
Nigeria,NGA,1971,0
Nigeria,NGA,1972,0
Nigeria,NGA,1973,0
Nigeria,NGA,1974,0
Nigeria,NGA,1975,0
Nigeria,NGA,1976,0
Nigeria,NGA,1977,0
Nigeria,NGA,1978,1
Nigeria,NGA,1979,2
Nigeria,NGA,1980,2
Nigeria,NGA,1981,2
Nigeria,NGA,1982,2
Nigeria,NGA,1983,2
Nigeria,NGA,1984,0
Nigeria,NGA,1985,0
Nigeria,NGA,1986,0
Nigeria,NGA,1987,0
Nigeria,NGA,1988,0
Nigeria,NGA,1989,1
Nigeria,NGA,1990,1
Nigeria,NGA,1991,1
Nigeria,NGA,1992,1
Nigeria,NGA,1993,0
Nigeria,NGA,1994,0
Nigeria,NGA,1995,0
Nigeria,NGA,1996,0
Nigeria,NGA,1997,0
Nigeria,NGA,1998,1
Nigeria,NGA,1999,1
Nigeria,NGA,2000,1
Nigeria,NGA,2001,1
Nigeria,NGA,2002,1
Nigeria,NGA,2003,1
Nigeria,NGA,2004,1
Nigeria,NGA,2005,1
Nigeria,NGA,2006,1
Nigeria,NGA,2007,1
Nigeria,NGA,2008,1
Nigeria,NGA,2009,1
Nigeria,NGA,2010,1
Nigeria,NGA,2011,1
Nigeria,NGA,2012,1
Nigeria,NGA,2013,1
Nigeria,NGA,2014,1
Nigeria,NGA,2015,2
Nigeria,NGA,2016,2
Nigeria,NGA,2017,2
Nigeria,NGA,2018,2
North Korea,PRK,1948,0
North Korea,PRK,1949,0
North Korea,PRK,1950,0
North Korea,PRK,1951,0
North Korea,PRK,1952,0
North Korea,PRK,1953,0
North Korea,PRK,1954,0
North Korea,PRK,1955,0
North Korea,PRK,1956,0
North Korea,PRK,1957,0
North Korea,PRK,1958,0
North Korea,PRK,1959,0
North Korea,PRK,1960,0
North Korea,PRK,1961,0
North Korea,PRK,1962,0
North Korea,PRK,1963,0
North Korea,PRK,1964,0
North Korea,PRK,1965,0
North Korea,PRK,1966,0
North Korea,PRK,1967,0
North Korea,PRK,1968,0
North Korea,PRK,1969,0
North Korea,PRK,1970,0
North Korea,PRK,1971,0
North Korea,PRK,1972,0
North Korea,PRK,1973,0
North Korea,PRK,1974,0
North Korea,PRK,1975,0
North Korea,PRK,1976,0
North Korea,PRK,1977,0
North Korea,PRK,1978,0
North Korea,PRK,1979,0
North Korea,PRK,1980,0
North Korea,PRK,1981,0
North Korea,PRK,1982,0
North Korea,PRK,1983,0
North Korea,PRK,1984,0
North Korea,PRK,1985,0
North Korea,PRK,1986,0
North Korea,PRK,1987,0
North Korea,PRK,1988,0
North Korea,PRK,1989,0
North Korea,PRK,1990,0
North Korea,PRK,1991,0
North Korea,PRK,1992,0
North Korea,PRK,1993,0
North Korea,PRK,1994,0
North Korea,PRK,1995,0
North Korea,PRK,1996,0
North Korea,PRK,1997,0
North Korea,PRK,1998,0
North Korea,PRK,1999,0
North Korea,PRK,2000,0
North Korea,PRK,2001,0
North Korea,PRK,2002,0
North Korea,PRK,2003,0
North Korea,PRK,2004,0
North Korea,PRK,2005,0
North Korea,PRK,2006,0
North Korea,PRK,2007,0
North Korea,PRK,2008,0
North Korea,PRK,2009,0
North Korea,PRK,2010,0
North Korea,PRK,2011,0
North Korea,PRK,2012,0
North Korea,PRK,2013,0
North Korea,PRK,2014,0
North Korea,PRK,2015,0
North Korea,PRK,2016,0
North Korea,PRK,2017,0
North Korea,PRK,2018,0
North Macedonia,MKD,1921,1
North Macedonia,MKD,1922,1
North Macedonia,MKD,1923,1
North Macedonia,MKD,1924,1
North Macedonia,MKD,1925,1
North Macedonia,MKD,1926,1
North Macedonia,MKD,1927,1
North Macedonia,MKD,1928,1
North Macedonia,MKD,1929,0
North Macedonia,MKD,1930,0
North Macedonia,MKD,1931,0
North Macedonia,MKD,1932,0
North Macedonia,MKD,1933,0
North Macedonia,MKD,1934,0
North Macedonia,MKD,1935,0
North Macedonia,MKD,1936,0
North Macedonia,MKD,1937,1
North Macedonia,MKD,1938,1
North Macedonia,MKD,1939,1
North Macedonia,MKD,1940,1
North Macedonia,MKD,1941,1
North Macedonia,MKD,1942,1
North Macedonia,MKD,1943,1
North Macedonia,MKD,1944,1
North Macedonia,MKD,1945,0
North Macedonia,MKD,1946,0
North Macedonia,MKD,1947,0
North Macedonia,MKD,1948,0
North Macedonia,MKD,1949,0
North Macedonia,MKD,1950,0
North Macedonia,MKD,1951,0
North Macedonia,MKD,1952,0
North Macedonia,MKD,1953,0
North Macedonia,MKD,1954,0
North Macedonia,MKD,1955,0
North Macedonia,MKD,1956,0
North Macedonia,MKD,1957,0
North Macedonia,MKD,1958,0
North Macedonia,MKD,1959,0
North Macedonia,MKD,1960,0
North Macedonia,MKD,1961,0
North Macedonia,MKD,1962,0
North Macedonia,MKD,1963,0
North Macedonia,MKD,1964,0
North Macedonia,MKD,1965,0
North Macedonia,MKD,1966,0
North Macedonia,MKD,1967,0
North Macedonia,MKD,1968,0
North Macedonia,MKD,1969,0
North Macedonia,MKD,1970,0
North Macedonia,MKD,1971,0
North Macedonia,MKD,1972,0
North Macedonia,MKD,1973,0
North Macedonia,MKD,1974,0
North Macedonia,MKD,1975,0
North Macedonia,MKD,1976,0
North Macedonia,MKD,1977,0
North Macedonia,MKD,1978,0
North Macedonia,MKD,1979,0
North Macedonia,MKD,1980,1
North Macedonia,MKD,1981,1
North Macedonia,MKD,1982,1
North Macedonia,MKD,1983,1
North Macedonia,MKD,1984,1
North Macedonia,MKD,1985,1
North Macedonia,MKD,1986,1
North Macedonia,MKD,1987,1
North Macedonia,MKD,1988,1
North Macedonia,MKD,1989,1
North Macedonia,MKD,1990,1
North Macedonia,MKD,1991,2
North Macedonia,MKD,1992,2
North Macedonia,MKD,1993,2
North Macedonia,MKD,1994,2
North Macedonia,MKD,1995,2
North Macedonia,MKD,1996,2
North Macedonia,MKD,1997,2
North Macedonia,MKD,1998,2
North Macedonia,MKD,1999,2
North Macedonia,MKD,2000,2
North Macedonia,MKD,2001,2
North Macedonia,MKD,2002,2
North Macedonia,MKD,2003,2
North Macedonia,MKD,2004,2
North Macedonia,MKD,2005,2
North Macedonia,MKD,2006,2
North Macedonia,MKD,2007,2
North Macedonia,MKD,2008,2
North Macedonia,MKD,2009,2
North Macedonia,MKD,2010,2
North Macedonia,MKD,2011,2
North Macedonia,MKD,2012,2
North Macedonia,MKD,2013,2
North Macedonia,MKD,2014,2
North Macedonia,MKD,2015,2
North Macedonia,MKD,2016,2
North Macedonia,MKD,2017,2
North Macedonia,MKD,2018,2
Norway,NOR,1814,0
Norway,NOR,1815,0
Norway,NOR,1816,0
Norway,NOR,1817,0
Norway,NOR,1818,0
Norway,NOR,1819,0
Norway,NOR,1820,0
Norway,NOR,1821,0
Norway,NOR,1822,0
Norway,NOR,1823,0
Norway,NOR,1824,0
Norway,NOR,1825,0
Norway,NOR,1826,0
Norway,NOR,1827,0
Norway,NOR,1828,0
Norway,NOR,1829,0
Norway,NOR,1830,0
Norway,NOR,1831,0
Norway,NOR,1832,0
Norway,NOR,1833,0
Norway,NOR,1834,0
Norway,NOR,1835,0
Norway,NOR,1836,0
Norway,NOR,1837,0
Norway,NOR,1838,0
Norway,NOR,1839,0
Norway,NOR,1840,0
Norway,NOR,1841,0
Norway,NOR,1842,0
Norway,NOR,1843,0
Norway,NOR,1844,0
Norway,NOR,1845,0
Norway,NOR,1846,0
Norway,NOR,1847,0
Norway,NOR,1848,0
Norway,NOR,1849,0
Norway,NOR,1850,0
Norway,NOR,1851,0
Norway,NOR,1852,0
Norway,NOR,1853,0
Norway,NOR,1854,0
Norway,NOR,1855,0
Norway,NOR,1856,0
Norway,NOR,1857,0
Norway,NOR,1858,0
Norway,NOR,1859,0
Norway,NOR,1860,0
Norway,NOR,1861,0
Norway,NOR,1862,0
Norway,NOR,1863,0
Norway,NOR,1864,0
Norway,NOR,1865,0
Norway,NOR,1866,0
Norway,NOR,1867,0
Norway,NOR,1868,0
Norway,NOR,1869,0
Norway,NOR,1870,0
Norway,NOR,1871,0
Norway,NOR,1872,0
Norway,NOR,1873,1
Norway,NOR,1874,1
Norway,NOR,1875,1
Norway,NOR,1876,1
Norway,NOR,1877,1
Norway,NOR,1878,1
Norway,NOR,1879,1
Norway,NOR,1880,1
Norway,NOR,1881,1
Norway,NOR,1882,1
Norway,NOR,1883,1
Norway,NOR,1884,1
Norway,NOR,1885,1
Norway,NOR,1886,1
Norway,NOR,1887,1
Norway,NOR,1888,1
Norway,NOR,1889,1
Norway,NOR,1890,1
Norway,NOR,1891,1
Norway,NOR,1892,1
Norway,NOR,1893,1
Norway,NOR,1894,1
Norway,NOR,1895,1
Norway,NOR,1896,1
Norway,NOR,1897,1
Norway,NOR,1898,2
Norway,NOR,1899,2
Norway,NOR,1900,2
Norway,NOR,1901,2
Norway,NOR,1902,2
Norway,NOR,1903,2
Norway,NOR,1904,2
Norway,NOR,1905,2
Norway,NOR,1906,2
Norway,NOR,1907,2
Norway,NOR,1908,2
Norway,NOR,1909,2
Norway,NOR,1910,2
Norway,NOR,1911,2
Norway,NOR,1912,2
Norway,NOR,1913,2
Norway,NOR,1914,2
Norway,NOR,1915,2
Norway,NOR,1916,2
Norway,NOR,1917,2
Norway,NOR,1918,2
Norway,NOR,1919,2
Norway,NOR,1920,2
Norway,NOR,1921,2
Norway,NOR,1922,2
Norway,NOR,1923,2
Norway,NOR,1924,2
Norway,NOR,1925,2
Norway,NOR,1926,2
Norway,NOR,1927,2
Norway,NOR,1928,2
Norway,NOR,1929,2
Norway,NOR,1930,2
Norway,NOR,1931,2
Norway,NOR,1932,2
Norway,NOR,1933,2
Norway,NOR,1934,2
Norway,NOR,1935,2
Norway,NOR,1936,2
Norway,NOR,1937,2
Norway,NOR,1938,2
Norway,NOR,1939,2
Norway,NOR,1945,2
Norway,NOR,1946,2
Norway,NOR,1947,2
Norway,NOR,1948,2
Norway,NOR,1949,2
Norway,NOR,1950,2
Norway,NOR,1951,2
Norway,NOR,1952,2
Norway,NOR,1953,2
Norway,NOR,1954,2
Norway,NOR,1955,2
Norway,NOR,1956,2
Norway,NOR,1957,2
Norway,NOR,1958,2
Norway,NOR,1959,2
Norway,NOR,1960,2
Norway,NOR,1961,2
Norway,NOR,1962,2
Norway,NOR,1963,2
Norway,NOR,1964,2
Norway,NOR,1965,2
Norway,NOR,1966,2
Norway,NOR,1967,2
Norway,NOR,1968,2
Norway,NOR,1969,2
Norway,NOR,1970,2
Norway,NOR,1971,2
Norway,NOR,1972,2
Norway,NOR,1973,2
Norway,NOR,1974,2
Norway,NOR,1975,2
Norway,NOR,1976,2
Norway,NOR,1977,2
Norway,NOR,1978,2
Norway,NOR,1979,2
Norway,NOR,1980,2
Norway,NOR,1981,2
Norway,NOR,1982,2
Norway,NOR,1983,2
Norway,NOR,1984,2
Norway,NOR,1985,2
Norway,NOR,1986,2
Norway,NOR,1987,2
Norway,NOR,1988,2
Norway,NOR,1989,2
Norway,NOR,1990,2
Norway,NOR,1991,2
Norway,NOR,1992,2
Norway,NOR,1993,2
Norway,NOR,1994,2
Norway,NOR,1995,2
Norway,NOR,1996,2
Norway,NOR,1997,2
Norway,NOR,1998,2
Norway,NOR,1999,2
Norway,NOR,2000,2
Norway,NOR,2001,2
Norway,NOR,2002,2
Norway,NOR,2003,2
Norway,NOR,2004,2
Norway,NOR,2005,2
Norway,NOR,2006,2
Norway,NOR,2007,2
Norway,NOR,2008,2
Norway,NOR,2009,2
Norway,NOR,2010,2
Norway,NOR,2011,2
Norway,NOR,2012,2
Norway,NOR,2013,2
Norway,NOR,2014,2
Norway,NOR,2015,2
Norway,NOR,2016,2
Norway,NOR,2017,2
Norway,NOR,2018,2
Oman,OMN,1800,0
Oman,OMN,1801,0
Oman,OMN,1802,0
Oman,OMN,1803,0
Oman,OMN,1804,0
Oman,OMN,1805,0
Oman,OMN,1806,0
Oman,OMN,1807,0
Oman,OMN,1808,0
Oman,OMN,1809,0
Oman,OMN,1810,0
Oman,OMN,1811,0
Oman,OMN,1812,0
Oman,OMN,1813,0
Oman,OMN,1814,0
Oman,OMN,1815,0
Oman,OMN,1816,0
Oman,OMN,1817,0
Oman,OMN,1818,0
Oman,OMN,1819,0
Oman,OMN,1820,0
Oman,OMN,1821,0
Oman,OMN,1822,0
Oman,OMN,1823,0
Oman,OMN,1824,0
Oman,OMN,1825,0
Oman,OMN,1826,0
Oman,OMN,1827,0
Oman,OMN,1828,0
Oman,OMN,1829,0
Oman,OMN,1830,0
Oman,OMN,1831,0
Oman,OMN,1832,0
Oman,OMN,1833,0
Oman,OMN,1834,0
Oman,OMN,1835,0
Oman,OMN,1836,0
Oman,OMN,1837,0
Oman,OMN,1838,0
Oman,OMN,1839,0
Oman,OMN,1840,0
Oman,OMN,1841,0
Oman,OMN,1842,0
Oman,OMN,1843,0
Oman,OMN,1844,0
Oman,OMN,1845,0
Oman,OMN,1846,0
Oman,OMN,1847,0
Oman,OMN,1848,0
Oman,OMN,1849,0
Oman,OMN,1850,0
Oman,OMN,1851,0
Oman,OMN,1852,0
Oman,OMN,1853,0
Oman,OMN,1854,0
Oman,OMN,1855,0
Oman,OMN,1856,0
Oman,OMN,1857,0
Oman,OMN,1858,0
Oman,OMN,1859,0
Oman,OMN,1860,0
Oman,OMN,1861,0
Oman,OMN,1862,0
Oman,OMN,1863,0
Oman,OMN,1864,0
Oman,OMN,1865,0
Oman,OMN,1866,0
Oman,OMN,1867,0
Oman,OMN,1868,0
Oman,OMN,1869,0
Oman,OMN,1870,0
Oman,OMN,1871,0
Oman,OMN,1872,0
Oman,OMN,1873,0
Oman,OMN,1874,0
Oman,OMN,1875,0
Oman,OMN,1876,0
Oman,OMN,1877,0
Oman,OMN,1878,0
Oman,OMN,1879,0
Oman,OMN,1880,0
Oman,OMN,1881,0
Oman,OMN,1882,0
Oman,OMN,1883,0
Oman,OMN,1884,0
Oman,OMN,1885,0
Oman,OMN,1886,0
Oman,OMN,1887,0
Oman,OMN,1888,0
Oman,OMN,1889,0
Oman,OMN,1890,0
Oman,OMN,1891,0
Oman,OMN,1892,0
Oman,OMN,1893,0
Oman,OMN,1894,0
Oman,OMN,1895,0
Oman,OMN,1896,0
Oman,OMN,1897,0
Oman,OMN,1898,0
Oman,OMN,1899,0
Oman,OMN,1900,0
Oman,OMN,1901,0
Oman,OMN,1902,0
Oman,OMN,1903,0
Oman,OMN,1904,0
Oman,OMN,1905,0
Oman,OMN,1906,0
Oman,OMN,1907,0
Oman,OMN,1908,0
Oman,OMN,1909,0
Oman,OMN,1910,0
Oman,OMN,1911,0
Oman,OMN,1912,0
Oman,OMN,1913,0
Oman,OMN,1914,0
Oman,OMN,1915,0
Oman,OMN,1916,0
Oman,OMN,1917,0
Oman,OMN,1918,0
Oman,OMN,1919,0
Oman,OMN,1920,0
Oman,OMN,1921,0
Oman,OMN,1922,0
Oman,OMN,1923,0
Oman,OMN,1924,0
Oman,OMN,1925,0
Oman,OMN,1926,0
Oman,OMN,1927,0
Oman,OMN,1928,0
Oman,OMN,1929,0
Oman,OMN,1930,0
Oman,OMN,1931,0
Oman,OMN,1932,0
Oman,OMN,1933,0
Oman,OMN,1934,0
Oman,OMN,1935,0
Oman,OMN,1936,0
Oman,OMN,1937,0
Oman,OMN,1938,0
Oman,OMN,1939,0
Oman,OMN,1940,0
Oman,OMN,1941,0
Oman,OMN,1942,0
Oman,OMN,1943,0
Oman,OMN,1944,0
Oman,OMN,1945,0
Oman,OMN,1946,0
Oman,OMN,1947,0
Oman,OMN,1948,0
Oman,OMN,1949,0
Oman,OMN,1950,0
Oman,OMN,1951,0
Oman,OMN,1952,0
Oman,OMN,1953,0
Oman,OMN,1954,0
Oman,OMN,1955,0
Oman,OMN,1956,0
Oman,OMN,1957,0
Oman,OMN,1958,0
Oman,OMN,1959,0
Oman,OMN,1960,0
Oman,OMN,1961,0
Oman,OMN,1962,0
Oman,OMN,1963,0
Oman,OMN,1964,0
Oman,OMN,1965,0
Oman,OMN,1966,0
Oman,OMN,1967,0
Oman,OMN,1968,0
Oman,OMN,1969,0
Oman,OMN,1970,0
Oman,OMN,1971,0
Oman,OMN,1972,0
Oman,OMN,1973,0
Oman,OMN,1974,0
Oman,OMN,1975,0
Oman,OMN,1976,0
Oman,OMN,1977,0
Oman,OMN,1978,0
Oman,OMN,1979,0
Oman,OMN,1980,0
Oman,OMN,1981,0
Oman,OMN,1982,0
Oman,OMN,1983,0
Oman,OMN,1984,0
Oman,OMN,1985,0
Oman,OMN,1986,0
Oman,OMN,1987,0
Oman,OMN,1988,0
Oman,OMN,1989,0
Oman,OMN,1990,0
Oman,OMN,1991,0
Oman,OMN,1992,0
Oman,OMN,1993,0
Oman,OMN,1994,0
Oman,OMN,1995,0
Oman,OMN,1996,0
Oman,OMN,1997,0
Oman,OMN,1998,0
Oman,OMN,1999,0
Oman,OMN,2000,0
Oman,OMN,2001,0
Oman,OMN,2002,0
Oman,OMN,2003,0
Oman,OMN,2004,0
Oman,OMN,2005,0
Oman,OMN,2006,0
Oman,OMN,2007,0
Oman,OMN,2008,0
Oman,OMN,2009,0
Oman,OMN,2010,0
Oman,OMN,2011,0
Oman,OMN,2012,0
Oman,OMN,2013,0
Oman,OMN,2014,0
Oman,OMN,2015,0
Oman,OMN,2016,0
Oman,OMN,2017,0
Oman,OMN,2018,0
Orange Free State,OWID_OFS,1854,1
Orange Free State,OWID_OFS,1855,1
Orange Free State,OWID_OFS,1856,1
Orange Free State,OWID_OFS,1857,1
Orange Free State,OWID_OFS,1858,1
Orange Free State,OWID_OFS,1859,1
Orange Free State,OWID_OFS,1860,1
Orange Free State,OWID_OFS,1861,1
Orange Free State,OWID_OFS,1862,1
Orange Free State,OWID_OFS,1863,1
Orange Free State,OWID_OFS,1864,1
Orange Free State,OWID_OFS,1865,1
Orange Free State,OWID_OFS,1866,1
Orange Free State,OWID_OFS,1867,1
Orange Free State,OWID_OFS,1868,1
Orange Free State,OWID_OFS,1869,1
Orange Free State,OWID_OFS,1870,1
Orange Free State,OWID_OFS,1871,1
Orange Free State,OWID_OFS,1872,1
Orange Free State,OWID_OFS,1873,1
Orange Free State,OWID_OFS,1874,1
Orange Free State,OWID_OFS,1875,1
Orange Free State,OWID_OFS,1876,1
Orange Free State,OWID_OFS,1877,1
Orange Free State,OWID_OFS,1878,1
Orange Free State,OWID_OFS,1879,1
Orange Free State,OWID_OFS,1880,1
Orange Free State,OWID_OFS,1881,1
Orange Free State,OWID_OFS,1882,1
Orange Free State,OWID_OFS,1883,1
Orange Free State,OWID_OFS,1884,1
Orange Free State,OWID_OFS,1885,1
Orange Free State,OWID_OFS,1886,1
Orange Free State,OWID_OFS,1887,1
Orange Free State,OWID_OFS,1888,1
Orange Free State,OWID_OFS,1889,1
Orange Free State,OWID_OFS,1890,1
Orange Free State,OWID_OFS,1891,1
Orange Free State,OWID_OFS,1892,1
Orange Free State,OWID_OFS,1893,1
Orange Free State,OWID_OFS,1894,1
Orange Free State,OWID_OFS,1895,1
Orange Free State,OWID_OFS,1896,1
Orange Free State,OWID_OFS,1897,1
Orange Free State,OWID_OFS,1898,1
Orange Free State,OWID_OFS,1899,1
Orange Free State,OWID_OFS,1900,1
Orange Free State,OWID_OFS,1901,1
Orange Free State,OWID_OFS,1902,1
Pakistan,PAK,1972,1
Pakistan,PAK,1973,2
Pakistan,PAK,1974,2
Pakistan,PAK,1975,2
Pakistan,PAK,1976,2
Pakistan,PAK,1977,0
Pakistan,PAK,1978,0
Pakistan,PAK,1979,0
Pakistan,PAK,1980,0
Pakistan,PAK,1981,0
Pakistan,PAK,1982,0
Pakistan,PAK,1983,0
Pakistan,PAK,1984,0
Pakistan,PAK,1985,1
Pakistan,PAK,1986,1
Pakistan,PAK,1987,1
Pakistan,PAK,1988,2
Pakistan,PAK,1989,2
Pakistan,PAK,1990,2
Pakistan,PAK,1991,2
Pakistan,PAK,1992,2
Pakistan,PAK,1993,2
Pakistan,PAK,1994,2
Pakistan,PAK,1995,2
Pakistan,PAK,1996,2
Pakistan,PAK,1997,2
Pakistan,PAK,1998,2
Pakistan,PAK,1999,0
Pakistan,PAK,2000,0
Pakistan,PAK,2001,0
Pakistan,PAK,2002,1
Pakistan,PAK,2003,1
Pakistan,PAK,2004,1
Pakistan,PAK,2005,1
Pakistan,PAK,2006,1
Pakistan,PAK,2007,1
Pakistan,PAK,2008,1
Pakistan,PAK,2009,1
Pakistan,PAK,2010,2
Pakistan,PAK,2011,2
Pakistan,PAK,2012,2
Pakistan,PAK,2013,2
Pakistan,PAK,2014,2
Pakistan,PAK,2015,2
Pakistan,PAK,2016,2
Pakistan,PAK,2017,2
Pakistan,PAK,2018,2
Pakistan (former),OWID_FPK,1947,1
Pakistan (former),OWID_FPK,1948,1
Pakistan (former),OWID_FPK,1949,1
Pakistan (former),OWID_FPK,1950,1
Pakistan (former),OWID_FPK,1951,1
Pakistan (former),OWID_FPK,1952,1
Pakistan (former),OWID_FPK,1953,1
Pakistan (former),OWID_FPK,1954,1
Pakistan (former),OWID_FPK,1955,1
Pakistan (former),OWID_FPK,1956,2
Pakistan (former),OWID_FPK,1957,2
Pakistan (former),OWID_FPK,1958,0
Pakistan (former),OWID_FPK,1959,0
Pakistan (former),OWID_FPK,1960,0
Pakistan (former),OWID_FPK,1961,0
Pakistan (former),OWID_FPK,1962,1
Pakistan (former),OWID_FPK,1963,1
Pakistan (former),OWID_FPK,1964,1
Pakistan (former),OWID_FPK,1965,1
Pakistan (former),OWID_FPK,1966,1
Pakistan (former),OWID_FPK,1967,1
Pakistan (former),OWID_FPK,1968,1
Pakistan (former),OWID_FPK,1969,1
Pakistan (former),OWID_FPK,1970,1
Pakistan (former),OWID_FPK,1971,1
Panama,PAN,1903,1
Panama,PAN,1904,1
Panama,PAN,1905,1
Panama,PAN,1906,1
Panama,PAN,1907,1
Panama,PAN,1908,1
Panama,PAN,1909,1
Panama,PAN,1910,1
Panama,PAN,1911,1
Panama,PAN,1912,1
Panama,PAN,1913,1
Panama,PAN,1914,1
Panama,PAN,1915,1
Panama,PAN,1916,1
Panama,PAN,1917,1
Panama,PAN,1918,1
Panama,PAN,1919,1
Panama,PAN,1920,1
Panama,PAN,1921,1
Panama,PAN,1922,1
Panama,PAN,1923,1
Panama,PAN,1924,1
Panama,PAN,1925,1
Panama,PAN,1926,1
Panama,PAN,1927,1
Panama,PAN,1928,1
Panama,PAN,1929,1
Panama,PAN,1930,1
Panama,PAN,1931,1
Panama,PAN,1932,1
Panama,PAN,1933,1
Panama,PAN,1934,1
Panama,PAN,1935,1
Panama,PAN,1936,1
Panama,PAN,1937,1
Panama,PAN,1938,1
Panama,PAN,1939,1
Panama,PAN,1940,1
Panama,PAN,1941,1
Panama,PAN,1942,1
Panama,PAN,1943,1
Panama,PAN,1944,1
Panama,PAN,1945,1
Panama,PAN,1946,1
Panama,PAN,1947,1
Panama,PAN,1948,1
Panama,PAN,1949,1
Panama,PAN,1950,1
Panama,PAN,1951,1
Panama,PAN,1952,1
Panama,PAN,1953,1
Panama,PAN,1954,1
Panama,PAN,1955,1
Panama,PAN,1956,1
Panama,PAN,1957,1
Panama,PAN,1958,1
Panama,PAN,1959,1
Panama,PAN,1960,1
Panama,PAN,1961,1
Panama,PAN,1962,1
Panama,PAN,1963,1
Panama,PAN,1964,1
Panama,PAN,1965,1
Panama,PAN,1966,1
Panama,PAN,1967,1
Panama,PAN,1968,0
Panama,PAN,1969,0
Panama,PAN,1970,0
Panama,PAN,1971,0
Panama,PAN,1972,0
Panama,PAN,1973,0
Panama,PAN,1974,0
Panama,PAN,1975,0
Panama,PAN,1976,0
Panama,PAN,1977,0
Panama,PAN,1978,0
Panama,PAN,1979,0
Panama,PAN,1980,0
Panama,PAN,1981,0
Panama,PAN,1982,1
Panama,PAN,1983,1
Panama,PAN,1984,0
Panama,PAN,1985,0
Panama,PAN,1986,0
Panama,PAN,1987,0
Panama,PAN,1988,0
Panama,PAN,1989,2
Panama,PAN,1990,2
Panama,PAN,1991,2
Panama,PAN,1992,2
Panama,PAN,1993,2
Panama,PAN,1994,2
Panama,PAN,1995,2
Panama,PAN,1996,2
Panama,PAN,1997,2
Panama,PAN,1998,2
Panama,PAN,1999,2
Panama,PAN,2000,2
Panama,PAN,2001,2
Panama,PAN,2002,2
Panama,PAN,2003,2
Panama,PAN,2004,2
Panama,PAN,2005,2
Panama,PAN,2006,2
Panama,PAN,2007,2
Panama,PAN,2008,2
Panama,PAN,2009,2
Panama,PAN,2010,2
Panama,PAN,2011,2
Panama,PAN,2012,2
Panama,PAN,2013,2
Panama,PAN,2014,2
Panama,PAN,2015,2
Panama,PAN,2016,2
Panama,PAN,2017,2
Panama,PAN,2018,2
Papua New Guinea,PNG,1975,1
Papua New Guinea,PNG,1976,1
Papua New Guinea,PNG,1977,1
Papua New Guinea,PNG,1978,1
Papua New Guinea,PNG,1979,1
Papua New Guinea,PNG,1980,1
Papua New Guinea,PNG,1981,1
Papua New Guinea,PNG,1982,1
Papua New Guinea,PNG,1983,1
Papua New Guinea,PNG,1984,1
Papua New Guinea,PNG,1985,1
Papua New Guinea,PNG,1986,1
Papua New Guinea,PNG,1987,1
Papua New Guinea,PNG,1988,1
Papua New Guinea,PNG,1989,1
Papua New Guinea,PNG,1990,1
Papua New Guinea,PNG,1991,1
Papua New Guinea,PNG,1992,1
Papua New Guinea,PNG,1993,1
Papua New Guinea,PNG,1994,1
Papua New Guinea,PNG,1995,1
Papua New Guinea,PNG,1996,1
Papua New Guinea,PNG,1997,1
Papua New Guinea,PNG,1998,1
Papua New Guinea,PNG,1999,1
Papua New Guinea,PNG,2000,1
Papua New Guinea,PNG,2001,1
Papua New Guinea,PNG,2002,1
Papua New Guinea,PNG,2003,1
Papua New Guinea,PNG,2004,1
Papua New Guinea,PNG,2005,1
Papua New Guinea,PNG,2006,1
Papua New Guinea,PNG,2007,1
Papua New Guinea,PNG,2008,1
Papua New Guinea,PNG,2009,1
Papua New Guinea,PNG,2010,1
Papua New Guinea,PNG,2011,1
Papua New Guinea,PNG,2012,1
Papua New Guinea,PNG,2013,1
Papua New Guinea,PNG,2014,1
Papua New Guinea,PNG,2015,1
Papua New Guinea,PNG,2016,1
Papua New Guinea,PNG,2017,1
Papua New Guinea,PNG,2018,1
Paraguay,PRY,1811,0
Paraguay,PRY,1812,0
Paraguay,PRY,1813,0
Paraguay,PRY,1814,0
Paraguay,PRY,1815,0
Paraguay,PRY,1816,0
Paraguay,PRY,1817,0
Paraguay,PRY,1818,0
Paraguay,PRY,1819,0
Paraguay,PRY,1820,0
Paraguay,PRY,1821,0
Paraguay,PRY,1822,0
Paraguay,PRY,1823,0
Paraguay,PRY,1824,0
Paraguay,PRY,1825,0
Paraguay,PRY,1826,0
Paraguay,PRY,1827,0
Paraguay,PRY,1828,0
Paraguay,PRY,1829,0
Paraguay,PRY,1830,0
Paraguay,PRY,1831,0
Paraguay,PRY,1832,0
Paraguay,PRY,1833,0
Paraguay,PRY,1834,0
Paraguay,PRY,1835,0
Paraguay,PRY,1836,0
Paraguay,PRY,1837,0
Paraguay,PRY,1838,0
Paraguay,PRY,1839,0
Paraguay,PRY,1840,0
Paraguay,PRY,1841,0
Paraguay,PRY,1842,0
Paraguay,PRY,1843,0
Paraguay,PRY,1844,0
Paraguay,PRY,1845,0
Paraguay,PRY,1846,0
Paraguay,PRY,1847,0
Paraguay,PRY,1848,0
Paraguay,PRY,1849,0
Paraguay,PRY,1850,0
Paraguay,PRY,1851,0
Paraguay,PRY,1852,0
Paraguay,PRY,1853,0
Paraguay,PRY,1854,0
Paraguay,PRY,1855,0
Paraguay,PRY,1856,0
Paraguay,PRY,1857,0
Paraguay,PRY,1858,0
Paraguay,PRY,1859,0
Paraguay,PRY,1860,0
Paraguay,PRY,1861,0
Paraguay,PRY,1862,0
Paraguay,PRY,1863,0
Paraguay,PRY,1864,0
Paraguay,PRY,1865,0
Paraguay,PRY,1866,0
Paraguay,PRY,1867,0
Paraguay,PRY,1868,0
Paraguay,PRY,1869,0
Paraguay,PRY,1870,1
Paraguay,PRY,1871,1
Paraguay,PRY,1872,1
Paraguay,PRY,1873,1
Paraguay,PRY,1874,1
Paraguay,PRY,1875,1
Paraguay,PRY,1876,1
Paraguay,PRY,1877,1
Paraguay,PRY,1878,1
Paraguay,PRY,1879,1
Paraguay,PRY,1880,1
Paraguay,PRY,1881,1
Paraguay,PRY,1882,1
Paraguay,PRY,1883,1
Paraguay,PRY,1884,1
Paraguay,PRY,1885,1
Paraguay,PRY,1886,1
Paraguay,PRY,1887,1
Paraguay,PRY,1888,1
Paraguay,PRY,1889,1
Paraguay,PRY,1890,1
Paraguay,PRY,1891,1
Paraguay,PRY,1892,1
Paraguay,PRY,1893,1
Paraguay,PRY,1894,1
Paraguay,PRY,1895,1
Paraguay,PRY,1896,1
Paraguay,PRY,1897,1
Paraguay,PRY,1898,1
Paraguay,PRY,1899,1
Paraguay,PRY,1900,1
Paraguay,PRY,1901,1
Paraguay,PRY,1902,1
Paraguay,PRY,1903,1
Paraguay,PRY,1904,1
Paraguay,PRY,1905,1
Paraguay,PRY,1906,1
Paraguay,PRY,1907,1
Paraguay,PRY,1908,1
Paraguay,PRY,1909,1
Paraguay,PRY,1910,1
Paraguay,PRY,1911,1
Paraguay,PRY,1912,1
Paraguay,PRY,1913,1
Paraguay,PRY,1914,1
Paraguay,PRY,1915,1
Paraguay,PRY,1916,1
Paraguay,PRY,1917,1
Paraguay,PRY,1918,1
Paraguay,PRY,1919,1
Paraguay,PRY,1920,1
Paraguay,PRY,1921,1
Paraguay,PRY,1922,1
Paraguay,PRY,1923,1
Paraguay,PRY,1924,1
Paraguay,PRY,1925,1
Paraguay,PRY,1926,1
Paraguay,PRY,1927,1
Paraguay,PRY,1928,1
Paraguay,PRY,1929,1
Paraguay,PRY,1930,1
Paraguay,PRY,1931,1
Paraguay,PRY,1932,1
Paraguay,PRY,1933,1
Paraguay,PRY,1934,1
Paraguay,PRY,1935,1
Paraguay,PRY,1936,0
Paraguay,PRY,1937,1
Paraguay,PRY,1938,1
Paraguay,PRY,1939,1
Paraguay,PRY,1940,0
Paraguay,PRY,1941,0
Paraguay,PRY,1942,0
Paraguay,PRY,1943,0
Paraguay,PRY,1944,0
Paraguay,PRY,1945,0
Paraguay,PRY,1946,0
Paraguay,PRY,1947,1
Paraguay,PRY,1948,1
Paraguay,PRY,1949,1
Paraguay,PRY,1950,1
Paraguay,PRY,1951,1
Paraguay,PRY,1952,1
Paraguay,PRY,1953,1
Paraguay,PRY,1954,0
Paraguay,PRY,1955,0
Paraguay,PRY,1956,0
Paraguay,PRY,1957,0
Paraguay,PRY,1958,0
Paraguay,PRY,1959,0
Paraguay,PRY,1960,0
Paraguay,PRY,1961,0
Paraguay,PRY,1962,0
Paraguay,PRY,1963,0
Paraguay,PRY,1964,0
Paraguay,PRY,1965,0
Paraguay,PRY,1966,0
Paraguay,PRY,1967,0
Paraguay,PRY,1968,0
Paraguay,PRY,1969,0
Paraguay,PRY,1970,0
Paraguay,PRY,1971,0
Paraguay,PRY,1972,0
Paraguay,PRY,1973,0
Paraguay,PRY,1974,0
Paraguay,PRY,1975,0
Paraguay,PRY,1976,0
Paraguay,PRY,1977,0
Paraguay,PRY,1978,0
Paraguay,PRY,1979,0
Paraguay,PRY,1980,0
Paraguay,PRY,1981,0
Paraguay,PRY,1982,0
Paraguay,PRY,1983,0
Paraguay,PRY,1984,0
Paraguay,PRY,1985,0
Paraguay,PRY,1986,0
Paraguay,PRY,1987,0
Paraguay,PRY,1988,0
Paraguay,PRY,1989,1
Paraguay,PRY,1990,1
Paraguay,PRY,1991,1
Paraguay,PRY,1992,2
Paraguay,PRY,1993,2
Paraguay,PRY,1994,2
Paraguay,PRY,1995,2
Paraguay,PRY,1996,2
Paraguay,PRY,1997,2
Paraguay,PRY,1998,2
Paraguay,PRY,1999,2
Paraguay,PRY,2000,2
Paraguay,PRY,2001,2
Paraguay,PRY,2002,2
Paraguay,PRY,2003,2
Paraguay,PRY,2004,2
Paraguay,PRY,2005,2
Paraguay,PRY,2006,2
Paraguay,PRY,2007,2
Paraguay,PRY,2008,2
Paraguay,PRY,2009,2
Paraguay,PRY,2010,2
Paraguay,PRY,2011,2
Paraguay,PRY,2012,2
Paraguay,PRY,2013,2
Paraguay,PRY,2014,2
Paraguay,PRY,2015,2
Paraguay,PRY,2016,2
Paraguay,PRY,2017,2
Paraguay,PRY,2018,2
Peru,PER,1821,1
Peru,PER,1822,1
Peru,PER,1823,1
Peru,PER,1824,1
Peru,PER,1825,1
Peru,PER,1826,1
Peru,PER,1827,1
Peru,PER,1828,1
Peru,PER,1829,1
Peru,PER,1830,1
Peru,PER,1831,1
Peru,PER,1832,1
Peru,PER,1833,1
Peru,PER,1834,1
Peru,PER,1835,1
Peru,PER,1836,1
Peru,PER,1837,1
Peru,PER,1838,1
Peru,PER,1839,1
Peru,PER,1840,1
Peru,PER,1841,1
Peru,PER,1842,1
Peru,PER,1843,1
Peru,PER,1844,1
Peru,PER,1845,1
Peru,PER,1846,1
Peru,PER,1847,1
Peru,PER,1848,1
Peru,PER,1849,1
Peru,PER,1850,1
Peru,PER,1851,1
Peru,PER,1852,1
Peru,PER,1853,1
Peru,PER,1854,1
Peru,PER,1855,1
Peru,PER,1856,1
Peru,PER,1857,1
Peru,PER,1858,1
Peru,PER,1859,1
Peru,PER,1860,1
Peru,PER,1861,1
Peru,PER,1862,1
Peru,PER,1863,1
Peru,PER,1864,1
Peru,PER,1865,1
Peru,PER,1866,1
Peru,PER,1867,1
Peru,PER,1868,1
Peru,PER,1869,1
Peru,PER,1870,1
Peru,PER,1871,1
Peru,PER,1872,1
Peru,PER,1873,1
Peru,PER,1874,1
Peru,PER,1875,1
Peru,PER,1876,1
Peru,PER,1877,1
Peru,PER,1878,1
Peru,PER,1879,1
Peru,PER,1880,1
Peru,PER,1883,1
Peru,PER,1884,1
Peru,PER,1885,1
Peru,PER,1886,1
Peru,PER,1887,1
Peru,PER,1888,1
Peru,PER,1889,1
Peru,PER,1890,1
Peru,PER,1891,1
Peru,PER,1892,1
Peru,PER,1893,1
Peru,PER,1894,1
Peru,PER,1895,1
Peru,PER,1896,1
Peru,PER,1897,1
Peru,PER,1898,1
Peru,PER,1899,1
Peru,PER,1900,1
Peru,PER,1901,1
Peru,PER,1902,1
Peru,PER,1903,1
Peru,PER,1904,1
Peru,PER,1905,1
Peru,PER,1906,1
Peru,PER,1907,1
Peru,PER,1908,1
Peru,PER,1909,1
Peru,PER,1910,1
Peru,PER,1911,1
Peru,PER,1912,1
Peru,PER,1913,1
Peru,PER,1914,1
Peru,PER,1915,1
Peru,PER,1916,1
Peru,PER,1917,1
Peru,PER,1918,1
Peru,PER,1919,1
Peru,PER,1920,0
Peru,PER,1921,0
Peru,PER,1922,0
Peru,PER,1923,0
Peru,PER,1924,0
Peru,PER,1925,0
Peru,PER,1926,0
Peru,PER,1927,0
Peru,PER,1928,0
Peru,PER,1929,0
Peru,PER,1930,0
Peru,PER,1931,1
Peru,PER,1932,1
Peru,PER,1933,1
Peru,PER,1934,1
Peru,PER,1935,1
Peru,PER,1936,1
Peru,PER,1937,1
Peru,PER,1938,1
Peru,PER,1939,1
Peru,PER,1940,1
Peru,PER,1941,1
Peru,PER,1942,1
Peru,PER,1943,1
Peru,PER,1944,1
Peru,PER,1945,1
Peru,PER,1946,1
Peru,PER,1947,1
Peru,PER,1948,0
Peru,PER,1949,0
Peru,PER,1950,1
Peru,PER,1951,1
Peru,PER,1952,1
Peru,PER,1953,1
Peru,PER,1954,1
Peru,PER,1955,1
Peru,PER,1956,1
Peru,PER,1957,1
Peru,PER,1958,1
Peru,PER,1959,1
Peru,PER,1960,1
Peru,PER,1961,1
Peru,PER,1962,0
Peru,PER,1963,1
Peru,PER,1964,1
Peru,PER,1965,1
Peru,PER,1966,1
Peru,PER,1967,1
Peru,PER,1968,0
Peru,PER,1969,0
Peru,PER,1970,0
Peru,PER,1971,0
Peru,PER,1972,0
Peru,PER,1973,0
Peru,PER,1974,0
Peru,PER,1975,0
Peru,PER,1976,0
Peru,PER,1977,0
Peru,PER,1978,1
Peru,PER,1979,1
Peru,PER,1980,2
Peru,PER,1981,2
Peru,PER,1982,2
Peru,PER,1983,2
Peru,PER,1984,2
Peru,PER,1985,2
Peru,PER,1986,2
Peru,PER,1987,2
Peru,PER,1988,2
Peru,PER,1989,2
Peru,PER,1990,2
Peru,PER,1991,2
Peru,PER,1992,1
Peru,PER,1993,1
Peru,PER,1994,1
Peru,PER,1995,1
Peru,PER,1996,1
Peru,PER,1997,1
Peru,PER,1998,1
Peru,PER,1999,1
Peru,PER,2000,1
Peru,PER,2001,2
Peru,PER,2002,2
Peru,PER,2003,2
Peru,PER,2004,2
Peru,PER,2005,2
Peru,PER,2006,2
Peru,PER,2007,2
Peru,PER,2008,2
Peru,PER,2009,2
Peru,PER,2010,2
Peru,PER,2011,2
Peru,PER,2012,2
Peru,PER,2013,2
Peru,PER,2014,2
Peru,PER,2015,2
Peru,PER,2016,2
Peru,PER,2017,2
Peru,PER,2018,2
Philippines,PHL,1935,1
Philippines,PHL,1936,1
Philippines,PHL,1937,1
Philippines,PHL,1938,1
Philippines,PHL,1939,1
Philippines,PHL,1940,1
Philippines,PHL,1944,1
Philippines,PHL,1945,1
Philippines,PHL,1946,1
Philippines,PHL,1947,1
Philippines,PHL,1948,1
Philippines,PHL,1949,1
Philippines,PHL,1950,1
Philippines,PHL,1951,1
Philippines,PHL,1952,1
Philippines,PHL,1953,1
Philippines,PHL,1954,1
Philippines,PHL,1955,1
Philippines,PHL,1956,1
Philippines,PHL,1957,1
Philippines,PHL,1958,1
Philippines,PHL,1959,1
Philippines,PHL,1960,1
Philippines,PHL,1961,1
Philippines,PHL,1962,1
Philippines,PHL,1963,1
Philippines,PHL,1964,1
Philippines,PHL,1965,1
Philippines,PHL,1966,1
Philippines,PHL,1967,1
Philippines,PHL,1968,1
Philippines,PHL,1969,1
Philippines,PHL,1970,1
Philippines,PHL,1971,1
Philippines,PHL,1972,0
Philippines,PHL,1973,0
Philippines,PHL,1974,0
Philippines,PHL,1975,0
Philippines,PHL,1976,0
Philippines,PHL,1977,0
Philippines,PHL,1978,0
Philippines,PHL,1979,0
Philippines,PHL,1980,0
Philippines,PHL,1981,0
Philippines,PHL,1982,0
Philippines,PHL,1983,0
Philippines,PHL,1984,0
Philippines,PHL,1985,0
Philippines,PHL,1986,1
Philippines,PHL,1987,2
Philippines,PHL,1988,2
Philippines,PHL,1989,2
Philippines,PHL,1990,2
Philippines,PHL,1991,2
Philippines,PHL,1992,2
Philippines,PHL,1993,2
Philippines,PHL,1994,2
Philippines,PHL,1995,2
Philippines,PHL,1996,2
Philippines,PHL,1997,2
Philippines,PHL,1998,2
Philippines,PHL,1999,2
Philippines,PHL,2000,2
Philippines,PHL,2001,2
Philippines,PHL,2002,2
Philippines,PHL,2003,2
Philippines,PHL,2004,2
Philippines,PHL,2005,2
Philippines,PHL,2006,2
Philippines,PHL,2007,2
Philippines,PHL,2008,2
Philippines,PHL,2009,2
Philippines,PHL,2010,2
Philippines,PHL,2011,2
Philippines,PHL,2012,2
Philippines,PHL,2013,2
Philippines,PHL,2014,2
Philippines,PHL,2015,2
Philippines,PHL,2016,2
Philippines,PHL,2017,2
Philippines,PHL,2018,2
Poland,POL,1918,2
Poland,POL,1919,2
Poland,POL,1920,2
Poland,POL,1921,2
Poland,POL,1922,2
Poland,POL,1923,2
Poland,POL,1924,2
Poland,POL,1925,2
Poland,POL,1926,1
Poland,POL,1927,1
Poland,POL,1928,1
Poland,POL,1929,1
Poland,POL,1930,1
Poland,POL,1931,1
Poland,POL,1932,1
Poland,POL,1933,1
Poland,POL,1934,1
Poland,POL,1935,0
Poland,POL,1936,0
Poland,POL,1937,0
Poland,POL,1938,0
Poland,POL,1939,1
Poland,POL,1940,1
Poland,POL,1941,1
Poland,POL,1942,1
Poland,POL,1943,1
Poland,POL,1944,1
Poland,POL,1945,1
Poland,POL,1946,1
Poland,POL,1947,0
Poland,POL,1948,0
Poland,POL,1949,0
Poland,POL,1950,0
Poland,POL,1951,0
Poland,POL,1952,0
Poland,POL,1953,0
Poland,POL,1954,0
Poland,POL,1955,0
Poland,POL,1956,0
Poland,POL,1957,0
Poland,POL,1958,0
Poland,POL,1959,0
Poland,POL,1960,0
Poland,POL,1961,0
Poland,POL,1962,0
Poland,POL,1963,0
Poland,POL,1964,0
Poland,POL,1965,0
Poland,POL,1966,0
Poland,POL,1967,0
Poland,POL,1968,0
Poland,POL,1969,0
Poland,POL,1970,0
Poland,POL,1971,0
Poland,POL,1972,0
Poland,POL,1973,0
Poland,POL,1974,0
Poland,POL,1975,0
Poland,POL,1976,0
Poland,POL,1977,0
Poland,POL,1978,0
Poland,POL,1979,0
Poland,POL,1980,0
Poland,POL,1981,0
Poland,POL,1982,0
Poland,POL,1983,0
Poland,POL,1984,0
Poland,POL,1985,0
Poland,POL,1986,0
Poland,POL,1987,0
Poland,POL,1988,0
Poland,POL,1989,1
Poland,POL,1990,1
Poland,POL,1991,2
Poland,POL,1992,2
Poland,POL,1993,2
Poland,POL,1994,2
Poland,POL,1995,2
Poland,POL,1996,2
Poland,POL,1997,2
Poland,POL,1998,2
Poland,POL,1999,2
Poland,POL,2000,2
Poland,POL,2001,2
Poland,POL,2002,2
Poland,POL,2003,2
Poland,POL,2004,2
Poland,POL,2005,2
Poland,POL,2006,2
Poland,POL,2007,2
Poland,POL,2008,2
Poland,POL,2009,2
Poland,POL,2010,2
Poland,POL,2011,2
Poland,POL,2012,2
Poland,POL,2013,2
Poland,POL,2014,2
Poland,POL,2015,2
Poland,POL,2016,2
Poland,POL,2017,2
Poland,POL,2018,2
Portugal,PRT,1800,0
Portugal,PRT,1802,0
Portugal,PRT,1803,0
Portugal,PRT,1804,0
Portugal,PRT,1805,0
Portugal,PRT,1806,0
Portugal,PRT,1820,1
Portugal,PRT,1821,1
Portugal,PRT,1822,1
Portugal,PRT,1823,1
Portugal,PRT,1824,1
Portugal,PRT,1825,1
Portugal,PRT,1826,1
Portugal,PRT,1827,1
Portugal,PRT,1828,1
Portugal,PRT,1829,1
Portugal,PRT,1830,1
Portugal,PRT,1831,1
Portugal,PRT,1832,1
Portugal,PRT,1833,1
Portugal,PRT,1834,1
Portugal,PRT,1835,1
Portugal,PRT,1836,1
Portugal,PRT,1837,1
Portugal,PRT,1838,1
Portugal,PRT,1839,1
Portugal,PRT,1840,1
Portugal,PRT,1841,1
Portugal,PRT,1842,1
Portugal,PRT,1843,1
Portugal,PRT,1844,1
Portugal,PRT,1845,1
Portugal,PRT,1846,1
Portugal,PRT,1847,1
Portugal,PRT,1848,1
Portugal,PRT,1849,1
Portugal,PRT,1850,1
Portugal,PRT,1851,1
Portugal,PRT,1852,1
Portugal,PRT,1853,1
Portugal,PRT,1854,1
Portugal,PRT,1855,0
Portugal,PRT,1856,0
Portugal,PRT,1857,0
Portugal,PRT,1858,0
Portugal,PRT,1859,0
Portugal,PRT,1860,0
Portugal,PRT,1861,0
Portugal,PRT,1862,0
Portugal,PRT,1863,0
Portugal,PRT,1864,0
Portugal,PRT,1865,0
Portugal,PRT,1866,0
Portugal,PRT,1867,0
Portugal,PRT,1868,0
Portugal,PRT,1869,0
Portugal,PRT,1870,0
Portugal,PRT,1871,0
Portugal,PRT,1872,0
Portugal,PRT,1873,0
Portugal,PRT,1874,0
Portugal,PRT,1875,0
Portugal,PRT,1876,0
Portugal,PRT,1877,0
Portugal,PRT,1878,0
Portugal,PRT,1879,0
Portugal,PRT,1880,1
Portugal,PRT,1881,1
Portugal,PRT,1882,1
Portugal,PRT,1883,1
Portugal,PRT,1884,1
Portugal,PRT,1885,1
Portugal,PRT,1886,1
Portugal,PRT,1887,1
Portugal,PRT,1888,1
Portugal,PRT,1889,1
Portugal,PRT,1890,1
Portugal,PRT,1891,1
Portugal,PRT,1892,1
Portugal,PRT,1893,1
Portugal,PRT,1894,1
Portugal,PRT,1895,1
Portugal,PRT,1896,1
Portugal,PRT,1897,1
Portugal,PRT,1898,1
Portugal,PRT,1899,1
Portugal,PRT,1900,1
Portugal,PRT,1901,1
Portugal,PRT,1902,1
Portugal,PRT,1903,1
Portugal,PRT,1904,1
Portugal,PRT,1905,1
Portugal,PRT,1906,1
Portugal,PRT,1907,0
Portugal,PRT,1908,1
Portugal,PRT,1909,1
Portugal,PRT,1910,1
Portugal,PRT,1911,2
Portugal,PRT,1912,2
Portugal,PRT,1913,2
Portugal,PRT,1914,2
Portugal,PRT,1915,2
Portugal,PRT,1916,2
Portugal,PRT,1917,2
Portugal,PRT,1918,2
Portugal,PRT,1919,2
Portugal,PRT,1920,2
Portugal,PRT,1921,2
Portugal,PRT,1922,2
Portugal,PRT,1923,2
Portugal,PRT,1924,2
Portugal,PRT,1925,2
Portugal,PRT,1926,1
Portugal,PRT,1927,1
Portugal,PRT,1928,1
Portugal,PRT,1929,0
Portugal,PRT,1930,0
Portugal,PRT,1931,0
Portugal,PRT,1932,0
Portugal,PRT,1933,0
Portugal,PRT,1934,0
Portugal,PRT,1935,0
Portugal,PRT,1936,0
Portugal,PRT,1937,0
Portugal,PRT,1938,0
Portugal,PRT,1939,0
Portugal,PRT,1940,0
Portugal,PRT,1941,0
Portugal,PRT,1942,0
Portugal,PRT,1943,0
Portugal,PRT,1944,0
Portugal,PRT,1945,0
Portugal,PRT,1946,0
Portugal,PRT,1947,0
Portugal,PRT,1948,0
Portugal,PRT,1949,0
Portugal,PRT,1950,0
Portugal,PRT,1951,0
Portugal,PRT,1952,0
Portugal,PRT,1953,0
Portugal,PRT,1954,0
Portugal,PRT,1955,0
Portugal,PRT,1956,0
Portugal,PRT,1957,0
Portugal,PRT,1958,0
Portugal,PRT,1959,0
Portugal,PRT,1960,0
Portugal,PRT,1961,0
Portugal,PRT,1962,0
Portugal,PRT,1963,0
Portugal,PRT,1964,0
Portugal,PRT,1965,0
Portugal,PRT,1966,0
Portugal,PRT,1967,0
Portugal,PRT,1968,0
Portugal,PRT,1969,0
Portugal,PRT,1970,0
Portugal,PRT,1971,0
Portugal,PRT,1972,0
Portugal,PRT,1973,0
Portugal,PRT,1974,1
Portugal,PRT,1975,1
Portugal,PRT,1976,2
Portugal,PRT,1977,2
Portugal,PRT,1978,2
Portugal,PRT,1979,2
Portugal,PRT,1980,2
Portugal,PRT,1981,2
Portugal,PRT,1982,2
Portugal,PRT,1983,2
Portugal,PRT,1984,2
Portugal,PRT,1985,2
Portugal,PRT,1986,2
Portugal,PRT,1987,2
Portugal,PRT,1988,2
Portugal,PRT,1989,2
Portugal,PRT,1990,2
Portugal,PRT,1991,2
Portugal,PRT,1992,2
Portugal,PRT,1993,2
Portugal,PRT,1994,2
Portugal,PRT,1995,2
Portugal,PRT,1996,2
Portugal,PRT,1997,2
Portugal,PRT,1998,2
Portugal,PRT,1999,2
Portugal,PRT,2000,2
Portugal,PRT,2001,2
Portugal,PRT,2002,2
Portugal,PRT,2003,2
Portugal,PRT,2004,2
Portugal,PRT,2005,2
Portugal,PRT,2006,2
Portugal,PRT,2007,2
Portugal,PRT,2008,2
Portugal,PRT,2009,2
Portugal,PRT,2010,2
Portugal,PRT,2011,2
Portugal,PRT,2012,2
Portugal,PRT,2013,2
Portugal,PRT,2014,2
Portugal,PRT,2015,2
Portugal,PRT,2016,2
Portugal,PRT,2017,2
Portugal,PRT,2018,2
Prussia,,1800,0
Prussia,,1801,0
Prussia,,1802,0
Prussia,,1803,0
Prussia,,1804,0
Prussia,,1805,0
Prussia,,1813,0
Prussia,,1814,0
Prussia,,1815,0
Prussia,,1816,0
Prussia,,1817,0
Prussia,,1818,0
Prussia,,1819,0
Prussia,,1820,0
Prussia,,1821,0
Prussia,,1822,0
Prussia,,1823,0
Prussia,,1824,0
Prussia,,1825,0
Prussia,,1826,0
Prussia,,1827,0
Prussia,,1828,0
Prussia,,1829,0
Prussia,,1830,0
Prussia,,1831,0
Prussia,,1832,0
Prussia,,1833,0
Prussia,,1834,0
Prussia,,1835,0
Prussia,,1836,0
Prussia,,1837,0
Prussia,,1838,0
Prussia,,1839,0
Prussia,,1840,0
Prussia,,1841,0
Prussia,,1842,0
Prussia,,1843,0
Prussia,,1844,0
Prussia,,1845,0
Prussia,,1846,0
Prussia,,1847,0
Prussia,,1848,0
Prussia,,1849,0
Prussia,,1850,0
Prussia,,1851,0
Prussia,,1852,0
Prussia,,1853,0
Prussia,,1854,0
Prussia,,1855,0
Prussia,,1856,0
Prussia,,1857,0
Prussia,,1858,0
Prussia,,1859,0
Prussia,,1860,0
Prussia,,1861,0
Prussia,,1862,0
Prussia,,1863,0
Prussia,,1864,0
Prussia,,1865,0
Prussia,,1866,0
Prussia,,1867,0
Qatar,QAT,1971,0
Qatar,QAT,1972,0
Qatar,QAT,1973,0
Qatar,QAT,1974,0
Qatar,QAT,1975,0
Qatar,QAT,1976,0
Qatar,QAT,1977,0
Qatar,QAT,1978,0
Qatar,QAT,1979,0
Qatar,QAT,1980,0
Qatar,QAT,1981,0
Qatar,QAT,1982,0
Qatar,QAT,1983,0
Qatar,QAT,1984,0
Qatar,QAT,1985,0
Qatar,QAT,1986,0
Qatar,QAT,1987,0
Qatar,QAT,1988,0
Qatar,QAT,1989,0
Qatar,QAT,1990,0
Qatar,QAT,1991,0
Qatar,QAT,1992,0
Qatar,QAT,1993,0
Qatar,QAT,1994,0
Qatar,QAT,1995,0
Qatar,QAT,1996,0
Qatar,QAT,1997,0
Qatar,QAT,1998,0
Qatar,QAT,1999,0
Qatar,QAT,2000,0
Qatar,QAT,2001,0
Qatar,QAT,2002,0
Qatar,QAT,2003,0
Qatar,QAT,2004,0
Qatar,QAT,2005,0
Qatar,QAT,2006,0
Qatar,QAT,2007,0
Qatar,QAT,2008,0
Qatar,QAT,2009,0
Qatar,QAT,2010,0
Qatar,QAT,2011,0
Qatar,QAT,2012,0
Qatar,QAT,2013,0
Qatar,QAT,2014,0
Qatar,QAT,2015,0
Qatar,QAT,2016,0
Qatar,QAT,2017,0
Qatar,QAT,2018,0
Republic of Vietnam,OWID_RVN,1955,1
Republic of Vietnam,OWID_RVN,1956,1
Republic of Vietnam,OWID_RVN,1957,1
Republic of Vietnam,OWID_RVN,1958,1
Republic of Vietnam,OWID_RVN,1959,1
Republic of Vietnam,OWID_RVN,1960,1
Republic of Vietnam,OWID_RVN,1961,1
Republic of Vietnam,OWID_RVN,1962,1
Republic of Vietnam,OWID_RVN,1963,1
Republic of Vietnam,OWID_RVN,1964,1
Republic of Vietnam,OWID_RVN,1973,1
Republic of Vietnam,OWID_RVN,1974,1
Republic of Vietnam,OWID_RVN,1975,1
Romania,ROU,1859,1
Romania,ROU,1860,1
Romania,ROU,1861,1
Romania,ROU,1862,1
Romania,ROU,1863,1
Romania,ROU,1864,1
Romania,ROU,1865,1
Romania,ROU,1866,0
Romania,ROU,1867,0
Romania,ROU,1868,0
Romania,ROU,1869,0
Romania,ROU,1870,0
Romania,ROU,1871,0
Romania,ROU,1872,0
Romania,ROU,1873,0
Romania,ROU,1874,0
Romania,ROU,1875,0
Romania,ROU,1876,0
Romania,ROU,1877,0
Romania,ROU,1878,0
Romania,ROU,1879,0
Romania,ROU,1880,0
Romania,ROU,1881,0
Romania,ROU,1882,0
Romania,ROU,1883,0
Romania,ROU,1884,0
Romania,ROU,1885,0
Romania,ROU,1886,0
Romania,ROU,1887,0
Romania,ROU,1888,0
Romania,ROU,1889,0
Romania,ROU,1890,0
Romania,ROU,1891,0
Romania,ROU,1892,0
Romania,ROU,1893,0
Romania,ROU,1894,0
Romania,ROU,1895,0
Romania,ROU,1896,0
Romania,ROU,1897,0
Romania,ROU,1898,0
Romania,ROU,1899,0
Romania,ROU,1900,0
Romania,ROU,1901,0
Romania,ROU,1902,0
Romania,ROU,1903,0
Romania,ROU,1904,0
Romania,ROU,1905,0
Romania,ROU,1906,0
Romania,ROU,1907,0
Romania,ROU,1908,0
Romania,ROU,1909,0
Romania,ROU,1910,1
Romania,ROU,1911,1
Romania,ROU,1912,1
Romania,ROU,1913,1
Romania,ROU,1914,1
Romania,ROU,1915,1
Romania,ROU,1917,1
Romania,ROU,1918,1
Romania,ROU,1919,1
Romania,ROU,1920,1
Romania,ROU,1921,1
Romania,ROU,1922,1
Romania,ROU,1923,1
Romania,ROU,1924,1
Romania,ROU,1925,1
Romania,ROU,1926,1
Romania,ROU,1927,1
Romania,ROU,1928,1
Romania,ROU,1929,1
Romania,ROU,1930,1
Romania,ROU,1931,1
Romania,ROU,1932,1
Romania,ROU,1933,1
Romania,ROU,1934,1
Romania,ROU,1935,1
Romania,ROU,1936,1
Romania,ROU,1937,1
Romania,ROU,1938,0
Romania,ROU,1939,0
Romania,ROU,1940,0
Romania,ROU,1941,0
Romania,ROU,1942,0
Romania,ROU,1943,0
Romania,ROU,1944,0
Romania,ROU,1945,0
Romania,ROU,1946,1
Romania,ROU,1947,0
Romania,ROU,1948,0
Romania,ROU,1949,0
Romania,ROU,1950,0
Romania,ROU,1951,0
Romania,ROU,1952,0
Romania,ROU,1953,0
Romania,ROU,1954,0
Romania,ROU,1955,0
Romania,ROU,1956,0
Romania,ROU,1957,0
Romania,ROU,1958,0
Romania,ROU,1959,0
Romania,ROU,1960,0
Romania,ROU,1961,0
Romania,ROU,1962,0
Romania,ROU,1963,0
Romania,ROU,1964,0
Romania,ROU,1965,0
Romania,ROU,1966,0
Romania,ROU,1967,0
Romania,ROU,1968,0
Romania,ROU,1969,0
Romania,ROU,1970,0
Romania,ROU,1971,0
Romania,ROU,1972,0
Romania,ROU,1973,0
Romania,ROU,1974,0
Romania,ROU,1975,0
Romania,ROU,1976,0
Romania,ROU,1977,0
Romania,ROU,1978,0
Romania,ROU,1979,0
Romania,ROU,1980,0
Romania,ROU,1981,0
Romania,ROU,1982,0
Romania,ROU,1983,0
Romania,ROU,1984,0
Romania,ROU,1985,0
Romania,ROU,1986,0
Romania,ROU,1987,0
Romania,ROU,1988,0
Romania,ROU,1989,1
Romania,ROU,1990,1
Romania,ROU,1991,1
Romania,ROU,1992,1
Romania,ROU,1993,1
Romania,ROU,1994,1
Romania,ROU,1995,1
Romania,ROU,1996,2
Romania,ROU,1997,2
Romania,ROU,1998,2
Romania,ROU,1999,2
Romania,ROU,2000,2
Romania,ROU,2001,2
Romania,ROU,2002,2
Romania,ROU,2003,2
Romania,ROU,2004,2
Romania,ROU,2005,2
Romania,ROU,2006,2
Romania,ROU,2007,2
Romania,ROU,2008,2
Romania,ROU,2009,2
Romania,ROU,2010,2
Romania,ROU,2011,2
Romania,ROU,2012,2
Romania,ROU,2013,2
Romania,ROU,2014,2
Romania,ROU,2015,2
Romania,ROU,2016,2
Romania,ROU,2017,2
Romania,ROU,2018,2
Russia,RUS,1800,0
Russia,RUS,1801,0
Russia,RUS,1802,0
Russia,RUS,1803,0
Russia,RUS,1804,0
Russia,RUS,1805,0
Russia,RUS,1806,0
Russia,RUS,1807,0
Russia,RUS,1808,0
Russia,RUS,1809,0
Russia,RUS,1810,0
Russia,RUS,1811,0
Russia,RUS,1812,0
Russia,RUS,1813,0
Russia,RUS,1814,0
Russia,RUS,1815,0
Russia,RUS,1816,0
Russia,RUS,1817,0
Russia,RUS,1818,0
Russia,RUS,1819,0
Russia,RUS,1820,0
Russia,RUS,1821,0
Russia,RUS,1822,0
Russia,RUS,1823,0
Russia,RUS,1824,0
Russia,RUS,1825,0
Russia,RUS,1826,0
Russia,RUS,1827,0
Russia,RUS,1828,0
Russia,RUS,1829,0
Russia,RUS,1830,0
Russia,RUS,1831,0
Russia,RUS,1832,0
Russia,RUS,1833,0
Russia,RUS,1834,0
Russia,RUS,1835,0
Russia,RUS,1836,0
Russia,RUS,1837,0
Russia,RUS,1838,0
Russia,RUS,1839,0
Russia,RUS,1840,0
Russia,RUS,1841,0
Russia,RUS,1842,0
Russia,RUS,1843,0
Russia,RUS,1844,0
Russia,RUS,1845,0
Russia,RUS,1846,0
Russia,RUS,1847,0
Russia,RUS,1848,0
Russia,RUS,1849,0
Russia,RUS,1850,0
Russia,RUS,1851,0
Russia,RUS,1852,0
Russia,RUS,1853,0
Russia,RUS,1854,0
Russia,RUS,1855,0
Russia,RUS,1856,0
Russia,RUS,1857,0
Russia,RUS,1858,0
Russia,RUS,1859,0
Russia,RUS,1860,0
Russia,RUS,1861,0
Russia,RUS,1862,0
Russia,RUS,1863,0
Russia,RUS,1864,0
Russia,RUS,1865,0
Russia,RUS,1866,0
Russia,RUS,1867,0
Russia,RUS,1868,0
Russia,RUS,1869,0
Russia,RUS,1870,0
Russia,RUS,1871,0
Russia,RUS,1872,0
Russia,RUS,1873,0
Russia,RUS,1874,0
Russia,RUS,1875,0
Russia,RUS,1876,0
Russia,RUS,1877,0
Russia,RUS,1878,0
Russia,RUS,1879,0
Russia,RUS,1880,0
Russia,RUS,1881,0
Russia,RUS,1882,0
Russia,RUS,1883,0
Russia,RUS,1884,0
Russia,RUS,1885,0
Russia,RUS,1886,0
Russia,RUS,1887,0
Russia,RUS,1888,0
Russia,RUS,1889,0
Russia,RUS,1890,0
Russia,RUS,1891,0
Russia,RUS,1892,0
Russia,RUS,1893,0
Russia,RUS,1894,0
Russia,RUS,1895,0
Russia,RUS,1896,0
Russia,RUS,1897,0
Russia,RUS,1898,0
Russia,RUS,1899,0
Russia,RUS,1900,0
Russia,RUS,1901,0
Russia,RUS,1902,0
Russia,RUS,1903,0
Russia,RUS,1904,0
Russia,RUS,1905,0
Russia,RUS,1906,0
Russia,RUS,1907,0
Russia,RUS,1908,0
Russia,RUS,1909,0
Russia,RUS,1910,0
Russia,RUS,1911,0
Russia,RUS,1912,0
Russia,RUS,1913,0
Russia,RUS,1914,0
Russia,RUS,1915,0
Russia,RUS,1916,0
Russia,RUS,1917,1
Russia,RUS,1918,1
Russia,RUS,1919,1
Russia,RUS,1920,1
Russia,RUS,1921,1
Russia,RUS,1922,1
Russia,RUS,1923,0
Russia,RUS,1924,0
Russia,RUS,1925,0
Russia,RUS,1926,0
Russia,RUS,1927,0
Russia,RUS,1928,0
Russia,RUS,1929,0
Russia,RUS,1930,0
Russia,RUS,1931,0
Russia,RUS,1932,0
Russia,RUS,1933,0
Russia,RUS,1934,0
Russia,RUS,1935,0
Russia,RUS,1936,0
Russia,RUS,1937,0
Russia,RUS,1938,0
Russia,RUS,1939,0
Russia,RUS,1940,0
Russia,RUS,1941,0
Russia,RUS,1942,0
Russia,RUS,1943,0
Russia,RUS,1944,0
Russia,RUS,1945,0
Russia,RUS,1946,0
Russia,RUS,1947,0
Russia,RUS,1948,0
Russia,RUS,1949,0
Russia,RUS,1950,0
Russia,RUS,1951,0
Russia,RUS,1952,0
Russia,RUS,1953,0
Russia,RUS,1954,0
Russia,RUS,1955,0
Russia,RUS,1956,0
Russia,RUS,1957,0
Russia,RUS,1958,0
Russia,RUS,1959,0
Russia,RUS,1960,0
Russia,RUS,1961,0
Russia,RUS,1962,0
Russia,RUS,1963,0
Russia,RUS,1964,0
Russia,RUS,1965,0
Russia,RUS,1966,0
Russia,RUS,1967,0
Russia,RUS,1968,0
Russia,RUS,1969,0
Russia,RUS,1970,0
Russia,RUS,1971,0
Russia,RUS,1972,0
Russia,RUS,1973,0
Russia,RUS,1974,0
Russia,RUS,1975,0
Russia,RUS,1976,0
Russia,RUS,1977,0
Russia,RUS,1978,0
Russia,RUS,1979,0
Russia,RUS,1980,0
Russia,RUS,1981,0
Russia,RUS,1982,0
Russia,RUS,1983,0
Russia,RUS,1984,0
Russia,RUS,1985,0
Russia,RUS,1986,0
Russia,RUS,1987,0
Russia,RUS,1988,0
Russia,RUS,1989,1
Russia,RUS,1990,1
Russia,RUS,1991,1
Russia,RUS,1992,1
Russia,RUS,1993,1
Russia,RUS,1994,1
Russia,RUS,1995,1
Russia,RUS,1996,1
Russia,RUS,1997,1
Russia,RUS,1998,1
Russia,RUS,1999,1
Russia,RUS,2000,2
Russia,RUS,2001,2
Russia,RUS,2002,2
Russia,RUS,2003,2
Russia,RUS,2004,2
Russia,RUS,2005,2
Russia,RUS,2006,2
Russia,RUS,2007,1
Russia,RUS,2008,1
Russia,RUS,2009,1
Russia,RUS,2010,1
Russia,RUS,2011,1
Russia,RUS,2012,1
Russia,RUS,2013,1
Russia,RUS,2014,1
Russia,RUS,2015,1
Russia,RUS,2016,1
Russia,RUS,2017,1
Russia,RUS,2018,1
Rwanda,RWA,1961,1
Rwanda,RWA,1962,1
Rwanda,RWA,1963,1
Rwanda,RWA,1964,1
Rwanda,RWA,1965,1
Rwanda,RWA,1966,1
Rwanda,RWA,1967,1
Rwanda,RWA,1968,1
Rwanda,RWA,1969,1
Rwanda,RWA,1970,1
Rwanda,RWA,1971,1
Rwanda,RWA,1972,1
Rwanda,RWA,1973,0
Rwanda,RWA,1974,0
Rwanda,RWA,1975,0
Rwanda,RWA,1976,0
Rwanda,RWA,1977,0
Rwanda,RWA,1978,0
Rwanda,RWA,1979,0
Rwanda,RWA,1980,0
Rwanda,RWA,1981,0
Rwanda,RWA,1982,0
Rwanda,RWA,1983,0
Rwanda,RWA,1984,0
Rwanda,RWA,1985,0
Rwanda,RWA,1986,0
Rwanda,RWA,1987,0
Rwanda,RWA,1988,0
Rwanda,RWA,1989,0
Rwanda,RWA,1990,0
Rwanda,RWA,1991,0
Rwanda,RWA,1992,0
Rwanda,RWA,1993,0
Rwanda,RWA,1994,0
Rwanda,RWA,1995,0
Rwanda,RWA,1996,0
Rwanda,RWA,1997,0
Rwanda,RWA,1998,0
Rwanda,RWA,1999,0
Rwanda,RWA,2000,1
Rwanda,RWA,2001,1
Rwanda,RWA,2002,1
Rwanda,RWA,2003,1
Rwanda,RWA,2004,1
Rwanda,RWA,2005,1
Rwanda,RWA,2006,1
Rwanda,RWA,2007,1
Rwanda,RWA,2008,1
Rwanda,RWA,2009,1
Rwanda,RWA,2010,1
Rwanda,RWA,2011,1
Rwanda,RWA,2012,1
Rwanda,RWA,2013,1
Rwanda,RWA,2014,1
Rwanda,RWA,2015,1
Rwanda,RWA,2016,1
Rwanda,RWA,2017,1
Rwanda,RWA,2018,1
Saudi Arabia,SAU,1926,0
Saudi Arabia,SAU,1927,0
Saudi Arabia,SAU,1928,0
Saudi Arabia,SAU,1929,0
Saudi Arabia,SAU,1930,0
Saudi Arabia,SAU,1931,0
Saudi Arabia,SAU,1932,0
Saudi Arabia,SAU,1933,0
Saudi Arabia,SAU,1934,0
Saudi Arabia,SAU,1935,0
Saudi Arabia,SAU,1936,0
Saudi Arabia,SAU,1937,0
Saudi Arabia,SAU,1938,0
Saudi Arabia,SAU,1939,0
Saudi Arabia,SAU,1940,0
Saudi Arabia,SAU,1941,0
Saudi Arabia,SAU,1942,0
Saudi Arabia,SAU,1943,0
Saudi Arabia,SAU,1944,0
Saudi Arabia,SAU,1945,0
Saudi Arabia,SAU,1946,0
Saudi Arabia,SAU,1947,0
Saudi Arabia,SAU,1948,0
Saudi Arabia,SAU,1949,0
Saudi Arabia,SAU,1950,0
Saudi Arabia,SAU,1951,0
Saudi Arabia,SAU,1952,0
Saudi Arabia,SAU,1953,0
Saudi Arabia,SAU,1954,0
Saudi Arabia,SAU,1955,0
Saudi Arabia,SAU,1956,0
Saudi Arabia,SAU,1957,0
Saudi Arabia,SAU,1958,0
Saudi Arabia,SAU,1959,0
Saudi Arabia,SAU,1960,0
Saudi Arabia,SAU,1961,0
Saudi Arabia,SAU,1962,0
Saudi Arabia,SAU,1963,0
Saudi Arabia,SAU,1964,0
Saudi Arabia,SAU,1965,0
Saudi Arabia,SAU,1966,0
Saudi Arabia,SAU,1967,0
Saudi Arabia,SAU,1968,0
Saudi Arabia,SAU,1969,0
Saudi Arabia,SAU,1970,0
Saudi Arabia,SAU,1971,0
Saudi Arabia,SAU,1972,0
Saudi Arabia,SAU,1973,0
Saudi Arabia,SAU,1974,0
Saudi Arabia,SAU,1975,0
Saudi Arabia,SAU,1976,0
Saudi Arabia,SAU,1977,0
Saudi Arabia,SAU,1978,0
Saudi Arabia,SAU,1979,0
Saudi Arabia,SAU,1980,0
Saudi Arabia,SAU,1981,0
Saudi Arabia,SAU,1982,0
Saudi Arabia,SAU,1983,0
Saudi Arabia,SAU,1984,0
Saudi Arabia,SAU,1985,0
Saudi Arabia,SAU,1986,0
Saudi Arabia,SAU,1987,0
Saudi Arabia,SAU,1988,0
Saudi Arabia,SAU,1989,0
Saudi Arabia,SAU,1990,0
Saudi Arabia,SAU,1991,0
Saudi Arabia,SAU,1992,0
Saudi Arabia,SAU,1993,0
Saudi Arabia,SAU,1994,0
Saudi Arabia,SAU,1995,0
Saudi Arabia,SAU,1996,0
Saudi Arabia,SAU,1997,0
Saudi Arabia,SAU,1998,0
Saudi Arabia,SAU,1999,0
Saudi Arabia,SAU,2000,0
Saudi Arabia,SAU,2001,0
Saudi Arabia,SAU,2002,0
Saudi Arabia,SAU,2003,0
Saudi Arabia,SAU,2004,0
Saudi Arabia,SAU,2005,0
Saudi Arabia,SAU,2006,0
Saudi Arabia,SAU,2007,0
Saudi Arabia,SAU,2008,0
Saudi Arabia,SAU,2009,0
Saudi Arabia,SAU,2010,0
Saudi Arabia,SAU,2011,0
Saudi Arabia,SAU,2012,0
Saudi Arabia,SAU,2013,0
Saudi Arabia,SAU,2014,0
Saudi Arabia,SAU,2015,0
Saudi Arabia,SAU,2016,0
Saudi Arabia,SAU,2017,0
Saudi Arabia,SAU,2018,0
Senegal,SEN,1960,1
Senegal,SEN,1961,1
Senegal,SEN,1962,1
Senegal,SEN,1963,0
Senegal,SEN,1964,0
Senegal,SEN,1965,0
Senegal,SEN,1966,0
Senegal,SEN,1967,0
Senegal,SEN,1968,0
Senegal,SEN,1969,0
Senegal,SEN,1970,0
Senegal,SEN,1971,0
Senegal,SEN,1972,0
Senegal,SEN,1973,0
Senegal,SEN,1974,0
Senegal,SEN,1975,0
Senegal,SEN,1976,0
Senegal,SEN,1977,0
Senegal,SEN,1978,1
Senegal,SEN,1979,1
Senegal,SEN,1980,1
Senegal,SEN,1981,1
Senegal,SEN,1982,1
Senegal,SEN,1983,1
Senegal,SEN,1984,1
Senegal,SEN,1985,1
Senegal,SEN,1986,1
Senegal,SEN,1987,1
Senegal,SEN,1988,1
Senegal,SEN,1989,1
Senegal,SEN,1990,1
Senegal,SEN,1991,1
Senegal,SEN,1992,1
Senegal,SEN,1993,1
Senegal,SEN,1994,1
Senegal,SEN,1995,1
Senegal,SEN,1996,1
Senegal,SEN,1997,1
Senegal,SEN,1998,1
Senegal,SEN,1999,1
Senegal,SEN,2000,2
Senegal,SEN,2001,2
Senegal,SEN,2002,2
Senegal,SEN,2003,2
Senegal,SEN,2004,2
Senegal,SEN,2005,2
Senegal,SEN,2006,2
Senegal,SEN,2007,2
Senegal,SEN,2008,2
Senegal,SEN,2009,2
Senegal,SEN,2010,2
Senegal,SEN,2011,2
Senegal,SEN,2012,2
Senegal,SEN,2013,2
Senegal,SEN,2014,2
Senegal,SEN,2015,2
Senegal,SEN,2016,2
Senegal,SEN,2017,2
Senegal,SEN,2018,2
Serbia,SRB,1830,0
Serbia,SRB,1831,0
Serbia,SRB,1832,0
Serbia,SRB,1833,0
Serbia,SRB,1834,0
Serbia,SRB,1835,0
Serbia,SRB,1836,0
Serbia,SRB,1837,0
Serbia,SRB,1838,1
Serbia,SRB,1839,1
Serbia,SRB,1840,1
Serbia,SRB,1841,1
Serbia,SRB,1842,1
Serbia,SRB,1843,1
Serbia,SRB,1844,1
Serbia,SRB,1845,1
Serbia,SRB,1846,1
Serbia,SRB,1847,1
Serbia,SRB,1848,1
Serbia,SRB,1849,1
Serbia,SRB,1850,1
Serbia,SRB,1851,1
Serbia,SRB,1852,1
Serbia,SRB,1853,1
Serbia,SRB,1854,1
Serbia,SRB,1855,1
Serbia,SRB,1856,1
Serbia,SRB,1857,1
Serbia,SRB,1858,0
Serbia,SRB,1859,0
Serbia,SRB,1860,1
Serbia,SRB,1861,1
Serbia,SRB,1862,1
Serbia,SRB,1863,1
Serbia,SRB,1864,1
Serbia,SRB,1865,1
Serbia,SRB,1866,1
Serbia,SRB,1867,1
Serbia,SRB,1868,1
Serbia,SRB,1869,1
Serbia,SRB,1870,1
Serbia,SRB,1871,1
Serbia,SRB,1872,1
Serbia,SRB,1873,1
Serbia,SRB,1874,1
Serbia,SRB,1875,1
Serbia,SRB,1876,1
Serbia,SRB,1877,1
Serbia,SRB,1878,1
Serbia,SRB,1879,1
Serbia,SRB,1880,1
Serbia,SRB,1881,1
Serbia,SRB,1882,1
Serbia,SRB,1883,1
Serbia,SRB,1884,1
Serbia,SRB,1885,1
Serbia,SRB,1886,1
Serbia,SRB,1887,1
Serbia,SRB,1888,1
Serbia,SRB,1889,1
Serbia,SRB,1890,1
Serbia,SRB,1891,1
Serbia,SRB,1892,1
Serbia,SRB,1893,1
Serbia,SRB,1894,1
Serbia,SRB,1895,1
Serbia,SRB,1896,1
Serbia,SRB,1897,1
Serbia,SRB,1898,1
Serbia,SRB,1899,1
Serbia,SRB,1900,1
Serbia,SRB,1901,1
Serbia,SRB,1902,1
Serbia,SRB,1903,1
Serbia,SRB,1904,1
Serbia,SRB,1905,1
Serbia,SRB,1906,1
Serbia,SRB,1907,1
Serbia,SRB,1908,1
Serbia,SRB,1909,1
Serbia,SRB,1910,1
Serbia,SRB,1911,1
Serbia,SRB,1912,1
Serbia,SRB,1913,1
Serbia,SRB,1914,1
Serbia,SRB,1917,1
Serbia,SRB,1918,1
Serbia,SRB,1919,2
Serbia,SRB,1920,2
Serbia,SRB,1921,1
Serbia,SRB,1922,1
Serbia,SRB,1923,1
Serbia,SRB,1924,1
Serbia,SRB,1925,1
Serbia,SRB,1926,1
Serbia,SRB,1927,1
Serbia,SRB,1928,1
Serbia,SRB,1929,0
Serbia,SRB,1930,0
Serbia,SRB,1931,0
Serbia,SRB,1932,0
Serbia,SRB,1933,0
Serbia,SRB,1934,0
Serbia,SRB,1935,0
Serbia,SRB,1936,0
Serbia,SRB,1937,1
Serbia,SRB,1938,1
Serbia,SRB,1939,1
Serbia,SRB,1940,1
Serbia,SRB,1941,1
Serbia,SRB,1942,1
Serbia,SRB,1943,1
Serbia,SRB,1944,1
Serbia,SRB,1945,0
Serbia,SRB,1946,0
Serbia,SRB,1947,0
Serbia,SRB,1948,0
Serbia,SRB,1949,0
Serbia,SRB,1950,0
Serbia,SRB,1951,0
Serbia,SRB,1952,0
Serbia,SRB,1953,0
Serbia,SRB,1954,0
Serbia,SRB,1955,0
Serbia,SRB,1956,0
Serbia,SRB,1957,0
Serbia,SRB,1958,0
Serbia,SRB,1959,0
Serbia,SRB,1960,0
Serbia,SRB,1961,0
Serbia,SRB,1962,0
Serbia,SRB,1963,0
Serbia,SRB,1964,0
Serbia,SRB,1965,0
Serbia,SRB,1966,0
Serbia,SRB,1967,0
Serbia,SRB,1968,0
Serbia,SRB,1969,0
Serbia,SRB,1970,0
Serbia,SRB,1971,0
Serbia,SRB,1972,0
Serbia,SRB,1973,0
Serbia,SRB,1974,0
Serbia,SRB,1975,0
Serbia,SRB,1976,0
Serbia,SRB,1977,0
Serbia,SRB,1978,0
Serbia,SRB,1979,0
Serbia,SRB,1980,1
Serbia,SRB,1981,1
Serbia,SRB,1982,1
Serbia,SRB,1983,1
Serbia,SRB,1984,1
Serbia,SRB,1985,1
Serbia,SRB,1986,1
Serbia,SRB,1987,1
Serbia,SRB,1988,1
Serbia,SRB,1989,1
Serbia,SRB,1990,1
Serbia,SRB,1991,1
Serbia,SRB,1992,1
Serbia,SRB,1993,0
Serbia,SRB,1994,0
Serbia,SRB,1995,0
Serbia,SRB,1996,0
Serbia,SRB,1997,0
Serbia,SRB,1998,0
Serbia,SRB,1999,0
Serbia,SRB,2000,2
Serbia,SRB,2001,2
Serbia,SRB,2002,2
Serbia,SRB,2003,2
Serbia,SRB,2004,2
Serbia,SRB,2005,2
Serbia,SRB,2006,2
Serbia,SRB,2007,2
Serbia,SRB,2008,2
Serbia,SRB,2009,2
Serbia,SRB,2010,2
Serbia,SRB,2011,2
Serbia,SRB,2012,2
Serbia,SRB,2013,2
Serbia,SRB,2014,2
Serbia,SRB,2015,2
Serbia,SRB,2016,2
Serbia,SRB,2017,2
Serbia,SRB,2018,2
Serbia and Montenegro,OWID_SRM,1991,1
Serbia and Montenegro,OWID_SRM,1992,1
Serbia and Montenegro,OWID_SRM,1993,0
Serbia and Montenegro,OWID_SRM,1994,0
Serbia and Montenegro,OWID_SRM,1995,0
Serbia and Montenegro,OWID_SRM,1996,0
Serbia and Montenegro,OWID_SRM,1997,0
Serbia and Montenegro,OWID_SRM,1998,0
Serbia and Montenegro,OWID_SRM,1999,0
Serbia and Montenegro,OWID_SRM,2000,2
Serbia and Montenegro,OWID_SRM,2001,2
Serbia and Montenegro,OWID_SRM,2002,2
Serbia and Montenegro,OWID_SRM,2003,2
Serbia and Montenegro,OWID_SRM,2004,2
Serbia and Montenegro,OWID_SRM,2005,2
Serbia and Montenegro,OWID_SRM,2006,2
Sierra Leone,SLE,1961,2
Sierra Leone,SLE,1962,2
Sierra Leone,SLE,1963,2
Sierra Leone,SLE,1964,2
Sierra Leone,SLE,1965,2
Sierra Leone,SLE,1966,2
Sierra Leone,SLE,1967,0
Sierra Leone,SLE,1968,1
Sierra Leone,SLE,1969,1
Sierra Leone,SLE,1970,1
Sierra Leone,SLE,1971,0
Sierra Leone,SLE,1972,0
Sierra Leone,SLE,1973,0
Sierra Leone,SLE,1974,0
Sierra Leone,SLE,1975,0
Sierra Leone,SLE,1976,0
Sierra Leone,SLE,1977,0
Sierra Leone,SLE,1978,0
Sierra Leone,SLE,1979,0
Sierra Leone,SLE,1980,0
Sierra Leone,SLE,1981,0
Sierra Leone,SLE,1982,0
Sierra Leone,SLE,1983,0
Sierra Leone,SLE,1984,0
Sierra Leone,SLE,1985,0
Sierra Leone,SLE,1986,0
Sierra Leone,SLE,1987,0
Sierra Leone,SLE,1988,0
Sierra Leone,SLE,1989,0
Sierra Leone,SLE,1990,0
Sierra Leone,SLE,1991,0
Sierra Leone,SLE,1992,0
Sierra Leone,SLE,1993,0
Sierra Leone,SLE,1994,0
Sierra Leone,SLE,1995,0
Sierra Leone,SLE,1996,1
Sierra Leone,SLE,1997,1
Sierra Leone,SLE,1998,1
Sierra Leone,SLE,1999,1
Sierra Leone,SLE,2000,1
Sierra Leone,SLE,2001,1
Sierra Leone,SLE,2002,1
Sierra Leone,SLE,2003,1
Sierra Leone,SLE,2004,1
Sierra Leone,SLE,2005,1
Sierra Leone,SLE,2006,1
Sierra Leone,SLE,2007,2
Sierra Leone,SLE,2008,2
Sierra Leone,SLE,2009,2
Sierra Leone,SLE,2010,2
Sierra Leone,SLE,2011,2
Sierra Leone,SLE,2012,2
Sierra Leone,SLE,2013,2
Sierra Leone,SLE,2014,2
Sierra Leone,SLE,2015,2
Sierra Leone,SLE,2016,2
Sierra Leone,SLE,2017,2
Sierra Leone,SLE,2018,2
Singapore,SGP,1965,1
Singapore,SGP,1966,1
Singapore,SGP,1967,1
Singapore,SGP,1968,1
Singapore,SGP,1969,1
Singapore,SGP,1970,1
Singapore,SGP,1971,1
Singapore,SGP,1972,1
Singapore,SGP,1973,1
Singapore,SGP,1974,1
Singapore,SGP,1975,1
Singapore,SGP,1976,1
Singapore,SGP,1977,1
Singapore,SGP,1978,1
Singapore,SGP,1979,1
Singapore,SGP,1980,1
Singapore,SGP,1981,1
Singapore,SGP,1982,1
Singapore,SGP,1983,1
Singapore,SGP,1984,1
Singapore,SGP,1985,1
Singapore,SGP,1986,1
Singapore,SGP,1987,1
Singapore,SGP,1988,1
Singapore,SGP,1989,1
Singapore,SGP,1990,1
Singapore,SGP,1991,1
Singapore,SGP,1992,1
Singapore,SGP,1993,1
Singapore,SGP,1994,1
Singapore,SGP,1995,1
Singapore,SGP,1996,1
Singapore,SGP,1997,1
Singapore,SGP,1998,1
Singapore,SGP,1999,1
Singapore,SGP,2000,1
Singapore,SGP,2001,1
Singapore,SGP,2002,1
Singapore,SGP,2003,1
Singapore,SGP,2004,1
Singapore,SGP,2005,1
Singapore,SGP,2006,1
Singapore,SGP,2007,1
Singapore,SGP,2008,1
Singapore,SGP,2009,1
Singapore,SGP,2010,1
Singapore,SGP,2011,1
Singapore,SGP,2012,1
Singapore,SGP,2013,1
Singapore,SGP,2014,1
Singapore,SGP,2015,1
Singapore,SGP,2016,1
Singapore,SGP,2017,1
Singapore,SGP,2018,1
Slovakia,SVK,1918,2
Slovakia,SVK,1919,2
Slovakia,SVK,1920,2
Slovakia,SVK,1921,2
Slovakia,SVK,1922,2
Slovakia,SVK,1923,2
Slovakia,SVK,1924,2
Slovakia,SVK,1925,2
Slovakia,SVK,1926,2
Slovakia,SVK,1927,2
Slovakia,SVK,1928,2
Slovakia,SVK,1929,2
Slovakia,SVK,1930,2
Slovakia,SVK,1931,2
Slovakia,SVK,1932,2
Slovakia,SVK,1933,2
Slovakia,SVK,1934,2
Slovakia,SVK,1935,2
Slovakia,SVK,1936,2
Slovakia,SVK,1937,2
Slovakia,SVK,1938,1
Slovakia,SVK,1945,2
Slovakia,SVK,1946,1
Slovakia,SVK,1947,1
Slovakia,SVK,1948,0
Slovakia,SVK,1949,0
Slovakia,SVK,1950,0
Slovakia,SVK,1951,0
Slovakia,SVK,1952,0
Slovakia,SVK,1953,0
Slovakia,SVK,1954,0
Slovakia,SVK,1955,0
Slovakia,SVK,1956,0
Slovakia,SVK,1957,0
Slovakia,SVK,1958,0
Slovakia,SVK,1959,0
Slovakia,SVK,1960,0
Slovakia,SVK,1961,0
Slovakia,SVK,1962,0
Slovakia,SVK,1963,0
Slovakia,SVK,1964,0
Slovakia,SVK,1965,0
Slovakia,SVK,1966,0
Slovakia,SVK,1967,0
Slovakia,SVK,1969,0
Slovakia,SVK,1970,0
Slovakia,SVK,1971,0
Slovakia,SVK,1972,0
Slovakia,SVK,1973,0
Slovakia,SVK,1974,0
Slovakia,SVK,1975,0
Slovakia,SVK,1976,0
Slovakia,SVK,1977,0
Slovakia,SVK,1978,0
Slovakia,SVK,1979,0
Slovakia,SVK,1980,0
Slovakia,SVK,1981,0
Slovakia,SVK,1982,0
Slovakia,SVK,1983,0
Slovakia,SVK,1984,0
Slovakia,SVK,1985,0
Slovakia,SVK,1986,0
Slovakia,SVK,1987,0
Slovakia,SVK,1988,0
Slovakia,SVK,1989,1
Slovakia,SVK,1990,2
Slovakia,SVK,1991,2
Slovakia,SVK,1992,2
Slovakia,SVK,1993,2
Slovakia,SVK,1994,2
Slovakia,SVK,1995,2
Slovakia,SVK,1996,2
Slovakia,SVK,1997,2
Slovakia,SVK,1998,2
Slovakia,SVK,1999,2
Slovakia,SVK,2000,2
Slovakia,SVK,2001,2
Slovakia,SVK,2002,2
Slovakia,SVK,2003,2
Slovakia,SVK,2004,2
Slovakia,SVK,2005,2
Slovakia,SVK,2006,2
Slovakia,SVK,2007,2
Slovakia,SVK,2008,2
Slovakia,SVK,2009,2
Slovakia,SVK,2010,2
Slovakia,SVK,2011,2
Slovakia,SVK,2012,2
Slovakia,SVK,2013,2
Slovakia,SVK,2014,2
Slovakia,SVK,2015,2
Slovakia,SVK,2016,2
Slovakia,SVK,2017,2
Slovakia,SVK,2018,2
Slovenia,SVN,1921,1
Slovenia,SVN,1922,1
Slovenia,SVN,1923,1
Slovenia,SVN,1924,1
Slovenia,SVN,1925,1
Slovenia,SVN,1926,1
Slovenia,SVN,1927,1
Slovenia,SVN,1928,1
Slovenia,SVN,1929,0
Slovenia,SVN,1930,0
Slovenia,SVN,1931,0
Slovenia,SVN,1932,0
Slovenia,SVN,1933,0
Slovenia,SVN,1934,0
Slovenia,SVN,1935,0
Slovenia,SVN,1936,0
Slovenia,SVN,1937,1
Slovenia,SVN,1938,1
Slovenia,SVN,1939,1
Slovenia,SVN,1940,1
Slovenia,SVN,1941,1
Slovenia,SVN,1942,1
Slovenia,SVN,1943,1
Slovenia,SVN,1944,1
Slovenia,SVN,1945,0
Slovenia,SVN,1946,0
Slovenia,SVN,1947,0
Slovenia,SVN,1948,0
Slovenia,SVN,1949,0
Slovenia,SVN,1950,0
Slovenia,SVN,1951,0
Slovenia,SVN,1952,0
Slovenia,SVN,1953,0
Slovenia,SVN,1954,0
Slovenia,SVN,1955,0
Slovenia,SVN,1956,0
Slovenia,SVN,1957,0
Slovenia,SVN,1958,0
Slovenia,SVN,1959,0
Slovenia,SVN,1960,0
Slovenia,SVN,1961,0
Slovenia,SVN,1962,0
Slovenia,SVN,1963,0
Slovenia,SVN,1964,0
Slovenia,SVN,1965,0
Slovenia,SVN,1966,0
Slovenia,SVN,1967,0
Slovenia,SVN,1968,0
Slovenia,SVN,1969,0
Slovenia,SVN,1970,0
Slovenia,SVN,1971,0
Slovenia,SVN,1972,0
Slovenia,SVN,1973,0
Slovenia,SVN,1974,0
Slovenia,SVN,1975,0
Slovenia,SVN,1976,0
Slovenia,SVN,1977,0
Slovenia,SVN,1978,0
Slovenia,SVN,1979,0
Slovenia,SVN,1980,1
Slovenia,SVN,1981,1
Slovenia,SVN,1982,1
Slovenia,SVN,1983,1
Slovenia,SVN,1984,1
Slovenia,SVN,1985,1
Slovenia,SVN,1986,1
Slovenia,SVN,1987,1
Slovenia,SVN,1988,1
Slovenia,SVN,1989,1
Slovenia,SVN,1990,1
Slovenia,SVN,1991,2
Slovenia,SVN,1992,2
Slovenia,SVN,1993,2
Slovenia,SVN,1994,2
Slovenia,SVN,1995,2
Slovenia,SVN,1996,2
Slovenia,SVN,1997,2
Slovenia,SVN,1998,2
Slovenia,SVN,1999,2
Slovenia,SVN,2000,2
Slovenia,SVN,2001,2
Slovenia,SVN,2002,2
Slovenia,SVN,2003,2
Slovenia,SVN,2004,2
Slovenia,SVN,2005,2
Slovenia,SVN,2006,2
Slovenia,SVN,2007,2
Slovenia,SVN,2008,2
Slovenia,SVN,2009,2
Slovenia,SVN,2010,2
Slovenia,SVN,2011,2
Slovenia,SVN,2012,2
Slovenia,SVN,2013,2
Slovenia,SVN,2014,2
Slovenia,SVN,2015,2
Slovenia,SVN,2016,2
Slovenia,SVN,2017,2
Slovenia,SVN,2018,2
Solomon Islands,SLB,1978,2
Solomon Islands,SLB,1979,2
Solomon Islands,SLB,1980,2
Solomon Islands,SLB,1981,2
Solomon Islands,SLB,1982,2
Solomon Islands,SLB,1983,2
Solomon Islands,SLB,1984,2
Solomon Islands,SLB,1985,2
Solomon Islands,SLB,1986,2
Solomon Islands,SLB,1987,2
Solomon Islands,SLB,1988,2
Solomon Islands,SLB,1989,2
Solomon Islands,SLB,1990,2
Solomon Islands,SLB,1991,2
Solomon Islands,SLB,1992,2
Solomon Islands,SLB,1993,2
Solomon Islands,SLB,1994,2
Solomon Islands,SLB,1995,2
Solomon Islands,SLB,1996,2
Solomon Islands,SLB,1997,2
Solomon Islands,SLB,1998,2
Solomon Islands,SLB,1999,2
Solomon Islands,SLB,2000,1
Solomon Islands,SLB,2001,1
Solomon Islands,SLB,2002,1
Solomon Islands,SLB,2004,2
Solomon Islands,SLB,2005,2
Solomon Islands,SLB,2006,2
Solomon Islands,SLB,2007,2
Solomon Islands,SLB,2008,2
Solomon Islands,SLB,2009,2
Solomon Islands,SLB,2010,2
Solomon Islands,SLB,2011,2
Solomon Islands,SLB,2012,2
Solomon Islands,SLB,2013,2
Solomon Islands,SLB,2014,2
Solomon Islands,SLB,2015,2
Solomon Islands,SLB,2016,2
Solomon Islands,SLB,2017,2
Solomon Islands,SLB,2018,2
Somalia,SOM,1960,2
Somalia,SOM,1961,2
Somalia,SOM,1962,2
Somalia,SOM,1963,2
Somalia,SOM,1964,2
Somalia,SOM,1965,2
Somalia,SOM,1966,2
Somalia,SOM,1967,2
Somalia,SOM,1968,2
Somalia,SOM,1969,0
Somalia,SOM,1970,0
Somalia,SOM,1971,0
Somalia,SOM,1972,0
Somalia,SOM,1973,0
Somalia,SOM,1974,0
Somalia,SOM,1975,0
Somalia,SOM,1976,0
Somalia,SOM,1977,0
Somalia,SOM,1978,0
Somalia,SOM,1979,0
Somalia,SOM,1980,0
Somalia,SOM,1981,0
Somalia,SOM,1982,0
Somalia,SOM,1983,0
Somalia,SOM,1984,0
Somalia,SOM,1985,0
Somalia,SOM,1986,0
Somalia,SOM,1987,0
Somalia,SOM,1988,0
Somalia,SOM,1989,0
Somalia,SOM,1990,0
Somalia,SOM,1991,1
Somalia,SOM,1992,1
Somalia,SOM,1993,1
Somalia,SOM,1994,1
Somalia,SOM,1995,1
Somalia,SOM,1996,1
Somalia,SOM,1997,1
Somalia,SOM,1998,1
Somalia,SOM,1999,1
Somalia,SOM,2000,1
Somalia,SOM,2001,1
Somalia,SOM,2002,1
Somalia,SOM,2003,1
Somalia,SOM,2004,1
Somalia,SOM,2005,1
Somalia,SOM,2006,1
Somalia,SOM,2007,1
Somalia,SOM,2008,1
Somalia,SOM,2009,1
Somalia,SOM,2010,1
Somalia,SOM,2012,1
Somalia,SOM,2013,1
Somalia,SOM,2014,1
Somalia,SOM,2015,1
Somalia,SOM,2016,1
Somalia,SOM,2017,1
Somalia,SOM,2018,1
South Africa,ZAF,1910,1
South Africa,ZAF,1911,1
South Africa,ZAF,1912,1
South Africa,ZAF,1913,1
South Africa,ZAF,1914,1
South Africa,ZAF,1915,1
South Africa,ZAF,1916,1
South Africa,ZAF,1917,1
South Africa,ZAF,1918,1
South Africa,ZAF,1919,1
South Africa,ZAF,1920,1
South Africa,ZAF,1921,1
South Africa,ZAF,1922,1
South Africa,ZAF,1923,1
South Africa,ZAF,1924,1
South Africa,ZAF,1925,1
South Africa,ZAF,1926,1
South Africa,ZAF,1927,1
South Africa,ZAF,1928,1
South Africa,ZAF,1929,1
South Africa,ZAF,1930,1
South Africa,ZAF,1931,1
South Africa,ZAF,1932,1
South Africa,ZAF,1933,1
South Africa,ZAF,1934,1
South Africa,ZAF,1935,1
South Africa,ZAF,1936,1
South Africa,ZAF,1937,1
South Africa,ZAF,1938,1
South Africa,ZAF,1939,1
South Africa,ZAF,1940,1
South Africa,ZAF,1941,1
South Africa,ZAF,1942,1
South Africa,ZAF,1943,1
South Africa,ZAF,1944,1
South Africa,ZAF,1945,1
South Africa,ZAF,1946,1
South Africa,ZAF,1947,1
South Africa,ZAF,1948,1
South Africa,ZAF,1949,1
South Africa,ZAF,1950,1
South Africa,ZAF,1951,1
South Africa,ZAF,1952,1
South Africa,ZAF,1953,1
South Africa,ZAF,1954,1
South Africa,ZAF,1955,1
South Africa,ZAF,1956,1
South Africa,ZAF,1957,1
South Africa,ZAF,1958,1
South Africa,ZAF,1959,1
South Africa,ZAF,1960,1
South Africa,ZAF,1961,1
South Africa,ZAF,1962,1
South Africa,ZAF,1963,1
South Africa,ZAF,1964,1
South Africa,ZAF,1965,1
South Africa,ZAF,1966,1
South Africa,ZAF,1967,1
South Africa,ZAF,1968,1
South Africa,ZAF,1969,1
South Africa,ZAF,1970,1
South Africa,ZAF,1971,1
South Africa,ZAF,1972,1
South Africa,ZAF,1973,1
South Africa,ZAF,1974,1
South Africa,ZAF,1975,1
South Africa,ZAF,1976,1
South Africa,ZAF,1977,1
South Africa,ZAF,1978,1
South Africa,ZAF,1979,1
South Africa,ZAF,1980,1
South Africa,ZAF,1981,1
South Africa,ZAF,1982,1
South Africa,ZAF,1983,1
South Africa,ZAF,1984,1
South Africa,ZAF,1985,1
South Africa,ZAF,1986,1
South Africa,ZAF,1987,1
South Africa,ZAF,1988,1
South Africa,ZAF,1989,1
South Africa,ZAF,1990,1
South Africa,ZAF,1991,1
South Africa,ZAF,1992,2
South Africa,ZAF,1993,2
South Africa,ZAF,1994,2
South Africa,ZAF,1995,2
South Africa,ZAF,1996,2
South Africa,ZAF,1997,2
South Africa,ZAF,1998,2
South Africa,ZAF,1999,2
South Africa,ZAF,2000,2
South Africa,ZAF,2001,2
South Africa,ZAF,2002,2
South Africa,ZAF,2003,2
South Africa,ZAF,2004,2
South Africa,ZAF,2005,2
South Africa,ZAF,2006,2
South Africa,ZAF,2007,2
South Africa,ZAF,2008,2
South Africa,ZAF,2009,2
South Africa,ZAF,2010,2
South Africa,ZAF,2011,2
South Africa,ZAF,2012,2
South Africa,ZAF,2013,2
South Africa,ZAF,2014,2
South Africa,ZAF,2015,2
South Africa,ZAF,2016,2
South Africa,ZAF,2017,2
South Africa,ZAF,2018,2
South Korea,KOR,1948,1
South Korea,KOR,1949,1
South Korea,KOR,1950,1
South Korea,KOR,1951,1
South Korea,KOR,1952,1
South Korea,KOR,1953,1
South Korea,KOR,1954,1
South Korea,KOR,1955,1
South Korea,KOR,1956,1
South Korea,KOR,1957,1
South Korea,KOR,1958,1
South Korea,KOR,1959,1
South Korea,KOR,1960,2
South Korea,KOR,1961,0
South Korea,KOR,1962,0
South Korea,KOR,1963,1
South Korea,KOR,1964,1
South Korea,KOR,1965,1
South Korea,KOR,1966,1
South Korea,KOR,1967,1
South Korea,KOR,1968,1
South Korea,KOR,1969,1
South Korea,KOR,1970,1
South Korea,KOR,1971,1
South Korea,KOR,1972,0
South Korea,KOR,1973,0
South Korea,KOR,1974,0
South Korea,KOR,1975,0
South Korea,KOR,1976,0
South Korea,KOR,1977,0
South Korea,KOR,1978,0
South Korea,KOR,1979,0
South Korea,KOR,1980,0
South Korea,KOR,1981,1
South Korea,KOR,1982,1
South Korea,KOR,1983,1
South Korea,KOR,1984,1
South Korea,KOR,1985,1
South Korea,KOR,1986,1
South Korea,KOR,1987,1
South Korea,KOR,1988,2
South Korea,KOR,1989,2
South Korea,KOR,1990,2
South Korea,KOR,1991,2
South Korea,KOR,1992,2
South Korea,KOR,1993,2
South Korea,KOR,1994,2
South Korea,KOR,1995,2
South Korea,KOR,1996,2
South Korea,KOR,1997,2
South Korea,KOR,1998,2
South Korea,KOR,1999,2
South Korea,KOR,2000,2
South Korea,KOR,2001,2
South Korea,KOR,2002,2
South Korea,KOR,2003,2
South Korea,KOR,2004,2
South Korea,KOR,2005,2
South Korea,KOR,2006,2
South Korea,KOR,2007,2
South Korea,KOR,2008,2
South Korea,KOR,2009,2
South Korea,KOR,2010,2
South Korea,KOR,2011,2
South Korea,KOR,2012,2
South Korea,KOR,2013,2
South Korea,KOR,2014,2
South Korea,KOR,2015,2
South Korea,KOR,2016,2
South Korea,KOR,2017,2
South Korea,KOR,2018,2
South Sudan,SSD,2011,1
South Sudan,SSD,2012,1
South Sudan,SSD,2013,1
South Sudan,SSD,2014,1
South Sudan,SSD,2015,1
South Sudan,SSD,2016,1
South Sudan,SSD,2017,1
South Sudan,SSD,2018,1
Spain,ESP,1800,0
Spain,ESP,1801,0
Spain,ESP,1802,0
Spain,ESP,1803,0
Spain,ESP,1804,0
Spain,ESP,1805,0
Spain,ESP,1806,0
Spain,ESP,1807,0
Spain,ESP,1814,0
Spain,ESP,1815,0
Spain,ESP,1816,0
Spain,ESP,1817,0
Spain,ESP,1818,0
Spain,ESP,1819,0
Spain,ESP,1820,1
Spain,ESP,1821,1
Spain,ESP,1822,1
Spain,ESP,1823,0
Spain,ESP,1824,0
Spain,ESP,1825,0
Spain,ESP,1826,0
Spain,ESP,1827,0
Spain,ESP,1828,0
Spain,ESP,1829,0
Spain,ESP,1830,0
Spain,ESP,1831,0
Spain,ESP,1832,0
Spain,ESP,1833,0
Spain,ESP,1834,0
Spain,ESP,1835,0
Spain,ESP,1836,1
Spain,ESP,1837,1
Spain,ESP,1838,1
Spain,ESP,1839,1
Spain,ESP,1840,1
Spain,ESP,1841,1
Spain,ESP,1842,1
Spain,ESP,1843,1
Spain,ESP,1844,1
Spain,ESP,1845,1
Spain,ESP,1846,1
Spain,ESP,1847,1
Spain,ESP,1848,1
Spain,ESP,1849,1
Spain,ESP,1850,1
Spain,ESP,1851,1
Spain,ESP,1852,1
Spain,ESP,1853,1
Spain,ESP,1854,1
Spain,ESP,1855,1
Spain,ESP,1856,1
Spain,ESP,1857,1
Spain,ESP,1858,1
Spain,ESP,1859,0
Spain,ESP,1860,0
Spain,ESP,1861,0
Spain,ESP,1862,0
Spain,ESP,1863,0
Spain,ESP,1864,0
Spain,ESP,1865,0
Spain,ESP,1866,0
Spain,ESP,1867,0
Spain,ESP,1868,1
Spain,ESP,1869,1
Spain,ESP,1870,1
Spain,ESP,1871,1
Spain,ESP,1872,1
Spain,ESP,1873,1
Spain,ESP,1874,1
Spain,ESP,1875,1
Spain,ESP,1876,1
Spain,ESP,1877,1
Spain,ESP,1878,1
Spain,ESP,1879,1
Spain,ESP,1880,1
Spain,ESP,1881,1
Spain,ESP,1882,1
Spain,ESP,1883,1
Spain,ESP,1884,1
Spain,ESP,1885,1
Spain,ESP,1886,1
Spain,ESP,1887,1
Spain,ESP,1888,1
Spain,ESP,1889,1
Spain,ESP,1890,1
Spain,ESP,1891,1
Spain,ESP,1892,1
Spain,ESP,1893,1
Spain,ESP,1894,1
Spain,ESP,1895,1
Spain,ESP,1896,1
Spain,ESP,1897,1
Spain,ESP,1898,1
Spain,ESP,1899,1
Spain,ESP,1900,2
Spain,ESP,1901,2
Spain,ESP,1902,2
Spain,ESP,1903,2
Spain,ESP,1904,2
Spain,ESP,1905,2
Spain,ESP,1906,2
Spain,ESP,1907,2
Spain,ESP,1908,2
Spain,ESP,1909,2
Spain,ESP,1910,2
Spain,ESP,1911,2
Spain,ESP,1912,2
Spain,ESP,1913,2
Spain,ESP,1914,2
Spain,ESP,1915,2
Spain,ESP,1916,2
Spain,ESP,1917,2
Spain,ESP,1918,2
Spain,ESP,1919,2
Spain,ESP,1920,2
Spain,ESP,1921,2
Spain,ESP,1922,2
Spain,ESP,1923,0
Spain,ESP,1924,0
Spain,ESP,1925,0
Spain,ESP,1926,0
Spain,ESP,1927,0
Spain,ESP,1928,0
Spain,ESP,1929,0
Spain,ESP,1930,1
Spain,ESP,1931,2
Spain,ESP,1932,2
Spain,ESP,1933,2
Spain,ESP,1934,2
Spain,ESP,1935,2
Spain,ESP,1936,2
Spain,ESP,1937,2
Spain,ESP,1938,2
Spain,ESP,1939,0
Spain,ESP,1940,0
Spain,ESP,1941,0
Spain,ESP,1942,0
Spain,ESP,1943,0
Spain,ESP,1944,0
Spain,ESP,1945,0
Spain,ESP,1946,0
Spain,ESP,1947,0
Spain,ESP,1948,0
Spain,ESP,1949,0
Spain,ESP,1950,0
Spain,ESP,1951,0
Spain,ESP,1952,0
Spain,ESP,1953,0
Spain,ESP,1954,0
Spain,ESP,1955,0
Spain,ESP,1956,0
Spain,ESP,1957,0
Spain,ESP,1958,0
Spain,ESP,1959,0
Spain,ESP,1960,0
Spain,ESP,1961,0
Spain,ESP,1962,0
Spain,ESP,1963,0
Spain,ESP,1964,0
Spain,ESP,1965,0
Spain,ESP,1966,0
Spain,ESP,1967,0
Spain,ESP,1968,0
Spain,ESP,1969,0
Spain,ESP,1970,0
Spain,ESP,1971,0
Spain,ESP,1972,0
Spain,ESP,1973,0
Spain,ESP,1974,0
Spain,ESP,1975,1
Spain,ESP,1976,1
Spain,ESP,1977,1
Spain,ESP,1978,2
Spain,ESP,1979,2
Spain,ESP,1980,2
Spain,ESP,1981,2
Spain,ESP,1982,2
Spain,ESP,1983,2
Spain,ESP,1984,2
Spain,ESP,1985,2
Spain,ESP,1986,2
Spain,ESP,1987,2
Spain,ESP,1988,2
Spain,ESP,1989,2
Spain,ESP,1990,2
Spain,ESP,1991,2
Spain,ESP,1992,2
Spain,ESP,1993,2
Spain,ESP,1994,2
Spain,ESP,1995,2
Spain,ESP,1996,2
Spain,ESP,1997,2
Spain,ESP,1998,2
Spain,ESP,1999,2
Spain,ESP,2000,2
Spain,ESP,2001,2
Spain,ESP,2002,2
Spain,ESP,2003,2
Spain,ESP,2004,2
Spain,ESP,2005,2
Spain,ESP,2006,2
Spain,ESP,2007,2
Spain,ESP,2008,2
Spain,ESP,2009,2
Spain,ESP,2010,2
Spain,ESP,2011,2
Spain,ESP,2012,2
Spain,ESP,2013,2
Spain,ESP,2014,2
Spain,ESP,2015,2
Spain,ESP,2016,2
Spain,ESP,2017,2
Spain,ESP,2018,2
Sri Lanka,LKA,1948,2
Sri Lanka,LKA,1949,2
Sri Lanka,LKA,1950,2
Sri Lanka,LKA,1951,2
Sri Lanka,LKA,1952,2
Sri Lanka,LKA,1953,2
Sri Lanka,LKA,1954,2
Sri Lanka,LKA,1955,2
Sri Lanka,LKA,1956,2
Sri Lanka,LKA,1957,2
Sri Lanka,LKA,1958,2
Sri Lanka,LKA,1959,2
Sri Lanka,LKA,1960,2
Sri Lanka,LKA,1961,2
Sri Lanka,LKA,1962,2
Sri Lanka,LKA,1963,2
Sri Lanka,LKA,1964,2
Sri Lanka,LKA,1965,2
Sri Lanka,LKA,1966,2
Sri Lanka,LKA,1967,2
Sri Lanka,LKA,1968,2
Sri Lanka,LKA,1969,2
Sri Lanka,LKA,1970,2
Sri Lanka,LKA,1971,2
Sri Lanka,LKA,1972,2
Sri Lanka,LKA,1973,2
Sri Lanka,LKA,1974,2
Sri Lanka,LKA,1975,2
Sri Lanka,LKA,1976,2
Sri Lanka,LKA,1977,2
Sri Lanka,LKA,1978,2
Sri Lanka,LKA,1979,2
Sri Lanka,LKA,1980,2
Sri Lanka,LKA,1981,2
Sri Lanka,LKA,1982,1
Sri Lanka,LKA,1983,1
Sri Lanka,LKA,1984,1
Sri Lanka,LKA,1985,1
Sri Lanka,LKA,1986,1
Sri Lanka,LKA,1987,1
Sri Lanka,LKA,1988,1
Sri Lanka,LKA,1989,1
Sri Lanka,LKA,1990,1
Sri Lanka,LKA,1991,1
Sri Lanka,LKA,1992,1
Sri Lanka,LKA,1993,1
Sri Lanka,LKA,1994,1
Sri Lanka,LKA,1995,1
Sri Lanka,LKA,1996,1
Sri Lanka,LKA,1997,1
Sri Lanka,LKA,1998,1
Sri Lanka,LKA,1999,1
Sri Lanka,LKA,2000,1
Sri Lanka,LKA,2001,2
Sri Lanka,LKA,2002,2
Sri Lanka,LKA,2003,1
Sri Lanka,LKA,2004,1
Sri Lanka,LKA,2005,1
Sri Lanka,LKA,2006,2
Sri Lanka,LKA,2007,2
Sri Lanka,LKA,2008,2
Sri Lanka,LKA,2009,1
Sri Lanka,LKA,2010,1
Sri Lanka,LKA,2011,1
Sri Lanka,LKA,2012,1
Sri Lanka,LKA,2013,1
Sri Lanka,LKA,2014,1
Sri Lanka,LKA,2015,2
Sri Lanka,LKA,2016,2
Sri Lanka,LKA,2017,2
Sri Lanka,LKA,2018,2
Sudan,SDN,2011,1
Sudan,SDN,2012,1
Sudan,SDN,2013,1
Sudan,SDN,2014,1
Sudan,SDN,2015,1
Sudan,SDN,2016,1
Sudan,SDN,2017,1
Sudan,SDN,2018,1
Sudan (former),OWID_SDN,1956,2
Sudan (former),OWID_SDN,1957,2
Sudan (former),OWID_SDN,1958,0
Sudan (former),OWID_SDN,1959,0
Sudan (former),OWID_SDN,1960,0
Sudan (former),OWID_SDN,1961,0
Sudan (former),OWID_SDN,1962,0
Sudan (former),OWID_SDN,1963,1
Sudan (former),OWID_SDN,1964,1
Sudan (former),OWID_SDN,1965,2
Sudan (former),OWID_SDN,1966,2
Sudan (former),OWID_SDN,1967,2
Sudan (former),OWID_SDN,1968,2
Sudan (former),OWID_SDN,1969,0
Sudan (former),OWID_SDN,1970,0
Sudan (former),OWID_SDN,1971,0
Sudan (former),OWID_SDN,1972,0
Sudan (former),OWID_SDN,1973,0
Sudan (former),OWID_SDN,1974,0
Sudan (former),OWID_SDN,1975,0
Sudan (former),OWID_SDN,1976,0
Sudan (former),OWID_SDN,1977,0
Sudan (former),OWID_SDN,1978,0
Sudan (former),OWID_SDN,1979,0
Sudan (former),OWID_SDN,1980,0
Sudan (former),OWID_SDN,1981,0
Sudan (former),OWID_SDN,1982,0
Sudan (former),OWID_SDN,1983,0
Sudan (former),OWID_SDN,1984,0
Sudan (former),OWID_SDN,1985,1
Sudan (former),OWID_SDN,1986,2
Sudan (former),OWID_SDN,1987,2
Sudan (former),OWID_SDN,1988,2
Sudan (former),OWID_SDN,1989,0
Sudan (former),OWID_SDN,1990,0
Sudan (former),OWID_SDN,1991,0
Sudan (former),OWID_SDN,1992,0
Sudan (former),OWID_SDN,1993,0
Sudan (former),OWID_SDN,1994,0
Sudan (former),OWID_SDN,1995,0
Sudan (former),OWID_SDN,1996,0
Sudan (former),OWID_SDN,1997,0
Sudan (former),OWID_SDN,1998,0
Sudan (former),OWID_SDN,1999,0
Sudan (former),OWID_SDN,2000,0
Sudan (former),OWID_SDN,2001,0
Sudan (former),OWID_SDN,2002,0
Sudan (former),OWID_SDN,2003,0
Sudan (former),OWID_SDN,2004,0
Sudan (former),OWID_SDN,2005,1
Sudan (former),OWID_SDN,2006,1
Sudan (former),OWID_SDN,2007,1
Sudan (former),OWID_SDN,2008,1
Sudan (former),OWID_SDN,2009,1
Sudan (former),OWID_SDN,2010,1
Suriname,SUR,1975,1
Suriname,SUR,1976,1
Suriname,SUR,1977,1
Suriname,SUR,1978,1
Suriname,SUR,1979,1
Suriname,SUR,1980,1
Suriname,SUR,1981,1
Suriname,SUR,1982,0
Suriname,SUR,1983,0
Suriname,SUR,1984,0
Suriname,SUR,1985,0
Suriname,SUR,1986,0
Suriname,SUR,1987,1
Suriname,SUR,1988,1
Suriname,SUR,1989,1
Suriname,SUR,1990,1
Suriname,SUR,1991,1
Suriname,SUR,1992,1
Suriname,SUR,1993,1
Suriname,SUR,1994,1
Suriname,SUR,1995,1
Suriname,SUR,1996,1
Suriname,SUR,1997,1
Suriname,SUR,1998,1
Suriname,SUR,1999,1
Suriname,SUR,2000,1
Suriname,SUR,2001,1
Suriname,SUR,2002,1
Suriname,SUR,2003,1
Suriname,SUR,2004,1
Suriname,SUR,2005,1
Suriname,SUR,2006,1
Suriname,SUR,2007,1
Suriname,SUR,2008,1
Suriname,SUR,2009,1
Suriname,SUR,2010,1
Suriname,SUR,2011,1
Suriname,SUR,2012,1
Suriname,SUR,2013,1
Suriname,SUR,2014,1
Suriname,SUR,2015,1
Suriname,SUR,2016,1
Suriname,SUR,2017,1
Suriname,SUR,2018,1
Sweden,SWE,1800,0
Sweden,SWE,1801,0
Sweden,SWE,1802,0
Sweden,SWE,1803,0
Sweden,SWE,1804,0
Sweden,SWE,1805,0
Sweden,SWE,1806,0
Sweden,SWE,1807,0
Sweden,SWE,1808,0
Sweden,SWE,1809,0
Sweden,SWE,1810,0
Sweden,SWE,1811,0
Sweden,SWE,1812,0
Sweden,SWE,1813,0
Sweden,SWE,1814,0
Sweden,SWE,1815,0
Sweden,SWE,1816,0
Sweden,SWE,1817,0
Sweden,SWE,1818,0
Sweden,SWE,1819,0
Sweden,SWE,1820,0
Sweden,SWE,1821,0
Sweden,SWE,1822,0
Sweden,SWE,1823,0
Sweden,SWE,1824,0
Sweden,SWE,1825,0
Sweden,SWE,1826,0
Sweden,SWE,1827,0
Sweden,SWE,1828,0
Sweden,SWE,1829,0
Sweden,SWE,1830,0
Sweden,SWE,1831,0
Sweden,SWE,1832,0
Sweden,SWE,1833,0
Sweden,SWE,1834,0
Sweden,SWE,1835,0
Sweden,SWE,1836,0
Sweden,SWE,1837,0
Sweden,SWE,1838,0
Sweden,SWE,1839,0
Sweden,SWE,1840,0
Sweden,SWE,1841,0
Sweden,SWE,1842,0
Sweden,SWE,1843,0
Sweden,SWE,1844,0
Sweden,SWE,1845,0
Sweden,SWE,1846,0
Sweden,SWE,1847,0
Sweden,SWE,1848,0
Sweden,SWE,1849,0
Sweden,SWE,1850,0
Sweden,SWE,1851,0
Sweden,SWE,1852,0
Sweden,SWE,1853,0
Sweden,SWE,1854,0
Sweden,SWE,1855,1
Sweden,SWE,1856,1
Sweden,SWE,1857,1
Sweden,SWE,1858,1
Sweden,SWE,1859,1
Sweden,SWE,1860,1
Sweden,SWE,1861,1
Sweden,SWE,1862,1
Sweden,SWE,1863,1
Sweden,SWE,1864,1
Sweden,SWE,1865,1
Sweden,SWE,1866,1
Sweden,SWE,1867,1
Sweden,SWE,1868,1
Sweden,SWE,1869,1
Sweden,SWE,1870,1
Sweden,SWE,1871,1
Sweden,SWE,1872,1
Sweden,SWE,1873,1
Sweden,SWE,1874,1
Sweden,SWE,1875,1
Sweden,SWE,1876,1
Sweden,SWE,1877,1
Sweden,SWE,1878,1
Sweden,SWE,1879,1
Sweden,SWE,1880,1
Sweden,SWE,1881,1
Sweden,SWE,1882,1
Sweden,SWE,1883,1
Sweden,SWE,1884,1
Sweden,SWE,1885,1
Sweden,SWE,1886,1
Sweden,SWE,1887,1
Sweden,SWE,1888,1
Sweden,SWE,1889,1
Sweden,SWE,1890,1
Sweden,SWE,1891,1
Sweden,SWE,1892,1
Sweden,SWE,1893,1
Sweden,SWE,1894,1
Sweden,SWE,1895,1
Sweden,SWE,1896,1
Sweden,SWE,1897,1
Sweden,SWE,1898,1
Sweden,SWE,1899,1
Sweden,SWE,1900,1
Sweden,SWE,1901,1
Sweden,SWE,1902,1
Sweden,SWE,1903,1
Sweden,SWE,1904,1
Sweden,SWE,1905,1
Sweden,SWE,1906,1
Sweden,SWE,1907,1
Sweden,SWE,1908,1
Sweden,SWE,1909,1
Sweden,SWE,1910,1
Sweden,SWE,1911,1
Sweden,SWE,1912,1
Sweden,SWE,1913,1
Sweden,SWE,1914,2
Sweden,SWE,1915,2
Sweden,SWE,1916,2
Sweden,SWE,1917,2
Sweden,SWE,1918,2
Sweden,SWE,1919,2
Sweden,SWE,1920,2
Sweden,SWE,1921,2
Sweden,SWE,1922,2
Sweden,SWE,1923,2
Sweden,SWE,1924,2
Sweden,SWE,1925,2
Sweden,SWE,1926,2
Sweden,SWE,1927,2
Sweden,SWE,1928,2
Sweden,SWE,1929,2
Sweden,SWE,1930,2
Sweden,SWE,1931,2
Sweden,SWE,1932,2
Sweden,SWE,1933,2
Sweden,SWE,1934,2
Sweden,SWE,1935,2
Sweden,SWE,1936,2
Sweden,SWE,1937,2
Sweden,SWE,1938,2
Sweden,SWE,1939,2
Sweden,SWE,1940,2
Sweden,SWE,1941,2
Sweden,SWE,1942,2
Sweden,SWE,1943,2
Sweden,SWE,1944,2
Sweden,SWE,1945,2
Sweden,SWE,1946,2
Sweden,SWE,1947,2
Sweden,SWE,1948,2
Sweden,SWE,1949,2
Sweden,SWE,1950,2
Sweden,SWE,1951,2
Sweden,SWE,1952,2
Sweden,SWE,1953,2
Sweden,SWE,1954,2
Sweden,SWE,1955,2
Sweden,SWE,1956,2
Sweden,SWE,1957,2
Sweden,SWE,1958,2
Sweden,SWE,1959,2
Sweden,SWE,1960,2
Sweden,SWE,1961,2
Sweden,SWE,1962,2
Sweden,SWE,1963,2
Sweden,SWE,1964,2
Sweden,SWE,1965,2
Sweden,SWE,1966,2
Sweden,SWE,1967,2
Sweden,SWE,1968,2
Sweden,SWE,1969,2
Sweden,SWE,1970,2
Sweden,SWE,1971,2
Sweden,SWE,1972,2
Sweden,SWE,1973,2
Sweden,SWE,1974,2
Sweden,SWE,1975,2
Sweden,SWE,1976,2
Sweden,SWE,1977,2
Sweden,SWE,1978,2
Sweden,SWE,1979,2
Sweden,SWE,1980,2
Sweden,SWE,1981,2
Sweden,SWE,1982,2
Sweden,SWE,1983,2
Sweden,SWE,1984,2
Sweden,SWE,1985,2
Sweden,SWE,1986,2
Sweden,SWE,1987,2
Sweden,SWE,1988,2
Sweden,SWE,1989,2
Sweden,SWE,1990,2
Sweden,SWE,1991,2
Sweden,SWE,1992,2
Sweden,SWE,1993,2
Sweden,SWE,1994,2
Sweden,SWE,1995,2
Sweden,SWE,1996,2
Sweden,SWE,1997,2
Sweden,SWE,1998,2
Sweden,SWE,1999,2
Sweden,SWE,2000,2
Sweden,SWE,2001,2
Sweden,SWE,2002,2
Sweden,SWE,2003,2
Sweden,SWE,2004,2
Sweden,SWE,2005,2
Sweden,SWE,2006,2
Sweden,SWE,2007,2
Sweden,SWE,2008,2
Sweden,SWE,2009,2
Sweden,SWE,2010,2
Sweden,SWE,2011,2
Sweden,SWE,2012,2
Sweden,SWE,2013,2
Sweden,SWE,2014,2
Sweden,SWE,2015,2
Sweden,SWE,2016,2
Sweden,SWE,2017,2
Sweden,SWE,2018,2
Switzerland,CHE,1848,2
Switzerland,CHE,1849,2
Switzerland,CHE,1850,2
Switzerland,CHE,1851,2
Switzerland,CHE,1852,2
Switzerland,CHE,1853,2
Switzerland,CHE,1854,2
Switzerland,CHE,1855,2
Switzerland,CHE,1856,2
Switzerland,CHE,1857,2
Switzerland,CHE,1858,2
Switzerland,CHE,1859,2
Switzerland,CHE,1860,2
Switzerland,CHE,1861,2
Switzerland,CHE,1862,2
Switzerland,CHE,1863,2
Switzerland,CHE,1864,2
Switzerland,CHE,1865,2
Switzerland,CHE,1866,2
Switzerland,CHE,1867,2
Switzerland,CHE,1868,2
Switzerland,CHE,1869,2
Switzerland,CHE,1870,2
Switzerland,CHE,1871,2
Switzerland,CHE,1872,2
Switzerland,CHE,1873,2
Switzerland,CHE,1874,2
Switzerland,CHE,1875,2
Switzerland,CHE,1876,2
Switzerland,CHE,1877,2
Switzerland,CHE,1878,2
Switzerland,CHE,1879,2
Switzerland,CHE,1880,2
Switzerland,CHE,1881,2
Switzerland,CHE,1882,2
Switzerland,CHE,1883,2
Switzerland,CHE,1884,2
Switzerland,CHE,1885,2
Switzerland,CHE,1886,2
Switzerland,CHE,1887,2
Switzerland,CHE,1888,2
Switzerland,CHE,1889,2
Switzerland,CHE,1890,2
Switzerland,CHE,1891,2
Switzerland,CHE,1892,2
Switzerland,CHE,1893,2
Switzerland,CHE,1894,2
Switzerland,CHE,1895,2
Switzerland,CHE,1896,2
Switzerland,CHE,1897,2
Switzerland,CHE,1898,2
Switzerland,CHE,1899,2
Switzerland,CHE,1900,2
Switzerland,CHE,1901,2
Switzerland,CHE,1902,2
Switzerland,CHE,1903,2
Switzerland,CHE,1904,2
Switzerland,CHE,1905,2
Switzerland,CHE,1906,2
Switzerland,CHE,1907,2
Switzerland,CHE,1908,2
Switzerland,CHE,1909,2
Switzerland,CHE,1910,2
Switzerland,CHE,1911,2
Switzerland,CHE,1912,2
Switzerland,CHE,1913,2
Switzerland,CHE,1914,2
Switzerland,CHE,1915,2
Switzerland,CHE,1916,2
Switzerland,CHE,1917,2
Switzerland,CHE,1918,2
Switzerland,CHE,1919,2
Switzerland,CHE,1920,2
Switzerland,CHE,1921,2
Switzerland,CHE,1922,2
Switzerland,CHE,1923,2
Switzerland,CHE,1924,2
Switzerland,CHE,1925,2
Switzerland,CHE,1926,2
Switzerland,CHE,1927,2
Switzerland,CHE,1928,2
Switzerland,CHE,1929,2
Switzerland,CHE,1930,2
Switzerland,CHE,1931,2
Switzerland,CHE,1932,2
Switzerland,CHE,1933,2
Switzerland,CHE,1934,2
Switzerland,CHE,1935,2
Switzerland,CHE,1936,2
Switzerland,CHE,1937,2
Switzerland,CHE,1938,2
Switzerland,CHE,1939,2
Switzerland,CHE,1940,2
Switzerland,CHE,1941,2
Switzerland,CHE,1942,2
Switzerland,CHE,1943,2
Switzerland,CHE,1944,2
Switzerland,CHE,1945,2
Switzerland,CHE,1946,2
Switzerland,CHE,1947,2
Switzerland,CHE,1948,2
Switzerland,CHE,1949,2
Switzerland,CHE,1950,2
Switzerland,CHE,1951,2
Switzerland,CHE,1952,2
Switzerland,CHE,1953,2
Switzerland,CHE,1954,2
Switzerland,CHE,1955,2
Switzerland,CHE,1956,2
Switzerland,CHE,1957,2
Switzerland,CHE,1958,2
Switzerland,CHE,1959,2
Switzerland,CHE,1960,2
Switzerland,CHE,1961,2
Switzerland,CHE,1962,2
Switzerland,CHE,1963,2
Switzerland,CHE,1964,2
Switzerland,CHE,1965,2
Switzerland,CHE,1966,2
Switzerland,CHE,1967,2
Switzerland,CHE,1968,2
Switzerland,CHE,1969,2
Switzerland,CHE,1970,2
Switzerland,CHE,1971,2
Switzerland,CHE,1972,2
Switzerland,CHE,1973,2
Switzerland,CHE,1974,2
Switzerland,CHE,1975,2
Switzerland,CHE,1976,2
Switzerland,CHE,1977,2
Switzerland,CHE,1978,2
Switzerland,CHE,1979,2
Switzerland,CHE,1980,2
Switzerland,CHE,1981,2
Switzerland,CHE,1982,2
Switzerland,CHE,1983,2
Switzerland,CHE,1984,2
Switzerland,CHE,1985,2
Switzerland,CHE,1986,2
Switzerland,CHE,1987,2
Switzerland,CHE,1988,2
Switzerland,CHE,1989,2
Switzerland,CHE,1990,2
Switzerland,CHE,1991,2
Switzerland,CHE,1992,2
Switzerland,CHE,1993,2
Switzerland,CHE,1994,2
Switzerland,CHE,1995,2
Switzerland,CHE,1996,2
Switzerland,CHE,1997,2
Switzerland,CHE,1998,2
Switzerland,CHE,1999,2
Switzerland,CHE,2000,2
Switzerland,CHE,2001,2
Switzerland,CHE,2002,2
Switzerland,CHE,2003,2
Switzerland,CHE,2004,2
Switzerland,CHE,2005,2
Switzerland,CHE,2006,2
Switzerland,CHE,2007,2
Switzerland,CHE,2008,2
Switzerland,CHE,2009,2
Switzerland,CHE,2010,2
Switzerland,CHE,2011,2
Switzerland,CHE,2012,2
Switzerland,CHE,2013,2
Switzerland,CHE,2014,2
Switzerland,CHE,2015,2
Switzerland,CHE,2016,2
Switzerland,CHE,2017,2
Switzerland,CHE,2018,2
Syria,SYR,1944,1
Syria,SYR,1945,1
Syria,SYR,1946,1
Syria,SYR,1947,1
Syria,SYR,1948,1
Syria,SYR,1949,1
Syria,SYR,1950,1
Syria,SYR,1951,0
Syria,SYR,1952,0
Syria,SYR,1953,0
Syria,SYR,1954,1
Syria,SYR,1955,2
Syria,SYR,1956,2
Syria,SYR,1957,2
Syria,SYR,1961,1
Syria,SYR,1962,1
Syria,SYR,1963,0
Syria,SYR,1964,0
Syria,SYR,1965,0
Syria,SYR,1966,0
Syria,SYR,1967,0
Syria,SYR,1968,0
Syria,SYR,1969,0
Syria,SYR,1970,0
Syria,SYR,1971,0
Syria,SYR,1972,0
Syria,SYR,1973,0
Syria,SYR,1974,0
Syria,SYR,1975,0
Syria,SYR,1976,0
Syria,SYR,1977,0
Syria,SYR,1978,0
Syria,SYR,1979,0
Syria,SYR,1980,0
Syria,SYR,1981,0
Syria,SYR,1982,0
Syria,SYR,1983,0
Syria,SYR,1984,0
Syria,SYR,1985,0
Syria,SYR,1986,0
Syria,SYR,1987,0
Syria,SYR,1988,0
Syria,SYR,1989,0
Syria,SYR,1990,0
Syria,SYR,1991,0
Syria,SYR,1992,0
Syria,SYR,1993,0
Syria,SYR,1994,0
Syria,SYR,1995,0
Syria,SYR,1996,0
Syria,SYR,1997,0
Syria,SYR,1998,0
Syria,SYR,1999,0
Syria,SYR,2000,0
Syria,SYR,2001,0
Syria,SYR,2002,0
Syria,SYR,2003,0
Syria,SYR,2004,0
Syria,SYR,2005,0
Syria,SYR,2006,0
Syria,SYR,2007,0
Syria,SYR,2008,0
Syria,SYR,2009,0
Syria,SYR,2010,0
Syria,SYR,2011,0
Syria,SYR,2012,0
Syria,SYR,2013,0
Syria,SYR,2014,0
Syria,SYR,2015,0
Syria,SYR,2016,0
Syria,SYR,2017,0
Syria,SYR,2018,0
Taiwan,TWN,1949,0
Taiwan,TWN,1950,0
Taiwan,TWN,1951,0
Taiwan,TWN,1952,0
Taiwan,TWN,1953,0
Taiwan,TWN,1954,0
Taiwan,TWN,1955,0
Taiwan,TWN,1956,0
Taiwan,TWN,1957,0
Taiwan,TWN,1958,0
Taiwan,TWN,1959,0
Taiwan,TWN,1960,0
Taiwan,TWN,1961,0
Taiwan,TWN,1962,0
Taiwan,TWN,1963,0
Taiwan,TWN,1964,0
Taiwan,TWN,1965,0
Taiwan,TWN,1966,0
Taiwan,TWN,1967,0
Taiwan,TWN,1968,0
Taiwan,TWN,1969,0
Taiwan,TWN,1970,0
Taiwan,TWN,1971,0
Taiwan,TWN,1972,0
Taiwan,TWN,1973,0
Taiwan,TWN,1974,0
Taiwan,TWN,1975,0
Taiwan,TWN,1976,0
Taiwan,TWN,1977,0
Taiwan,TWN,1978,0
Taiwan,TWN,1979,0
Taiwan,TWN,1980,0
Taiwan,TWN,1981,0
Taiwan,TWN,1982,0
Taiwan,TWN,1983,0
Taiwan,TWN,1984,0
Taiwan,TWN,1985,0
Taiwan,TWN,1986,0
Taiwan,TWN,1987,1
Taiwan,TWN,1988,1
Taiwan,TWN,1989,1
Taiwan,TWN,1990,1
Taiwan,TWN,1991,1
Taiwan,TWN,1992,2
Taiwan,TWN,1993,2
Taiwan,TWN,1994,2
Taiwan,TWN,1995,2
Taiwan,TWN,1996,2
Taiwan,TWN,1997,2
Taiwan,TWN,1998,2
Taiwan,TWN,1999,2
Taiwan,TWN,2000,2
Taiwan,TWN,2001,2
Taiwan,TWN,2002,2
Taiwan,TWN,2003,2
Taiwan,TWN,2004,2
Taiwan,TWN,2005,2
Taiwan,TWN,2006,2
Taiwan,TWN,2007,2
Taiwan,TWN,2008,2
Taiwan,TWN,2009,2
Taiwan,TWN,2010,2
Taiwan,TWN,2011,2
Taiwan,TWN,2012,2
Taiwan,TWN,2013,2
Taiwan,TWN,2014,2
Taiwan,TWN,2015,2
Taiwan,TWN,2016,2
Taiwan,TWN,2017,2
Taiwan,TWN,2018,2
Tajikistan,TJK,1868,0
Tajikistan,TJK,1869,0
Tajikistan,TJK,1870,0
Tajikistan,TJK,1871,0
Tajikistan,TJK,1872,0
Tajikistan,TJK,1873,0
Tajikistan,TJK,1874,0
Tajikistan,TJK,1875,0
Tajikistan,TJK,1876,0
Tajikistan,TJK,1877,0
Tajikistan,TJK,1878,0
Tajikistan,TJK,1879,0
Tajikistan,TJK,1880,0
Tajikistan,TJK,1881,0
Tajikistan,TJK,1882,0
Tajikistan,TJK,1883,0
Tajikistan,TJK,1884,0
Tajikistan,TJK,1885,0
Tajikistan,TJK,1886,0
Tajikistan,TJK,1887,0
Tajikistan,TJK,1888,0
Tajikistan,TJK,1889,0
Tajikistan,TJK,1890,0
Tajikistan,TJK,1891,0
Tajikistan,TJK,1892,0
Tajikistan,TJK,1893,0
Tajikistan,TJK,1894,0
Tajikistan,TJK,1895,0
Tajikistan,TJK,1896,0
Tajikistan,TJK,1897,0
Tajikistan,TJK,1898,0
Tajikistan,TJK,1899,0
Tajikistan,TJK,1900,0
Tajikistan,TJK,1901,0
Tajikistan,TJK,1902,0
Tajikistan,TJK,1903,0
Tajikistan,TJK,1904,0
Tajikistan,TJK,1905,0
Tajikistan,TJK,1906,0
Tajikistan,TJK,1907,0
Tajikistan,TJK,1908,0
Tajikistan,TJK,1909,0
Tajikistan,TJK,1910,0
Tajikistan,TJK,1911,0
Tajikistan,TJK,1912,0
Tajikistan,TJK,1913,0
Tajikistan,TJK,1914,0
Tajikistan,TJK,1915,0
Tajikistan,TJK,1916,0
Tajikistan,TJK,1917,1
Tajikistan,TJK,1918,1
Tajikistan,TJK,1919,1
Tajikistan,TJK,1920,1
Tajikistan,TJK,1921,1
Tajikistan,TJK,1922,0
Tajikistan,TJK,1923,0
Tajikistan,TJK,1924,0
Tajikistan,TJK,1925,0
Tajikistan,TJK,1926,0
Tajikistan,TJK,1927,0
Tajikistan,TJK,1928,0
Tajikistan,TJK,1929,0
Tajikistan,TJK,1930,0
Tajikistan,TJK,1931,0
Tajikistan,TJK,1932,0
Tajikistan,TJK,1933,0
Tajikistan,TJK,1934,0
Tajikistan,TJK,1935,0
Tajikistan,TJK,1936,0
Tajikistan,TJK,1937,0
Tajikistan,TJK,1938,0
Tajikistan,TJK,1939,0
Tajikistan,TJK,1940,0
Tajikistan,TJK,1941,0
Tajikistan,TJK,1942,0
Tajikistan,TJK,1943,0
Tajikistan,TJK,1944,0
Tajikistan,TJK,1945,0
Tajikistan,TJK,1946,0
Tajikistan,TJK,1947,0
Tajikistan,TJK,1948,0
Tajikistan,TJK,1949,0
Tajikistan,TJK,1950,0
Tajikistan,TJK,1951,0
Tajikistan,TJK,1952,0
Tajikistan,TJK,1953,0
Tajikistan,TJK,1954,0
Tajikistan,TJK,1955,0
Tajikistan,TJK,1956,0
Tajikistan,TJK,1957,0
Tajikistan,TJK,1958,0
Tajikistan,TJK,1959,0
Tajikistan,TJK,1960,0
Tajikistan,TJK,1961,0
Tajikistan,TJK,1962,0
Tajikistan,TJK,1963,0
Tajikistan,TJK,1964,0
Tajikistan,TJK,1965,0
Tajikistan,TJK,1966,0
Tajikistan,TJK,1967,0
Tajikistan,TJK,1968,0
Tajikistan,TJK,1969,0
Tajikistan,TJK,1970,0
Tajikistan,TJK,1971,0
Tajikistan,TJK,1972,0
Tajikistan,TJK,1973,0
Tajikistan,TJK,1974,0
Tajikistan,TJK,1975,0
Tajikistan,TJK,1976,0
Tajikistan,TJK,1977,0
Tajikistan,TJK,1978,0
Tajikistan,TJK,1979,0
Tajikistan,TJK,1980,0
Tajikistan,TJK,1981,0
Tajikistan,TJK,1982,0
Tajikistan,TJK,1983,0
Tajikistan,TJK,1984,0
Tajikistan,TJK,1985,0
Tajikistan,TJK,1986,0
Tajikistan,TJK,1987,0
Tajikistan,TJK,1988,0
Tajikistan,TJK,1989,1
Tajikistan,TJK,1990,1
Tajikistan,TJK,1991,1
Tajikistan,TJK,1992,0
Tajikistan,TJK,1993,0
Tajikistan,TJK,1994,0
Tajikistan,TJK,1995,0
Tajikistan,TJK,1996,0
Tajikistan,TJK,1997,1
Tajikistan,TJK,1998,1
Tajikistan,TJK,1999,1
Tajikistan,TJK,2000,1
Tajikistan,TJK,2001,1
Tajikistan,TJK,2002,1
Tajikistan,TJK,2003,1
Tajikistan,TJK,2004,1
Tajikistan,TJK,2005,1
Tajikistan,TJK,2006,1
Tajikistan,TJK,2007,1
Tajikistan,TJK,2008,1
Tajikistan,TJK,2009,1
Tajikistan,TJK,2010,1
Tajikistan,TJK,2011,1
Tajikistan,TJK,2012,1
Tajikistan,TJK,2013,1
Tajikistan,TJK,2014,1
Tajikistan,TJK,2015,1
Tajikistan,TJK,2016,1
Tajikistan,TJK,2017,1
Tajikistan,TJK,2018,1
Tanzania,TZA,1961,0
Tanzania,TZA,1962,0
Tanzania,TZA,1963,0
Tanzania,TZA,1964,0
Tanzania,TZA,1965,0
Tanzania,TZA,1966,0
Tanzania,TZA,1967,0
Tanzania,TZA,1968,0
Tanzania,TZA,1969,0
Tanzania,TZA,1970,0
Tanzania,TZA,1971,0
Tanzania,TZA,1972,0
Tanzania,TZA,1973,0
Tanzania,TZA,1974,0
Tanzania,TZA,1975,0
Tanzania,TZA,1976,0
Tanzania,TZA,1977,0
Tanzania,TZA,1978,0
Tanzania,TZA,1979,0
Tanzania,TZA,1980,0
Tanzania,TZA,1981,0
Tanzania,TZA,1982,0
Tanzania,TZA,1983,0
Tanzania,TZA,1984,0
Tanzania,TZA,1985,0
Tanzania,TZA,1986,0
Tanzania,TZA,1987,0
Tanzania,TZA,1988,0
Tanzania,TZA,1989,0
Tanzania,TZA,1990,0
Tanzania,TZA,1991,0
Tanzania,TZA,1992,1
Tanzania,TZA,1993,1
Tanzania,TZA,1994,1
Tanzania,TZA,1995,1
Tanzania,TZA,1996,1
Tanzania,TZA,1997,1
Tanzania,TZA,1998,1
Tanzania,TZA,1999,1
Tanzania,TZA,2000,1
Tanzania,TZA,2001,1
Tanzania,TZA,2002,1
Tanzania,TZA,2003,1
Tanzania,TZA,2004,1
Tanzania,TZA,2005,1
Tanzania,TZA,2006,1
Tanzania,TZA,2007,1
Tanzania,TZA,2008,1
Tanzania,TZA,2009,1
Tanzania,TZA,2010,1
Tanzania,TZA,2011,1
Tanzania,TZA,2012,1
Tanzania,TZA,2013,1
Tanzania,TZA,2014,1
Tanzania,TZA,2015,1
Tanzania,TZA,2016,1
Tanzania,TZA,2017,1
Tanzania,TZA,2018,1
Thailand,THA,1800,0
Thailand,THA,1801,0
Thailand,THA,1802,0
Thailand,THA,1803,0
Thailand,THA,1804,0
Thailand,THA,1805,0
Thailand,THA,1806,0
Thailand,THA,1807,0
Thailand,THA,1808,0
Thailand,THA,1809,0
Thailand,THA,1810,0
Thailand,THA,1811,0
Thailand,THA,1812,0
Thailand,THA,1813,0
Thailand,THA,1814,0
Thailand,THA,1815,0
Thailand,THA,1816,0
Thailand,THA,1817,0
Thailand,THA,1818,0
Thailand,THA,1819,0
Thailand,THA,1820,0
Thailand,THA,1821,0
Thailand,THA,1822,0
Thailand,THA,1823,0
Thailand,THA,1824,0
Thailand,THA,1825,0
Thailand,THA,1826,0
Thailand,THA,1827,0
Thailand,THA,1828,0
Thailand,THA,1829,0
Thailand,THA,1830,0
Thailand,THA,1831,0
Thailand,THA,1832,0
Thailand,THA,1833,0
Thailand,THA,1834,0
Thailand,THA,1835,0
Thailand,THA,1836,0
Thailand,THA,1837,0
Thailand,THA,1838,0
Thailand,THA,1839,0
Thailand,THA,1840,0
Thailand,THA,1841,0
Thailand,THA,1842,0
Thailand,THA,1843,0
Thailand,THA,1844,0
Thailand,THA,1845,0
Thailand,THA,1846,0
Thailand,THA,1847,0
Thailand,THA,1848,0
Thailand,THA,1849,0
Thailand,THA,1850,0
Thailand,THA,1851,0
Thailand,THA,1852,0
Thailand,THA,1853,0
Thailand,THA,1854,0
Thailand,THA,1855,0
Thailand,THA,1856,0
Thailand,THA,1857,0
Thailand,THA,1858,0
Thailand,THA,1859,0
Thailand,THA,1860,0
Thailand,THA,1861,0
Thailand,THA,1862,0
Thailand,THA,1863,0
Thailand,THA,1864,0
Thailand,THA,1865,0
Thailand,THA,1866,0
Thailand,THA,1867,0
Thailand,THA,1868,0
Thailand,THA,1869,0
Thailand,THA,1870,0
Thailand,THA,1871,0
Thailand,THA,1872,0
Thailand,THA,1873,0
Thailand,THA,1874,0
Thailand,THA,1875,0
Thailand,THA,1876,0
Thailand,THA,1877,0
Thailand,THA,1878,0
Thailand,THA,1879,0
Thailand,THA,1880,0
Thailand,THA,1881,0
Thailand,THA,1882,0
Thailand,THA,1883,0
Thailand,THA,1884,0
Thailand,THA,1885,0
Thailand,THA,1886,0
Thailand,THA,1887,0
Thailand,THA,1888,0
Thailand,THA,1889,0
Thailand,THA,1890,0
Thailand,THA,1891,0
Thailand,THA,1892,0
Thailand,THA,1893,0
Thailand,THA,1894,0
Thailand,THA,1895,0
Thailand,THA,1896,0
Thailand,THA,1897,0
Thailand,THA,1898,0
Thailand,THA,1899,0
Thailand,THA,1900,0
Thailand,THA,1901,0
Thailand,THA,1902,0
Thailand,THA,1903,0
Thailand,THA,1904,0
Thailand,THA,1905,0
Thailand,THA,1906,0
Thailand,THA,1907,0
Thailand,THA,1908,0
Thailand,THA,1909,0
Thailand,THA,1910,0
Thailand,THA,1911,0
Thailand,THA,1912,0
Thailand,THA,1913,0
Thailand,THA,1914,0
Thailand,THA,1915,0
Thailand,THA,1916,0
Thailand,THA,1917,0
Thailand,THA,1918,0
Thailand,THA,1919,0
Thailand,THA,1920,0
Thailand,THA,1921,0
Thailand,THA,1922,0
Thailand,THA,1923,0
Thailand,THA,1924,0
Thailand,THA,1925,0
Thailand,THA,1926,0
Thailand,THA,1927,0
Thailand,THA,1928,0
Thailand,THA,1929,0
Thailand,THA,1930,0
Thailand,THA,1931,0
Thailand,THA,1932,0
Thailand,THA,1933,0
Thailand,THA,1934,1
Thailand,THA,1935,1
Thailand,THA,1936,1
Thailand,THA,1937,1
Thailand,THA,1938,1
Thailand,THA,1939,1
Thailand,THA,1940,1
Thailand,THA,1942,1
Thailand,THA,1943,1
Thailand,THA,1944,1
Thailand,THA,1945,1
Thailand,THA,1946,1
Thailand,THA,1947,1
Thailand,THA,1948,1
Thailand,THA,1949,1
Thailand,THA,1950,1
Thailand,THA,1951,1
Thailand,THA,1952,0
Thailand,THA,1953,0
Thailand,THA,1954,0
Thailand,THA,1955,1
Thailand,THA,1956,1
Thailand,THA,1957,1
Thailand,THA,1958,0
Thailand,THA,1959,0
Thailand,THA,1960,0
Thailand,THA,1961,0
Thailand,THA,1962,0
Thailand,THA,1963,0
Thailand,THA,1964,0
Thailand,THA,1965,0
Thailand,THA,1966,0
Thailand,THA,1967,0
Thailand,THA,1968,1
Thailand,THA,1969,1
Thailand,THA,1970,1
Thailand,THA,1971,0
Thailand,THA,1972,0
Thailand,THA,1973,1
Thailand,THA,1974,1
Thailand,THA,1975,1
Thailand,THA,1976,0
Thailand,THA,1977,1
Thailand,THA,1978,1
Thailand,THA,1979,1
Thailand,THA,1980,1
Thailand,THA,1981,1
Thailand,THA,1982,1
Thailand,THA,1983,1
Thailand,THA,1984,1
Thailand,THA,1985,1
Thailand,THA,1986,1
Thailand,THA,1987,1
Thailand,THA,1988,1
Thailand,THA,1989,1
Thailand,THA,1990,1
Thailand,THA,1991,1
Thailand,THA,1992,2
Thailand,THA,1993,2
Thailand,THA,1994,2
Thailand,THA,1995,2
Thailand,THA,1996,2
Thailand,THA,1997,2
Thailand,THA,1998,2
Thailand,THA,1999,2
Thailand,THA,2000,2
Thailand,THA,2001,2
Thailand,THA,2002,2
Thailand,THA,2003,2
Thailand,THA,2004,2
Thailand,THA,2005,2
Thailand,THA,2006,1
Thailand,THA,2007,1
Thailand,THA,2008,1
Thailand,THA,2009,1
Thailand,THA,2010,1
Thailand,THA,2011,2
Thailand,THA,2012,2
Thailand,THA,2013,2
Thailand,THA,2014,1
Thailand,THA,2015,1
Thailand,THA,2016,1
Thailand,THA,2017,1
Thailand,THA,2018,1
Togo,TGO,1960,0
Togo,TGO,1961,0
Togo,TGO,1962,0
Togo,TGO,1963,0
Togo,TGO,1964,0
Togo,TGO,1965,0
Togo,TGO,1966,0
Togo,TGO,1967,0
Togo,TGO,1968,0
Togo,TGO,1969,0
Togo,TGO,1970,0
Togo,TGO,1971,0
Togo,TGO,1972,0
Togo,TGO,1973,0
Togo,TGO,1974,0
Togo,TGO,1975,0
Togo,TGO,1976,0
Togo,TGO,1977,0
Togo,TGO,1978,0
Togo,TGO,1979,0
Togo,TGO,1980,0
Togo,TGO,1981,0
Togo,TGO,1982,0
Togo,TGO,1983,0
Togo,TGO,1984,0
Togo,TGO,1985,0
Togo,TGO,1986,0
Togo,TGO,1987,0
Togo,TGO,1988,0
Togo,TGO,1989,0
Togo,TGO,1990,0
Togo,TGO,1991,1
Togo,TGO,1992,1
Togo,TGO,1993,1
Togo,TGO,1994,1
Togo,TGO,1995,1
Togo,TGO,1996,1
Togo,TGO,1997,1
Togo,TGO,1998,1
Togo,TGO,1999,1
Togo,TGO,2000,1
Togo,TGO,2001,1
Togo,TGO,2002,1
Togo,TGO,2003,1
Togo,TGO,2004,1
Togo,TGO,2005,1
Togo,TGO,2006,1
Togo,TGO,2007,1
Togo,TGO,2008,1
Togo,TGO,2009,1
Togo,TGO,2010,1
Togo,TGO,2011,1
Togo,TGO,2012,1
Togo,TGO,2013,1
Togo,TGO,2014,1
Togo,TGO,2015,1
Togo,TGO,2016,1
Togo,TGO,2017,1
Togo,TGO,2018,1
Trinidad and Tobago,TTO,1962,1
Trinidad and Tobago,TTO,1963,1
Trinidad and Tobago,TTO,1964,1
Trinidad and Tobago,TTO,1965,1
Trinidad and Tobago,TTO,1966,1
Trinidad and Tobago,TTO,1967,1
Trinidad and Tobago,TTO,1968,1
Trinidad and Tobago,TTO,1969,1
Trinidad and Tobago,TTO,1970,1
Trinidad and Tobago,TTO,1971,1
Trinidad and Tobago,TTO,1972,1
Trinidad and Tobago,TTO,1973,1
Trinidad and Tobago,TTO,1974,1
Trinidad and Tobago,TTO,1975,1
Trinidad and Tobago,TTO,1976,1
Trinidad and Tobago,TTO,1977,1
Trinidad and Tobago,TTO,1978,1
Trinidad and Tobago,TTO,1979,1
Trinidad and Tobago,TTO,1980,1
Trinidad and Tobago,TTO,1981,2
Trinidad and Tobago,TTO,1982,2
Trinidad and Tobago,TTO,1983,2
Trinidad and Tobago,TTO,1984,2
Trinidad and Tobago,TTO,1985,2
Trinidad and Tobago,TTO,1986,2
Trinidad and Tobago,TTO,1987,2
Trinidad and Tobago,TTO,1988,2
Trinidad and Tobago,TTO,1989,2
Trinidad and Tobago,TTO,1990,2
Trinidad and Tobago,TTO,1991,2
Trinidad and Tobago,TTO,1992,2
Trinidad and Tobago,TTO,1993,2
Trinidad and Tobago,TTO,1994,2
Trinidad and Tobago,TTO,1995,2
Trinidad and Tobago,TTO,1996,2
Trinidad and Tobago,TTO,1997,2
Trinidad and Tobago,TTO,1998,2
Trinidad and Tobago,TTO,1999,2
Trinidad and Tobago,TTO,2000,2
Trinidad and Tobago,TTO,2001,2
Trinidad and Tobago,TTO,2002,2
Trinidad and Tobago,TTO,2003,2
Trinidad and Tobago,TTO,2004,2
Trinidad and Tobago,TTO,2005,2
Trinidad and Tobago,TTO,2006,2
Trinidad and Tobago,TTO,2007,2
Trinidad and Tobago,TTO,2008,2
Trinidad and Tobago,TTO,2009,2
Trinidad and Tobago,TTO,2010,2
Trinidad and Tobago,TTO,2011,2
Trinidad and Tobago,TTO,2012,2
Trinidad and Tobago,TTO,2013,2
Trinidad and Tobago,TTO,2014,2
Trinidad and Tobago,TTO,2015,2
Trinidad and Tobago,TTO,2016,2
Trinidad and Tobago,TTO,2017,2
Trinidad and Tobago,TTO,2018,2
Tunisia,TUN,1956,1
Tunisia,TUN,1957,0
Tunisia,TUN,1958,0
Tunisia,TUN,1959,0
Tunisia,TUN,1960,0
Tunisia,TUN,1961,0
Tunisia,TUN,1962,0
Tunisia,TUN,1963,0
Tunisia,TUN,1964,0
Tunisia,TUN,1965,0
Tunisia,TUN,1966,0
Tunisia,TUN,1967,0
Tunisia,TUN,1968,0
Tunisia,TUN,1969,0
Tunisia,TUN,1970,0
Tunisia,TUN,1971,0
Tunisia,TUN,1972,0
Tunisia,TUN,1973,0
Tunisia,TUN,1974,0
Tunisia,TUN,1975,0
Tunisia,TUN,1976,0
Tunisia,TUN,1977,0
Tunisia,TUN,1978,0
Tunisia,TUN,1979,0
Tunisia,TUN,1980,0
Tunisia,TUN,1981,0
Tunisia,TUN,1982,0
Tunisia,TUN,1983,0
Tunisia,TUN,1984,0
Tunisia,TUN,1985,0
Tunisia,TUN,1986,0
Tunisia,TUN,1987,0
Tunisia,TUN,1988,0
Tunisia,TUN,1989,0
Tunisia,TUN,1990,0
Tunisia,TUN,1991,0
Tunisia,TUN,1992,0
Tunisia,TUN,1993,1
Tunisia,TUN,1994,1
Tunisia,TUN,1995,1
Tunisia,TUN,1996,1
Tunisia,TUN,1997,1
Tunisia,TUN,1998,1
Tunisia,TUN,1999,1
Tunisia,TUN,2000,1
Tunisia,TUN,2001,1
Tunisia,TUN,2002,1
Tunisia,TUN,2003,1
Tunisia,TUN,2004,1
Tunisia,TUN,2005,1
Tunisia,TUN,2006,1
Tunisia,TUN,2007,1
Tunisia,TUN,2008,1
Tunisia,TUN,2009,1
Tunisia,TUN,2010,1
Tunisia,TUN,2011,1
Tunisia,TUN,2012,1
Tunisia,TUN,2013,2
Tunisia,TUN,2014,2
Tunisia,TUN,2015,2
Tunisia,TUN,2016,2
Tunisia,TUN,2017,2
Tunisia,TUN,2018,2
Turkey,TUR,1800,0
Turkey,TUR,1801,0
Turkey,TUR,1802,0
Turkey,TUR,1803,0
Turkey,TUR,1804,0
Turkey,TUR,1805,0
Turkey,TUR,1806,0
Turkey,TUR,1807,0
Turkey,TUR,1808,0
Turkey,TUR,1809,0
Turkey,TUR,1810,0
Turkey,TUR,1811,0
Turkey,TUR,1812,0
Turkey,TUR,1813,0
Turkey,TUR,1814,0
Turkey,TUR,1815,0
Turkey,TUR,1816,0
Turkey,TUR,1817,0
Turkey,TUR,1818,0
Turkey,TUR,1819,0
Turkey,TUR,1820,0
Turkey,TUR,1821,0
Turkey,TUR,1822,0
Turkey,TUR,1823,0
Turkey,TUR,1824,0
Turkey,TUR,1825,0
Turkey,TUR,1826,0
Turkey,TUR,1827,0
Turkey,TUR,1828,0
Turkey,TUR,1829,0
Turkey,TUR,1830,0
Turkey,TUR,1831,0
Turkey,TUR,1832,0
Turkey,TUR,1833,0
Turkey,TUR,1834,0
Turkey,TUR,1835,0
Turkey,TUR,1836,0
Turkey,TUR,1837,0
Turkey,TUR,1838,0
Turkey,TUR,1839,0
Turkey,TUR,1840,0
Turkey,TUR,1841,0
Turkey,TUR,1842,0
Turkey,TUR,1843,0
Turkey,TUR,1844,0
Turkey,TUR,1845,0
Turkey,TUR,1846,0
Turkey,TUR,1847,0
Turkey,TUR,1848,0
Turkey,TUR,1849,0
Turkey,TUR,1850,0
Turkey,TUR,1851,0
Turkey,TUR,1852,0
Turkey,TUR,1853,0
Turkey,TUR,1854,0
Turkey,TUR,1855,0
Turkey,TUR,1856,0
Turkey,TUR,1857,0
Turkey,TUR,1858,0
Turkey,TUR,1859,0
Turkey,TUR,1860,0
Turkey,TUR,1861,0
Turkey,TUR,1862,0
Turkey,TUR,1863,0
Turkey,TUR,1864,0
Turkey,TUR,1865,0
Turkey,TUR,1866,0
Turkey,TUR,1867,0
Turkey,TUR,1868,0
Turkey,TUR,1869,0
Turkey,TUR,1870,0
Turkey,TUR,1871,0
Turkey,TUR,1872,0
Turkey,TUR,1873,0
Turkey,TUR,1874,0
Turkey,TUR,1875,0
Turkey,TUR,1876,1
Turkey,TUR,1877,0
Turkey,TUR,1878,0
Turkey,TUR,1879,0
Turkey,TUR,1880,0
Turkey,TUR,1881,0
Turkey,TUR,1882,0
Turkey,TUR,1883,0
Turkey,TUR,1884,0
Turkey,TUR,1885,0
Turkey,TUR,1886,0
Turkey,TUR,1887,0
Turkey,TUR,1888,0
Turkey,TUR,1889,0
Turkey,TUR,1890,0
Turkey,TUR,1891,0
Turkey,TUR,1892,0
Turkey,TUR,1893,0
Turkey,TUR,1894,0
Turkey,TUR,1895,0
Turkey,TUR,1896,0
Turkey,TUR,1897,0
Turkey,TUR,1898,0
Turkey,TUR,1899,0
Turkey,TUR,1900,0
Turkey,TUR,1901,0
Turkey,TUR,1902,0
Turkey,TUR,1903,0
Turkey,TUR,1904,0
Turkey,TUR,1905,0
Turkey,TUR,1906,0
Turkey,TUR,1907,0
Turkey,TUR,1908,1
Turkey,TUR,1909,1
Turkey,TUR,1910,1
Turkey,TUR,1911,1
Turkey,TUR,1912,1
Turkey,TUR,1913,1
Turkey,TUR,1914,1
Turkey,TUR,1915,1
Turkey,TUR,1916,1
Turkey,TUR,1917,1
Turkey,TUR,1922,1
Turkey,TUR,1923,0
Turkey,TUR,1924,0
Turkey,TUR,1925,0
Turkey,TUR,1926,0
Turkey,TUR,1927,0
Turkey,TUR,1928,0
Turkey,TUR,1929,0
Turkey,TUR,1930,0
Turkey,TUR,1931,0
Turkey,TUR,1932,0
Turkey,TUR,1933,0
Turkey,TUR,1934,0
Turkey,TUR,1935,0
Turkey,TUR,1936,0
Turkey,TUR,1937,0
Turkey,TUR,1938,0
Turkey,TUR,1939,0
Turkey,TUR,1940,0
Turkey,TUR,1941,0
Turkey,TUR,1942,0
Turkey,TUR,1943,0
Turkey,TUR,1944,0
Turkey,TUR,1945,0
Turkey,TUR,1946,2
Turkey,TUR,1947,2
Turkey,TUR,1948,2
Turkey,TUR,1949,2
Turkey,TUR,1950,2
Turkey,TUR,1951,2
Turkey,TUR,1952,2
Turkey,TUR,1953,2
Turkey,TUR,1954,1
Turkey,TUR,1955,1
Turkey,TUR,1956,1
Turkey,TUR,1957,1
Turkey,TUR,1958,1
Turkey,TUR,1959,1
Turkey,TUR,1960,2
Turkey,TUR,1961,2
Turkey,TUR,1962,2
Turkey,TUR,1963,2
Turkey,TUR,1964,2
Turkey,TUR,1965,2
Turkey,TUR,1966,2
Turkey,TUR,1967,2
Turkey,TUR,1968,2
Turkey,TUR,1969,2
Turkey,TUR,1970,2
Turkey,TUR,1971,1
Turkey,TUR,1972,1
Turkey,TUR,1973,2
Turkey,TUR,1974,2
Turkey,TUR,1975,2
Turkey,TUR,1976,2
Turkey,TUR,1977,2
Turkey,TUR,1978,2
Turkey,TUR,1979,2
Turkey,TUR,1980,1
Turkey,TUR,1981,1
Turkey,TUR,1982,1
Turkey,TUR,1983,2
Turkey,TUR,1984,2
Turkey,TUR,1985,2
Turkey,TUR,1986,2
Turkey,TUR,1987,2
Turkey,TUR,1988,2
Turkey,TUR,1989,2
Turkey,TUR,1990,2
Turkey,TUR,1991,2
Turkey,TUR,1992,2
Turkey,TUR,1993,2
Turkey,TUR,1994,2
Turkey,TUR,1995,2
Turkey,TUR,1996,2
Turkey,TUR,1997,2
Turkey,TUR,1998,2
Turkey,TUR,1999,2
Turkey,TUR,2000,2
Turkey,TUR,2001,2
Turkey,TUR,2002,2
Turkey,TUR,2003,2
Turkey,TUR,2004,2
Turkey,TUR,2005,2
Turkey,TUR,2006,2
Turkey,TUR,2007,2
Turkey,TUR,2008,2
Turkey,TUR,2009,2
Turkey,TUR,2010,2
Turkey,TUR,2011,2
Turkey,TUR,2012,2
Turkey,TUR,2013,2
Turkey,TUR,2014,1
Turkey,TUR,2015,1
Turkey,TUR,2016,1
Turkey,TUR,2017,1
Turkey,TUR,2018,1
Turkmenistan,TKM,1800,0
Turkmenistan,TKM,1801,0
Turkmenistan,TKM,1802,0
Turkmenistan,TKM,1803,0
Turkmenistan,TKM,1804,0
Turkmenistan,TKM,1805,0
Turkmenistan,TKM,1806,0
Turkmenistan,TKM,1807,0
Turkmenistan,TKM,1808,0
Turkmenistan,TKM,1809,0
Turkmenistan,TKM,1810,0
Turkmenistan,TKM,1811,0
Turkmenistan,TKM,1812,0
Turkmenistan,TKM,1813,0
Turkmenistan,TKM,1814,0
Turkmenistan,TKM,1815,0
Turkmenistan,TKM,1816,0
Turkmenistan,TKM,1817,0
Turkmenistan,TKM,1818,0
Turkmenistan,TKM,1819,0
Turkmenistan,TKM,1820,0
Turkmenistan,TKM,1821,0
Turkmenistan,TKM,1822,0
Turkmenistan,TKM,1823,0
Turkmenistan,TKM,1824,0
Turkmenistan,TKM,1825,0
Turkmenistan,TKM,1826,0
Turkmenistan,TKM,1827,0
Turkmenistan,TKM,1828,0
Turkmenistan,TKM,1829,0
Turkmenistan,TKM,1830,0
Turkmenistan,TKM,1831,0
Turkmenistan,TKM,1832,0
Turkmenistan,TKM,1833,0
Turkmenistan,TKM,1834,0
Turkmenistan,TKM,1835,0
Turkmenistan,TKM,1836,0
Turkmenistan,TKM,1837,0
Turkmenistan,TKM,1838,0
Turkmenistan,TKM,1839,0
Turkmenistan,TKM,1840,0
Turkmenistan,TKM,1841,0
Turkmenistan,TKM,1842,0
Turkmenistan,TKM,1843,0
Turkmenistan,TKM,1844,0
Turkmenistan,TKM,1845,0
Turkmenistan,TKM,1846,0
Turkmenistan,TKM,1847,0
Turkmenistan,TKM,1848,0
Turkmenistan,TKM,1849,0
Turkmenistan,TKM,1850,0
Turkmenistan,TKM,1851,0
Turkmenistan,TKM,1852,0
Turkmenistan,TKM,1853,0
Turkmenistan,TKM,1854,0
Turkmenistan,TKM,1855,0
Turkmenistan,TKM,1856,0
Turkmenistan,TKM,1857,0
Turkmenistan,TKM,1858,0
Turkmenistan,TKM,1859,0
Turkmenistan,TKM,1860,0
Turkmenistan,TKM,1861,0
Turkmenistan,TKM,1862,0
Turkmenistan,TKM,1863,0
Turkmenistan,TKM,1864,0
Turkmenistan,TKM,1865,0
Turkmenistan,TKM,1866,0
Turkmenistan,TKM,1867,0
Turkmenistan,TKM,1868,0
Turkmenistan,TKM,1869,0
Turkmenistan,TKM,1870,0
Turkmenistan,TKM,1871,0
Turkmenistan,TKM,1872,0
Turkmenistan,TKM,1873,0
Turkmenistan,TKM,1874,0
Turkmenistan,TKM,1875,0
Turkmenistan,TKM,1876,0
Turkmenistan,TKM,1877,0
Turkmenistan,TKM,1878,0
Turkmenistan,TKM,1879,0
Turkmenistan,TKM,1880,0
Turkmenistan,TKM,1881,0
Turkmenistan,TKM,1882,0
Turkmenistan,TKM,1883,0
Turkmenistan,TKM,1884,0
Turkmenistan,TKM,1885,0
Turkmenistan,TKM,1886,0
Turkmenistan,TKM,1887,0
Turkmenistan,TKM,1888,0
Turkmenistan,TKM,1889,0
Turkmenistan,TKM,1890,0
Turkmenistan,TKM,1891,0
Turkmenistan,TKM,1892,0
Turkmenistan,TKM,1893,0
Turkmenistan,TKM,1894,0
Turkmenistan,TKM,1895,0
Turkmenistan,TKM,1896,0
Turkmenistan,TKM,1897,0
Turkmenistan,TKM,1898,0
Turkmenistan,TKM,1899,0
Turkmenistan,TKM,1900,0
Turkmenistan,TKM,1901,0
Turkmenistan,TKM,1902,0
Turkmenistan,TKM,1903,0
Turkmenistan,TKM,1904,0
Turkmenistan,TKM,1905,0
Turkmenistan,TKM,1906,0
Turkmenistan,TKM,1907,0
Turkmenistan,TKM,1908,0
Turkmenistan,TKM,1909,0
Turkmenistan,TKM,1910,0
Turkmenistan,TKM,1911,0
Turkmenistan,TKM,1912,0
Turkmenistan,TKM,1913,0
Turkmenistan,TKM,1914,0
Turkmenistan,TKM,1915,0
Turkmenistan,TKM,1916,0
Turkmenistan,TKM,1917,1
Turkmenistan,TKM,1918,1
Turkmenistan,TKM,1919,1
Turkmenistan,TKM,1920,1
Turkmenistan,TKM,1921,1
Turkmenistan,TKM,1922,0
Turkmenistan,TKM,1923,0
Turkmenistan,TKM,1924,0
Turkmenistan,TKM,1925,0
Turkmenistan,TKM,1926,0
Turkmenistan,TKM,1927,0
Turkmenistan,TKM,1928,0
Turkmenistan,TKM,1929,0
Turkmenistan,TKM,1930,0
Turkmenistan,TKM,1931,0
Turkmenistan,TKM,1932,0
Turkmenistan,TKM,1933,0
Turkmenistan,TKM,1934,0
Turkmenistan,TKM,1935,0
Turkmenistan,TKM,1936,0
Turkmenistan,TKM,1937,0
Turkmenistan,TKM,1938,0
Turkmenistan,TKM,1939,0
Turkmenistan,TKM,1940,0
Turkmenistan,TKM,1941,0
Turkmenistan,TKM,1942,0
Turkmenistan,TKM,1943,0
Turkmenistan,TKM,1944,0
Turkmenistan,TKM,1945,0
Turkmenistan,TKM,1946,0
Turkmenistan,TKM,1947,0
Turkmenistan,TKM,1948,0
Turkmenistan,TKM,1949,0
Turkmenistan,TKM,1950,0
Turkmenistan,TKM,1951,0
Turkmenistan,TKM,1952,0
Turkmenistan,TKM,1953,0
Turkmenistan,TKM,1954,0
Turkmenistan,TKM,1955,0
Turkmenistan,TKM,1956,0
Turkmenistan,TKM,1957,0
Turkmenistan,TKM,1958,0
Turkmenistan,TKM,1959,0
Turkmenistan,TKM,1960,0
Turkmenistan,TKM,1961,0
Turkmenistan,TKM,1962,0
Turkmenistan,TKM,1963,0
Turkmenistan,TKM,1964,0
Turkmenistan,TKM,1965,0
Turkmenistan,TKM,1966,0
Turkmenistan,TKM,1967,0
Turkmenistan,TKM,1968,0
Turkmenistan,TKM,1969,0
Turkmenistan,TKM,1970,0
Turkmenistan,TKM,1971,0
Turkmenistan,TKM,1972,0
Turkmenistan,TKM,1973,0
Turkmenistan,TKM,1974,0
Turkmenistan,TKM,1975,0
Turkmenistan,TKM,1976,0
Turkmenistan,TKM,1977,0
Turkmenistan,TKM,1978,0
Turkmenistan,TKM,1979,0
Turkmenistan,TKM,1980,0
Turkmenistan,TKM,1981,0
Turkmenistan,TKM,1982,0
Turkmenistan,TKM,1983,0
Turkmenistan,TKM,1984,0
Turkmenistan,TKM,1985,0
Turkmenistan,TKM,1986,0
Turkmenistan,TKM,1987,0
Turkmenistan,TKM,1988,0
Turkmenistan,TKM,1989,1
Turkmenistan,TKM,1990,1
Turkmenistan,TKM,1991,0
Turkmenistan,TKM,1992,0
Turkmenistan,TKM,1993,0
Turkmenistan,TKM,1994,0
Turkmenistan,TKM,1995,0
Turkmenistan,TKM,1996,0
Turkmenistan,TKM,1997,0
Turkmenistan,TKM,1998,0
Turkmenistan,TKM,1999,0
Turkmenistan,TKM,2000,0
Turkmenistan,TKM,2001,0
Turkmenistan,TKM,2002,0
Turkmenistan,TKM,2003,0
Turkmenistan,TKM,2004,0
Turkmenistan,TKM,2005,0
Turkmenistan,TKM,2006,0
Turkmenistan,TKM,2007,0
Turkmenistan,TKM,2008,0
Turkmenistan,TKM,2009,0
Turkmenistan,TKM,2010,0
Turkmenistan,TKM,2011,0
Turkmenistan,TKM,2012,0
Turkmenistan,TKM,2013,0
Turkmenistan,TKM,2014,0
Turkmenistan,TKM,2015,0
Turkmenistan,TKM,2016,0
Turkmenistan,TKM,2017,0
Turkmenistan,TKM,2018,0
USSR,OWID_USS,1922,0
USSR,OWID_USS,1923,0
USSR,OWID_USS,1924,0
USSR,OWID_USS,1925,0
USSR,OWID_USS,1926,0
USSR,OWID_USS,1927,0
USSR,OWID_USS,1928,0
USSR,OWID_USS,1929,0
USSR,OWID_USS,1930,0
USSR,OWID_USS,1931,0
USSR,OWID_USS,1932,0
USSR,OWID_USS,1933,0
USSR,OWID_USS,1934,0
USSR,OWID_USS,1935,0
USSR,OWID_USS,1936,0
USSR,OWID_USS,1937,0
USSR,OWID_USS,1938,0
USSR,OWID_USS,1939,0
USSR,OWID_USS,1940,0
USSR,OWID_USS,1941,0
USSR,OWID_USS,1942,0
USSR,OWID_USS,1943,0
USSR,OWID_USS,1944,0
USSR,OWID_USS,1945,0
USSR,OWID_USS,1946,0
USSR,OWID_USS,1947,0
USSR,OWID_USS,1948,0
USSR,OWID_USS,1949,0
USSR,OWID_USS,1950,0
USSR,OWID_USS,1951,0
USSR,OWID_USS,1952,0
USSR,OWID_USS,1953,0
USSR,OWID_USS,1954,0
USSR,OWID_USS,1955,0
USSR,OWID_USS,1956,0
USSR,OWID_USS,1957,0
USSR,OWID_USS,1958,0
USSR,OWID_USS,1959,0
USSR,OWID_USS,1960,0
USSR,OWID_USS,1961,0
USSR,OWID_USS,1962,0
USSR,OWID_USS,1963,0
USSR,OWID_USS,1964,0
USSR,OWID_USS,1965,0
USSR,OWID_USS,1966,0
USSR,OWID_USS,1967,0
USSR,OWID_USS,1968,0
USSR,OWID_USS,1969,0
USSR,OWID_USS,1970,0
USSR,OWID_USS,1971,0
USSR,OWID_USS,1972,0
USSR,OWID_USS,1973,0
USSR,OWID_USS,1974,0
USSR,OWID_USS,1975,0
USSR,OWID_USS,1976,0
USSR,OWID_USS,1977,0
USSR,OWID_USS,1978,0
USSR,OWID_USS,1979,0
USSR,OWID_USS,1980,0
USSR,OWID_USS,1981,0
USSR,OWID_USS,1982,0
USSR,OWID_USS,1983,0
USSR,OWID_USS,1984,0
USSR,OWID_USS,1985,0
USSR,OWID_USS,1986,0
USSR,OWID_USS,1987,0
USSR,OWID_USS,1988,0
USSR,OWID_USS,1989,1
USSR,OWID_USS,1990,1
USSR,OWID_USS,1991,1
Uganda,UGA,1962,2
Uganda,UGA,1963,2
Uganda,UGA,1964,2
Uganda,UGA,1965,2
Uganda,UGA,1966,1
Uganda,UGA,1967,0
Uganda,UGA,1968,0
Uganda,UGA,1969,0
Uganda,UGA,1970,0
Uganda,UGA,1971,0
Uganda,UGA,1972,0
Uganda,UGA,1973,0
Uganda,UGA,1974,0
Uganda,UGA,1975,0
Uganda,UGA,1976,0
Uganda,UGA,1977,0
Uganda,UGA,1978,0
Uganda,UGA,1980,1
Uganda,UGA,1981,1
Uganda,UGA,1982,1
Uganda,UGA,1983,1
Uganda,UGA,1984,1
Uganda,UGA,1985,1
Uganda,UGA,1986,0
Uganda,UGA,1987,0
Uganda,UGA,1988,0
Uganda,UGA,1989,0
Uganda,UGA,1990,0
Uganda,UGA,1991,0
Uganda,UGA,1992,0
Uganda,UGA,1993,1
Uganda,UGA,1994,1
Uganda,UGA,1995,1
Uganda,UGA,1996,1
Uganda,UGA,1997,1
Uganda,UGA,1998,1
Uganda,UGA,1999,1
Uganda,UGA,2000,1
Uganda,UGA,2001,1
Uganda,UGA,2002,1
Uganda,UGA,2003,1
Uganda,UGA,2004,1
Uganda,UGA,2005,1
Uganda,UGA,2006,1
Uganda,UGA,2007,1
Uganda,UGA,2008,1
Uganda,UGA,2009,1
Uganda,UGA,2010,1
Uganda,UGA,2011,1
Uganda,UGA,2012,1
Uganda,UGA,2013,1
Uganda,UGA,2014,1
Uganda,UGA,2015,1
Uganda,UGA,2016,1
Uganda,UGA,2017,1
Uganda,UGA,2018,1
Ukraine,UKR,1922,0
Ukraine,UKR,1923,0
Ukraine,UKR,1924,0
Ukraine,UKR,1925,0
Ukraine,UKR,1926,0
Ukraine,UKR,1927,0
Ukraine,UKR,1928,0
Ukraine,UKR,1929,0
Ukraine,UKR,1930,0
Ukraine,UKR,1931,0
Ukraine,UKR,1932,0
Ukraine,UKR,1933,0
Ukraine,UKR,1934,0
Ukraine,UKR,1935,0
Ukraine,UKR,1936,0
Ukraine,UKR,1937,0
Ukraine,UKR,1938,0
Ukraine,UKR,1939,0
Ukraine,UKR,1940,0
Ukraine,UKR,1941,0
Ukraine,UKR,1942,0
Ukraine,UKR,1943,0
Ukraine,UKR,1944,0
Ukraine,UKR,1945,0
Ukraine,UKR,1946,0
Ukraine,UKR,1947,0
Ukraine,UKR,1948,0
Ukraine,UKR,1949,0
Ukraine,UKR,1950,0
Ukraine,UKR,1951,0
Ukraine,UKR,1952,0
Ukraine,UKR,1953,0
Ukraine,UKR,1954,0
Ukraine,UKR,1955,0
Ukraine,UKR,1956,0
Ukraine,UKR,1957,0
Ukraine,UKR,1958,0
Ukraine,UKR,1959,0
Ukraine,UKR,1960,0
Ukraine,UKR,1961,0
Ukraine,UKR,1962,0
Ukraine,UKR,1963,0
Ukraine,UKR,1964,0
Ukraine,UKR,1965,0
Ukraine,UKR,1966,0
Ukraine,UKR,1967,0
Ukraine,UKR,1968,0
Ukraine,UKR,1969,0
Ukraine,UKR,1970,0
Ukraine,UKR,1971,0
Ukraine,UKR,1972,0
Ukraine,UKR,1973,0
Ukraine,UKR,1974,0
Ukraine,UKR,1975,0
Ukraine,UKR,1976,0
Ukraine,UKR,1977,0
Ukraine,UKR,1978,0
Ukraine,UKR,1979,0
Ukraine,UKR,1980,0
Ukraine,UKR,1981,0
Ukraine,UKR,1982,0
Ukraine,UKR,1983,0
Ukraine,UKR,1984,0
Ukraine,UKR,1985,0
Ukraine,UKR,1986,0
Ukraine,UKR,1987,0
Ukraine,UKR,1988,0
Ukraine,UKR,1989,1
Ukraine,UKR,1990,1
Ukraine,UKR,1991,2
Ukraine,UKR,1992,2
Ukraine,UKR,1993,1
Ukraine,UKR,1994,2
Ukraine,UKR,1995,2
Ukraine,UKR,1996,2
Ukraine,UKR,1997,2
Ukraine,UKR,1998,2
Ukraine,UKR,1999,2
Ukraine,UKR,2000,2
Ukraine,UKR,2001,2
Ukraine,UKR,2002,2
Ukraine,UKR,2003,2
Ukraine,UKR,2004,2
Ukraine,UKR,2005,2
Ukraine,UKR,2006,2
Ukraine,UKR,2007,2
Ukraine,UKR,2008,2
Ukraine,UKR,2009,2
Ukraine,UKR,2010,2
Ukraine,UKR,2011,2
Ukraine,UKR,2012,2
Ukraine,UKR,2013,2
Ukraine,UKR,2014,1
Ukraine,UKR,2015,1
Ukraine,UKR,2016,1
Ukraine,UKR,2017,1
Ukraine,UKR,2018,1
United Arab Emirates,ARE,1971,0
United Arab Emirates,ARE,1972,0
United Arab Emirates,ARE,1973,0
United Arab Emirates,ARE,1974,0
United Arab Emirates,ARE,1975,0
United Arab Emirates,ARE,1976,0
United Arab Emirates,ARE,1977,0
United Arab Emirates,ARE,1978,0
United Arab Emirates,ARE,1979,0
United Arab Emirates,ARE,1980,0
United Arab Emirates,ARE,1981,0
United Arab Emirates,ARE,1982,0
United Arab Emirates,ARE,1983,0
United Arab Emirates,ARE,1984,0
United Arab Emirates,ARE,1985,0
United Arab Emirates,ARE,1986,0
United Arab Emirates,ARE,1987,0
United Arab Emirates,ARE,1988,0
United Arab Emirates,ARE,1989,0
United Arab Emirates,ARE,1990,0
United Arab Emirates,ARE,1991,0
United Arab Emirates,ARE,1992,0
United Arab Emirates,ARE,1993,0
United Arab Emirates,ARE,1994,0
United Arab Emirates,ARE,1995,0
United Arab Emirates,ARE,1996,0
United Arab Emirates,ARE,1997,0
United Arab Emirates,ARE,1998,0
United Arab Emirates,ARE,1999,0
United Arab Emirates,ARE,2000,0
United Arab Emirates,ARE,2001,0
United Arab Emirates,ARE,2002,0
United Arab Emirates,ARE,2003,0
United Arab Emirates,ARE,2004,0
United Arab Emirates,ARE,2005,0
United Arab Emirates,ARE,2006,0
United Arab Emirates,ARE,2007,0
United Arab Emirates,ARE,2008,0
United Arab Emirates,ARE,2009,0
United Arab Emirates,ARE,2010,0
United Arab Emirates,ARE,2011,0
United Arab Emirates,ARE,2012,0
United Arab Emirates,ARE,2013,0
United Arab Emirates,ARE,2014,0
United Arab Emirates,ARE,2015,0
United Arab Emirates,ARE,2016,0
United Arab Emirates,ARE,2017,0
United Arab Emirates,ARE,2018,0
United Kingdom,GBR,1800,1
United Kingdom,GBR,1801,1
United Kingdom,GBR,1802,1
United Kingdom,GBR,1803,1
United Kingdom,GBR,1804,1
United Kingdom,GBR,1805,1
United Kingdom,GBR,1806,1
United Kingdom,GBR,1807,1
United Kingdom,GBR,1808,1
United Kingdom,GBR,1809,1
United Kingdom,GBR,1810,1
United Kingdom,GBR,1811,1
United Kingdom,GBR,1812,1
United Kingdom,GBR,1813,1
United Kingdom,GBR,1814,1
United Kingdom,GBR,1815,1
United Kingdom,GBR,1816,1
United Kingdom,GBR,1817,1
United Kingdom,GBR,1818,1
United Kingdom,GBR,1819,1
United Kingdom,GBR,1820,1
United Kingdom,GBR,1821,1
United Kingdom,GBR,1822,1
United Kingdom,GBR,1823,1
United Kingdom,GBR,1824,1
United Kingdom,GBR,1825,1
United Kingdom,GBR,1826,1
United Kingdom,GBR,1827,1
United Kingdom,GBR,1828,1
United Kingdom,GBR,1829,1
United Kingdom,GBR,1830,1
United Kingdom,GBR,1831,1
United Kingdom,GBR,1832,1
United Kingdom,GBR,1833,1
United Kingdom,GBR,1834,1
United Kingdom,GBR,1835,1
United Kingdom,GBR,1836,1
United Kingdom,GBR,1837,1
United Kingdom,GBR,1838,1
United Kingdom,GBR,1839,1
United Kingdom,GBR,1840,1
United Kingdom,GBR,1841,1
United Kingdom,GBR,1842,1
United Kingdom,GBR,1843,1
United Kingdom,GBR,1844,1
United Kingdom,GBR,1845,1
United Kingdom,GBR,1846,1
United Kingdom,GBR,1847,1
United Kingdom,GBR,1848,1
United Kingdom,GBR,1849,1
United Kingdom,GBR,1850,1
United Kingdom,GBR,1851,1
United Kingdom,GBR,1852,1
United Kingdom,GBR,1853,1
United Kingdom,GBR,1854,1
United Kingdom,GBR,1855,1
United Kingdom,GBR,1856,1
United Kingdom,GBR,1857,1
United Kingdom,GBR,1858,1
United Kingdom,GBR,1859,1
United Kingdom,GBR,1860,1
United Kingdom,GBR,1861,1
United Kingdom,GBR,1862,1
United Kingdom,GBR,1863,1
United Kingdom,GBR,1864,1
United Kingdom,GBR,1865,1
United Kingdom,GBR,1866,1
United Kingdom,GBR,1867,1
United Kingdom,GBR,1868,1
United Kingdom,GBR,1869,1
United Kingdom,GBR,1870,1
United Kingdom,GBR,1871,1
United Kingdom,GBR,1872,1
United Kingdom,GBR,1873,1
United Kingdom,GBR,1874,1
United Kingdom,GBR,1875,1
United Kingdom,GBR,1876,1
United Kingdom,GBR,1877,1
United Kingdom,GBR,1878,1
United Kingdom,GBR,1879,1
United Kingdom,GBR,1880,2
United Kingdom,GBR,1881,2
United Kingdom,GBR,1882,2
United Kingdom,GBR,1883,2
United Kingdom,GBR,1884,2
United Kingdom,GBR,1885,2
United Kingdom,GBR,1886,2
United Kingdom,GBR,1887,2
United Kingdom,GBR,1888,2
United Kingdom,GBR,1889,2
United Kingdom,GBR,1890,2
United Kingdom,GBR,1891,2
United Kingdom,GBR,1892,2
United Kingdom,GBR,1893,2
United Kingdom,GBR,1894,2
United Kingdom,GBR,1895,2
United Kingdom,GBR,1896,2
United Kingdom,GBR,1897,2
United Kingdom,GBR,1898,2
United Kingdom,GBR,1899,2
United Kingdom,GBR,1900,2
United Kingdom,GBR,1901,2
United Kingdom,GBR,1902,2
United Kingdom,GBR,1903,2
United Kingdom,GBR,1904,2
United Kingdom,GBR,1905,2
United Kingdom,GBR,1906,2
United Kingdom,GBR,1907,2
United Kingdom,GBR,1908,2
United Kingdom,GBR,1909,2
United Kingdom,GBR,1910,2
United Kingdom,GBR,1911,2
United Kingdom,GBR,1912,2
United Kingdom,GBR,1913,2
United Kingdom,GBR,1914,2
United Kingdom,GBR,1915,2
United Kingdom,GBR,1916,2
United Kingdom,GBR,1917,2
United Kingdom,GBR,1918,2
United Kingdom,GBR,1919,2
United Kingdom,GBR,1920,2
United Kingdom,GBR,1921,2
United Kingdom,GBR,1922,2
United Kingdom,GBR,1923,2
United Kingdom,GBR,1924,2
United Kingdom,GBR,1925,2
United Kingdom,GBR,1926,2
United Kingdom,GBR,1927,2
United Kingdom,GBR,1928,2
United Kingdom,GBR,1929,2
United Kingdom,GBR,1930,2
United Kingdom,GBR,1931,2
United Kingdom,GBR,1932,2
United Kingdom,GBR,1933,2
United Kingdom,GBR,1934,2
United Kingdom,GBR,1935,2
United Kingdom,GBR,1936,2
United Kingdom,GBR,1937,2
United Kingdom,GBR,1938,2
United Kingdom,GBR,1939,2
United Kingdom,GBR,1940,2
United Kingdom,GBR,1941,2
United Kingdom,GBR,1942,2
United Kingdom,GBR,1943,2
United Kingdom,GBR,1944,2
United Kingdom,GBR,1945,2
United Kingdom,GBR,1946,2
United Kingdom,GBR,1947,2
United Kingdom,GBR,1948,2
United Kingdom,GBR,1949,2
United Kingdom,GBR,1950,2
United Kingdom,GBR,1951,2
United Kingdom,GBR,1952,2
United Kingdom,GBR,1953,2
United Kingdom,GBR,1954,2
United Kingdom,GBR,1955,2
United Kingdom,GBR,1956,2
United Kingdom,GBR,1957,2
United Kingdom,GBR,1958,2
United Kingdom,GBR,1959,2
United Kingdom,GBR,1960,2
United Kingdom,GBR,1961,2
United Kingdom,GBR,1962,2
United Kingdom,GBR,1963,2
United Kingdom,GBR,1964,2
United Kingdom,GBR,1965,2
United Kingdom,GBR,1966,2
United Kingdom,GBR,1967,2
United Kingdom,GBR,1968,2
United Kingdom,GBR,1969,2
United Kingdom,GBR,1970,2
United Kingdom,GBR,1971,2
United Kingdom,GBR,1972,2
United Kingdom,GBR,1973,2
United Kingdom,GBR,1974,2
United Kingdom,GBR,1975,2
United Kingdom,GBR,1976,2
United Kingdom,GBR,1977,2
United Kingdom,GBR,1978,2
United Kingdom,GBR,1979,2
United Kingdom,GBR,1980,2
United Kingdom,GBR,1981,2
United Kingdom,GBR,1982,2
United Kingdom,GBR,1983,2
United Kingdom,GBR,1984,2
United Kingdom,GBR,1985,2
United Kingdom,GBR,1986,2
United Kingdom,GBR,1987,2
United Kingdom,GBR,1988,2
United Kingdom,GBR,1989,2
United Kingdom,GBR,1990,2
United Kingdom,GBR,1991,2
United Kingdom,GBR,1992,2
United Kingdom,GBR,1993,2
United Kingdom,GBR,1994,2
United Kingdom,GBR,1995,2
United Kingdom,GBR,1996,2
United Kingdom,GBR,1997,2
United Kingdom,GBR,1998,2
United Kingdom,GBR,1999,2
United Kingdom,GBR,2000,2
United Kingdom,GBR,2001,2
United Kingdom,GBR,2002,2
United Kingdom,GBR,2003,2
United Kingdom,GBR,2004,2
United Kingdom,GBR,2005,2
United Kingdom,GBR,2006,2
United Kingdom,GBR,2007,2
United Kingdom,GBR,2008,2
United Kingdom,GBR,2009,2
United Kingdom,GBR,2010,2
United Kingdom,GBR,2011,2
United Kingdom,GBR,2012,2
United Kingdom,GBR,2013,2
United Kingdom,GBR,2014,2
United Kingdom,GBR,2015,2
United Kingdom,GBR,2016,2
United Kingdom,GBR,2017,2
United Kingdom,GBR,2018,2
United Provinces of Central America,,1824,1
United Provinces of Central America,,1825,1
United Provinces of Central America,,1826,1
United Provinces of Central America,,1827,1
United Provinces of Central America,,1828,1
United Provinces of Central America,,1829,1
United Provinces of Central America,,1830,1
United Provinces of Central America,,1831,1
United Provinces of Central America,,1832,1
United Provinces of Central America,,1833,1
United Provinces of Central America,,1834,1
United Provinces of Central America,,1835,1
United Provinces of Central America,,1836,1
United Provinces of Central America,,1837,1
United Provinces of Central America,,1838,1
United States,USA,1776,1
United States,USA,1777,1
United States,USA,1778,1
United States,USA,1779,1
United States,USA,1780,1
United States,USA,1781,1
United States,USA,1782,1
United States,USA,1783,1
United States,USA,1784,1
United States,USA,1785,1
United States,USA,1786,1
United States,USA,1787,1
United States,USA,1788,1
United States,USA,1789,1
United States,USA,1790,1
United States,USA,1791,1
United States,USA,1792,1
United States,USA,1793,1
United States,USA,1794,1
United States,USA,1795,1
United States,USA,1796,1
United States,USA,1797,1
United States,USA,1798,1
United States,USA,1799,1
United States,USA,1800,1
United States,USA,1801,2
United States,USA,1802,2
United States,USA,1803,2
United States,USA,1804,2
United States,USA,1805,2
United States,USA,1806,2
United States,USA,1807,2
United States,USA,1808,2
United States,USA,1809,2
United States,USA,1810,2
United States,USA,1811,2
United States,USA,1812,2
United States,USA,1813,2
United States,USA,1814,2
United States,USA,1815,2
United States,USA,1816,2
United States,USA,1817,2
United States,USA,1818,2
United States,USA,1819,2
United States,USA,1820,2
United States,USA,1821,2
United States,USA,1822,2
United States,USA,1823,2
United States,USA,1824,2
United States,USA,1825,2
United States,USA,1826,2
United States,USA,1827,2
United States,USA,1828,2
United States,USA,1829,2
United States,USA,1830,2
United States,USA,1831,2
United States,USA,1832,2
United States,USA,1833,2
United States,USA,1834,2
United States,USA,1835,2
United States,USA,1836,2
United States,USA,1837,2
United States,USA,1838,2
United States,USA,1839,2
United States,USA,1840,2
United States,USA,1841,2
United States,USA,1842,2
United States,USA,1843,2
United States,USA,1844,2
United States,USA,1845,2
United States,USA,1846,2
United States,USA,1847,2
United States,USA,1848,2
United States,USA,1849,2
United States,USA,1850,2
United States,USA,1851,2
United States,USA,1852,2
United States,USA,1853,2
United States,USA,1854,2
United States,USA,1855,2
United States,USA,1856,2
United States,USA,1857,2
United States,USA,1858,2
United States,USA,1859,2
United States,USA,1860,1
United States,USA,1861,1
United States,USA,1862,1
United States,USA,1863,1
United States,USA,1864,1
United States,USA,1865,2
United States,USA,1866,2
United States,USA,1867,2
United States,USA,1868,2
United States,USA,1869,2
United States,USA,1870,2
United States,USA,1871,2
United States,USA,1872,2
United States,USA,1873,2
United States,USA,1874,2
United States,USA,1875,2
United States,USA,1876,2
United States,USA,1877,2
United States,USA,1878,2
United States,USA,1879,2
United States,USA,1880,2
United States,USA,1881,2
United States,USA,1882,2
United States,USA,1883,2
United States,USA,1884,2
United States,USA,1885,2
United States,USA,1886,2
United States,USA,1887,2
United States,USA,1888,2
United States,USA,1889,2
United States,USA,1890,2
United States,USA,1891,2
United States,USA,1892,2
United States,USA,1893,2
United States,USA,1894,2
United States,USA,1895,2
United States,USA,1896,2
United States,USA,1897,2
United States,USA,1898,2
United States,USA,1899,2
United States,USA,1900,2
United States,USA,1901,2
United States,USA,1902,2
United States,USA,1903,2
United States,USA,1904,2
United States,USA,1905,2
United States,USA,1906,2
United States,USA,1907,2
United States,USA,1908,2
United States,USA,1909,2
United States,USA,1910,2
United States,USA,1911,2
United States,USA,1912,2
United States,USA,1913,2
United States,USA,1914,2
United States,USA,1915,2
United States,USA,1916,2
United States,USA,1917,2
United States,USA,1918,2
United States,USA,1919,2
United States,USA,1920,2
United States,USA,1921,2
United States,USA,1922,2
United States,USA,1923,2
United States,USA,1924,2
United States,USA,1925,2
United States,USA,1926,2
United States,USA,1927,2
United States,USA,1928,2
United States,USA,1929,2
United States,USA,1930,2
United States,USA,1931,2
United States,USA,1932,2
United States,USA,1933,2
United States,USA,1934,2
United States,USA,1935,2
United States,USA,1936,2
United States,USA,1937,2
United States,USA,1938,2
United States,USA,1939,2
United States,USA,1940,2
United States,USA,1941,2
United States,USA,1942,2
United States,USA,1943,2
United States,USA,1944,2
United States,USA,1945,2
United States,USA,1946,2
United States,USA,1947,2
United States,USA,1948,2
United States,USA,1949,2
United States,USA,1950,2
United States,USA,1951,2
United States,USA,1952,2
United States,USA,1953,2
United States,USA,1954,2
United States,USA,1955,2
United States,USA,1956,2
United States,USA,1957,2
United States,USA,1958,2
United States,USA,1959,2
United States,USA,1960,2
United States,USA,1961,2
United States,USA,1962,2
United States,USA,1963,2
United States,USA,1964,2
United States,USA,1965,2
United States,USA,1966,2
United States,USA,1967,2
United States,USA,1968,2
United States,USA,1969,2
United States,USA,1970,2
United States,USA,1971,2
United States,USA,1972,2
United States,USA,1973,2
United States,USA,1974,2
United States,USA,1975,2
United States,USA,1976,2
United States,USA,1977,2
United States,USA,1978,2
United States,USA,1979,2
United States,USA,1980,2
United States,USA,1981,2
United States,USA,1982,2
United States,USA,1983,2
United States,USA,1984,2
United States,USA,1985,2
United States,USA,1986,2
United States,USA,1987,2
United States,USA,1988,2
United States,USA,1989,2
United States,USA,1990,2
United States,USA,1991,2
United States,USA,1992,2
United States,USA,1993,2
United States,USA,1994,2
United States,USA,1995,2
United States,USA,1996,2
United States,USA,1997,2
United States,USA,1998,2
United States,USA,1999,2
United States,USA,2000,2
United States,USA,2001,2
United States,USA,2002,2
United States,USA,2003,2
United States,USA,2004,2
United States,USA,2005,2
United States,USA,2006,2
United States,USA,2007,2
United States,USA,2008,2
United States,USA,2009,2
United States,USA,2010,2
United States,USA,2011,2
United States,USA,2012,2
United States,USA,2013,2
United States,USA,2014,2
United States,USA,2015,2
United States,USA,2016,2
United States,USA,2017,2
United States,USA,2018,2
United States,USA,2019,2
United States,USA,2020,1
Uruguay,URY,1830,1
Uruguay,URY,1831,1
Uruguay,URY,1832,1
Uruguay,URY,1833,1
Uruguay,URY,1834,1
Uruguay,URY,1835,1
Uruguay,URY,1836,1
Uruguay,URY,1837,1
Uruguay,URY,1838,1
Uruguay,URY,1839,1
Uruguay,URY,1840,1
Uruguay,URY,1841,1
Uruguay,URY,1842,1
Uruguay,URY,1843,1
Uruguay,URY,1844,1
Uruguay,URY,1845,1
Uruguay,URY,1846,1
Uruguay,URY,1847,1
Uruguay,URY,1848,1
Uruguay,URY,1849,1
Uruguay,URY,1850,1
Uruguay,URY,1851,1
Uruguay,URY,1852,1
Uruguay,URY,1853,1
Uruguay,URY,1854,1
Uruguay,URY,1855,1
Uruguay,URY,1856,1
Uruguay,URY,1857,1
Uruguay,URY,1858,1
Uruguay,URY,1859,1
Uruguay,URY,1860,1
Uruguay,URY,1861,1
Uruguay,URY,1862,1
Uruguay,URY,1863,1
Uruguay,URY,1864,1
Uruguay,URY,1865,1
Uruguay,URY,1866,1
Uruguay,URY,1867,1
Uruguay,URY,1868,1
Uruguay,URY,1869,1
Uruguay,URY,1870,1
Uruguay,URY,1871,1
Uruguay,URY,1872,1
Uruguay,URY,1873,1
Uruguay,URY,1874,1
Uruguay,URY,1875,1
Uruguay,URY,1876,1
Uruguay,URY,1877,1
Uruguay,URY,1878,1
Uruguay,URY,1879,1
Uruguay,URY,1880,1
Uruguay,URY,1881,1
Uruguay,URY,1882,1
Uruguay,URY,1883,1
Uruguay,URY,1884,1
Uruguay,URY,1885,1
Uruguay,URY,1886,1
Uruguay,URY,1887,1
Uruguay,URY,1888,1
Uruguay,URY,1889,1
Uruguay,URY,1890,1
Uruguay,URY,1891,1
Uruguay,URY,1892,1
Uruguay,URY,1893,1
Uruguay,URY,1894,1
Uruguay,URY,1895,1
Uruguay,URY,1896,1
Uruguay,URY,1897,1
Uruguay,URY,1898,1
Uruguay,URY,1899,1
Uruguay,URY,1900,1
Uruguay,URY,1901,1
Uruguay,URY,1902,1
Uruguay,URY,1903,1
Uruguay,URY,1904,1
Uruguay,URY,1905,1
Uruguay,URY,1906,1
Uruguay,URY,1907,1
Uruguay,URY,1908,1
Uruguay,URY,1909,1
Uruguay,URY,1910,1
Uruguay,URY,1911,1
Uruguay,URY,1912,1
Uruguay,URY,1913,1
Uruguay,URY,1914,1
Uruguay,URY,1915,1
Uruguay,URY,1916,1
Uruguay,URY,1917,1
Uruguay,URY,1918,1
Uruguay,URY,1919,1
Uruguay,URY,1920,1
Uruguay,URY,1921,1
Uruguay,URY,1922,1
Uruguay,URY,1923,1
Uruguay,URY,1924,1
Uruguay,URY,1925,1
Uruguay,URY,1926,1
Uruguay,URY,1927,1
Uruguay,URY,1928,1
Uruguay,URY,1929,1
Uruguay,URY,1930,1
Uruguay,URY,1931,1
Uruguay,URY,1932,1
Uruguay,URY,1933,1
Uruguay,URY,1934,1
Uruguay,URY,1935,1
Uruguay,URY,1936,1
Uruguay,URY,1937,1
Uruguay,URY,1938,1
Uruguay,URY,1939,1
Uruguay,URY,1940,1
Uruguay,URY,1941,1
Uruguay,URY,1942,1
Uruguay,URY,1943,1
Uruguay,URY,1944,1
Uruguay,URY,1945,1
Uruguay,URY,1946,1
Uruguay,URY,1947,1
Uruguay,URY,1948,1
Uruguay,URY,1949,1
Uruguay,URY,1950,1
Uruguay,URY,1951,1
Uruguay,URY,1952,2
Uruguay,URY,1953,2
Uruguay,URY,1954,2
Uruguay,URY,1955,2
Uruguay,URY,1956,2
Uruguay,URY,1957,2
Uruguay,URY,1958,2
Uruguay,URY,1959,2
Uruguay,URY,1960,2
Uruguay,URY,1961,2
Uruguay,URY,1962,2
Uruguay,URY,1963,2
Uruguay,URY,1964,2
Uruguay,URY,1965,2
Uruguay,URY,1966,2
Uruguay,URY,1967,2
Uruguay,URY,1968,2
Uruguay,URY,1969,2
Uruguay,URY,1970,2
Uruguay,URY,1971,1
Uruguay,URY,1972,1
Uruguay,URY,1973,0
Uruguay,URY,1974,0
Uruguay,URY,1975,0
Uruguay,URY,1976,0
Uruguay,URY,1977,0
Uruguay,URY,1978,0
Uruguay,URY,1979,0
Uruguay,URY,1980,0
Uruguay,URY,1981,0
Uruguay,URY,1982,0
Uruguay,URY,1983,0
Uruguay,URY,1984,0
Uruguay,URY,1985,2
Uruguay,URY,1986,2
Uruguay,URY,1987,2
Uruguay,URY,1988,2
Uruguay,URY,1989,2
Uruguay,URY,1990,2
Uruguay,URY,1991,2
Uruguay,URY,1992,2
Uruguay,URY,1993,2
Uruguay,URY,1994,2
Uruguay,URY,1995,2
Uruguay,URY,1996,2
Uruguay,URY,1997,2
Uruguay,URY,1998,2
Uruguay,URY,1999,2
Uruguay,URY,2000,2
Uruguay,URY,2001,2
Uruguay,URY,2002,2
Uruguay,URY,2003,2
Uruguay,URY,2004,2
Uruguay,URY,2005,2
Uruguay,URY,2006,2
Uruguay,URY,2007,2
Uruguay,URY,2008,2
Uruguay,URY,2009,2
Uruguay,URY,2010,2
Uruguay,URY,2011,2
Uruguay,URY,2012,2
Uruguay,URY,2013,2
Uruguay,URY,2014,2
Uruguay,URY,2015,2
Uruguay,URY,2016,2
Uruguay,URY,2017,2
Uruguay,URY,2018,2
Uzbekistan,UZB,1865,0
Uzbekistan,UZB,1866,0
Uzbekistan,UZB,1867,0
Uzbekistan,UZB,1868,0
Uzbekistan,UZB,1869,0
Uzbekistan,UZB,1870,0
Uzbekistan,UZB,1871,0
Uzbekistan,UZB,1872,0
Uzbekistan,UZB,1873,0
Uzbekistan,UZB,1874,0
Uzbekistan,UZB,1875,0
Uzbekistan,UZB,1876,0
Uzbekistan,UZB,1877,0
Uzbekistan,UZB,1878,0
Uzbekistan,UZB,1879,0
Uzbekistan,UZB,1880,0
Uzbekistan,UZB,1881,0
Uzbekistan,UZB,1882,0
Uzbekistan,UZB,1883,0
Uzbekistan,UZB,1884,0
Uzbekistan,UZB,1885,0
Uzbekistan,UZB,1886,0
Uzbekistan,UZB,1887,0
Uzbekistan,UZB,1888,0
Uzbekistan,UZB,1889,0
Uzbekistan,UZB,1890,0
Uzbekistan,UZB,1891,0
Uzbekistan,UZB,1892,0
Uzbekistan,UZB,1893,0
Uzbekistan,UZB,1894,0
Uzbekistan,UZB,1895,0
Uzbekistan,UZB,1896,0
Uzbekistan,UZB,1897,0
Uzbekistan,UZB,1898,0
Uzbekistan,UZB,1899,0
Uzbekistan,UZB,1900,0
Uzbekistan,UZB,1901,0
Uzbekistan,UZB,1902,0
Uzbekistan,UZB,1903,0
Uzbekistan,UZB,1904,0
Uzbekistan,UZB,1905,0
Uzbekistan,UZB,1906,0
Uzbekistan,UZB,1907,0
Uzbekistan,UZB,1908,0
Uzbekistan,UZB,1909,0
Uzbekistan,UZB,1910,0
Uzbekistan,UZB,1911,0
Uzbekistan,UZB,1922,0
Uzbekistan,UZB,1923,0
Uzbekistan,UZB,1924,0
Uzbekistan,UZB,1925,0
Uzbekistan,UZB,1926,0
Uzbekistan,UZB,1927,0
Uzbekistan,UZB,1928,0
Uzbekistan,UZB,1929,0
Uzbekistan,UZB,1930,0
Uzbekistan,UZB,1931,0
Uzbekistan,UZB,1932,0
Uzbekistan,UZB,1933,0
Uzbekistan,UZB,1934,0
Uzbekistan,UZB,1935,0
Uzbekistan,UZB,1936,0
Uzbekistan,UZB,1937,0
Uzbekistan,UZB,1938,0
Uzbekistan,UZB,1939,0
Uzbekistan,UZB,1940,0
Uzbekistan,UZB,1941,0
Uzbekistan,UZB,1942,0
Uzbekistan,UZB,1943,0
Uzbekistan,UZB,1944,0
Uzbekistan,UZB,1945,0
Uzbekistan,UZB,1946,0
Uzbekistan,UZB,1947,0
Uzbekistan,UZB,1948,0
Uzbekistan,UZB,1949,0
Uzbekistan,UZB,1950,0
Uzbekistan,UZB,1951,0
Uzbekistan,UZB,1952,0
Uzbekistan,UZB,1953,0
Uzbekistan,UZB,1954,0
Uzbekistan,UZB,1955,0
Uzbekistan,UZB,1956,0
Uzbekistan,UZB,1957,0
Uzbekistan,UZB,1958,0
Uzbekistan,UZB,1959,0
Uzbekistan,UZB,1960,0
Uzbekistan,UZB,1961,0
Uzbekistan,UZB,1962,0
Uzbekistan,UZB,1963,0
Uzbekistan,UZB,1964,0
Uzbekistan,UZB,1965,0
Uzbekistan,UZB,1966,0
Uzbekistan,UZB,1967,0
Uzbekistan,UZB,1968,0
Uzbekistan,UZB,1969,0
Uzbekistan,UZB,1970,0
Uzbekistan,UZB,1971,0
Uzbekistan,UZB,1972,0
Uzbekistan,UZB,1973,0
Uzbekistan,UZB,1974,0
Uzbekistan,UZB,1975,0
Uzbekistan,UZB,1976,0
Uzbekistan,UZB,1977,0
Uzbekistan,UZB,1978,0
Uzbekistan,UZB,1979,0
Uzbekistan,UZB,1980,0
Uzbekistan,UZB,1981,0
Uzbekistan,UZB,1982,0
Uzbekistan,UZB,1983,0
Uzbekistan,UZB,1984,0
Uzbekistan,UZB,1985,0
Uzbekistan,UZB,1986,0
Uzbekistan,UZB,1987,0
Uzbekistan,UZB,1988,0
Uzbekistan,UZB,1989,1
Uzbekistan,UZB,1990,1
Uzbekistan,UZB,1991,0
Uzbekistan,UZB,1992,0
Uzbekistan,UZB,1993,0
Uzbekistan,UZB,1994,0
Uzbekistan,UZB,1995,0
Uzbekistan,UZB,1996,0
Uzbekistan,UZB,1997,0
Uzbekistan,UZB,1998,0
Uzbekistan,UZB,1999,0
Uzbekistan,UZB,2000,0
Uzbekistan,UZB,2001,0
Uzbekistan,UZB,2002,0
Uzbekistan,UZB,2003,0
Uzbekistan,UZB,2004,0
Uzbekistan,UZB,2005,0
Uzbekistan,UZB,2006,0
Uzbekistan,UZB,2007,0
Uzbekistan,UZB,2008,0
Uzbekistan,UZB,2009,0
Uzbekistan,UZB,2010,0
Uzbekistan,UZB,2011,0
Uzbekistan,UZB,2012,0
Uzbekistan,UZB,2013,0
Uzbekistan,UZB,2014,0
Uzbekistan,UZB,2015,0
Uzbekistan,UZB,2016,0
Uzbekistan,UZB,2017,0
Uzbekistan,UZB,2018,0
Vatican,VAT,1815,0
Vatican,VAT,1816,0
Vatican,VAT,1817,0
Vatican,VAT,1818,0
Vatican,VAT,1819,0
Vatican,VAT,1820,0
Vatican,VAT,1821,0
Vatican,VAT,1822,0
Vatican,VAT,1823,0
Vatican,VAT,1824,0
Vatican,VAT,1825,0
Vatican,VAT,1826,0
Vatican,VAT,1827,0
Vatican,VAT,1828,0
Vatican,VAT,1829,0
Vatican,VAT,1830,0
Vatican,VAT,1831,0
Vatican,VAT,1832,0
Vatican,VAT,1833,0
Vatican,VAT,1834,0
Vatican,VAT,1835,0
Vatican,VAT,1836,0
Vatican,VAT,1837,0
Vatican,VAT,1838,0
Vatican,VAT,1839,0
Vatican,VAT,1840,0
Vatican,VAT,1841,0
Vatican,VAT,1842,0
Vatican,VAT,1843,0
Vatican,VAT,1844,0
Vatican,VAT,1845,0
Vatican,VAT,1846,0
Vatican,VAT,1847,0
Vatican,VAT,1848,0
Vatican,VAT,1849,0
Vatican,VAT,1850,0
Vatican,VAT,1851,0
Vatican,VAT,1852,0
Vatican,VAT,1853,0
Vatican,VAT,1854,0
Vatican,VAT,1855,0
Vatican,VAT,1856,0
Vatican,VAT,1857,0
Vatican,VAT,1858,0
Vatican,VAT,1859,0
Vatican,VAT,1860,0
Vatican,VAT,1861,0
Vatican,VAT,1862,0
Vatican,VAT,1863,0
Vatican,VAT,1864,0
Vatican,VAT,1865,0
Vatican,VAT,1866,0
Vatican,VAT,1867,0
Vatican,VAT,1868,0
Vatican,VAT,1869,0
Vatican,VAT,1870,0
Venezuela,VEN,1830,1
Venezuela,VEN,1831,1
Venezuela,VEN,1832,1
Venezuela,VEN,1833,1
Venezuela,VEN,1834,1
Venezuela,VEN,1835,1
Venezuela,VEN,1836,1
Venezuela,VEN,1837,1
Venezuela,VEN,1838,1
Venezuela,VEN,1839,1
Venezuela,VEN,1840,1
Venezuela,VEN,1841,1
Venezuela,VEN,1842,1
Venezuela,VEN,1843,1
Venezuela,VEN,1844,1
Venezuela,VEN,1845,1
Venezuela,VEN,1846,1
Venezuela,VEN,1847,1
Venezuela,VEN,1848,1
Venezuela,VEN,1849,1
Venezuela,VEN,1850,1
Venezuela,VEN,1851,1
Venezuela,VEN,1852,1
Venezuela,VEN,1853,1
Venezuela,VEN,1854,1
Venezuela,VEN,1855,1
Venezuela,VEN,1856,1
Venezuela,VEN,1857,1
Venezuela,VEN,1858,1
Venezuela,VEN,1859,1
Venezuela,VEN,1860,1
Venezuela,VEN,1861,1
Venezuela,VEN,1862,1
Venezuela,VEN,1863,1
Venezuela,VEN,1864,1
Venezuela,VEN,1865,1
Venezuela,VEN,1866,1
Venezuela,VEN,1867,1
Venezuela,VEN,1868,1
Venezuela,VEN,1869,1
Venezuela,VEN,1870,1
Venezuela,VEN,1871,1
Venezuela,VEN,1872,1
Venezuela,VEN,1873,1
Venezuela,VEN,1874,1
Venezuela,VEN,1875,1
Venezuela,VEN,1876,1
Venezuela,VEN,1877,1
Venezuela,VEN,1878,1
Venezuela,VEN,1879,1
Venezuela,VEN,1880,1
Venezuela,VEN,1881,1
Venezuela,VEN,1882,1
Venezuela,VEN,1883,1
Venezuela,VEN,1884,1
Venezuela,VEN,1885,1
Venezuela,VEN,1886,1
Venezuela,VEN,1887,1
Venezuela,VEN,1888,1
Venezuela,VEN,1889,1
Venezuela,VEN,1890,1
Venezuela,VEN,1891,1
Venezuela,VEN,1892,1
Venezuela,VEN,1893,1
Venezuela,VEN,1894,1
Venezuela,VEN,1895,1
Venezuela,VEN,1896,1
Venezuela,VEN,1897,1
Venezuela,VEN,1898,1
Venezuela,VEN,1899,1
Venezuela,VEN,1900,1
Venezuela,VEN,1901,1
Venezuela,VEN,1902,1
Venezuela,VEN,1903,1
Venezuela,VEN,1904,1
Venezuela,VEN,1905,1
Venezuela,VEN,1906,1
Venezuela,VEN,1907,1
Venezuela,VEN,1908,1
Venezuela,VEN,1909,0
Venezuela,VEN,1910,0
Venezuela,VEN,1911,0
Venezuela,VEN,1912,0
Venezuela,VEN,1913,0
Venezuela,VEN,1914,0
Venezuela,VEN,1915,0
Venezuela,VEN,1916,0
Venezuela,VEN,1917,0
Venezuela,VEN,1918,0
Venezuela,VEN,1919,0
Venezuela,VEN,1920,0
Venezuela,VEN,1921,0
Venezuela,VEN,1922,0
Venezuela,VEN,1923,0
Venezuela,VEN,1924,0
Venezuela,VEN,1925,0
Venezuela,VEN,1926,0
Venezuela,VEN,1927,0
Venezuela,VEN,1928,0
Venezuela,VEN,1929,0
Venezuela,VEN,1930,0
Venezuela,VEN,1931,0
Venezuela,VEN,1932,0
Venezuela,VEN,1933,0
Venezuela,VEN,1934,0
Venezuela,VEN,1935,0
Venezuela,VEN,1936,0
Venezuela,VEN,1937,1
Venezuela,VEN,1938,1
Venezuela,VEN,1939,1
Venezuela,VEN,1940,1
Venezuela,VEN,1941,1
Venezuela,VEN,1942,1
Venezuela,VEN,1943,1
Venezuela,VEN,1944,1
Venezuela,VEN,1945,1
Venezuela,VEN,1946,1
Venezuela,VEN,1947,1
Venezuela,VEN,1948,1
Venezuela,VEN,1949,1
Venezuela,VEN,1950,1
Venezuela,VEN,1951,1
Venezuela,VEN,1952,1
Venezuela,VEN,1953,1
Venezuela,VEN,1954,1
Venezuela,VEN,1955,1
Venezuela,VEN,1956,1
Venezuela,VEN,1957,1
Venezuela,VEN,1958,2
Venezuela,VEN,1959,2
Venezuela,VEN,1960,2
Venezuela,VEN,1961,2
Venezuela,VEN,1962,2
Venezuela,VEN,1963,2
Venezuela,VEN,1964,2
Venezuela,VEN,1965,2
Venezuela,VEN,1966,2
Venezuela,VEN,1967,2
Venezuela,VEN,1968,2
Venezuela,VEN,1969,2
Venezuela,VEN,1970,2
Venezuela,VEN,1971,2
Venezuela,VEN,1972,2
Venezuela,VEN,1973,2
Venezuela,VEN,1974,2
Venezuela,VEN,1975,2
Venezuela,VEN,1976,2
Venezuela,VEN,1977,2
Venezuela,VEN,1978,2
Venezuela,VEN,1979,2
Venezuela,VEN,1980,2
Venezuela,VEN,1981,2
Venezuela,VEN,1982,2
Venezuela,VEN,1983,2
Venezuela,VEN,1984,2
Venezuela,VEN,1985,2
Venezuela,VEN,1986,2
Venezuela,VEN,1987,2
Venezuela,VEN,1988,2
Venezuela,VEN,1989,2
Venezuela,VEN,1990,2
Venezuela,VEN,1991,2
Venezuela,VEN,1992,2
Venezuela,VEN,1993,2
Venezuela,VEN,1994,2
Venezuela,VEN,1995,2
Venezuela,VEN,1996,2
Venezuela,VEN,1997,2
Venezuela,VEN,1998,2
Venezuela,VEN,1999,2
Venezuela,VEN,2000,2
Venezuela,VEN,2001,2
Venezuela,VEN,2002,2
Venezuela,VEN,2003,2
Venezuela,VEN,2004,2
Venezuela,VEN,2005,2
Venezuela,VEN,2006,1
Venezuela,VEN,2007,1
Venezuela,VEN,2008,1
Venezuela,VEN,2009,1
Venezuela,VEN,2010,1
Venezuela,VEN,2011,1
Venezuela,VEN,2012,1
Venezuela,VEN,2013,1
Venezuela,VEN,2014,1
Venezuela,VEN,2015,1
Venezuela,VEN,2016,1
Venezuela,VEN,2017,1
Venezuela,VEN,2018,1
Vietnam,VNM,1976,0
Vietnam,VNM,1977,0
Vietnam,VNM,1978,0
Vietnam,VNM,1979,0
Vietnam,VNM,1980,0
Vietnam,VNM,1981,0
Vietnam,VNM,1982,0
Vietnam,VNM,1983,0
Vietnam,VNM,1984,0
Vietnam,VNM,1985,0
Vietnam,VNM,1986,0
Vietnam,VNM,1987,0
Vietnam,VNM,1988,0
Vietnam,VNM,1989,0
Vietnam,VNM,1990,0
Vietnam,VNM,1991,0
Vietnam,VNM,1992,0
Vietnam,VNM,1993,0
Vietnam,VNM,1994,0
Vietnam,VNM,1995,0
Vietnam,VNM,1996,0
Vietnam,VNM,1997,0
Vietnam,VNM,1998,0
Vietnam,VNM,1999,0
Vietnam,VNM,2000,0
Vietnam,VNM,2001,0
Vietnam,VNM,2002,0
Vietnam,VNM,2003,0
Vietnam,VNM,2004,0
Vietnam,VNM,2005,0
Vietnam,VNM,2006,0
Vietnam,VNM,2007,0
Vietnam,VNM,2008,0
Vietnam,VNM,2009,0
Vietnam,VNM,2010,0
Vietnam,VNM,2011,0
Vietnam,VNM,2012,0
Vietnam,VNM,2013,0
Vietnam,VNM,2014,0
Vietnam,VNM,2015,0
Vietnam,VNM,2016,0
Vietnam,VNM,2017,0
Vietnam,VNM,2018,0
West Germany,OWID_GFR,1949,2
West Germany,OWID_GFR,1950,2
West Germany,OWID_GFR,1951,2
West Germany,OWID_GFR,1952,2
West Germany,OWID_GFR,1953,2
West Germany,OWID_GFR,1954,2
West Germany,OWID_GFR,1955,2
West Germany,OWID_GFR,1956,2
West Germany,OWID_GFR,1957,2
West Germany,OWID_GFR,1958,2
West Germany,OWID_GFR,1959,2
West Germany,OWID_GFR,1960,2
West Germany,OWID_GFR,1961,2
West Germany,OWID_GFR,1962,2
West Germany,OWID_GFR,1963,2
West Germany,OWID_GFR,1964,2
West Germany,OWID_GFR,1965,2
West Germany,OWID_GFR,1966,2
West Germany,OWID_GFR,1967,2
West Germany,OWID_GFR,1968,2
West Germany,OWID_GFR,1969,2
West Germany,OWID_GFR,1970,2
West Germany,OWID_GFR,1971,2
West Germany,OWID_GFR,1972,2
West Germany,OWID_GFR,1973,2
West Germany,OWID_GFR,1974,2
West Germany,OWID_GFR,1975,2
West Germany,OWID_GFR,1976,2
West Germany,OWID_GFR,1977,2
West Germany,OWID_GFR,1978,2
West Germany,OWID_GFR,1979,2
West Germany,OWID_GFR,1980,2
West Germany,OWID_GFR,1981,2
West Germany,OWID_GFR,1982,2
West Germany,OWID_GFR,1983,2
West Germany,OWID_GFR,1984,2
West Germany,OWID_GFR,1985,2
West Germany,OWID_GFR,1986,2
West Germany,OWID_GFR,1987,2
West Germany,OWID_GFR,1988,2
West Germany,OWID_GFR,1989,2
West Germany,OWID_GFR,1990,2
Yemen,YEM,1990,1
Yemen,YEM,1991,1
Yemen,YEM,1992,1
Yemen,YEM,1993,1
Yemen,YEM,1994,1
Yemen,YEM,1995,1
Yemen,YEM,1996,1
Yemen,YEM,1997,1
Yemen,YEM,1998,1
Yemen,YEM,1999,1
Yemen,YEM,2000,1
Yemen,YEM,2001,1
Yemen,YEM,2002,1
Yemen,YEM,2003,1
Yemen,YEM,2004,1
Yemen,YEM,2005,1
Yemen,YEM,2006,1
Yemen,YEM,2007,1
Yemen,YEM,2008,1
Yemen,YEM,2009,1
Yemen,YEM,2010,1
Yemen,YEM,2011,1
Yemen,YEM,2012,1
Yemen,YEM,2013,1
Yemen,YEM,2014,1
Yemen,YEM,2015,1
Yemen,YEM,2016,1
Yemen,YEM,2017,1
Yemen,YEM,2018,1
Yemen Arab Republic,OWID_YAR,1918,0
Yemen Arab Republic,OWID_YAR,1919,0
Yemen Arab Republic,OWID_YAR,1920,0
Yemen Arab Republic,OWID_YAR,1921,0
Yemen Arab Republic,OWID_YAR,1922,0
Yemen Arab Republic,OWID_YAR,1923,0
Yemen Arab Republic,OWID_YAR,1924,0
Yemen Arab Republic,OWID_YAR,1925,0
Yemen Arab Republic,OWID_YAR,1926,0
Yemen Arab Republic,OWID_YAR,1927,0
Yemen Arab Republic,OWID_YAR,1928,0
Yemen Arab Republic,OWID_YAR,1929,0
Yemen Arab Republic,OWID_YAR,1930,0
Yemen Arab Republic,OWID_YAR,1931,0
Yemen Arab Republic,OWID_YAR,1932,0
Yemen Arab Republic,OWID_YAR,1933,0
Yemen Arab Republic,OWID_YAR,1934,0
Yemen Arab Republic,OWID_YAR,1935,0
Yemen Arab Republic,OWID_YAR,1936,0
Yemen Arab Republic,OWID_YAR,1937,0
Yemen Arab Republic,OWID_YAR,1938,0
Yemen Arab Republic,OWID_YAR,1939,0
Yemen Arab Republic,OWID_YAR,1940,0
Yemen Arab Republic,OWID_YAR,1941,0
Yemen Arab Republic,OWID_YAR,1942,0
Yemen Arab Republic,OWID_YAR,1943,0
Yemen Arab Republic,OWID_YAR,1944,0
Yemen Arab Republic,OWID_YAR,1945,0
Yemen Arab Republic,OWID_YAR,1946,0
Yemen Arab Republic,OWID_YAR,1947,0
Yemen Arab Republic,OWID_YAR,1948,0
Yemen Arab Republic,OWID_YAR,1949,0
Yemen Arab Republic,OWID_YAR,1950,0
Yemen Arab Republic,OWID_YAR,1951,0
Yemen Arab Republic,OWID_YAR,1952,0
Yemen Arab Republic,OWID_YAR,1953,0
Yemen Arab Republic,OWID_YAR,1954,0
Yemen Arab Republic,OWID_YAR,1955,0
Yemen Arab Republic,OWID_YAR,1956,0
Yemen Arab Republic,OWID_YAR,1957,0
Yemen Arab Republic,OWID_YAR,1958,0
Yemen Arab Republic,OWID_YAR,1959,0
Yemen Arab Republic,OWID_YAR,1960,0
Yemen Arab Republic,OWID_YAR,1961,0
Yemen Arab Republic,OWID_YAR,1962,1
Yemen Arab Republic,OWID_YAR,1963,1
Yemen Arab Republic,OWID_YAR,1964,1
Yemen Arab Republic,OWID_YAR,1965,1
Yemen Arab Republic,OWID_YAR,1966,1
Yemen Arab Republic,OWID_YAR,1967,1
Yemen Arab Republic,OWID_YAR,1968,1
Yemen Arab Republic,OWID_YAR,1969,1
Yemen Arab Republic,OWID_YAR,1970,1
Yemen Arab Republic,OWID_YAR,1971,1
Yemen Arab Republic,OWID_YAR,1972,1
Yemen Arab Republic,OWID_YAR,1973,1
Yemen Arab Republic,OWID_YAR,1974,1
Yemen Arab Republic,OWID_YAR,1975,1
Yemen Arab Republic,OWID_YAR,1976,1
Yemen Arab Republic,OWID_YAR,1977,0
Yemen Arab Republic,OWID_YAR,1978,0
Yemen Arab Republic,OWID_YAR,1979,0
Yemen Arab Republic,OWID_YAR,1980,0
Yemen Arab Republic,OWID_YAR,1981,0
Yemen Arab Republic,OWID_YAR,1982,0
Yemen Arab Republic,OWID_YAR,1983,0
Yemen Arab Republic,OWID_YAR,1984,0
Yemen Arab Republic,OWID_YAR,1985,0
Yemen Arab Republic,OWID_YAR,1986,0
Yemen Arab Republic,OWID_YAR,1987,0
Yemen Arab Republic,OWID_YAR,1988,1
Yemen Arab Republic,OWID_YAR,1989,1
Yemen Arab Republic,OWID_YAR,1990,1
Yemen People's Republic,OWID_YPR,1967,1
Yemen People's Republic,OWID_YPR,1968,1
Yemen People's Republic,OWID_YPR,1969,1
Yemen People's Republic,OWID_YPR,1970,0
Yemen People's Republic,OWID_YPR,1971,0
Yemen People's Republic,OWID_YPR,1972,0
Yemen People's Republic,OWID_YPR,1973,0
Yemen People's Republic,OWID_YPR,1974,0
Yemen People's Republic,OWID_YPR,1975,0
Yemen People's Republic,OWID_YPR,1976,0
Yemen People's Republic,OWID_YPR,1977,0
Yemen People's Republic,OWID_YPR,1978,0
Yemen People's Republic,OWID_YPR,1979,0
Yemen People's Republic,OWID_YPR,1980,0
Yemen People's Republic,OWID_YPR,1981,0
Yemen People's Republic,OWID_YPR,1982,0
Yemen People's Republic,OWID_YPR,1983,0
Yemen People's Republic,OWID_YPR,1984,0
Yemen People's Republic,OWID_YPR,1985,0
Yemen People's Republic,OWID_YPR,1986,0
Yemen People's Republic,OWID_YPR,1987,0
Yemen People's Republic,OWID_YPR,1988,0
Yemen People's Republic,OWID_YPR,1989,0
Yemen People's Republic,OWID_YPR,1990,0
Yugoslavia,OWID_YGS,1921,1
Yugoslavia,OWID_YGS,1922,1
Yugoslavia,OWID_YGS,1923,1
Yugoslavia,OWID_YGS,1924,1
Yugoslavia,OWID_YGS,1925,1
Yugoslavia,OWID_YGS,1926,1
Yugoslavia,OWID_YGS,1927,1
Yugoslavia,OWID_YGS,1928,1
Yugoslavia,OWID_YGS,1929,0
Yugoslavia,OWID_YGS,1930,0
Yugoslavia,OWID_YGS,1931,0
Yugoslavia,OWID_YGS,1932,0
Yugoslavia,OWID_YGS,1933,0
Yugoslavia,OWID_YGS,1934,0
Yugoslavia,OWID_YGS,1935,0
Yugoslavia,OWID_YGS,1936,0
Yugoslavia,OWID_YGS,1937,1
Yugoslavia,OWID_YGS,1938,1
Yugoslavia,OWID_YGS,1939,1
Yugoslavia,OWID_YGS,1940,1
Yugoslavia,OWID_YGS,1941,1
Yugoslavia,OWID_YGS,1942,1
Yugoslavia,OWID_YGS,1943,1
Yugoslavia,OWID_YGS,1944,1
Yugoslavia,OWID_YGS,1945,0
Yugoslavia,OWID_YGS,1946,0
Yugoslavia,OWID_YGS,1947,0
Yugoslavia,OWID_YGS,1948,0
Yugoslavia,OWID_YGS,1949,0
Yugoslavia,OWID_YGS,1950,0
Yugoslavia,OWID_YGS,1951,0
Yugoslavia,OWID_YGS,1952,0
Yugoslavia,OWID_YGS,1953,0
Yugoslavia,OWID_YGS,1954,0
Yugoslavia,OWID_YGS,1955,0
Yugoslavia,OWID_YGS,1956,0
Yugoslavia,OWID_YGS,1957,0
Yugoslavia,OWID_YGS,1958,0
Yugoslavia,OWID_YGS,1959,0
Yugoslavia,OWID_YGS,1960,0
Yugoslavia,OWID_YGS,1961,0
Yugoslavia,OWID_YGS,1962,0
Yugoslavia,OWID_YGS,1963,0
Yugoslavia,OWID_YGS,1964,0
Yugoslavia,OWID_YGS,1965,0
Yugoslavia,OWID_YGS,1966,0
Yugoslavia,OWID_YGS,1967,0
Yugoslavia,OWID_YGS,1968,0
Yugoslavia,OWID_YGS,1969,0
Yugoslavia,OWID_YGS,1970,0
Yugoslavia,OWID_YGS,1971,0
Yugoslavia,OWID_YGS,1972,0
Yugoslavia,OWID_YGS,1973,0
Yugoslavia,OWID_YGS,1974,0
Yugoslavia,OWID_YGS,1975,0
Yugoslavia,OWID_YGS,1976,0
Yugoslavia,OWID_YGS,1977,0
Yugoslavia,OWID_YGS,1978,0
Yugoslavia,OWID_YGS,1979,0
Yugoslavia,OWID_YGS,1980,1
Yugoslavia,OWID_YGS,1981,1
Yugoslavia,OWID_YGS,1982,1
Yugoslavia,OWID_YGS,1983,1
Yugoslavia,OWID_YGS,1984,1
Yugoslavia,OWID_YGS,1985,1
Yugoslavia,OWID_YGS,1986,1
Yugoslavia,OWID_YGS,1987,1
Yugoslavia,OWID_YGS,1988,1
Yugoslavia,OWID_YGS,1989,1
Yugoslavia,OWID_YGS,1990,1
Yugoslavia,OWID_YGS,1991,1
Zambia,ZMB,1964,1
Zambia,ZMB,1965,1
Zambia,ZMB,1966,1
Zambia,ZMB,1967,1
Zambia,ZMB,1968,1
Zambia,ZMB,1969,1
Zambia,ZMB,1970,1
Zambia,ZMB,1971,1
Zambia,ZMB,1972,0
Zambia,ZMB,1973,0
Zambia,ZMB,1974,0
Zambia,ZMB,1975,0
Zambia,ZMB,1976,0
Zambia,ZMB,1977,0
Zambia,ZMB,1978,0
Zambia,ZMB,1979,0
Zambia,ZMB,1980,0
Zambia,ZMB,1981,0
Zambia,ZMB,1982,0
Zambia,ZMB,1983,0
Zambia,ZMB,1984,0
Zambia,ZMB,1985,0
Zambia,ZMB,1986,0
Zambia,ZMB,1987,0
Zambia,ZMB,1988,0
Zambia,ZMB,1989,0
Zambia,ZMB,1990,0
Zambia,ZMB,1991,2
Zambia,ZMB,1992,2
Zambia,ZMB,1993,2
Zambia,ZMB,1994,2
Zambia,ZMB,1995,2
Zambia,ZMB,1996,1
Zambia,ZMB,1997,1
Zambia,ZMB,1998,1
Zambia,ZMB,1999,1
Zambia,ZMB,2000,1
Zambia,ZMB,2001,1
Zambia,ZMB,2002,1
Zambia,ZMB,2003,1
Zambia,ZMB,2004,1
Zambia,ZMB,2005,1
Zambia,ZMB,2006,1
Zambia,ZMB,2007,1
Zambia,ZMB,2008,2
Zambia,ZMB,2009,2
Zambia,ZMB,2010,2
Zambia,ZMB,2011,2
Zambia,ZMB,2012,2
Zambia,ZMB,2013,2
Zambia,ZMB,2014,2
Zambia,ZMB,2015,2
Zambia,ZMB,2016,2
Zambia,ZMB,2017,2
Zambia,ZMB,2018,2
Zimbabwe,ZWE,1980,1
Zimbabwe,ZWE,1981,1
Zimbabwe,ZWE,1982,1
Zimbabwe,ZWE,1983,1
Zimbabwe,ZWE,1984,1
Zimbabwe,ZWE,1985,1
Zimbabwe,ZWE,1986,1
Zimbabwe,ZWE,1987,0
Zimbabwe,ZWE,1988,0
Zimbabwe,ZWE,1989,0
Zimbabwe,ZWE,1990,0
Zimbabwe,ZWE,1991,0
Zimbabwe,ZWE,1992,0
Zimbabwe,ZWE,1993,0
Zimbabwe,ZWE,1994,0
Zimbabwe,ZWE,1995,0
Zimbabwe,ZWE,1996,0
Zimbabwe,ZWE,1997,0
Zimbabwe,ZWE,1998,0
Zimbabwe,ZWE,1999,1
Zimbabwe,ZWE,2000,1
Zimbabwe,ZWE,2001,1
Zimbabwe,ZWE,2002,1
Zimbabwe,ZWE,2003,1
Zimbabwe,ZWE,2004,1
Zimbabwe,ZWE,2005,1
Zimbabwe,ZWE,2006,1
Zimbabwe,ZWE,2007,1
Zimbabwe,ZWE,2008,1
Zimbabwe,ZWE,2009,1
Zimbabwe,ZWE,2010,1
Zimbabwe,ZWE,2011,1
Zimbabwe,ZWE,2012,1
Zimbabwe,ZWE,2013,1
Zimbabwe,ZWE,2014,1
Zimbabwe,ZWE,2015,1
Zimbabwe,ZWE,2016,1
Zimbabwe,ZWE,2017,1
Zimbabwe,ZWE,2018,1