country_code,country,year,democ,autoc,polity,polity2,durable
AFG,Afghanistan,1800,1,7,-6,-6.0,
AFG,Afghanistan,1801,1,7,-6,-6.0,
AFG,Afghanistan,1802,1,7,-6,-6.0,
AFG,Afghanistan,1803,1,7,-6,-6.0,
AFG,Afghanistan,1804,1,7,-6,-6.0,
AFG,Afghanistan,1805,1,7,-6,-6.0,
AFG,Afghanistan,1806,1,7,-6,-6.0,
AFG,Afghanistan,1807,1,7,-6,-6.0,
AFG,Afghanistan,1808,1,7,-6,-6.0,
AFG,Afghanistan,1809,1,7,-6,-6.0,
AFG,Afghanistan,1810,1,7,-6,-6.0,
AFG,Afghanistan,1811,1,7,-6,-6.0,
AFG,Afghanistan,1812,1,7,-6,-6.0,
AFG,Afghanistan,1813,1,7,-6,-6.0,
AFG,Afghanistan,1814,1,7,-6,-6.0,
AFG,Afghanistan,1815,1,7,-6,-6.0,
AFG,Afghanistan,1816,1,7,-6,-6.0,
AFG,Afghanistan,1817,1,7,-6,-6.0,
AFG,Afghanistan,1818,1,7,-6,-6.0,
AFG,Afghanistan,1819,1,7,-6,-6.0,
AFG,Afghanistan,1820,1,7,-6,-6.0,
AFG,Afghanistan,1821,1,7,-6,-6.0,
AFG,Afghanistan,1822,1,7,-6,-6.0,
AFG,Afghanistan,1823,1,7,-6,-6.0,
AFG,Afghanistan,1824,1,7,-6,-6.0,
AFG,Afghanistan,1825,1,7,-6,-6.0,
AFG,Afghanistan,1826,1,7,-6,-6.0,
AFG,Afghanistan,1827,1,7,-6,-6.0,
AFG,Afghanistan,1828,1,7,-6,-6.0,
AFG,Afghanistan,1829,1,7,-6,-6.0,
AFG,Afghanistan,1830,1,7,-6,-6.0,
AFG,Afghanistan,1831,1,7,-6,-6.0,
AFG,Afghanistan,1832,1,7,-6,-6.0,
AFG,Afghanistan,1833,1,7,-6,-6.0,
AFG,Afghanistan,1834,1,7,-6,-6.0,
AFG,Afghanistan,1835,1,7,-6,-6.0,
AFG,Afghanistan,1836,1,7,-6,-6.0,
AFG,Afghanistan,1837,1,7,-6,-6.0,
AFG,Afghanistan,1838,1,7,-6,-6.0,
AFG,Afghanistan,1839,1,7,-6,-6.0,
AFG,Afghanistan,1840,1,7,-6,-6.0,
AFG,Afghanistan,1841,1,7,-6,-6.0,
AFG,Afghanistan,1842,1,7,-6,-6.0,
AFG,Afghanistan,1843,1,7,-6,-6.0,
AFG,Afghanistan,1844,1,7,-6,-6.0,
AFG,Afghanistan,1845,1,7,-6,-6.0,
AFG,Afghanistan,1846,1,7,-6,-6.0,
AFG,Afghanistan,1847,1,7,-6,-6.0,
AFG,Afghanistan,1848,1,7,-6,-6.0,
AFG,Afghanistan,1849,1,7,-6,-6.0,
AFG,Afghanistan,1850,1,7,-6,-6.0,
AFG,Afghanistan,1851,1,7,-6,-6.0,
AFG,Afghanistan,1852,1,7,-6,-6.0,
AFG,Afghanistan,1853,1,7,-6,-6.0,
AFG,Afghanistan,1854,1,7,-6,-6.0,
AFG,Afghanistan,1855,1,7,-6,-6.0,
AFG,Afghanistan,1856,1,7,-6,-6.0,
AFG,Afghanistan,1857,1,7,-6,-6.0,
AFG,Afghanistan,1858,1,7,-6,-6.0,
AFG,Afghanistan,1859,1,7,-6,-6.0,
AFG,Afghanistan,1860,1,7,-6,-6.0,
AFG,Afghanistan,1861,1,7,-6,-6.0,
AFG,Afghanistan,1862,1,7,-6,-6.0,
AFG,Afghanistan,1863,1,7,-6,-6.0,
AFG,Afghanistan,1864,1,7,-6,-6.0,
AFG,Afghanistan,1865,1,7,-6,-6.0,
AFG,Afghanistan,1866,1,7,-6,-6.0,
AFG,Afghanistan,1867,1,7,-6,-6.0,
AFG,Afghanistan,1868,1,7,-6,-6.0,
AFG,Afghanistan,1869,1,7,-6,-6.0,
AFG,Afghanistan,1870,1,7,-6,-6.0,
AFG,Afghanistan,1871,1,7,-6,-6.0,
AFG,Afghanistan,1872,1,7,-6,-6.0,
AFG,Afghanistan,1873,1,7,-6,-6.0,
AFG,Afghanistan,1874,1,7,-6,-6.0,
AFG,Afghanistan,1875,1,7,-6,-6.0,
AFG,Afghanistan,1876,1,7,-6,-6.0,
AFG,Afghanistan,1877,1,7,-6,-6.0,
AFG,Afghanistan,1878,1,7,-6,-6.0,
AFG,Afghanistan,1879,1,7,-6,-6.0,
AFG,Afghanistan,1880,1,7,-6,-6.0,
AFG,Afghanistan,1881,1,7,-6,-6.0,
AFG,Afghanistan,1882,1,7,-6,-6.0,
AFG,Afghanistan,1883,1,7,-6,-6.0,
AFG,Afghanistan,1884,1,7,-6,-6.0,
AFG,Afghanistan,1885,1,7,-6,-6.0,
AFG,Afghanistan,1886,1,7,-6,-6.0,
AFG,Afghanistan,1887,1,7,-6,-6.0,
AFG,Afghanistan,1888,1,7,-6,-6.0,
AFG,Afghanistan,1889,1,7,-6,-6.0,
AFG,Afghanistan,1890,1,7,-6,-6.0,
AFG,Afghanistan,1891,1,7,-6,-6.0,
AFG,Afghanistan,1892,1,7,-6,-6.0,
AFG,Afghanistan,1893,1,7,-6,-6.0,
AFG,Afghanistan,1894,1,7,-6,-6.0,
AFG,Afghanistan,1895,1,7,-6,-6.0,
AFG,Afghanistan,1896,1,7,-6,-6.0,
AFG,Afghanistan,1897,1,7,-6,-6.0,
AFG,Afghanistan,1898,1,7,-6,-6.0,
AFG,Afghanistan,1899,1,7,-6,-6.0,
AFG,Afghanistan,1900,1,7,-6,-6.0,
AFG,Afghanistan,1901,1,7,-6,-6.0,
AFG,Afghanistan,1902,1,7,-6,-6.0,
AFG,Afghanistan,1903,1,7,-6,-6.0,
AFG,Afghanistan,1904,1,7,-6,-6.0,
AFG,Afghanistan,1905,1,7,-6,-6.0,
AFG,Afghanistan,1906,1,7,-6,-6.0,
AFG,Afghanistan,1907,1,7,-6,-6.0,
AFG,Afghanistan,1908,1,7,-6,-6.0,
AFG,Afghanistan,1909,1,7,-6,-6.0,
AFG,Afghanistan,1910,1,7,-6,-6.0,
AFG,Afghanistan,1911,1,7,-6,-6.0,
AFG,Afghanistan,1912,1,7,-6,-6.0,
AFG,Afghanistan,1913,1,7,-6,-6.0,
AFG,Afghanistan,1914,1,7,-6,-6.0,
AFG,Afghanistan,1915,1,7,-6,-6.0,
AFG,Afghanistan,1916,1,7,-6,-6.0,
AFG,Afghanistan,1917,1,7,-6,-6.0,
AFG,Afghanistan,1918,1,7,-6,-6.0,
AFG,Afghanistan,1919,1,7,-6,-6.0,
AFG,Afghanistan,1920,1,7,-6,-6.0,
AFG,Afghanistan,1921,1,7,-6,-6.0,
AFG,Afghanistan,1922,1,7,-6,-6.0,
AFG,Afghanistan,1923,1,7,-6,-6.0,
AFG,Afghanistan,1924,1,7,-6,-6.0,
AFG,Afghanistan,1925,1,7,-6,-6.0,
AFG,Afghanistan,1926,1,7,-6,-6.0,
AFG,Afghanistan,1927,1,7,-6,-6.0,
AFG,Afghanistan,1928,1,7,-6,-6.0,
AFG,Afghanistan,1929,1,7,-6,-6.0,
AFG,Afghanistan,1930,1,7,-6,-6.0,
AFG,Afghanistan,1931,1,7,-6,-6.0,
AFG,Afghanistan,1932,1,7,-6,-6.0,
AFG,Afghanistan,1933,1,7,-6,-6.0,
AFG,Afghanistan,1934,1,7,-6,-6.0,
AFG,Afghanistan,1935,0,8,-8,-8.0,
AFG,Afghanistan,1936,0,8,-8,-8.0,
AFG,Afghanistan,1937,0,8,-8,-8.0,
AFG,Afghanistan,1938,0,8,-8,-8.0,
AFG,Afghanistan,1939,0,8,-8,-8.0,
AFG,Afghanistan,1940,0,8,-8,-8.0,
AFG,Afghanistan,1941,0,8,-8,-8.0,
AFG,Afghanistan,1942,0,8,-8,-8.0,
AFG,Afghanistan,1943,0,8,-8,-8.0,
AFG,Afghanistan,1944,0,8,-8,-8.0,
AFG,Afghanistan,1945,0,10,-10,-10.0,
AFG,Afghanistan,1946,0,10,-10,-10.0,
AFG,Afghanistan,1947,0,10,-10,-10.0,
AFG,Afghanistan,1948,0,10,-10,-10.0,
AFG,Afghanistan,1949,0,10,-10,-10.0,
AFG,Afghanistan,1950,0,10,-10,-10.0,
AFG,Afghanistan,1951,0,10,-10,-10.0,
AFG,Afghanistan,1952,0,10,-10,-10.0,
AFG,Afghanistan,1953,0,10,-10,-10.0,
AFG,Afghanistan,1954,0,10,-10,-10.0,
AFG,Afghanistan,1955,0,10,-10,-10.0,
AFG,Afghanistan,1956,0,10,-10,-10.0,
AFG,Afghanistan,1957,0,10,-10,-10.0,
AFG,Afghanistan,1958,0,10,-10,-10.0,
AFG,Afghanistan,1959,0,10,-10,-10.0,
AFG,Afghanistan,1960,0,10,-10,-10.0,
AFG,Afghanistan,1961,0,10,-10,-10.0,
AFG,Afghanistan,1962,0,10,-10,-10.0,
AFG,Afghanistan,1963,0,10,-10,-10.0,
AFG,Afghanistan,1964,0,7,-7,-7.0,0.0
AFG,Afghanistan,1965,0,7,-7,-7.0,1.0
AFG,Afghanistan,1966,0,7,-7,-7.0,2.0
AFG,Afghanistan,1967,0,7,-7,-7.0,3.0
AFG,Afghanistan,1968,0,7,-7,-7.0,4.0
AFG,Afghanistan,1969,0,7,-7,-7.0,5.0
AFG,Afghanistan,1970,0,7,-7,-7.0,6.0
AFG,Afghanistan,1971,0,7,-7,-7.0,7.0
AFG,Afghanistan,1972,0,7,-7,-7.0,8.0
AFG,Afghanistan,1973,0,7,-7,-7.0,9.0
AFG,Afghanistan,1974,0,7,-7,-7.0,10.0
AFG,Afghanistan,1975,0,7,-7,-7.0,11.0
AFG,Afghanistan,1976,0,7,-7,-7.0,12.0
AFG,Afghanistan,1977,0,7,-7,-7.0,13.0
AFG,Afghanistan,1978,-77,-77,-77,0.0,0.0
AFG,Afghanistan,1979,-66,-66,-66,,0.0
AFG,Afghanistan,1980,-66,-66,-66,,0.0
AFG,Afghanistan,1981,-66,-66,-66,,0.0
AFG,Afghanistan,1982,-66,-66,-66,,0.0
AFG,Afghanistan,1983,-66,-66,-66,,0.0
AFG,Afghanistan,1984,-66,-66,-66,,0.0
AFG,Afghanistan,1985,-66,-66,-66,,0.0
AFG,Afghanistan,1986,-66,-66,-66,,0.0
AFG,Afghanistan,1987,-66,-66,-66,,0.0
AFG,Afghanistan,1988,-66,-66,-66,,0.0
AFG,Afghanistan,1989,0,8,-8,-8.0,0.0
AFG,Afghanistan,1990,0,8,-8,-8.0,1.0
AFG,Afghanistan,1991,0,8,-8,-8.0,2.0
AFG,Afghanistan,1992,-77,-77,-77,0.0,0.0
AFG,Afghanistan,1993,-77,-77,-77,0.0,0.0
AFG,Afghanistan,1994,-77,-77,-77,0.0,0.0
AFG,Afghanistan,1995,-77,-77,-77,0.0,0.0
AFG,Afghanistan,1996,0,7,-7,-7.0,0.0
AFG,Afghanistan,1997,0,7,-7,-7.0,1.0
AFG,Afghanistan,1998,0,7,-7,-7.0,2.0
AFG,Afghanistan,1999,0,7,-7,-7.0,3.0
AFG,Afghanistan,2000,0,7,-7,-7.0,4.0
AFG,Afghanistan,2001,-66,-66,-66,,0.0
AFG,Afghanistan,2002,-66,-66,-66,,0.0
AFG,Afghanistan,2003,-66,-66,-66,,0.0
AFG,Afghanistan,2004,-66,-66,-66,,0.0
AFG,Afghanistan,2005,-66,-66,-66,,0.0
AFG,Afghanistan,2006,-66,-66,-66,,0.0
AFG,Afghanistan,2007,-66,-66,-66,,0.0
AFG,Afghanistan,2008,-66,-66,-66,,0.0
AFG,Afghanistan,2009,-66,-66,-66,,0.0
AFG,Afghanistan,2010,-66,-66,-66,,0.0
AFG,Afghanistan,2011,-66,-66,-66,,0.0
AFG,Afghanistan,2012,-66,-66,-66,,0.0
AFG,Afghanistan,2013,-66,-66,-66,,0.0
AFG,Afghanistan,2014,1,2,-1,-1.0,0.0
AFG,Afghanistan,2015,1,2,-1,-1.0,1.0
AFG,Afghanistan,2016,1,2,-1,-1.0,2.0
AFG,Afghanistan,2017,1,2,-1,-1.0,3.0
AFG,Afghanistan,2018,1,2,-1,-1.0,4.0
ALB,Albania,1914,2,4,-2,-2.0,0.0
ALB,Albania,1915,-77,-77,-77,0.0,0.0
ALB,Albania,1916,-77,-77,-77,0.0,0.0
ALB,Albania,1917,-77,-77,-77,0.0,0.0
ALB,Albania,1918,-77,-77,-77,0.0,0.0
ALB,Albania,1919,-77,-77,-77,0.0,0.0
ALB,Albania,1920,-77,-77,-77,0.0,0.0
ALB,Albania,1921,-77,-77,-77,0.0,0.0
ALB,Albania,1922,-77,-77,-77,0.0,0.0
ALB,Albania,1923,-77,-77,-77,0.0,0.0
ALB,Albania,1924,-77,-77,-77,0.0,0.0
ALB,Albania,1925,0,9,-9,-9.0,0.0
ALB,Albania,1926,0,9,-9,-9.0,1.0
ALB,Albania,1927,0,9,-9,-9.0,2.0
ALB,Albania,1928,0,9,-9,-9.0,3.0
ALB,Albania,1929,0,9,-9,-9.0,4.0
ALB,Albania,1930,0,9,-9,-9.0,5.0
ALB,Albania,1931,0,9,-9,-9.0,6.0
ALB,Albania,1932,0,9,-9,-9.0,7.0
ALB,Albania,1933,0,9,-9,-9.0,8.0
ALB,Albania,1934,0,9,-9,-9.0,9.0
ALB,Albania,1935,0,9,-9,-9.0,10.0
ALB,Albania,1936,0,9,-9,-9.0,11.0
ALB,Albania,1937,0,9,-9,-9.0,12.0
ALB,Albania,1938,0,9,-9,-9.0,13.0
ALB,Albania,1939,-77,-77,-77,0.0,0.0
ALB,Albania,1940,-77,-77,-77,0.0,0.0
ALB,Albania,1941,-77,-77,-77,0.0,0.0
ALB,Albania,1942,-77,-77,-77,0.0,0.0
ALB,Albania,1943,-77,-77,-77,0.0,0.0
ALB,Albania,1944,-77,-77,-77,0.0,0.0
ALB,Albania,1945,-88,-88,-88,-5.0,0.0
ALB,Albania,1946,0,9,-9,-9.0,0.0
ALB,Albania,1947,0,9,-9,-9.0,1.0
ALB,Albania,1948,0,9,-9,-9.0,2.0
ALB,Albania,1949,0,9,-9,-9.0,3.0
ALB,Albania,1950,0,9,-9,-9.0,4.0
ALB,Albania,1951,0,9,-9,-9.0,5.0
ALB,Albania,1952,0,9,-9,-9.0,6.0
ALB,Albania,1953,0,9,-9,-9.0,7.0
ALB,Albania,1954,0,9,-9,-9.0,8.0
ALB,Albania,1955,0,9,-9,-9.0,9.0
ALB,Albania,1956,0,9,-9,-9.0,10.0
ALB,Albania,1957,0,9,-9,-9.0,11.0
ALB,Albania,1958,0,9,-9,-9.0,12.0
ALB,Albania,1959,0,9,-9,-9.0,13.0
ALB,Albania,1960,0,9,-9,-9.0,14.0
ALB,Albania,1961,0,9,-9,-9.0,15.0
ALB,Albania,1962,0,9,-9,-9.0,16.0
ALB,Albania,1963,0,9,-9,-9.0,17.0
ALB,Albania,1964,0,9,-9,-9.0,18.0
ALB,Albania,1965,0,9,-9,-9.0,19.0
ALB,Albania,1966,0,9,-9,-9.0,20.0
ALB,Albania,1967,0,9,-9,-9.0,21.0
ALB,Albania,1968,0,9,-9,-9.0,22.0
ALB,Albania,1969,0,9,-9,-9.0,23.0
ALB,Albania,1970,0,9,-9,-9.0,24.0
ALB,Albania,1971,0,9,-9,-9.0,25.0
ALB,Albania,1972,0,9,-9,-9.0,26.0
ALB,Albania,1973,0,9,-9,-9.0,27.0
ALB,Albania,1974,0,9,-9,-9.0,28.0
ALB,Albania,1975,0,9,-9,-9.0,29.0
ALB,Albania,1976,0,9,-9,-9.0,30.0
ALB,Albania,1977,0,9,-9,-9.0,31.0
ALB,Albania,1978,0,9,-9,-9.0,32.0
ALB,Albania,1979,0,9,-9,-9.0,33.0
ALB,Albania,1980,0,9,-9,-9.0,34.0
ALB,Albania,1981,0,9,-9,-9.0,35.0
ALB,Albania,1982,0,9,-9,-9.0,36.0
ALB,Albania,1983,0,9,-9,-9.0,37.0
ALB,Albania,1984,0,9,-9,-9.0,38.0
ALB,Albania,1985,0,9,-9,-9.0,39.0
ALB,Albania,1986,0,9,-9,-9.0,40.0
ALB,Albania,1987,0,9,-9,-9.0,41.0
ALB,Albania,1988,0,9,-9,-9.0,42.0
ALB,Albania,1989,0,9,-9,-9.0,43.0
ALB,Albania,1990,3,2,1,1.0,0.0
ALB,Albania,1991,-88,-88,-88,3.0,0.0
ALB,Albania,1992,6,1,5,5.0,0.0
ALB,Albania,1993,6,1,5,5.0,1.0
ALB,Albania,1994,6,1,5,5.0,2.0
ALB,Albania,1995,6,1,5,5.0,3.0
ALB,Albania,1996,3,3,0,0.0,0.0
ALB,Albania,1997,6,1,5,5.0,0.0
ALB,Albania,1998,6,1,5,5.0,1.0
ALB,Albania,1999,6,1,5,5.0,2.0
ALB,Albania,2000,6,1,5,5.0,3.0
ALB,Albania,2001,6,1,5,5.0,4.0
ALB,Albania,2002,7,0,7,7.0,5.0
ALB,Albania,2003,7,0,7,7.0,6.0
ALB,Albania,2004,7,0,7,7.0,7.0
ALB,Albania,2005,9,0,9,9.0,8.0
ALB,Albania,2006,9,0,9,9.0,9.0
ALB,Albania,2007,9,0,9,9.0,10.0
ALB,Albania,2008,9,0,9,9.0,11.0
ALB,Albania,2009,9,0,9,9.0,12.0
ALB,Albania,2010,9,0,9,9.0,13.0
ALB,Albania,2011,9,0,9,9.0,14.0
ALB,Albania,2012,9,0,9,9.0,15.0
ALB,Albania,2013,9,0,9,9.0,16.0
ALB,Albania,2014,9,0,9,9.0,17.0
ALB,Albania,2015,9,0,9,9.0,18.0
ALB,Albania,2016,9,0,9,9.0,19.0
ALB,Albania,2017,9,0,9,9.0,20.0
ALB,Albania,2018,9,0,9,9.0,21.0
ALG,Algeria,1962,0,8,-8,-8.0,0.0
ALG,Algeria,1963,0,8,-8,-8.0,1.0
ALG,Algeria,1964,0,8,-8,-8.0,2.0
ALG,Algeria,1965,0,9,-9,-9.0,3.0
ALG,Algeria,1966,0,9,-9,-9.0,4.0
ALG,Algeria,1967,0,9,-9,-9.0,5.0
ALG,Algeria,1968,0,9,-9,-9.0,6.0
ALG,Algeria,1969,0,9,-9,-9.0,7.0
ALG,Algeria,1970,0,9,-9,-9.0,8.0
ALG,Algeria,1971,0,9,-9,-9.0,9.0
ALG,Algeria,1972,0,9,-9,-9.0,10.0
ALG,Algeria,1973,0,9,-9,-9.0,11.0
ALG,Algeria,1974,0,9,-9,-9.0,12.0
ALG,Algeria,1975,0,9,-9,-9.0,13.0
ALG,Algeria,1976,0,9,-9,-9.0,14.0
ALG,Algeria,1977,0,9,-9,-9.0,15.0
ALG,Algeria,1978,0,9,-9,-9.0,16.0
ALG,Algeria,1979,0,9,-9,-9.0,17.0
ALG,Algeria,1980,0,9,-9,-9.0,18.0
ALG,Algeria,1981,0,9,-9,-9.0,19.0
ALG,Algeria,1982,0,9,-9,-9.0,20.0
ALG,Algeria,1983,0,9,-9,-9.0,21.0
ALG,Algeria,1984,0,9,-9,-9.0,22.0
ALG,Algeria,1985,0,9,-9,-9.0,23.0
ALG,Algeria,1986,0,9,-9,-9.0,24.0
ALG,Algeria,1987,0,9,-9,-9.0,25.0
ALG,Algeria,1988,0,9,-9,-9.0,26.0
ALG,Algeria,1989,1,3,-2,-2.0,0.0
ALG,Algeria,1990,1,3,-2,-2.0,1.0
ALG,Algeria,1991,1,3,-2,-2.0,2.0
ALG,Algeria,1992,0,7,-7,-7.0,0.0
ALG,Algeria,1993,0,7,-7,-7.0,1.0
ALG,Algeria,1994,0,7,-7,-7.0,2.0
ALG,Algeria,1995,1,4,-3,-3.0,0.0
ALG,Algeria,1996,1,4,-3,-3.0,1.0
ALG,Algeria,1997,1,4,-3,-3.0,2.0
ALG,Algeria,1998,1,4,-3,-3.0,3.0
ALG,Algeria,1999,1,4,-3,-3.0,4.0
ALG,Algeria,2000,1,4,-3,-3.0,5.0
ALG,Algeria,2001,1,4,-3,-3.0,6.0
ALG,Algeria,2002,1,4,-3,-3.0,7.0
ALG,Algeria,2003,1,4,-3,-3.0,8.0
ALG,Algeria,2004,3,1,2,2.0,0.0
ALG,Algeria,2005,3,1,2,2.0,1.0
ALG,Algeria,2006,3,1,2,2.0,2.0
ALG,Algeria,2007,3,1,2,2.0,3.0
ALG,Algeria,2008,3,1,2,2.0,4.0
ALG,Algeria,2009,3,1,2,2.0,5.0
ALG,Algeria,2010,3,1,2,2.0,6.0
ALG,Algeria,2011,3,1,2,2.0,7.0
ALG,Algeria,2012,3,1,2,2.0,8.0
ALG,Algeria,2013,3,1,2,2.0,9.0
ALG,Algeria,2014,3,1,2,2.0,10.0
ALG,Algeria,2015,3,1,2,2.0,11.0
ALG,Algeria,2016,3,1,2,2.0,12.0
ALG,Algeria,2017,3,1,2,2.0,13.0
ALG,Algeria,2018,3,1,2,2.0,14.0
ANG,Angola,1975,0,7,-7,-7.0,0.0
ANG,Angola,1976,0,7,-7,-7.0,1.0
ANG,Angola,1977,0,7,-7,-7.0,2.0
ANG,Angola,1978,0,7,-7,-7.0,3.0
ANG,Angola,1979,0,7,-7,-7.0,4.0
ANG,Angola,1980,0,7,-7,-7.0,5.0
ANG,Angola,1981,0,7,-7,-7.0,6.0
ANG,Angola,1982,0,7,-7,-7.0,7.0
ANG,Angola,1983,0,7,-7,-7.0,8.0
ANG,Angola,1984,0,7,-7,-7.0,9.0
ANG,Angola,1985,0,7,-7,-7.0,10.0
ANG,Angola,1986,0,7,-7,-7.0,11.0
ANG,Angola,1987,0,7,-7,-7.0,12.0
ANG,Angola,1988,0,7,-7,-7.0,13.0
ANG,Angola,1989,0,7,-7,-7.0,14.0
ANG,Angola,1990,0,7,-7,-7.0,15.0
ANG,Angola,1991,-88,-88,-88,-4.0,0.0
ANG,Angola,1992,-77,-77,-77,0.0,0.0
ANG,Angola,1993,-88,-88,-88,-1.0,0.0
ANG,Angola,1994,-88,-88,-88,-2.0,0.0
ANG,Angola,1995,-88,-88,-88,-3.0,0.0
ANG,Angola,1996,-88,-88,-88,-4.0,0.0
ANG,Angola,1997,0,6,-6,-6.0,0.0
ANG,Angola,1998,0,6,-6,-6.0,1.0
ANG,Angola,1999,0,6,-6,-6.0,2.0
ANG,Angola,2000,0,6,-6,-6.0,3.0
ANG,Angola,2001,0,6,-6,-6.0,4.0
ANG,Angola,2002,2,4,-2,-2.0,0.0
ANG,Angola,2003,2,4,-2,-2.0,1.0
ANG,Angola,2004,2,4,-2,-2.0,2.0
ANG,Angola,2005,2,4,-2,-2.0,3.0
ANG,Angola,2006,2,4,-2,-2.0,4.0
ANG,Angola,2007,2,4,-2,-2.0,5.0
ANG,Angola,2008,2,4,-2,-2.0,6.0
ANG,Angola,2009,2,4,-2,-2.0,7.0
ANG,Angola,2010,2,4,-2,-2.0,8.0
ANG,Angola,2011,2,4,-2,-2.0,9.0
ANG,Angola,2012,2,4,-2,-2.0,10.0
ANG,Angola,2013,2,4,-2,-2.0,11.0
ANG,Angola,2014,2,4,-2,-2.0,12.0
ANG,Angola,2015,2,4,-2,-2.0,13.0
ANG,Angola,2016,2,4,-2,-2.0,14.0
ANG,Angola,2017,2,4,-2,-2.0,15.0
ANG,Angola,2018,2,4,-2,-2.0,16.0
ARG,Argentina,1825,1,6,-5,-5.0,0.0
ARG,Argentina,1826,1,6,-5,-5.0,1.0
ARG,Argentina,1827,1,6,-5,-5.0,2.0
ARG,Argentina,1828,1,6,-5,-5.0,3.0
ARG,Argentina,1829,-88,-88,-88,-5.0,0.0
ARG,Argentina,1830,-88,-88,-88,-5.0,0.0
ARG,Argentina,1831,-88,-88,-88,-5.0,0.0
ARG,Argentina,1832,-88,-88,-88,-5.0,0.0
ARG,Argentina,1833,-88,-88,-88,-5.0,0.0
ARG,Argentina,1834,-88,-88,-88,-5.0,0.0
ARG,Argentina,1835,1,6,-5,-5.0,0.0
ARG,Argentina,1836,1,6,-5,-5.0,0.0
ARG,Argentina,1837,1,6,-5,-5.0,1.0
ARG,Argentina,1838,1,6,-5,-5.0,2.0
ARG,Argentina,1839,1,6,-5,-5.0,3.0
ARG,Argentina,1840,1,6,-5,-5.0,4.0
ARG,Argentina,1841,1,6,-5,-5.0,5.0
ARG,Argentina,1842,1,6,-5,-5.0,6.0
ARG,Argentina,1843,1,6,-5,-5.0,7.0
ARG,Argentina,1844,1,6,-5,-5.0,8.0
ARG,Argentina,1845,1,6,-5,-5.0,9.0
ARG,Argentina,1846,1,6,-5,-5.0,10.0
ARG,Argentina,1847,1,6,-5,-5.0,11.0
ARG,Argentina,1848,1,6,-5,-5.0,12.0
ARG,Argentina,1849,1,6,-5,-5.0,13.0
ARG,Argentina,1850,1,6,-5,-5.0,14.0
ARG,Argentina,1851,1,6,-5,-5.0,15.0
ARG,Argentina,1852,-88,-88,-88,-4.0,0.0
ARG,Argentina,1853,1,4,-3,-3.0,0.0
ARG,Argentina,1854,1,4,-3,-3.0,1.0
ARG,Argentina,1855,1,4,-3,-3.0,2.0
ARG,Argentina,1856,1,4,-3,-3.0,3.0
ARG,Argentina,1857,1,4,-3,-3.0,4.0
ARG,Argentina,1858,1,4,-3,-3.0,5.0
ARG,Argentina,1859,1,4,-3,-3.0,6.0
ARG,Argentina,1860,1,4,-3,-3.0,7.0
ARG,Argentina,1861,1,4,-3,-3.0,8.0
ARG,Argentina,1862,1,4,-3,-3.0,9.0
ARG,Argentina,1863,1,4,-3,-3.0,10.0
ARG,Argentina,1864,1,4,-3,-3.0,11.0
ARG,Argentina,1865,1,4,-3,-3.0,12.0
ARG,Argentina,1866,1,4,-3,-3.0,13.0
ARG,Argentina,1867,1,4,-3,-3.0,14.0
ARG,Argentina,1868,1,4,-3,-3.0,15.0
ARG,Argentina,1869,1,4,-3,-3.0,16.0
ARG,Argentina,1870,1,4,-3,-3.0,17.0
ARG,Argentina,1871,1,4,-3,-3.0,18.0
ARG,Argentina,1872,1,4,-3,-3.0,19.0
ARG,Argentina,1873,1,4,-3,-3.0,20.0
ARG,Argentina,1874,1,4,-3,-3.0,21.0
ARG,Argentina,1875,1,4,-3,-3.0,22.0
ARG,Argentina,1876,1,4,-3,-3.0,23.0
ARG,Argentina,1877,1,4,-3,-3.0,24.0
ARG,Argentina,1878,1,4,-3,-3.0,25.0
ARG,Argentina,1879,1,4,-3,-3.0,26.0
ARG,Argentina,1880,3,2,1,1.0,0.0
ARG,Argentina,1881,3,2,1,1.0,1.0
ARG,Argentina,1882,3,2,1,1.0,2.0
ARG,Argentina,1883,3,2,1,1.0,3.0
ARG,Argentina,1884,3,2,1,1.0,4.0
ARG,Argentina,1885,3,2,1,1.0,5.0
ARG,Argentina,1886,3,2,1,1.0,6.0
ARG,Argentina,1887,3,2,1,1.0,7.0
ARG,Argentina,1888,3,2,1,1.0,8.0
ARG,Argentina,1889,3,2,1,1.0,9.0
ARG,Argentina,1890,3,2,1,1.0,10.0
ARG,Argentina,1891,3,2,1,1.0,11.0
ARG,Argentina,1892,3,2,1,1.0,12.0
ARG,Argentina,1893,3,2,1,1.0,13.0
ARG,Argentina,1894,3,2,1,1.0,14.0
ARG,Argentina,1895,3,2,1,1.0,15.0
ARG,Argentina,1896,3,2,1,1.0,16.0
ARG,Argentina,1897,3,2,1,1.0,17.0
ARG,Argentina,1898,3,2,1,1.0,18.0
ARG,Argentina,1899,3,2,1,1.0,19.0
ARG,Argentina,1900,3,2,1,1.0,20.0
ARG,Argentina,1901,3,2,1,1.0,21.0
ARG,Argentina,1902,3,2,1,1.0,22.0
ARG,Argentina,1903,3,2,1,1.0,23.0
ARG,Argentina,1904,3,2,1,1.0,24.0
ARG,Argentina,1905,3,2,1,1.0,25.0
ARG,Argentina,1906,3,2,1,1.0,26.0
ARG,Argentina,1907,3,2,1,1.0,27.0
ARG,Argentina,1908,3,2,1,1.0,28.0
ARG,Argentina,1909,3,2,1,1.0,29.0
ARG,Argentina,1910,3,2,1,1.0,30.0
ARG,Argentina,1911,3,2,1,1.0,31.0
ARG,Argentina,1912,4,2,2,2.0,32.0
ARG,Argentina,1913,4,2,2,2.0,33.0
ARG,Argentina,1914,4,2,2,2.0,34.0
ARG,Argentina,1915,4,2,2,2.0,35.0
ARG,Argentina,1916,4,2,2,2.0,36.0
ARG,Argentina,1917,4,2,2,2.0,37.0
ARG,Argentina,1918,4,2,2,2.0,38.0
ARG,Argentina,1919,4,2,2,2.0,39.0
ARG,Argentina,1920,4,2,2,2.0,40.0
ARG,Argentina,1921,4,2,2,2.0,41.0
ARG,Argentina,1922,4,2,2,2.0,42.0
ARG,Argentina,1923,4,2,2,2.0,43.0
ARG,Argentina,1924,4,2,2,2.0,44.0
ARG,Argentina,1925,4,2,2,2.0,45.0
ARG,Argentina,1926,4,2,2,2.0,46.0
ARG,Argentina,1927,4,2,2,2.0,47.0
ARG,Argentina,1928,4,2,2,2.0,48.0
ARG,Argentina,1929,4,2,2,2.0,49.0
ARG,Argentina,1930,0,8,-8,-8.0,0.0
ARG,Argentina,1931,0,8,-8,-8.0,1.0
ARG,Argentina,1932,0,8,-8,-8.0,2.0
ARG,Argentina,1933,0,8,-8,-8.0,3.0
ARG,Argentina,1934,0,8,-8,-8.0,4.0
ARG,Argentina,1935,0,8,-8,-8.0,5.0
ARG,Argentina,1936,0,8,-8,-8.0,6.0
ARG,Argentina,1937,6,1,5,5.0,0.0
ARG,Argentina,1938,6,1,5,5.0,1.0
ARG,Argentina,1939,6,1,5,5.0,2.0
ARG,Argentina,1940,6,1,5,5.0,3.0
ARG,Argentina,1941,6,1,5,5.0,4.0
ARG,Argentina,1942,6,1,5,5.0,5.0
ARG,Argentina,1943,0,8,-8,-8.0,0.0
ARG,Argentina,1944,0,8,-8,-8.0,1.0
ARG,Argentina,1945,0,8,-8,-8.0,2.0
ARG,Argentina,1946,-88,-88,-88,-8.0,0.0
ARG,Argentina,1947,-88,-88,-88,-9.0,0.0
ARG,Argentina,1948,0,9,-9,-9.0,0.0
ARG,Argentina,1949,0,9,-9,-9.0,1.0
ARG,Argentina,1950,0,9,-9,-9.0,2.0
ARG,Argentina,1951,0,9,-9,-9.0,3.0
ARG,Argentina,1952,0,9,-9,-9.0,4.0
ARG,Argentina,1953,0,9,-9,-9.0,5.0
ARG,Argentina,1954,0,9,-9,-9.0,6.0
ARG,Argentina,1955,-88,-88,-88,-6.0,0.0
ARG,Argentina,1956,-88,-88,-88,-2.0,0.0
ARG,Argentina,1957,-88,-88,-88,2.0,0.0
ARG,Argentina,1958,6,1,5,5.0,0.0
ARG,Argentina,1959,6,1,5,5.0,1.0
ARG,Argentina,1960,6,1,5,5.0,2.0
ARG,Argentina,1961,6,1,5,5.0,3.0
ARG,Argentina,1962,6,1,5,5.0,4.0
ARG,Argentina,1963,6,0,6,6.0,5.0
ARG,Argentina,1964,6,0,6,6.0,6.0
ARG,Argentina,1965,6,0,6,6.0,7.0
ARG,Argentina,1966,0,9,-9,-9.0,0.0
ARG,Argentina,1967,0,9,-9,-9.0,1.0
ARG,Argentina,1968,0,9,-9,-9.0,2.0
ARG,Argentina,1969,0,9,-9,-9.0,3.0
ARG,Argentina,1970,0,9,-9,-9.0,4.0
ARG,Argentina,1971,0,9,-9,-9.0,5.0
ARG,Argentina,1972,0,9,-9,-9.0,6.0
ARG,Argentina,1973,6,0,6,6.0,0.0
ARG,Argentina,1974,6,0,6,6.0,1.0
ARG,Argentina,1975,6,0,6,6.0,2.0
ARG,Argentina,1976,0,9,-9,-9.0,0.0
ARG,Argentina,1977,0,9,-9,-9.0,1.0
ARG,Argentina,1978,0,9,-9,-9.0,2.0
ARG,Argentina,1979,0,9,-9,-9.0,3.0
ARG,Argentina,1980,0,9,-9,-9.0,4.0
ARG,Argentina,1981,0,8,-8,-8.0,5.0
ARG,Argentina,1982,0,8,-8,-8.0,6.0
ARG,Argentina,1983,8,0,8,8.0,0.0
ARG,Argentina,1984,8,0,8,8.0,1.0
ARG,Argentina,1985,8,0,8,8.0,2.0
ARG,Argentina,1986,8,0,8,8.0,3.0
ARG,Argentina,1987,8,0,8,8.0,4.0
ARG,Argentina,1988,8,0,8,8.0,5.0
ARG,Argentina,1989,7,0,7,7.0,6.0
ARG,Argentina,1990,7,0,7,7.0,7.0
ARG,Argentina,1991,7,0,7,7.0,8.0
ARG,Argentina,1992,7,0,7,7.0,9.0
ARG,Argentina,1993,7,0,7,7.0,10.0
ARG,Argentina,1994,7,0,7,7.0,11.0
ARG,Argentina,1995,7,0,7,7.0,12.0
ARG,Argentina,1996,7,0,7,7.0,13.0
ARG,Argentina,1997,7,0,7,7.0,14.0
ARG,Argentina,1998,7,0,7,7.0,15.0
ARG,Argentina,1999,8,0,8,8.0,16.0
ARG,Argentina,2000,8,0,8,8.0,17.0
ARG,Argentina,2001,8,0,8,8.0,18.0
ARG,Argentina,2002,8,0,8,8.0,19.0
ARG,Argentina,2003,8,0,8,8.0,20.0
ARG,Argentina,2004,8,0,8,8.0,21.0
ARG,Argentina,2005,8,0,8,8.0,22.0
ARG,Argentina,2006,8,0,8,8.0,23.0
ARG,Argentina,2007,8,0,8,8.0,24.0
ARG,Argentina,2008,8,0,8,8.0,25.0
ARG,Argentina,2009,8,0,8,8.0,26.0
ARG,Argentina,2010,8,0,8,8.0,27.0
ARG,Argentina,2011,8,0,8,8.0,28.0
ARG,Argentina,2012,8,0,8,8.0,29.0
ARG,Argentina,2013,8,0,8,8.0,30.0
ARG,Argentina,2014,8,0,8,8.0,31.0
ARG,Argentina,2015,9,0,9,9.0,32.0
ARG,Argentina,2016,9,0,9,9.0,33.0
ARG,Argentina,2017,9,0,9,9.0,34.0
ARG,Argentina,2018,9,0,9,9.0,35.0
ARM,Armenia,1991,6,0,6,6.0,0.0
ARM,Armenia,1992,6,0,6,6.0,1.0
ARM,Armenia,1993,6,0,6,6.0,2.0
ARM,Armenia,1994,6,0,6,6.0,3.0
ARM,Armenia,1995,3,2,1,1.0,0.0
ARM,Armenia,1996,0,6,-6,-6.0,0.0
ARM,Armenia,1997,0,6,-6,-6.0,1.0
ARM,Armenia,1998,6,1,5,5.0,0.0
ARM,Armenia,1999,6,1,5,5.0,1.0
ARM,Armenia,2000,6,1,5,5.0,2.0
ARM,Armenia,2001,6,1,5,5.0,3.0
ARM,Armenia,2002,6,1,5,5.0,4.0
ARM,Armenia,2003,5,0,5,5.0,5.0
ARM,Armenia,2004,5,0,5,5.0,6.0
ARM,Armenia,2005,5,0,5,5.0,7.0
ARM,Armenia,2006,5,0,5,5.0,8.0
ARM,Armenia,2007,5,0,5,5.0,9.0
ARM,Armenia,2008,5,0,5,5.0,10.0
ARM,Armenia,2009,5,0,5,5.0,11.0
ARM,Armenia,2010,5,0,5,5.0,12.0
ARM,Armenia,2011,5,0,5,5.0,13.0
ARM,Armenia,2012,5,0,5,5.0,14.0
ARM,Armenia,2013,5,0,5,5.0,15.0
ARM,Armenia,2014,5,0,5,5.0,16.0
ARM,Armenia,2015,5,0,5,5.0,17.0
ARM,Armenia,2016,5,0,5,5.0,18.0
ARM,Armenia,2017,5,0,5,5.0,19.0
ARM,Armenia,2018,7,0,7,7.0,20.0
AUL,Australia,1901,10,0,10,10.0,0.0
AUL,Australia,1902,10,0,10,10.0,1.0
AUL,Australia,1903,10,0,10,10.0,2.0
AUL,Australia,1904,10,0,10,10.0,3.0
AUL,Australia,1905,10,0,10,10.0,4.0
AUL,Australia,1906,10,0,10,10.0,5.0
AUL,Australia,1907,10,0,10,10.0,6.0
AUL,Australia,1908,10,0,10,10.0,7.0
AUL,Australia,1909,10,0,10,10.0,8.0
AUL,Australia,1910,10,0,10,10.0,9.0
AUL,Australia,1911,10,0,10,10.0,10.0
AUL,Australia,1912,10,0,10,10.0,11.0
AUL,Australia,1913,10,0,10,10.0,12.0
AUL,Australia,1914,10,0,10,10.0,13.0
AUL,Australia,1915,10,0,10,10.0,14.0
AUL,Australia,1916,10,0,10,10.0,15.0
AUL,Australia,1917,10,0,10,10.0,16.0
AUL,Australia,1918,10,0,10,10.0,17.0
AUL,Australia,1919,10,0,10,10.0,18.0
AUL,Australia,1920,10,0,10,10.0,19.0
AUL,Australia,1921,10,0,10,10.0,20.0
AUL,Australia,1922,10,0,10,10.0,21.0
AUL,Australia,1923,10,0,10,10.0,22.0
AUL,Australia,1924,10,0,10,10.0,23.0
AUL,Australia,1925,10,0,10,10.0,24.0
AUL,Australia,1926,10,0,10,10.0,25.0
AUL,Australia,1927,10,0,10,10.0,26.0
AUL,Australia,1928,10,0,10,10.0,27.0
AUL,Australia,1929,10,0,10,10.0,28.0
AUL,Australia,1930,10,0,10,10.0,29.0
AUL,Australia,1931,10,0,10,10.0,30.0
AUL,Australia,1932,10,0,10,10.0,31.0
AUL,Australia,1933,10,0,10,10.0,32.0
AUL,Australia,1934,10,0,10,10.0,33.0
AUL,Australia,1935,10,0,10,10.0,34.0
AUL,Australia,1936,10,0,10,10.0,35.0
AUL,Australia,1937,10,0,10,10.0,36.0
AUL,Australia,1938,10,0,10,10.0,37.0
AUL,Australia,1939,10,0,10,10.0,38.0
AUL,Australia,1940,10,0,10,10.0,39.0
AUL,Australia,1941,10,0,10,10.0,40.0
AUL,Australia,1942,10,0,10,10.0,41.0
AUL,Australia,1943,10,0,10,10.0,42.0
AUL,Australia,1944,10,0,10,10.0,43.0
AUL,Australia,1945,10,0,10,10.0,44.0
AUL,Australia,1946,10,0,10,10.0,45.0
AUL,Australia,1947,10,0,10,10.0,46.0
AUL,Australia,1948,10,0,10,10.0,47.0
AUL,Australia,1949,10,0,10,10.0,48.0
AUL,Australia,1950,10,0,10,10.0,49.0
AUL,Australia,1951,10,0,10,10.0,50.0
AUL,Australia,1952,10,0,10,10.0,51.0
AUL,Australia,1953,10,0,10,10.0,52.0
AUL,Australia,1954,10,0,10,10.0,53.0
AUL,Australia,1955,10,0,10,10.0,54.0
AUL,Australia,1956,10,0,10,10.0,55.0
AUL,Australia,1957,10,0,10,10.0,56.0
AUL,Australia,1958,10,0,10,10.0,57.0
AUL,Australia,1959,10,0,10,10.0,58.0
AUL,Australia,1960,10,0,10,10.0,59.0
AUL,Australia,1961,10,0,10,10.0,60.0
AUL,Australia,1962,10,0,10,10.0,61.0
AUL,Australia,1963,10,0,10,10.0,62.0
AUL,Australia,1964,10,0,10,10.0,63.0
AUL,Australia,1965,10,0,10,10.0,64.0
AUL,Australia,1966,10,0,10,10.0,65.0
AUL,Australia,1967,10,0,10,10.0,66.0
AUL,Australia,1968,10,0,10,10.0,67.0
AUL,Australia,1969,10,0,10,10.0,68.0
AUL,Australia,1970,10,0,10,10.0,69.0
AUL,Australia,1971,10,0,10,10.0,70.0
AUL,Australia,1972,10,0,10,10.0,71.0
AUL,Australia,1973,10,0,10,10.0,72.0
AUL,Australia,1974,10,0,10,10.0,73.0
AUL,Australia,1975,10,0,10,10.0,74.0
AUL,Australia,1976,10,0,10,10.0,75.0
AUL,Australia,1977,10,0,10,10.0,76.0
AUL,Australia,1978,10,0,10,10.0,77.0
AUL,Australia,1979,10,0,10,10.0,78.0
AUL,Australia,1980,10,0,10,10.0,79.0
AUL,Australia,1981,10,0,10,10.0,80.0
AUL,Australia,1982,10,0,10,10.0,81.0
AUL,Australia,1983,10,0,10,10.0,82.0
AUL,Australia,1984,10,0,10,10.0,83.0
AUL,Australia,1985,10,0,10,10.0,84.0
AUL,Australia,1986,10,0,10,10.0,85.0
AUL,Australia,1987,10,0,10,10.0,86.0
AUL,Australia,1988,10,0,10,10.0,87.0
AUL,Australia,1989,10,0,10,10.0,88.0
AUL,Australia,1990,10,0,10,10.0,89.0
AUL,Australia,1991,10,0,10,10.0,90.0
AUL,Australia,1992,10,0,10,10.0,91.0
AUL,Australia,1993,10,0,10,10.0,92.0
AUL,Australia,1994,10,0,10,10.0,93.0
AUL,Australia,1995,10,0,10,10.0,94.0
AUL,Australia,1996,10,0,10,10.0,95.0
AUL,Australia,1997,10,0,10,10.0,96.0
AUL,Australia,1998,10,0,10,10.0,97.0
AUL,Australia,1999,10,0,10,10.0,98.0
AUL,Australia,2000,10,0,10,10.0,99.0
AUL,Australia,2001,10,0,10,10.0,100.0
AUL,Australia,2002,10,0,10,10.0,101.0
AUL,Australia,2003,10,0,10,10.0,102.0
AUL,Australia,2004,10,0,10,10.0,103.0
AUL,Australia,2005,10,0,10,10.0,104.0
AUL,Australia,2006,10,0,10,10.0,105.0
AUL,Australia,2007,10,0,10,10.0,106.0
AUL,Australia,2008,10,0,10,10.0,107.0
AUL,Australia,2009,10,0,10,10.0,108.0
AUL,Australia,2010,10,0,10,10.0,109.0
AUL,Australia,2011,10,0,10,10.0,110.0
AUL,Australia,2012,10,0,10,10.0,111.0
AUL,Australia,2013,10,0,10,10.0,112.0
AUL,Australia,2014,10,0,10,10.0,113.0
AUL,Australia,2015,10,0,10,10.0,114.0
AUL,Australia,2016,10,0,10,10.0,115.0
AUL,Australia,2017,10,0,10,10.0,116.0
AUL,Australia,2018,10,0,10,10.0,117.0
AUS,Austria,1800,0,10,-10,-10.0,
AUS,Austria,1801,0,10,-10,-10.0,
AUS,Austria,1802,0,10,-10,-10.0,
AUS,Austria,1803,0,10,-10,-10.0,
AUS,Austria,1804,0,10,-10,-10.0,
AUS,Austria,1805,-66,-66,-66,,0.0
AUS,Austria,1806,0,10,-10,-10.0,0.0
AUS,Austria,1807,0,10,-10,-10.0,0.0
AUS,Austria,1808,0,10,-10,-10.0,1.0
AUS,Austria,1809,0,10,-10,-10.0,0.0
AUS,Austria,1810,0,10,-10,-10.0,0.0
AUS,Austria,1811,0,10,-10,-10.0,1.0
AUS,Austria,1812,0,10,-10,-10.0,2.0
AUS,Austria,1813,0,10,-10,-10.0,3.0
AUS,Austria,1814,0,10,-10,-10.0,4.0
AUS,Austria,1815,0,10,-10,-10.0,5.0
AUS,Austria,1816,0,10,-10,-10.0,6.0
AUS,Austria,1817,0,10,-10,-10.0,7.0
AUS,Austria,1818,0,10,-10,-10.0,8.0
AUS,Austria,1819,0,10,-10,-10.0,9.0
AUS,Austria,1820,0,10,-10,-10.0,10.0
AUS,Austria,1821,0,10,-10,-10.0,11.0
AUS,Austria,1822,0,10,-10,-10.0,12.0
AUS,Austria,1823,0,10,-10,-10.0,13.0
AUS,Austria,1824,0,10,-10,-10.0,14.0
AUS,Austria,1825,0,10,-10,-10.0,15.0
AUS,Austria,1826,0,10,-10,-10.0,16.0
AUS,Austria,1827,0,10,-10,-10.0,17.0
AUS,Austria,1828,0,10,-10,-10.0,18.0
AUS,Austria,1829,0,10,-10,-10.0,19.0
AUS,Austria,1830,0,10,-10,-10.0,20.0
AUS,Austria,1831,0,10,-10,-10.0,21.0
AUS,Austria,1832,0,10,-10,-10.0,22.0
AUS,Austria,1833,0,10,-10,-10.0,23.0
AUS,Austria,1834,0,10,-10,-10.0,24.0
AUS,Austria,1835,0,10,-10,-10.0,25.0
AUS,Austria,1836,0,10,-10,-10.0,26.0
AUS,Austria,1837,0,10,-10,-10.0,27.0
AUS,Austria,1838,0,10,-10,-10.0,28.0
AUS,Austria,1839,0,10,-10,-10.0,29.0
AUS,Austria,1840,0,10,-10,-10.0,30.0
AUS,Austria,1841,0,10,-10,-10.0,31.0
AUS,Austria,1842,0,10,-10,-10.0,32.0
AUS,Austria,1843,0,10,-10,-10.0,33.0
AUS,Austria,1844,0,10,-10,-10.0,34.0
AUS,Austria,1845,0,10,-10,-10.0,35.0
AUS,Austria,1846,0,10,-10,-10.0,36.0
AUS,Austria,1847,0,10,-10,-10.0,37.0
AUS,Austria,1848,1,7,-6,-6.0,0.0
AUS,Austria,1849,1,7,-6,-6.0,1.0
AUS,Austria,1850,1,7,-6,-6.0,2.0
AUS,Austria,1851,1,7,-6,-6.0,3.0
AUS,Austria,1852,1,7,-6,-6.0,4.0
AUS,Austria,1853,1,7,-6,-6.0,5.0
AUS,Austria,1854,1,7,-6,-6.0,6.0
AUS,Austria,1855,1,7,-6,-6.0,7.0
AUS,Austria,1856,1,7,-6,-6.0,8.0
AUS,Austria,1857,1,7,-6,-6.0,9.0
AUS,Austria,1858,1,7,-6,-6.0,10.0
AUS,Austria,1859,1,7,-6,-6.0,11.0
AUS,Austria,1860,1,7,-6,-6.0,12.0
AUS,Austria,1861,1,5,-4,-4.0,13.0
AUS,Austria,1862,1,5,-4,-4.0,14.0
AUS,Austria,1863,1,5,-4,-4.0,15.0
AUS,Austria,1864,1,5,-4,-4.0,16.0
AUS,Austria,1865,1,5,-4,-4.0,17.0
AUS,Austria,1866,1,5,-4,-4.0,18.0
AUS,Austria,1867,1,5,-4,-4.0,19.0
AUS,Austria,1868,1,5,-4,-4.0,20.0
AUS,Austria,1869,1,5,-4,-4.0,21.0
AUS,Austria,1870,1,5,-4,-4.0,22.0
AUS,Austria,1871,1,5,-4,-4.0,23.0
AUS,Austria,1872,1,5,-4,-4.0,24.0
AUS,Austria,1873,1,5,-4,-4.0,25.0
AUS,Austria,1874,1,5,-4,-4.0,26.0
AUS,Austria,1875,1,5,-4,-4.0,27.0
AUS,Austria,1876,1,5,-4,-4.0,28.0
AUS,Austria,1877,1,5,-4,-4.0,29.0
AUS,Austria,1878,1,5,-4,-4.0,30.0
AUS,Austria,1879,1,5,-4,-4.0,31.0
AUS,Austria,1880,1,5,-4,-4.0,32.0
AUS,Austria,1881,1,5,-4,-4.0,33.0
AUS,Austria,1882,1,5,-4,-4.0,34.0
AUS,Austria,1883,1,5,-4,-4.0,35.0
AUS,Austria,1884,1,5,-4,-4.0,36.0
AUS,Austria,1885,1,5,-4,-4.0,37.0
AUS,Austria,1886,1,5,-4,-4.0,38.0
AUS,Austria,1887,1,5,-4,-4.0,39.0
AUS,Austria,1888,1,5,-4,-4.0,40.0
AUS,Austria,1889,1,5,-4,-4.0,41.0
AUS,Austria,1890,1,5,-4,-4.0,42.0
AUS,Austria,1891,1,5,-4,-4.0,43.0
AUS,Austria,1892,1,5,-4,-4.0,44.0
AUS,Austria,1893,1,5,-4,-4.0,45.0
AUS,Austria,1894,1,5,-4,-4.0,46.0
AUS,Austria,1895,1,5,-4,-4.0,47.0
AUS,Austria,1896,1,5,-4,-4.0,48.0
AUS,Austria,1897,1,5,-4,-4.0,49.0
AUS,Austria,1898,1,5,-4,-4.0,50.0
AUS,Austria,1899,1,5,-4,-4.0,51.0
AUS,Austria,1900,1,5,-4,-4.0,52.0
AUS,Austria,1901,1,5,-4,-4.0,53.0
AUS,Austria,1902,1,5,-4,-4.0,54.0
AUS,Austria,1903,1,5,-4,-4.0,55.0
AUS,Austria,1904,1,5,-4,-4.0,56.0
AUS,Austria,1905,1,5,-4,-4.0,57.0
AUS,Austria,1906,1,5,-4,-4.0,58.0
AUS,Austria,1907,1,5,-4,-4.0,59.0
AUS,Austria,1908,1,5,-4,-4.0,60.0
AUS,Austria,1909,1,5,-4,-4.0,61.0
AUS,Austria,1910,1,5,-4,-4.0,62.0
AUS,Austria,1911,1,5,-4,-4.0,63.0
AUS,Austria,1912,1,5,-4,-4.0,64.0
AUS,Austria,1913,1,5,-4,-4.0,65.0
AUS,Austria,1914,1,5,-4,-4.0,66.0
AUS,Austria,1915,1,5,-4,-4.0,67.0
AUS,Austria,1916,1,5,-4,-4.0,68.0
AUS,Austria,1917,1,5,-4,-4.0,69.0
AUS,Austria,1918,-88,-88,-88,0.0,0.0
AUS,Austria,1919,-88,-88,-88,4.0,0.0
AUS,Austria,1920,8,0,8,8.0,0.0
AUS,Austria,1921,8,0,8,8.0,1.0
AUS,Austria,1922,8,0,8,8.0,2.0
AUS,Austria,1923,8,0,8,8.0,3.0
AUS,Austria,1924,8,0,8,8.0,4.0
AUS,Austria,1925,8,0,8,8.0,5.0
AUS,Austria,1926,8,0,8,8.0,6.0
AUS,Austria,1927,8,0,8,8.0,7.0
AUS,Austria,1928,8,0,8,8.0,8.0
AUS,Austria,1929,8,0,8,8.0,9.0
AUS,Austria,1930,8,0,8,8.0,10.0
AUS,Austria,1931,8,0,8,8.0,11.0
AUS,Austria,1932,8,0,8,8.0,12.0
AUS,Austria,1933,-88,-88,-88,-1.0,0.0
AUS,Austria,1934,0,9,-9,-9.0,0.0
AUS,Austria,1935,0,9,-9,-9.0,1.0
AUS,Austria,1936,0,9,-9,-9.0,2.0
AUS,Austria,1937,0,9,-9,-9.0,3.0
AUS,Austria,1938,-77,-77,-77,0.0,0.0
AUS,Austria,1939,-77,-77,-77,0.0,0.0
AUS,Austria,1940,-77,-77,-77,0.0,0.0
AUS,Austria,1941,-77,-77,-77,0.0,0.0
AUS,Austria,1942,-77,-77,-77,0.0,0.0
AUS,Austria,1943,-77,-77,-77,0.0,0.0
AUS,Austria,1944,-77,-77,-77,0.0,0.0
AUS,Austria,1945,-88,-88,-88,5.0,0.0
AUS,Austria,1946,10,0,10,10.0,0.0
AUS,Austria,1947,10,0,10,10.0,1.0
AUS,Austria,1948,10,0,10,10.0,2.0
AUS,Austria,1949,10,0,10,10.0,3.0
AUS,Austria,1950,10,0,10,10.0,4.0
AUS,Austria,1951,10,0,10,10.0,5.0
AUS,Austria,1952,10,0,10,10.0,6.0
AUS,Austria,1953,10,0,10,10.0,7.0
AUS,Austria,1954,10,0,10,10.0,8.0
AUS,Austria,1955,10,0,10,10.0,9.0
AUS,Austria,1956,10,0,10,10.0,10.0
AUS,Austria,1957,10,0,10,10.0,11.0
AUS,Austria,1958,10,0,10,10.0,12.0
AUS,Austria,1959,10,0,10,10.0,13.0
AUS,Austria,1960,10,0,10,10.0,14.0
AUS,Austria,1961,10,0,10,10.0,15.0
AUS,Austria,1962,10,0,10,10.0,16.0
AUS,Austria,1963,10,0,10,10.0,17.0
AUS,Austria,1964,10,0,10,10.0,18.0
AUS,Austria,1965,10,0,10,10.0,19.0
AUS,Austria,1966,10,0,10,10.0,20.0
AUS,Austria,1967,10,0,10,10.0,21.0
AUS,Austria,1968,10,0,10,10.0,22.0
AUS,Austria,1969,10,0,10,10.0,23.0
AUS,Austria,1970,10,0,10,10.0,24.0
AUS,Austria,1971,10,0,10,10.0,25.0
AUS,Austria,1972,10,0,10,10.0,26.0
AUS,Austria,1973,10,0,10,10.0,27.0
AUS,Austria,1974,10,0,10,10.0,28.0
AUS,Austria,1975,10,0,10,10.0,29.0
AUS,Austria,1976,10,0,10,10.0,30.0
AUS,Austria,1977,10,0,10,10.0,31.0
AUS,Austria,1978,10,0,10,10.0,32.0
AUS,Austria,1979,10,0,10,10.0,33.0
AUS,Austria,1980,10,0,10,10.0,34.0
AUS,Austria,1981,10,0,10,10.0,35.0
AUS,Austria,1982,10,0,10,10.0,36.0
AUS,Austria,1983,10,0,10,10.0,37.0
AUS,Austria,1984,10,0,10,10.0,38.0
AUS,Austria,1985,10,0,10,10.0,39.0
AUS,Austria,1986,10,0,10,10.0,40.0
AUS,Austria,1987,10,0,10,10.0,41.0
AUS,Austria,1988,10,0,10,10.0,42.0
AUS,Austria,1989,10,0,10,10.0,43.0
AUS,Austria,1990,10,0,10,10.0,44.0
AUS,Austria,1991,10,0,10,10.0,45.0
AUS,Austria,1992,10,0,10,10.0,46.0
AUS,Austria,1993,10,0,10,10.0,47.0
AUS,Austria,1994,10,0,10,10.0,48.0
AUS,Austria,1995,10,0,10,10.0,49.0
AUS,Austria,1996,10,0,10,10.0,50.0
AUS,Austria,1997,10,0,10,10.0,51.0
AUS,Austria,1998,10,0,10,10.0,52.0
AUS,Austria,1999,10,0,10,10.0,53.0
AUS,Austria,2000,10,0,10,10.0,54.0
AUS,Austria,2001,10,0,10,10.0,55.0
AUS,Austria,2002,10,0,10,10.0,56.0
AUS,Austria,2003,10,0,10,10.0,57.0
AUS,Austria,2004,10,0,10,10.0,58.0
AUS,Austria,2005,10,0,10,10.0,59.0
AUS,Austria,2006,10,0,10,10.0,60.0
AUS,Austria,2007,10,0,10,10.0,61.0
AUS,Austria,2008,10,0,10,10.0,62.0
AUS,Austria,2009,10,0,10,10.0,63.0
AUS,Austria,2010,10,0,10,10.0,64.0
AUS,Austria,2011,10,0,10,10.0,65.0
AUS,Austria,2012,10,0,10,10.0,66.0
AUS,Austria,2013,10,0,10,10.0,67.0
AUS,Austria,2014,10,0,10,10.0,68.0
AUS,Austria,2015,10,0,10,10.0,69.0
AUS,Austria,2016,10,0,10,10.0,70.0
AUS,Austria,2017,10,0,10,10.0,71.0
AUS,Austria,2018,10,0,10,10.0,72.0
AZE,Azerbaijan,1991,1,4,-3,-3.0,0.0
AZE,Azerbaijan,1992,3,2,1,1.0,0.0
AZE,Azerbaijan,1993,1,4,-3,-3.0,0.0
AZE,Azerbaijan,1994,1,4,-3,-3.0,1.0
AZE,Azerbaijan,1995,0,6,-6,-6.0,0.0
AZE,Azerbaijan,1996,0,6,-6,-6.0,1.0
AZE,Azerbaijan,1997,0,6,-6,-6.0,2.0
AZE,Azerbaijan,1998,0,7,-7,-7.0,3.0
AZE,Azerbaijan,1999,0,7,-7,-7.0,4.0
AZE,Azerbaijan,2000,0,7,-7,-7.0,5.0
AZE,Azerbaijan,2001,0,7,-7,-7.0,6.0
AZE,Azerbaijan,2002,0,7,-7,-7.0,7.0
AZE,Azerbaijan,2003,0,7,-7,-7.0,8.0
AZE,Azerbaijan,2004,0,7,-7,-7.0,9.0
AZE,Azerbaijan,2005,0,7,-7,-7.0,10.0
AZE,Azerbaijan,2006,0,7,-7,-7.0,11.0
AZE,Azerbaijan,2007,0,7,-7,-7.0,12.0
AZE,Azerbaijan,2008,0,7,-7,-7.0,13.0
AZE,Azerbaijan,2009,0,7,-7,-7.0,14.0
AZE,Azerbaijan,2010,0,7,-7,-7.0,15.0
AZE,Azerbaijan,2011,0,7,-7,-7.0,16.0
AZE,Azerbaijan,2012,0,7,-7,-7.0,17.0
AZE,Azerbaijan,2013,0,7,-7,-7.0,18.0
AZE,Azerbaijan,2014,0,7,-7,-7.0,19.0
AZE,Azerbaijan,2015,0,7,-7,-7.0,20.0
AZE,Azerbaijan,2016,0,7,-7,-7.0,21.0
AZE,Azerbaijan,2017,0,7,-7,-7.0,22.0
AZE,Azerbaijan,2018,0,7,-7,-7.0,23.0
BAD,Baden,1819,0,7,-7,-7.0,0.0
BAD,Baden,1820,0,7,-7,-7.0,1.0
BAD,Baden,1821,0,7,-7,-7.0,2.0
BAD,Baden,1822,0,7,-7,-7.0,3.0
BAD,Baden,1823,0,7,-7,-7.0,4.0
BAD,Baden,1824,0,7,-7,-7.0,5.0
BAD,Baden,1825,0,7,-7,-7.0,6.0
BAD,Baden,1826,0,7,-7,-7.0,7.0
BAD,Baden,1827,0,7,-7,-7.0,8.0
BAD,Baden,1828,0,7,-7,-7.0,9.0
BAD,Baden,1829,0,7,-7,-7.0,10.0
BAD,Baden,1830,0,7,-7,-7.0,11.0
BAD,Baden,1831,0,7,-7,-7.0,12.0
BAD,Baden,1832,0,7,-7,-7.0,13.0
BAD,Baden,1833,0,7,-7,-7.0,14.0
BAD,Baden,1834,0,7,-7,-7.0,15.0
BAD,Baden,1835,0,7,-7,-7.0,16.0
BAD,Baden,1836,0,7,-7,-7.0,17.0
BAD,Baden,1837,0,7,-7,-7.0,18.0
BAD,Baden,1838,0,7,-7,-7.0,19.0
BAD,Baden,1839,0,7,-7,-7.0,20.0
BAD,Baden,1840,0,7,-7,-7.0,21.0
BAD,Baden,1841,1,5,-4,-4.0,0.0
BAD,Baden,1842,1,5,-4,-4.0,1.0
BAD,Baden,1843,1,5,-4,-4.0,2.0
BAD,Baden,1844,1,5,-4,-4.0,3.0
BAD,Baden,1845,1,5,-4,-4.0,4.0
BAD,Baden,1846,1,5,-4,-4.0,5.0
BAD,Baden,1847,1,5,-4,-4.0,6.0
BAD,Baden,1848,0,7,-7,-7.0,0.0
BAD,Baden,1849,0,7,-7,-7.0,1.0
BAD,Baden,1850,0,7,-7,-7.0,2.0
BAD,Baden,1851,0,7,-7,-7.0,3.0
BAD,Baden,1852,0,7,-7,-7.0,4.0
BAD,Baden,1853,0,7,-7,-7.0,5.0
BAD,Baden,1854,0,7,-7,-7.0,6.0
BAD,Baden,1855,0,7,-7,-7.0,7.0
BAD,Baden,1856,0,7,-7,-7.0,8.0
BAD,Baden,1857,0,7,-7,-7.0,9.0
BAD,Baden,1858,0,7,-7,-7.0,10.0
BAD,Baden,1859,0,7,-7,-7.0,11.0
BAD,Baden,1860,0,7,-7,-7.0,12.0
BAD,Baden,1861,0,7,-7,-7.0,13.0
BAD,Baden,1862,0,7,-7,-7.0,14.0
BAD,Baden,1863,0,7,-7,-7.0,15.0
BAD,Baden,1864,0,7,-7,-7.0,16.0
BAD,Baden,1865,0,7,-7,-7.0,17.0
BAD,Baden,1866,0,7,-7,-7.0,18.0
BAD,Baden,1867,0,7,-7,-7.0,19.0
BAD,Baden,1868,0,7,-7,-7.0,20.0
BAD,Baden,1869,0,7,-7,-7.0,21.0
BAD,Baden,1870,0,7,-7,-7.0,22.0
BAD,Baden,1871,0,7,-7,-7.0,23.0
BAH,Bahrain,1971,0,10,-10,-10.0,0.0
BAH,Bahrain,1972,0,10,-10,-10.0,1.0
BAH,Bahrain,1973,0,7,-7,-7.0,0.0
BAH,Bahrain,1974,0,7,-7,-7.0,1.0
BAH,Bahrain,1975,0,10,-10,-10.0,0.0
BAH,Bahrain,1976,0,10,-10,-10.0,1.0
BAH,Bahrain,1977,0,10,-10,-10.0,2.0
BAH,Bahrain,1978,0,10,-10,-10.0,3.0
BAH,Bahrain,1979,0,10,-10,-10.0,4.0
BAH,Bahrain,1980,0,10,-10,-10.0,5.0
BAH,Bahrain,1981,0,10,-10,-10.0,6.0
BAH,Bahrain,1982,0,10,-10,-10.0,7.0
BAH,Bahrain,1983,0,10,-10,-10.0,8.0
BAH,Bahrain,1984,0,10,-10,-10.0,9.0
BAH,Bahrain,1985,0,10,-10,-10.0,10.0
BAH,Bahrain,1986,0,10,-10,-10.0,11.0
BAH,Bahrain,1987,0,10,-10,-10.0,12.0
BAH,Bahrain,1988,0,10,-10,-10.0,13.0
BAH,Bahrain,1989,0,10,-10,-10.0,14.0
BAH,Bahrain,1990,0,10,-10,-10.0,15.0
BAH,Bahrain,1991,0,10,-10,-10.0,16.0
BAH,Bahrain,1992,0,10,-10,-10.0,17.0
BAH,Bahrain,1993,0,9,-9,-9.0,18.0
BAH,Bahrain,1994,0,9,-9,-9.0,19.0
BAH,Bahrain,1995,0,9,-9,-9.0,20.0
BAH,Bahrain,1996,0,9,-9,-9.0,21.0
BAH,Bahrain,1997,0,9,-9,-9.0,22.0
BAH,Bahrain,1998,0,9,-9,-9.0,23.0
BAH,Bahrain,1999,0,9,-9,-9.0,24.0
BAH,Bahrain,2000,0,9,-9,-9.0,25.0
BAH,Bahrain,2001,0,8,-8,-8.0,26.0
BAH,Bahrain,2002,0,7,-7,-7.0,27.0
BAH,Bahrain,2003,0,7,-7,-7.0,28.0
BAH,Bahrain,2004,0,7,-7,-7.0,29.0
BAH,Bahrain,2005,0,7,-7,-7.0,30.0
BAH,Bahrain,2006,0,7,-7,-7.0,31.0
BAH,Bahrain,2007,0,7,-7,-7.0,32.0
BAH,Bahrain,2008,0,7,-7,-7.0,33.0
BAH,Bahrain,2009,0,7,-7,-7.0,34.0
BAH,Bahrain,2010,1,6,-5,-5.0,0.0
BAH,Bahrain,2011,0,8,-8,-8.0,0.0
BAH,Bahrain,2012,0,10,-10,-10.0,0.0
BAH,Bahrain,2013,0,10,-10,-10.0,1.0
BAH,Bahrain,2014,0,10,-10,-10.0,2.0
BAH,Bahrain,2015,0,10,-10,-10.0,3.0
BAH,Bahrain,2016,0,10,-10,-10.0,4.0
BAH,Bahrain,2017,0,10,-10,-10.0,5.0
BAH,Bahrain,2018,0,10,-10,-10.0,6.0
BAV,Bavaria,1800,0,10,-10,-10.0,
BAV,Bavaria,1801,0,10,-10,-10.0,
BAV,Bavaria,1802,0,10,-10,-10.0,
BAV,Bavaria,1803,0,10,-10,-10.0,
BAV,Bavaria,1804,0,10,-10,-10.0,
BAV,Bavaria,1805,0,10,-10,-10.0,
BAV,Bavaria,1806,0,10,-10,-10.0,
BAV,Bavaria,1807,0,10,-10,-10.0,
BAV,Bavaria,1808,0,10,-10,-10.0,
BAV,Bavaria,1809,0,10,-10,-10.0,
BAV,Bavaria,1810,0,10,-10,-10.0,
BAV,Bavaria,1811,0,10,-10,-10.0,
BAV,Bavaria,1812,0,10,-10,-10.0,
BAV,Bavaria,1813,0,10,-10,-10.0,
BAV,Bavaria,1814,0,10,-10,-10.0,
BAV,Bavaria,1815,0,10,-10,-10.0,
BAV,Bavaria,1816,0,10,-10,-10.0,
BAV,Bavaria,1817,0,10,-10,-10.0,
BAV,Bavaria,1818,0,9,-9,-9.0,
BAV,Bavaria,1819,0,9,-9,-9.0,
BAV,Bavaria,1820,0,9,-9,-9.0,
BAV,Bavaria,1821,0,9,-9,-9.0,
BAV,Bavaria,1822,0,9,-9,-9.0,
BAV,Bavaria,1823,0,9,-9,-9.0,
BAV,Bavaria,1824,0,9,-9,-9.0,
BAV,Bavaria,1825,0,9,-9,-9.0,
BAV,Bavaria,1826,0,9,-9,-9.0,
BAV,Bavaria,1827,0,9,-9,-9.0,
BAV,Bavaria,1828,0,9,-9,-9.0,
BAV,Bavaria,1829,0,9,-9,-9.0,
BAV,Bavaria,1830,0,9,-9,-9.0,
BAV,Bavaria,1831,0,9,-9,-9.0,
BAV,Bavaria,1832,0,9,-9,-9.0,
BAV,Bavaria,1833,0,9,-9,-9.0,
BAV,Bavaria,1834,0,9,-9,-9.0,
BAV,Bavaria,1835,0,9,-9,-9.0,
BAV,Bavaria,1836,0,9,-9,-9.0,
BAV,Bavaria,1837,0,9,-9,-9.0,
BAV,Bavaria,1838,0,9,-9,-9.0,
BAV,Bavaria,1839,0,9,-9,-9.0,
BAV,Bavaria,1840,0,8,-8,-8.0,
BAV,Bavaria,1841,0,8,-8,-8.0,
BAV,Bavaria,1842,0,8,-8,-8.0,
BAV,Bavaria,1843,0,8,-8,-8.0,
BAV,Bavaria,1844,0,8,-8,-8.0,
BAV,Bavaria,1845,0,8,-8,-8.0,
BAV,Bavaria,1846,0,8,-8,-8.0,
BAV,Bavaria,1847,0,8,-8,-8.0,
BAV,Bavaria,1848,0,7,-7,-7.0,
BAV,Bavaria,1849,0,7,-7,-7.0,
BAV,Bavaria,1850,0,7,-7,-7.0,
BAV,Bavaria,1851,0,7,-7,-7.0,
BAV,Bavaria,1852,0,7,-7,-7.0,
BAV,Bavaria,1853,0,7,-7,-7.0,
BAV,Bavaria,1854,0,7,-7,-7.0,
BAV,Bavaria,1855,0,7,-7,-7.0,
BAV,Bavaria,1856,0,7,-7,-7.0,
BAV,Bavaria,1857,0,7,-7,-7.0,
BAV,Bavaria,1858,0,7,-7,-7.0,
BAV,Bavaria,1859,0,7,-7,-7.0,
BAV,Bavaria,1860,0,7,-7,-7.0,
BAV,Bavaria,1861,0,7,-7,-7.0,
BAV,Bavaria,1862,0,7,-7,-7.0,
BAV,Bavaria,1863,0,7,-7,-7.0,
BAV,Bavaria,1864,0,7,-7,-7.0,
BAV,Bavaria,1865,0,7,-7,-7.0,
BAV,Bavaria,1866,0,7,-7,-7.0,
BAV,Bavaria,1867,0,7,-7,-7.0,
BAV,Bavaria,1868,0,7,-7,-7.0,
BAV,Bavaria,1869,0,7,-7,-7.0,
BAV,Bavaria,1870,0,7,-7,-7.0,
BAV,Bavaria,1871,0,7,-7,-7.0,
BEL,Belgium,1830,-88,-88,-88,-5.0,0.0
BEL,Belgium,1831,0,4,-4,-4.0,0.0
BEL,Belgium,1832,0,4,-4,-4.0,1.0
BEL,Belgium,1833,0,4,-4,-4.0,2.0
BEL,Belgium,1834,0,4,-4,-4.0,3.0
BEL,Belgium,1835,0,4,-4,-4.0,4.0
BEL,Belgium,1836,0,4,-4,-4.0,5.0
BEL,Belgium,1837,0,4,-4,-4.0,6.0
BEL,Belgium,1838,0,4,-4,-4.0,7.0
BEL,Belgium,1839,0,4,-4,-4.0,8.0
BEL,Belgium,1840,0,4,-4,-4.0,9.0
BEL,Belgium,1841,0,4,-4,-4.0,10.0
BEL,Belgium,1842,0,4,-4,-4.0,11.0
BEL,Belgium,1843,0,4,-4,-4.0,12.0
BEL,Belgium,1844,0,4,-4,-4.0,13.0
BEL,Belgium,1845,0,4,-4,-4.0,14.0
BEL,Belgium,1846,0,4,-4,-4.0,15.0
BEL,Belgium,1847,5,1,4,4.0,0.0
BEL,Belgium,1848,5,1,4,4.0,1.0
BEL,Belgium,1849,5,1,4,4.0,2.0
BEL,Belgium,1850,5,1,4,4.0,3.0
BEL,Belgium,1851,5,1,4,4.0,4.0
BEL,Belgium,1852,5,1,4,4.0,5.0
BEL,Belgium,1853,5,1,4,4.0,6.0
BEL,Belgium,1854,5,1,4,4.0,7.0
BEL,Belgium,1855,5,1,4,4.0,8.0
BEL,Belgium,1856,5,1,4,4.0,9.0
BEL,Belgium,1857,5,1,4,4.0,10.0
BEL,Belgium,1858,5,1,4,4.0,11.0
BEL,Belgium,1859,5,1,4,4.0,12.0
BEL,Belgium,1860,5,1,4,4.0,13.0
BEL,Belgium,1861,5,1,4,4.0,14.0
BEL,Belgium,1862,5,1,4,4.0,15.0
BEL,Belgium,1863,5,1,4,4.0,16.0
BEL,Belgium,1864,5,1,4,4.0,17.0
BEL,Belgium,1865,5,1,4,4.0,18.0
BEL,Belgium,1866,5,1,4,4.0,19.0
BEL,Belgium,1867,5,1,4,4.0,20.0
BEL,Belgium,1868,5,1,4,4.0,21.0
BEL,Belgium,1869,5,1,4,4.0,22.0
BEL,Belgium,1870,5,1,4,4.0,23.0
BEL,Belgium,1871,5,1,4,4.0,24.0
BEL,Belgium,1872,5,1,4,4.0,25.0
BEL,Belgium,1873,5,1,4,4.0,26.0
BEL,Belgium,1874,5,1,4,4.0,27.0
BEL,Belgium,1875,5,1,4,4.0,28.0
BEL,Belgium,1876,5,1,4,4.0,29.0
BEL,Belgium,1877,5,1,4,4.0,30.0
BEL,Belgium,1878,5,1,4,4.0,31.0
BEL,Belgium,1879,5,1,4,4.0,32.0
BEL,Belgium,1880,5,1,4,4.0,33.0
BEL,Belgium,1881,5,1,4,4.0,34.0
BEL,Belgium,1882,5,1,4,4.0,35.0
BEL,Belgium,1883,5,1,4,4.0,36.0
BEL,Belgium,1884,5,1,4,4.0,37.0
BEL,Belgium,1885,5,1,4,4.0,38.0
BEL,Belgium,1886,5,1,4,4.0,39.0
BEL,Belgium,1887,5,1,4,4.0,40.0
BEL,Belgium,1888,5,1,4,4.0,41.0
BEL,Belgium,1889,5,1,4,4.0,42.0
BEL,Belgium,1890,5,1,4,4.0,43.0
BEL,Belgium,1891,5,1,4,4.0,44.0
BEL,Belgium,1892,5,1,4,4.0,45.0
BEL,Belgium,1893,5,1,4,4.0,46.0
BEL,Belgium,1894,5,1,4,4.0,47.0
BEL,Belgium,1895,5,1,4,4.0,48.0
BEL,Belgium,1896,5,1,4,4.0,49.0
BEL,Belgium,1897,5,1,4,4.0,50.0
BEL,Belgium,1898,5,1,4,4.0,51.0
BEL,Belgium,1899,5,1,4,4.0,52.0
BEL,Belgium,1900,5,1,4,4.0,53.0
BEL,Belgium,1901,5,1,4,4.0,54.0
BEL,Belgium,1902,5,1,4,4.0,55.0
BEL,Belgium,1903,5,1,4,4.0,56.0
BEL,Belgium,1904,5,1,4,4.0,57.0
BEL,Belgium,1905,5,1,4,4.0,58.0
BEL,Belgium,1906,5,1,4,4.0,59.0
BEL,Belgium,1907,5,1,4,4.0,60.0
BEL,Belgium,1908,7,1,6,6.0,61.0
BEL,Belgium,1909,7,1,6,6.0,62.0
BEL,Belgium,1910,7,1,6,6.0,63.0
BEL,Belgium,1911,7,1,6,6.0,64.0
BEL,Belgium,1912,7,1,6,6.0,65.0
BEL,Belgium,1913,7,1,6,6.0,66.0
BEL,Belgium,1914,-66,-66,-66,,0.0
BEL,Belgium,1915,7,1,6,6.0,0.0
BEL,Belgium,1916,7,1,6,6.0,1.0
BEL,Belgium,1917,7,1,6,6.0,2.0
BEL,Belgium,1918,7,1,6,6.0,3.0
BEL,Belgium,1919,7,1,6,6.0,4.0
BEL,Belgium,1920,7,1,6,6.0,5.0
BEL,Belgium,1921,7,1,6,6.0,6.0
BEL,Belgium,1922,7,1,6,6.0,7.0
BEL,Belgium,1923,7,1,6,6.0,8.0
BEL,Belgium,1924,7,1,6,6.0,9.0
BEL,Belgium,1925,7,1,6,6.0,10.0
BEL,Belgium,1926,7,1,6,6.0,11.0
BEL,Belgium,1927,7,1,6,6.0,12.0
BEL,Belgium,1928,7,1,6,6.0,13.0
BEL,Belgium,1929,7,1,6,6.0,14.0
BEL,Belgium,1930,7,1,6,6.0,15.0
BEL,Belgium,1931,7,1,6,6.0,16.0
BEL,Belgium,1932,7,1,6,6.0,17.0
BEL,Belgium,1933,7,1,6,6.0,18.0
BEL,Belgium,1934,7,1,6,6.0,19.0
BEL,Belgium,1935,7,1,6,6.0,20.0
BEL,Belgium,1936,7,1,6,6.0,21.0
BEL,Belgium,1937,7,1,6,6.0,22.0
BEL,Belgium,1938,7,1,6,6.0,23.0
BEL,Belgium,1939,7,1,6,6.0,24.0
BEL,Belgium,1940,-66,-66,-66,,0.0
BEL,Belgium,1941,-66,-66,-66,,0.0
BEL,Belgium,1942,-66,-66,-66,,0.0
BEL,Belgium,1943,-66,-66,-66,,0.0
BEL,Belgium,1944,9,1,8,8.0,0.0
BEL,Belgium,1945,9,1,8,8.0,1.0
BEL,Belgium,1946,9,1,8,8.0,2.0
BEL,Belgium,1947,9,1,8,8.0,3.0
BEL,Belgium,1948,9,1,8,8.0,4.0
BEL,Belgium,1949,9,1,8,8.0,5.0
BEL,Belgium,1950,9,1,8,8.0,6.0
BEL,Belgium,1951,9,0,9,9.0,7.0
BEL,Belgium,1952,9,0,9,9.0,8.0
BEL,Belgium,1953,9,0,9,9.0,9.0
BEL,Belgium,1954,9,0,9,9.0,10.0
BEL,Belgium,1955,9,0,9,9.0,11.0
BEL,Belgium,1956,9,0,9,9.0,12.0
BEL,Belgium,1957,9,0,9,9.0,13.0
BEL,Belgium,1958,9,0,9,9.0,14.0
BEL,Belgium,1959,9,0,9,9.0,15.0
BEL,Belgium,1960,9,0,9,9.0,16.0
BEL,Belgium,1961,9,0,9,9.0,17.0
BEL,Belgium,1962,9,0,9,9.0,18.0
BEL,Belgium,1963,9,0,9,9.0,19.0
BEL,Belgium,1964,9,0,9,9.0,20.0
BEL,Belgium,1965,9,0,9,9.0,21.0
BEL,Belgium,1966,9,0,9,9.0,22.0
BEL,Belgium,1967,9,0,9,9.0,23.0
BEL,Belgium,1968,9,0,9,9.0,24.0
BEL,Belgium,1969,9,0,9,9.0,25.0
BEL,Belgium,1970,10,0,10,10.0,26.0
BEL,Belgium,1971,10,0,10,10.0,27.0
BEL,Belgium,1972,10,0,10,10.0,28.0
BEL,Belgium,1973,10,0,10,10.0,29.0
BEL,Belgium,1974,10,0,10,10.0,30.0
BEL,Belgium,1975,10,0,10,10.0,31.0
BEL,Belgium,1976,10,0,10,10.0,32.0
BEL,Belgium,1977,10,0,10,10.0,33.0
BEL,Belgium,1978,10,0,10,10.0,34.0
BEL,Belgium,1979,10,0,10,10.0,35.0
BEL,Belgium,1980,10,0,10,10.0,36.0
BEL,Belgium,1981,10,0,10,10.0,37.0
BEL,Belgium,1982,10,0,10,10.0,38.0
BEL,Belgium,1983,10,0,10,10.0,39.0
BEL,Belgium,1984,10,0,10,10.0,40.0
BEL,Belgium,1985,10,0,10,10.0,41.0
BEL,Belgium,1986,10,0,10,10.0,42.0
BEL,Belgium,1987,10,0,10,10.0,43.0
BEL,Belgium,1988,10,0,10,10.0,44.0
BEL,Belgium,1989,10,0,10,10.0,45.0
BEL,Belgium,1990,10,0,10,10.0,46.0
BEL,Belgium,1991,10,0,10,10.0,47.0
BEL,Belgium,1992,10,0,10,10.0,48.0
BEL,Belgium,1993,10,0,10,10.0,49.0
BEL,Belgium,1994,10,0,10,10.0,50.0
BEL,Belgium,1995,10,0,10,10.0,51.0
BEL,Belgium,1996,10,0,10,10.0,52.0
BEL,Belgium,1997,10,0,10,10.0,53.0
BEL,Belgium,1998,10,0,10,10.0,54.0
BEL,Belgium,1999,10,0,10,10.0,55.0
BEL,Belgium,2000,10,0,10,10.0,56.0
BEL,Belgium,2001,10,0,10,10.0,57.0
BEL,Belgium,2002,10,0,10,10.0,58.0
BEL,Belgium,2003,10,0,10,10.0,59.0
BEL,Belgium,2004,10,0,10,10.0,60.0
BEL,Belgium,2005,10,0,10,10.0,61.0
BEL,Belgium,2006,10,0,10,10.0,62.0
BEL,Belgium,2007,8,0,8,8.0,63.0
BEL,Belgium,2008,8,0,8,8.0,64.0
BEL,Belgium,2009,8,0,8,8.0,65.0
BEL,Belgium,2010,8,0,8,8.0,66.0
BEL,Belgium,2011,8,0,8,8.0,67.0
BEL,Belgium,2012,8,0,8,8.0,68.0
BEL,Belgium,2013,8,0,8,8.0,69.0
BEL,Belgium,2014,8,0,8,8.0,70.0
BEL,Belgium,2015,8,0,8,8.0,71.0
BEL,Belgium,2016,8,0,8,8.0,72.0
BEL,Belgium,2017,8,0,8,8.0,73.0
BEL,Belgium,2018,8,0,8,8.0,74.0
BEN,Benin,1960,4,2,2,2.0,0.0
BEN,Benin,1961,4,2,2,2.0,1.0
BEN,Benin,1962,4,2,2,2.0,2.0
BEN,Benin,1963,-88,-88,-88,-1.0,0.0
BEN,Benin,1964,-88,-88,-88,-4.0,0.0
BEN,Benin,1965,0,7,-7,-7.0,0.0
BEN,Benin,1966,0,7,-7,-7.0,1.0
BEN,Benin,1967,0,7,-7,-7.0,2.0
BEN,Benin,1968,0,7,-7,-7.0,3.0
BEN,Benin,1969,0,7,-7,-7.0,4.0
BEN,Benin,1970,1,3,-2,-2.0,0.0
BEN,Benin,1971,1,3,-2,-2.0,1.0
BEN,Benin,1972,0,7,-7,-7.0,0.0
BEN,Benin,1973,0,7,-7,-7.0,1.0
BEN,Benin,1974,0,7,-7,-7.0,2.0
BEN,Benin,1975,0,7,-7,-7.0,3.0
BEN,Benin,1976,0,7,-7,-7.0,4.0
BEN,Benin,1977,0,7,-7,-7.0,5.0
BEN,Benin,1978,0,7,-7,-7.0,6.0
BEN,Benin,1979,0,7,-7,-7.0,7.0
BEN,Benin,1980,0,7,-7,-7.0,8.0
BEN,Benin,1981,0,7,-7,-7.0,9.0
BEN,Benin,1982,0,7,-7,-7.0,10.0
BEN,Benin,1983,0,7,-7,-7.0,11.0
BEN,Benin,1984,0,7,-7,-7.0,12.0
BEN,Benin,1985,0,7,-7,-7.0,13.0
BEN,Benin,1986,0,7,-7,-7.0,14.0
BEN,Benin,1987,0,7,-7,-7.0,15.0
BEN,Benin,1988,0,7,-7,-7.0,16.0
BEN,Benin,1989,0,7,-7,-7.0,17.0
BEN,Benin,1990,-88,-88,-88,-1.0,0.0
BEN,Benin,1991,6,0,6,6.0,0.0
BEN,Benin,1992,6,0,6,6.0,1.0
BEN,Benin,1993,6,0,6,6.0,2.0
BEN,Benin,1994,6,0,6,6.0,3.0
BEN,Benin,1995,6,0,6,6.0,4.0
BEN,Benin,1996,6,0,6,6.0,5.0
BEN,Benin,1997,6,0,6,6.0,6.0
BEN,Benin,1998,6,0,6,6.0,7.0
BEN,Benin,1999,6,0,6,6.0,8.0
BEN,Benin,2000,6,0,6,6.0,9.0
BEN,Benin,2001,6,0,6,6.0,10.0
BEN,Benin,2002,6,0,6,6.0,11.0
BEN,Benin,2003,6,0,6,6.0,12.0
BEN,Benin,2004,6,0,6,6.0,13.0
BEN,Benin,2005,6,0,6,6.0,14.0
BEN,Benin,2006,7,0,7,7.0,15.0
BEN,Benin,2007,7,0,7,7.0,16.0
BEN,Benin,2008,7,0,7,7.0,17.0
BEN,Benin,2009,7,0,7,7.0,18.0
BEN,Benin,2010,7,0,7,7.0,19.0
BEN,Benin,2011,7,0,7,7.0,20.0
BEN,Benin,2012,7,0,7,7.0,21.0
BEN,Benin,2013,7,0,7,7.0,22.0
BEN,Benin,2014,7,0,7,7.0,23.0
BEN,Benin,2015,7,0,7,7.0,24.0
BEN,Benin,2016,7,0,7,7.0,25.0
BEN,Benin,2017,7,0,7,7.0,26.0
BEN,Benin,2018,7,0,7,7.0,27.0
BFO,Burkina Faso,1960,0,7,-7,-7.0,0.0
BFO,Burkina Faso,1961,0,7,-7,-7.0,1.0
BFO,Burkina Faso,1962,0,7,-7,-7.0,2.0
BFO,Burkina Faso,1963,0,7,-7,-7.0,3.0
BFO,Burkina Faso,1964,0,7,-7,-7.0,4.0
BFO,Burkina Faso,1965,0,7,-7,-7.0,5.0
BFO,Burkina Faso,1966,0,7,-7,-7.0,6.0
BFO,Burkina Faso,1967,0,7,-7,-7.0,7.0
BFO,Burkina Faso,1968,0,7,-7,-7.0,8.0
BFO,Burkina Faso,1969,0,6,-6,-6.0,0.0
BFO,Burkina Faso,1970,0,4,-4,-4.0,0.0
BFO,Burkina Faso,1971,0,4,-4,-4.0,1.0
BFO,Burkina Faso,1972,0,4,-4,-4.0,2.0
BFO,Burkina Faso,1973,0,4,-4,-4.0,3.0
BFO,Burkina Faso,1974,0,4,-4,-4.0,4.0
BFO,Burkina Faso,1975,0,4,-4,-4.0,5.0
BFO,Burkina Faso,1976,0,4,-4,-4.0,6.0
BFO,Burkina Faso,1977,-88,-88,-88,0.0,0.0
BFO,Burkina Faso,1978,5,1,4,4.0,0.0
BFO,Burkina Faso,1979,5,1,4,4.0,1.0
BFO,Burkina Faso,1980,0,7,-7,-7.0,0.0
BFO,Burkina Faso,1981,0,7,-7,-7.0,1.0
BFO,Burkina Faso,1982,0,7,-7,-7.0,2.0
BFO,Burkina Faso,1983,0,7,-7,-7.0,3.0
BFO,Burkina Faso,1984,0,7,-7,-7.0,4.0
BFO,Burkina Faso,1985,0,7,-7,-7.0,5.0
BFO,Burkina Faso,1986,0,7,-7,-7.0,6.0
BFO,Burkina Faso,1987,0,7,-7,-7.0,7.0
BFO,Burkina Faso,1988,0,7,-7,-7.0,8.0
BFO,Burkina Faso,1989,0,7,-7,-7.0,9.0
BFO,Burkina Faso,1990,0,7,-7,-7.0,10.0
BFO,Burkina Faso,1991,0,5,-5,-5.0,11.0
BFO,Burkina Faso,1992,0,5,-5,-5.0,12.0
BFO,Burkina Faso,1993,0,5,-5,-5.0,13.0
BFO,Burkina Faso,1994,0,5,-5,-5.0,14.0
BFO,Burkina Faso,1995,0,5,-5,-5.0,15.0
BFO,Burkina Faso,1996,0,5,-5,-5.0,16.0
BFO,Burkina Faso,1997,0,5,-5,-5.0,17.0
BFO,Burkina Faso,1998,0,4,-4,-4.0,0.0
BFO,Burkina Faso,1999,0,4,-4,-4.0,0.0
BFO,Burkina Faso,2000,0,3,-3,-3.0,0.0
BFO,Burkina Faso,2001,2,2,0,0.0,0.0
BFO,Burkina Faso,2002,2,2,0,0.0,1.0
BFO,Burkina Faso,2003,2,2,0,0.0,2.0
BFO,Burkina Faso,2004,2,2,0,0.0,3.0
BFO,Burkina Faso,2005,2,2,0,0.0,4.0
BFO,Burkina Faso,2006,2,2,0,0.0,5.0
BFO,Burkina Faso,2007,2,2,0,0.0,6.0
BFO,Burkina Faso,2008,2,2,0,0.0,7.0
BFO,Burkina Faso,2009,2,2,0,0.0,8.0
BFO,Burkina Faso,2010,2,2,0,0.0,9.0
BFO,Burkina Faso,2011,2,2,0,0.0,10.0
BFO,Burkina Faso,2012,2,2,0,0.0,11.0
BFO,Burkina Faso,2013,2,2,0,0.0,12.0
BFO,Burkina Faso,2014,2,2,0,0.0,13.0
BFO,Burkina Faso,2015,7,1,6,6.0,0.0
BFO,Burkina Faso,2016,7,1,6,6.0,1.0
BFO,Burkina Faso,2017,7,1,6,6.0,2.0
BFO,Burkina Faso,2018,7,1,6,6.0,3.0
BHU,Bhutan,1907,0,10,-10,-10.0,0.0
BHU,Bhutan,1908,0,10,-10,-10.0,1.0
BHU,Bhutan,1909,0,10,-10,-10.0,2.0
BHU,Bhutan,1910,0,10,-10,-10.0,3.0
BHU,Bhutan,1911,0,10,-10,-10.0,4.0
BHU,Bhutan,1912,0,10,-10,-10.0,5.0
BHU,Bhutan,1913,0,10,-10,-10.0,6.0
BHU,Bhutan,1914,0,10,-10,-10.0,7.0
BHU,Bhutan,1915,0,10,-10,-10.0,8.0
BHU,Bhutan,1916,0,10,-10,-10.0,9.0
BHU,Bhutan,1917,0,10,-10,-10.0,10.0
BHU,Bhutan,1918,0,10,-10,-10.0,11.0
BHU,Bhutan,1919,0,10,-10,-10.0,12.0
BHU,Bhutan,1920,0,10,-10,-10.0,13.0
BHU,Bhutan,1921,0,10,-10,-10.0,14.0
BHU,Bhutan,1922,0,10,-10,-10.0,15.0
BHU,Bhutan,1923,0,10,-10,-10.0,16.0
BHU,Bhutan,1924,0,10,-10,-10.0,17.0
BHU,Bhutan,1925,0,10,-10,-10.0,18.0
BHU,Bhutan,1926,0,10,-10,-10.0,19.0
BHU,Bhutan,1927,0,10,-10,-10.0,20.0
BHU,Bhutan,1928,0,10,-10,-10.0,21.0
BHU,Bhutan,1929,0,10,-10,-10.0,22.0
BHU,Bhutan,1930,0,10,-10,-10.0,23.0
BHU,Bhutan,1931,0,10,-10,-10.0,24.0
BHU,Bhutan,1932,0,10,-10,-10.0,25.0
BHU,Bhutan,1933,0,10,-10,-10.0,26.0
BHU,Bhutan,1934,0,10,-10,-10.0,27.0
BHU,Bhutan,1935,0,10,-10,-10.0,28.0
BHU,Bhutan,1936,0,10,-10,-10.0,29.0
BHU,Bhutan,1937,0,10,-10,-10.0,30.0
BHU,Bhutan,1938,0,10,-10,-10.0,31.0
BHU,Bhutan,1939,0,10,-10,-10.0,32.0
BHU,Bhutan,1940,0,10,-10,-10.0,33.0
BHU,Bhutan,1941,0,10,-10,-10.0,34.0
BHU,Bhutan,1942,0,10,-10,-10.0,35.0
BHU,Bhutan,1943,0,10,-10,-10.0,36.0
BHU,Bhutan,1944,0,10,-10,-10.0,37.0
BHU,Bhutan,1945,0,10,-10,-10.0,38.0
BHU,Bhutan,1946,0,10,-10,-10.0,39.0
BHU,Bhutan,1947,0,10,-10,-10.0,40.0
BHU,Bhutan,1948,0,10,-10,-10.0,41.0
BHU,Bhutan,1949,0,10,-10,-10.0,42.0
BHU,Bhutan,1950,0,10,-10,-10.0,43.0
BHU,Bhutan,1951,0,10,-10,-10.0,44.0
BHU,Bhutan,1952,0,10,-10,-10.0,45.0
BHU,Bhutan,1953,0,10,-10,-10.0,46.0
BHU,Bhutan,1954,0,10,-10,-10.0,47.0
BHU,Bhutan,1955,0,10,-10,-10.0,48.0
BHU,Bhutan,1956,0,10,-10,-10.0,49.0
BHU,Bhutan,1957,0,10,-10,-10.0,50.0
BHU,Bhutan,1958,0,10,-10,-10.0,51.0
BHU,Bhutan,1959,0,10,-10,-10.0,52.0
BHU,Bhutan,1960,0,10,-10,-10.0,53.0
BHU,Bhutan,1961,0,10,-10,-10.0,54.0
BHU,Bhutan,1962,0,10,-10,-10.0,55.0
BHU,Bhutan,1963,0,10,-10,-10.0,56.0
BHU,Bhutan,1964,0,10,-10,-10.0,57.0
BHU,Bhutan,1965,0,10,-10,-10.0,58.0
BHU,Bhutan,1966,0,10,-10,-10.0,59.0
BHU,Bhutan,1967,0,10,-10,-10.0,60.0
BHU,Bhutan,1968,0,10,-10,-10.0,61.0
BHU,Bhutan,1969,0,10,-10,-10.0,62.0
BHU,Bhutan,1970,0,10,-10,-10.0,63.0
BHU,Bhutan,1971,0,10,-10,-10.0,64.0
BHU,Bhutan,1972,0,10,-10,-10.0,65.0
BHU,Bhutan,1973,0,10,-10,-10.0,66.0
BHU,Bhutan,1974,0,10,-10,-10.0,67.0
BHU,Bhutan,1975,0,10,-10,-10.0,68.0
BHU,Bhutan,1976,0,10,-10,-10.0,69.0
BHU,Bhutan,1977,0,10,-10,-10.0,70.0
BHU,Bhutan,1978,0,10,-10,-10.0,71.0
BHU,Bhutan,1979,0,10,-10,-10.0,72.0
BHU,Bhutan,1980,0,10,-10,-10.0,73.0
BHU,Bhutan,1981,0,10,-10,-10.0,74.0
BHU,Bhutan,1982,0,10,-10,-10.0,75.0
BHU,Bhutan,1983,0,10,-10,-10.0,76.0
BHU,Bhutan,1984,0,10,-10,-10.0,77.0
BHU,Bhutan,1985,0,10,-10,-10.0,78.0
BHU,Bhutan,1986,0,10,-10,-10.0,79.0
BHU,Bhutan,1987,0,10,-10,-10.0,80.0
BHU,Bhutan,1988,0,10,-10,-10.0,81.0
BHU,Bhutan,1989,0,10,-10,-10.0,82.0
BHU,Bhutan,1990,0,10,-10,-10.0,83.0
BHU,Bhutan,1991,0,10,-10,-10.0,84.0
BHU,Bhutan,1992,0,10,-10,-10.0,85.0
BHU,Bhutan,1993,0,10,-10,-10.0,86.0
BHU,Bhutan,1994,0,10,-10,-10.0,87.0
BHU,Bhutan,1995,0,10,-10,-10.0,88.0
BHU,Bhutan,1996,0,10,-10,-10.0,89.0
BHU,Bhutan,1997,0,10,-10,-10.0,90.0
BHU,Bhutan,1998,0,10,-10,-10.0,91.0
BHU,Bhutan,1999,0,10,-10,-10.0,92.0
BHU,Bhutan,2000,0,10,-10,-10.0,93.0
BHU,Bhutan,2001,0,10,-10,-10.0,94.0
BHU,Bhutan,2002,0,10,-10,-10.0,95.0
BHU,Bhutan,2003,0,10,-10,-10.0,96.0
BHU,Bhutan,2004,0,10,-10,-10.0,97.0
BHU,Bhutan,2005,0,5,-5,-5.0,0.0
BHU,Bhutan,2006,0,5,-5,-5.0,1.0
BHU,Bhutan,2007,0,5,-5,-5.0,2.0
BHU,Bhutan,2008,3,0,3,3.0,0.0
BHU,Bhutan,2009,3,0,3,3.0,1.0
BHU,Bhutan,2010,3,0,3,3.0,2.0
BHU,Bhutan,2011,3,0,3,3.0,3.0
BHU,Bhutan,2012,3,0,3,3.0,4.0
BHU,Bhutan,2013,6,1,5,5.0,5.0
BHU,Bhutan,2014,6,1,5,5.0,6.0
BHU,Bhutan,2015,6,1,5,5.0,7.0
BHU,Bhutan,2016,6,1,5,5.0,8.0
BHU,Bhutan,2017,6,1,5,5.0,9.0
BHU,Bhutan,2018,7,0,7,7.0,10.0
BLR,Belarus,1991,7,1,6,6.0,0.0
BLR,Belarus,1992,7,1,6,6.0,1.0
BLR,Belarus,1993,7,1,6,6.0,2.0
BLR,Belarus,1994,8,0,8,8.0,3.0
BLR,Belarus,1995,3,3,0,0.0,0.0
BLR,Belarus,1996,0,7,-7,-7.0,0.0
BLR,Belarus,1997,0,7,-7,-7.0,1.0
BLR,Belarus,1998,0,7,-7,-7.0,2.0
BLR,Belarus,1999,0,7,-7,-7.0,3.0
BLR,Belarus,2000,0,7,-7,-7.0,4.0
BLR,Belarus,2001,0,7,-7,-7.0,5.0
BLR,Belarus,2002,0,7,-7,-7.0,6.0
BLR,Belarus,2003,0,7,-7,-7.0,7.0
BLR,Belarus,2004,0,7,-7,-7.0,8.0
BLR,Belarus,2005,0,7,-7,-7.0,9.0
BLR,Belarus,2006,0,7,-7,-7.0,10.0
BLR,Belarus,2007,0,7,-7,-7.0,11.0
BLR,Belarus,2008,0,7,-7,-7.0,12.0
BLR,Belarus,2009,0,7,-7,-7.0,13.0
BLR,Belarus,2010,0,7,-7,-7.0,14.0
BLR,Belarus,2011,0,7,-7,-7.0,15.0
BLR,Belarus,2012,0,7,-7,-7.0,16.0
BLR,Belarus,2013,0,7,-7,-7.0,17.0
BLR,Belarus,2014,0,7,-7,-7.0,18.0
BLR,Belarus,2015,0,7,-7,-7.0,19.0
BLR,Belarus,2016,0,7,-7,-7.0,20.0
BLR,Belarus,2017,0,7,-7,-7.0,21.0
BLR,Belarus,2018,0,7,-7,-7.0,22.0
BNG,Bangladesh,1972,8,0,8,8.0,0.0
BNG,Bangladesh,1973,8,0,8,8.0,1.0
BNG,Bangladesh,1974,2,4,-2,-2.0,0.0
BNG,Bangladesh,1975,0,7,-7,-7.0,0.0
BNG,Bangladesh,1976,0,7,-7,-7.0,1.0
BNG,Bangladesh,1977,0,7,-7,-7.0,2.0
BNG,Bangladesh,1978,0,4,-4,-4.0,0.0
BNG,Bangladesh,1979,0,4,-4,-4.0,1.0
BNG,Bangladesh,1980,0,4,-4,-4.0,2.0
BNG,Bangladesh,1981,0,4,-4,-4.0,3.0
BNG,Bangladesh,1982,0,7,-7,-7.0,0.0
BNG,Bangladesh,1983,0,7,-7,-7.0,1.0
BNG,Bangladesh,1984,0,7,-7,-7.0,2.0
BNG,Bangladesh,1985,0,7,-7,-7.0,3.0
BNG,Bangladesh,1986,0,5,-5,-5.0,4.0
BNG,Bangladesh,1987,0,5,-5,-5.0,5.0
BNG,Bangladesh,1988,0,5,-5,-5.0,6.0
BNG,Bangladesh,1989,0,5,-5,-5.0,7.0
BNG,Bangladesh,1990,0,5,-5,-5.0,8.0
BNG,Bangladesh,1991,6,0,6,6.0,0.0
BNG,Bangladesh,1992,6,0,6,6.0,1.0
BNG,Bangladesh,1993,6,0,6,6.0,2.0
BNG,Bangladesh,1994,6,0,6,6.0,3.0
BNG,Bangladesh,1995,6,0,6,6.0,4.0
BNG,Bangladesh,1996,6,0,6,6.0,5.0
BNG,Bangladesh,1997,6,0,6,6.0,6.0
BNG,Bangladesh,1998,6,0,6,6.0,7.0
BNG,Bangladesh,1999,6,0,6,6.0,8.0
BNG,Bangladesh,2000,6,0,6,6.0,9.0
BNG,Bangladesh,2001,6,0,6,6.0,10.0
BNG,Bangladesh,2002,6,0,6,6.0,11.0
BNG,Bangladesh,2003,6,0,6,6.0,12.0
BNG,Bangladesh,2004,6,0,6,6.0,13.0
BNG,Bangladesh,2005,6,0,6,6.0,14.0
BNG,Bangladesh,2006,6,0,6,6.0,15.0
BNG,Bangladesh,2007,0,6,-6,-6.0,0.0
BNG,Bangladesh,2008,0,6,-6,-6.0,1.0
BNG,Bangladesh,2009,6,1,5,5.0,0.0
BNG,Bangladesh,2010,6,1,5,5.0,1.0
BNG,Bangladesh,2011,6,1,5,5.0,2.0
BNG,Bangladesh,2012,6,1,5,5.0,3.0
BNG,Bangladesh,2013,5,1,4,4.0,4.0
BNG,Bangladesh,2014,3,2,1,1.0,0.0
BNG,Bangladesh,2015,3,2,1,1.0,1.0
BNG,Bangladesh,2016,3,2,1,1.0,2.0
BNG,Bangladesh,2017,3,2,1,1.0,3.0
BNG,Bangladesh,2018,0,6,-6,-6.0,0.0
BOL,Bolivia,1825,1,4,-3,-3.0,0.0
BOL,Bolivia,1826,1,4,-3,-3.0,1.0
BOL,Bolivia,1827,1,4,-3,-3.0,2.0
BOL,Bolivia,1828,1,4,-3,-3.0,3.0
BOL,Bolivia,1829,1,4,-3,-3.0,4.0
BOL,Bolivia,1830,1,4,-3,-3.0,5.0
BOL,Bolivia,1831,1,4,-3,-3.0,6.0
BOL,Bolivia,1832,1,4,-3,-3.0,7.0
BOL,Bolivia,1833,1,4,-3,-3.0,8.0
BOL,Bolivia,1834,1,4,-3,-3.0,9.0
BOL,Bolivia,1835,1,4,-3,-3.0,10.0
BOL,Bolivia,1836,1,4,-3,-3.0,11.0
BOL,Bolivia,1837,1,4,-3,-3.0,12.0
BOL,Bolivia,1838,1,4,-3,-3.0,13.0
BOL,Bolivia,1839,1,4,-3,-3.0,14.0
BOL,Bolivia,1840,1,4,-3,-3.0,15.0
BOL,Bolivia,1841,-66,-66,-66,,0.0
BOL,Bolivia,1842,1,4,-3,-3.0,0.0
BOL,Bolivia,1843,1,4,-3,-3.0,1.0
BOL,Bolivia,1844,1,4,-3,-3.0,2.0
BOL,Bolivia,1845,1,4,-3,-3.0,3.0
BOL,Bolivia,1846,1,4,-3,-3.0,4.0
BOL,Bolivia,1847,1,4,-3,-3.0,5.0
BOL,Bolivia,1848,1,4,-3,-3.0,6.0
BOL,Bolivia,1849,1,4,-3,-3.0,7.0
BOL,Bolivia,1850,1,4,-3,-3.0,8.0
BOL,Bolivia,1851,1,4,-3,-3.0,9.0
BOL,Bolivia,1852,1,4,-3,-3.0,10.0
BOL,Bolivia,1853,1,4,-3,-3.0,11.0
BOL,Bolivia,1854,1,4,-3,-3.0,12.0
BOL,Bolivia,1855,1,4,-3,-3.0,13.0
BOL,Bolivia,1856,1,4,-3,-3.0,14.0
BOL,Bolivia,1857,1,4,-3,-3.0,15.0
BOL,Bolivia,1858,1,4,-3,-3.0,16.0
BOL,Bolivia,1859,1,4,-3,-3.0,17.0
BOL,Bolivia,1860,1,4,-3,-3.0,18.0
BOL,Bolivia,1861,1,4,-3,-3.0,19.0
BOL,Bolivia,1862,1,4,-3,-3.0,20.0
BOL,Bolivia,1863,1,4,-3,-3.0,21.0
BOL,Bolivia,1864,0,7,-7,-7.0,0.0
BOL,Bolivia,1865,0,7,-7,-7.0,1.0
BOL,Bolivia,1866,0,7,-7,-7.0,2.0
BOL,Bolivia,1867,0,7,-7,-7.0,3.0
BOL,Bolivia,1868,0,7,-7,-7.0,4.0
BOL,Bolivia,1869,0,7,-7,-7.0,5.0
BOL,Bolivia,1870,0,7,-7,-7.0,6.0
BOL,Bolivia,1871,0,7,-7,-7.0,7.0
BOL,Bolivia,1872,-88,-88,-88,-3.0,0.0
BOL,Bolivia,1873,3,2,1,1.0,0.0
BOL,Bolivia,1874,3,2,1,1.0,1.0
BOL,Bolivia,1875,3,2,1,1.0,2.0
BOL,Bolivia,1876,0,7,-7,-7.0,0.0
BOL,Bolivia,1877,0,7,-7,-7.0,1.0
BOL,Bolivia,1878,0,7,-7,-7.0,2.0
BOL,Bolivia,1879,0,7,-7,-7.0,3.0
BOL,Bolivia,1880,3,2,1,1.0,0.0
BOL,Bolivia,1881,3,2,1,1.0,1.0
BOL,Bolivia,1882,3,2,1,1.0,2.0
BOL,Bolivia,1883,3,2,1,1.0,3.0
BOL,Bolivia,1884,3,2,1,1.0,4.0
BOL,Bolivia,1885,3,2,1,1.0,5.0
BOL,Bolivia,1886,3,2,1,1.0,6.0
BOL,Bolivia,1887,3,2,1,1.0,7.0
BOL,Bolivia,1888,3,2,1,1.0,8.0
BOL,Bolivia,1889,3,2,1,1.0,9.0
BOL,Bolivia,1890,3,2,1,1.0,10.0
BOL,Bolivia,1891,3,2,1,1.0,11.0
BOL,Bolivia,1892,3,2,1,1.0,12.0
BOL,Bolivia,1893,3,2,1,1.0,13.0
BOL,Bolivia,1894,3,2,1,1.0,14.0
BOL,Bolivia,1895,3,2,1,1.0,15.0
BOL,Bolivia,1896,3,2,1,1.0,16.0
BOL,Bolivia,1897,3,2,1,1.0,17.0
BOL,Bolivia,1898,3,2,1,1.0,18.0
BOL,Bolivia,1899,3,2,1,1.0,19.0
BOL,Bolivia,1900,3,2,1,1.0,20.0
BOL,Bolivia,1901,3,2,1,1.0,21.0
BOL,Bolivia,1902,3,2,1,1.0,22.0
BOL,Bolivia,1903,3,2,1,1.0,23.0
BOL,Bolivia,1904,3,2,1,1.0,24.0
BOL,Bolivia,1905,3,2,1,1.0,25.0
BOL,Bolivia,1906,3,2,1,1.0,26.0
BOL,Bolivia,1907,3,2,1,1.0,27.0
BOL,Bolivia,1908,3,2,1,1.0,28.0
BOL,Bolivia,1909,3,2,1,1.0,29.0
BOL,Bolivia,1910,3,2,1,1.0,30.0
BOL,Bolivia,1911,3,2,1,1.0,31.0
BOL,Bolivia,1912,3,2,1,1.0,32.0
BOL,Bolivia,1913,3,2,1,1.0,33.0
BOL,Bolivia,1914,3,2,1,1.0,34.0
BOL,Bolivia,1915,3,2,1,1.0,35.0
BOL,Bolivia,1916,3,2,1,1.0,36.0
BOL,Bolivia,1917,3,2,1,1.0,37.0
BOL,Bolivia,1918,3,2,1,1.0,38.0
BOL,Bolivia,1919,3,2,1,1.0,39.0
BOL,Bolivia,1920,3,2,1,1.0,40.0
BOL,Bolivia,1921,3,2,1,1.0,41.0
BOL,Bolivia,1922,3,2,1,1.0,42.0
BOL,Bolivia,1923,3,2,1,1.0,43.0
BOL,Bolivia,1924,3,2,1,1.0,44.0
BOL,Bolivia,1925,3,2,1,1.0,45.0
BOL,Bolivia,1926,3,2,1,1.0,46.0
BOL,Bolivia,1927,3,2,1,1.0,47.0
BOL,Bolivia,1928,3,2,1,1.0,48.0
BOL,Bolivia,1929,3,2,1,1.0,49.0
BOL,Bolivia,1930,3,2,1,1.0,50.0
BOL,Bolivia,1931,3,2,1,1.0,51.0
BOL,Bolivia,1932,3,2,1,1.0,52.0
BOL,Bolivia,1933,3,2,1,1.0,53.0
BOL,Bolivia,1934,3,2,1,1.0,54.0
BOL,Bolivia,1935,3,2,1,1.0,55.0
BOL,Bolivia,1936,1,6,-5,-5.0,0.0
BOL,Bolivia,1937,1,6,-5,-5.0,1.0
BOL,Bolivia,1938,1,6,-5,-5.0,2.0
BOL,Bolivia,1939,1,6,-5,-5.0,3.0
BOL,Bolivia,1940,1,6,-5,-5.0,4.0
BOL,Bolivia,1941,1,6,-5,-5.0,5.0
BOL,Bolivia,1942,1,6,-5,-5.0,6.0
BOL,Bolivia,1943,1,6,-5,-5.0,7.0
BOL,Bolivia,1944,1,6,-5,-5.0,8.0
BOL,Bolivia,1945,1,6,-5,-5.0,9.0
BOL,Bolivia,1946,1,6,-5,-5.0,10.0
BOL,Bolivia,1947,1,6,-5,-5.0,11.0
BOL,Bolivia,1948,1,6,-5,-5.0,12.0
BOL,Bolivia,1949,1,6,-5,-5.0,13.0
BOL,Bolivia,1950,1,6,-5,-5.0,14.0
BOL,Bolivia,1951,1,6,-5,-5.0,15.0
BOL,Bolivia,1952,5,1,4,4.0,0.0
BOL,Bolivia,1953,5,1,4,4.0,1.0
BOL,Bolivia,1954,5,1,4,4.0,2.0
BOL,Bolivia,1955,5,1,4,4.0,3.0
BOL,Bolivia,1956,5,1,4,4.0,4.0
BOL,Bolivia,1957,5,1,4,4.0,5.0
BOL,Bolivia,1958,5,1,4,4.0,6.0
BOL,Bolivia,1959,5,1,4,4.0,7.0
BOL,Bolivia,1960,5,1,4,4.0,8.0
BOL,Bolivia,1961,5,1,4,4.0,9.0
BOL,Bolivia,1962,5,1,4,4.0,10.0
BOL,Bolivia,1963,5,1,4,4.0,11.0
BOL,Bolivia,1964,0,4,-4,-4.0,0.0
BOL,Bolivia,1965,0,4,-4,-4.0,1.0
BOL,Bolivia,1966,0,4,-4,-4.0,2.0
BOL,Bolivia,1967,0,4,-4,-4.0,3.0
BOL,Bolivia,1968,0,4,-4,-4.0,4.0
BOL,Bolivia,1969,0,4,-4,-4.0,5.0
BOL,Bolivia,1970,0,5,-5,-5.0,0.0
BOL,Bolivia,1971,0,7,-7,-7.0,0.0
BOL,Bolivia,1972,0,7,-7,-7.0,1.0
BOL,Bolivia,1973,0,7,-7,-7.0,2.0
BOL,Bolivia,1974,0,7,-7,-7.0,3.0
BOL,Bolivia,1975,0,7,-7,-7.0,4.0
BOL,Bolivia,1976,0,7,-7,-7.0,5.0
BOL,Bolivia,1977,0,7,-7,-7.0,6.0
BOL,Bolivia,1978,0,4,-4,-4.0,0.0
BOL,Bolivia,1979,0,4,-4,-4.0,1.0
BOL,Bolivia,1980,0,7,-7,-7.0,0.0
BOL,Bolivia,1981,0,7,-7,-7.0,1.0
BOL,Bolivia,1982,7,0,7,7.0,0.0
BOL,Bolivia,1983,7,0,7,7.0,0.0
BOL,Bolivia,1984,7,0,7,7.0,0.0
BOL,Bolivia,1985,9,0,9,9.0,0.0
BOL,Bolivia,1986,9,0,9,9.0,1.0
BOL,Bolivia,1987,9,0,9,9.0,2.0
BOL,Bolivia,1988,9,0,9,9.0,3.0
BOL,Bolivia,1989,9,0,9,9.0,4.0
BOL,Bolivia,1990,9,0,9,9.0,5.0
BOL,Bolivia,1991,9,0,9,9.0,6.0
BOL,Bolivia,1992,9,0,9,9.0,7.0
BOL,Bolivia,1993,9,0,9,9.0,8.0
BOL,Bolivia,1994,9,0,9,9.0,9.0
BOL,Bolivia,1995,9,0,9,9.0,10.0
BOL,Bolivia,1996,9,0,9,9.0,11.0
BOL,Bolivia,1997,9,0,9,9.0,12.0
BOL,Bolivia,1998,9,0,9,9.0,13.0
BOL,Bolivia,1999,9,0,9,9.0,14.0
BOL,Bolivia,2000,9,0,9,9.0,15.0
BOL,Bolivia,2001,9,0,9,9.0,16.0
BOL,Bolivia,2002,9,0,9,9.0,17.0
BOL,Bolivia,2003,8,0,8,8.0,18.0
BOL,Bolivia,2004,8,0,8,8.0,19.0
BOL,Bolivia,2005,8,0,8,8.0,20.0
BOL,Bolivia,2006,8,0,8,8.0,21.0
BOL,Bolivia,2007,8,0,8,8.0,22.0
BOL,Bolivia,2008,8,0,8,8.0,23.0
BOL,Bolivia,2009,7,0,7,7.0,24.0
BOL,Bolivia,2010,7,0,7,7.0,25.0
BOL,Bolivia,2011,7,0,7,7.0,26.0
BOL,Bolivia,2012,7,0,7,7.0,27.0
BOL,Bolivia,2013,7,0,7,7.0,28.0
BOL,Bolivia,2014,7,0,7,7.0,29.0
BOL,Bolivia,2015,7,0,7,7.0,30.0
BOL,Bolivia,2016,7,0,7,7.0,31.0
BOL,Bolivia,2017,7,0,7,7.0,32.0
BOL,Bolivia,2018,7,0,7,7.0,33.0
BOS,Bosnia,1992,-77,-77,-77,0.0,0.0
BOS,Bosnia,1993,-77,-77,-77,0.0,0.0
BOS,Bosnia,1994,-77,-77,-77,0.0,0.0
BOS,Bosnia,1995,-66,-66,-66,,0.0
BOS,Bosnia,1996,-66,-66,-66,,0.0
BOS,Bosnia,1997,-66,-66,-66,,0.0
BOS,Bosnia,1998,-66,-66,-66,,0.0
BOS,Bosnia,1999,-66,-66,-66,,0.0
BOS,Bosnia,2000,-66,-66,-66,,0.0
BOS,Bosnia,2001,-66,-66,-66,,0.0
BOS,Bosnia,2002,-66,-66,-66,,0.0
BOS,Bosnia,2003,-66,-66,-66,,0.0
BOS,Bosnia,2004,-66,-66,-66,,0.0
BOS,Bosnia,2005,-66,-66,-66,,0.0
BOS,Bosnia,2006,-66,-66,-66,,0.0
BOS,Bosnia,2007,-66,-66,-66,,0.0
BOS,Bosnia,2008,-66,-66,-66,,0.0
BOS,Bosnia,2009,-66,-66,-66,,0.0
BOS,Bosnia,2010,-66,-66,-66,,0.0
BOS,Bosnia,2011,-66,-66,-66,,0.0
BOS,Bosnia,2012,-66,-66,-66,,0.0
BOS,Bosnia,2013,-66,-66,-66,,0.0
BOS,Bosnia,2014,-66,-66,-66,,0.0
BOS,Bosnia,2015,-66,-66,-66,,0.0
BOS,Bosnia,2016,-66,-66,-66,,0.0
BOS,Bosnia,2017,-66,-66,-66,,0.0
BOS,Bosnia,2018,-66,-66,-66,,0.0
BOT,Botswana,1966,6,0,6,6.0,0.0
BOT,Botswana,1967,6,0,6,6.0,1.0
BOT,Botswana,1968,6,0,6,6.0,2.0
BOT,Botswana,1969,6,0,6,6.0,3.0
BOT,Botswana,1970,6,0,6,6.0,4.0
BOT,Botswana,1971,6,0,6,6.0,5.0
BOT,Botswana,1972,6,0,6,6.0,6.0
BOT,Botswana,1973,6,0,6,6.0,7.0
BOT,Botswana,1974,6,0,6,6.0,8.0
BOT,Botswana,1975,6,0,6,6.0,9.0
BOT,Botswana,1976,6,0,6,6.0,10.0
BOT,Botswana,1977,6,0,6,6.0,11.0
BOT,Botswana,1978,6,0,6,6.0,12.0
BOT,Botswana,1979,6,0,6,6.0,13.0
BOT,Botswana,1980,6,0,6,6.0,14.0
BOT,Botswana,1981,6,0,6,6.0,15.0
BOT,Botswana,1982,6,0,6,6.0,16.0
BOT,Botswana,1983,6,0,6,6.0,17.0
BOT,Botswana,1984,6,0,6,6.0,18.0
BOT,Botswana,1985,6,0,6,6.0,19.0
BOT,Botswana,1986,6,0,6,6.0,20.0
BOT,Botswana,1987,7,0,7,7.0,21.0
BOT,Botswana,1988,7,0,7,7.0,22.0
BOT,Botswana,1989,7,0,7,7.0,23.0
BOT,Botswana,1990,7,0,7,7.0,24.0
BOT,Botswana,1991,7,0,7,7.0,25.0
BOT,Botswana,1992,7,0,7,7.0,26.0
BOT,Botswana,1993,7,0,7,7.0,27.0
BOT,Botswana,1994,7,0,7,7.0,28.0
BOT,Botswana,1995,7,0,7,7.0,29.0
BOT,Botswana,1996,7,0,7,7.0,30.0
BOT,Botswana,1997,8,0,8,8.0,31.0
BOT,Botswana,1998,8,0,8,8.0,32.0
BOT,Botswana,1999,8,0,8,8.0,33.0
BOT,Botswana,2000,8,0,8,8.0,34.0
BOT,Botswana,2001,8,0,8,8.0,35.0
BOT,Botswana,2002,8,0,8,8.0,36.0
BOT,Botswana,2003,8,0,8,8.0,37.0
BOT,Botswana,2004,8,0,8,8.0,38.0
BOT,Botswana,2005,8,0,8,8.0,39.0
BOT,Botswana,2006,8,0,8,8.0,40.0
BOT,Botswana,2007,8,0,8,8.0,41.0
BOT,Botswana,2008,8,0,8,8.0,42.0
BOT,Botswana,2009,8,0,8,8.0,43.0
BOT,Botswana,2010,8,0,8,8.0,44.0
BOT,Botswana,2011,8,0,8,8.0,45.0
BOT,Botswana,2012,8,0,8,8.0,46.0
BOT,Botswana,2013,8,0,8,8.0,47.0
BOT,Botswana,2014,8,0,8,8.0,48.0
BOT,Botswana,2015,8,0,8,8.0,49.0
BOT,Botswana,2016,8,0,8,8.0,50.0
BOT,Botswana,2017,8,0,8,8.0,51.0
BOT,Botswana,2018,8,0,8,8.0,52.0
BRA,Brazil,1824,1,7,-6,-6.0,0.0
BRA,Brazil,1825,1,7,-6,-6.0,1.0
BRA,Brazil,1826,1,7,-6,-6.0,2.0
BRA,Brazil,1827,1,7,-6,-6.0,3.0
BRA,Brazil,1828,1,7,-6,-6.0,4.0
BRA,Brazil,1829,1,7,-6,-6.0,5.0
BRA,Brazil,1830,1,7,-6,-6.0,6.0
BRA,Brazil,1831,1,7,-6,-6.0,7.0
BRA,Brazil,1832,1,7,-6,-6.0,8.0
BRA,Brazil,1833,1,7,-6,-6.0,9.0
BRA,Brazil,1834,1,7,-6,-6.0,10.0
BRA,Brazil,1835,1,7,-6,-6.0,11.0
BRA,Brazil,1836,1,7,-6,-6.0,12.0
BRA,Brazil,1837,1,7,-6,-6.0,13.0
BRA,Brazil,1838,1,7,-6,-6.0,14.0
BRA,Brazil,1839,1,7,-6,-6.0,15.0
BRA,Brazil,1840,1,7,-6,-6.0,16.0
BRA,Brazil,1841,1,7,-6,-6.0,17.0
BRA,Brazil,1842,1,7,-6,-6.0,18.0
BRA,Brazil,1843,1,7,-6,-6.0,19.0
BRA,Brazil,1844,1,7,-6,-6.0,20.0
BRA,Brazil,1845,1,7,-6,-6.0,21.0
BRA,Brazil,1846,1,7,-6,-6.0,22.0
BRA,Brazil,1847,1,7,-6,-6.0,23.0
BRA,Brazil,1848,1,7,-6,-6.0,24.0
BRA,Brazil,1849,1,7,-6,-6.0,25.0
BRA,Brazil,1850,1,7,-6,-6.0,26.0
BRA,Brazil,1851,1,7,-6,-6.0,27.0
BRA,Brazil,1852,1,7,-6,-6.0,28.0
BRA,Brazil,1853,1,7,-6,-6.0,29.0
BRA,Brazil,1854,1,7,-6,-6.0,30.0
BRA,Brazil,1855,1,7,-6,-6.0,31.0
BRA,Brazil,1856,1,7,-6,-6.0,32.0
BRA,Brazil,1857,1,7,-6,-6.0,33.0
BRA,Brazil,1858,1,7,-6,-6.0,34.0
BRA,Brazil,1859,1,7,-6,-6.0,35.0
BRA,Brazil,1860,1,7,-6,-6.0,36.0
BRA,Brazil,1861,1,7,-6,-6.0,37.0
BRA,Brazil,1862,1,7,-6,-6.0,38.0
BRA,Brazil,1863,1,7,-6,-6.0,39.0
BRA,Brazil,1864,1,7,-6,-6.0,40.0
BRA,Brazil,1865,1,7,-6,-6.0,41.0
BRA,Brazil,1866,1,7,-6,-6.0,42.0
BRA,Brazil,1867,1,7,-6,-6.0,43.0
BRA,Brazil,1868,1,7,-6,-6.0,44.0
BRA,Brazil,1869,1,7,-6,-6.0,45.0
BRA,Brazil,1870,1,7,-6,-6.0,46.0
BRA,Brazil,1871,1,7,-6,-6.0,47.0
BRA,Brazil,1872,1,7,-6,-6.0,48.0
BRA,Brazil,1873,1,7,-6,-6.0,49.0
BRA,Brazil,1874,1,7,-6,-6.0,50.0
BRA,Brazil,1875,1,7,-6,-6.0,51.0
BRA,Brazil,1876,1,7,-6,-6.0,52.0
BRA,Brazil,1877,1,7,-6,-6.0,53.0
BRA,Brazil,1878,1,7,-6,-6.0,54.0
BRA,Brazil,1879,1,7,-6,-6.0,55.0
BRA,Brazil,1880,1,7,-6,-6.0,56.0
BRA,Brazil,1881,1,7,-6,-6.0,57.0
BRA,Brazil,1882,1,7,-6,-6.0,58.0
BRA,Brazil,1883,1,7,-6,-6.0,59.0
BRA,Brazil,1884,1,7,-6,-6.0,60.0
BRA,Brazil,1885,1,7,-6,-6.0,61.0
BRA,Brazil,1886,1,7,-6,-6.0,62.0
BRA,Brazil,1887,1,7,-6,-6.0,63.0
BRA,Brazil,1888,1,7,-6,-6.0,64.0
BRA,Brazil,1889,1,4,-3,-3.0,0.0
BRA,Brazil,1890,1,4,-3,-3.0,1.0
BRA,Brazil,1891,1,4,-3,-3.0,2.0
BRA,Brazil,1892,1,4,-3,-3.0,3.0
BRA,Brazil,1893,1,4,-3,-3.0,4.0
BRA,Brazil,1894,1,4,-3,-3.0,5.0
BRA,Brazil,1895,1,4,-3,-3.0,6.0
BRA,Brazil,1896,1,4,-3,-3.0,7.0
BRA,Brazil,1897,1,4,-3,-3.0,8.0
BRA,Brazil,1898,1,4,-3,-3.0,9.0
BRA,Brazil,1899,1,4,-3,-3.0,10.0
BRA,Brazil,1900,1,4,-3,-3.0,11.0
BRA,Brazil,1901,1,4,-3,-3.0,12.0
BRA,Brazil,1902,1,4,-3,-3.0,13.0
BRA,Brazil,1903,1,4,-3,-3.0,14.0
BRA,Brazil,1904,1,4,-3,-3.0,15.0
BRA,Brazil,1905,1,4,-3,-3.0,16.0
BRA,Brazil,1906,1,4,-3,-3.0,17.0
BRA,Brazil,1907,1,4,-3,-3.0,18.0
BRA,Brazil,1908,1,4,-3,-3.0,19.0
BRA,Brazil,1909,1,4,-3,-3.0,20.0
BRA,Brazil,1910,1,4,-3,-3.0,21.0
BRA,Brazil,1911,1,4,-3,-3.0,22.0
BRA,Brazil,1912,1,4,-3,-3.0,23.0
BRA,Brazil,1913,1,4,-3,-3.0,24.0
BRA,Brazil,1914,1,4,-3,-3.0,25.0
BRA,Brazil,1915,1,4,-3,-3.0,26.0
BRA,Brazil,1916,1,4,-3,-3.0,27.0
BRA,Brazil,1917,1,4,-3,-3.0,28.0
BRA,Brazil,1918,1,4,-3,-3.0,29.0
BRA,Brazil,1919,1,4,-3,-3.0,30.0
BRA,Brazil,1920,1,4,-3,-3.0,31.0
BRA,Brazil,1921,1,4,-3,-3.0,32.0
BRA,Brazil,1922,1,4,-3,-3.0,33.0
BRA,Brazil,1923,1,4,-3,-3.0,34.0
BRA,Brazil,1924,1,4,-3,-3.0,35.0
BRA,Brazil,1925,1,4,-3,-3.0,36.0
BRA,Brazil,1926,1,4,-3,-3.0,37.0
BRA,Brazil,1927,1,4,-3,-3.0,38.0
BRA,Brazil,1928,1,4,-3,-3.0,39.0
BRA,Brazil,1929,1,4,-3,-3.0,40.0
BRA,Brazil,1930,-88,-88,-88,-4.0,0.0
BRA,Brazil,1931,-88,-88,-88,-5.0,0.0
BRA,Brazil,1932,-88,-88,-88,-6.0,0.0
BRA,Brazil,1933,-88,-88,-88,-6.0,0.0
BRA,Brazil,1934,0,7,-7,-7.0,0.0
BRA,Brazil,1935,0,7,-7,-7.0,1.0
BRA,Brazil,1936,0,7,-7,-7.0,2.0
BRA,Brazil,1937,0,7,-7,-7.0,3.0
BRA,Brazil,1938,0,7,-7,-7.0,4.0
BRA,Brazil,1939,0,7,-7,-7.0,5.0
BRA,Brazil,1940,0,7,-7,-7.0,6.0
BRA,Brazil,1941,0,7,-7,-7.0,7.0
BRA,Brazil,1942,0,7,-7,-7.0,8.0
BRA,Brazil,1943,0,7,-7,-7.0,9.0
BRA,Brazil,1944,0,7,-7,-7.0,10.0
BRA,Brazil,1945,-88,-88,-88,0.0,0.0
BRA,Brazil,1946,7,0,7,7.0,0.0
BRA,Brazil,1947,6,1,5,5.0,1.0
BRA,Brazil,1948,6,1,5,5.0,2.0
BRA,Brazil,1949,6,1,5,5.0,3.0
BRA,Brazil,1950,6,1,5,5.0,4.0
BRA,Brazil,1951,6,1,5,5.0,5.0
BRA,Brazil,1952,6,1,5,5.0,6.0
BRA,Brazil,1953,6,1,5,5.0,7.0
BRA,Brazil,1954,6,1,5,5.0,8.0
BRA,Brazil,1955,6,1,5,5.0,9.0
BRA,Brazil,1956,6,1,5,5.0,10.0
BRA,Brazil,1957,6,1,5,5.0,11.0
BRA,Brazil,1958,6,0,6,6.0,12.0
BRA,Brazil,1959,6,0,6,6.0,13.0
BRA,Brazil,1960,6,0,6,6.0,14.0
BRA,Brazil,1961,5,0,5,5.0,0.0
BRA,Brazil,1962,5,0,5,5.0,0.0
BRA,Brazil,1963,4,1,3,3.0,0.0
BRA,Brazil,1964,-88,-88,-88,-3.0,0.0
BRA,Brazil,1965,0,9,-9,-9.0,0.0
BRA,Brazil,1966,0,9,-9,-9.0,1.0
BRA,Brazil,1967,0,9,-9,-9.0,2.0
BRA,Brazil,1968,0,9,-9,-9.0,3.0
BRA,Brazil,1969,0,9,-9,-9.0,4.0
BRA,Brazil,1970,0,9,-9,-9.0,5.0
BRA,Brazil,1971,0,9,-9,-9.0,6.0
BRA,Brazil,1972,0,9,-9,-9.0,7.0
BRA,Brazil,1973,0,9,-9,-9.0,8.0
BRA,Brazil,1974,2,6,-4,-4.0,0.0
BRA,Brazil,1975,2,6,-4,-4.0,1.0
BRA,Brazil,1976,2,6,-4,-4.0,2.0
BRA,Brazil,1977,2,6,-4,-4.0,3.0
BRA,Brazil,1978,2,6,-4,-4.0,4.0
BRA,Brazil,1979,2,6,-4,-4.0,5.0
BRA,Brazil,1980,2,6,-4,-4.0,6.0
BRA,Brazil,1981,2,6,-4,-4.0,7.0
BRA,Brazil,1982,2,5,-3,-3.0,8.0
BRA,Brazil,1983,2,5,-3,-3.0,9.0
BRA,Brazil,1984,2,5,-3,-3.0,10.0
BRA,Brazil,1985,7,0,7,7.0,0.0
BRA,Brazil,1986,7,0,7,7.0,1.0
BRA,Brazil,1987,7,0,7,7.0,2.0
BRA,Brazil,1988,8,0,8,8.0,3.0
BRA,Brazil,1989,8,0,8,8.0,4.0
BRA,Brazil,1990,8,0,8,8.0,5.0
BRA,Brazil,1991,8,0,8,8.0,6.0
BRA,Brazil,1992,8,0,8,8.0,7.0
BRA,Brazil,1993,8,0,8,8.0,8.0
BRA,Brazil,1994,8,0,8,8.0,9.0
BRA,Brazil,1995,8,0,8,8.0,10.0
BRA,Brazil,1996,8,0,8,8.0,11.0
BRA,Brazil,1997,8,0,8,8.0,12.0
BRA,Brazil,1998,8,0,8,8.0,13.0
BRA,Brazil,1999,8,0,8,8.0,14.0
BRA,Brazil,2000,8,0,8,8.0,15.0
BRA,Brazil,2001,8,0,8,8.0,16.0
BRA,Brazil,2002,8,0,8,8.0,17.0
BRA,Brazil,2003,8,0,8,8.0,18.0
BRA,Brazil,2004,8,0,8,8.0,19.0
BRA,Brazil,2005,8,0,8,8.0,20.0
BRA,Brazil,2006,8,0,8,8.0,21.0
BRA,Brazil,2007,8,0,8,8.0,22.0
BRA,Brazil,2008,8,0,8,8.0,23.0
BRA,Brazil,2009,8,0,8,8.0,24.0
BRA,Brazil,2010,8,0,8,8.0,25.0
BRA,Brazil,2011,8,0,8,8.0,26.0
BRA,Brazil,2012,8,0,8,8.0,27.0
BRA,Brazil,2013,8,0,8,8.0,28.0
BRA,Brazil,2014,8,0,8,8.0,29.0
BRA,Brazil,2015,8,0,8,8.0,30.0
BRA,Brazil,2016,8,0,8,8.0,31.0
BRA,Brazil,2017,8,0,8,8.0,32.0
BRA,Brazil,2018,8,0,8,8.0,33.0
BUI,Burundi,1962,0,4,-4,-4.0,1.0
BUI,Burundi,1963,5,0,5,5.0,0.0
BUI,Burundi,1964,5,0,5,5.0,1.0
BUI,Burundi,1965,5,0,5,5.0,2.0
BUI,Burundi,1966,0,7,-7,-7.0,0.0
BUI,Burundi,1967,0,7,-7,-7.0,1.0
BUI,Burundi,1968,0,7,-7,-7.0,2.0
BUI,Burundi,1969,0,7,-7,-7.0,3.0
BUI,Burundi,1970,0,7,-7,-7.0,4.0
BUI,Burundi,1971,0,7,-7,-7.0,5.0
BUI,Burundi,1972,0,7,-7,-7.0,6.0
BUI,Burundi,1973,0,7,-7,-7.0,7.0
BUI,Burundi,1974,0,7,-7,-7.0,8.0
BUI,Burundi,1975,0,7,-7,-7.0,9.0
BUI,Burundi,1976,0,7,-7,-7.0,10.0
BUI,Burundi,1977,0,7,-7,-7.0,11.0
BUI,Burundi,1978,0,7,-7,-7.0,12.0
BUI,Burundi,1979,0,7,-7,-7.0,13.0
BUI,Burundi,1980,0,7,-7,-7.0,14.0
BUI,Burundi,1981,0,7,-7,-7.0,15.0
BUI,Burundi,1982,0,7,-7,-7.0,16.0
BUI,Burundi,1983,0,7,-7,-7.0,17.0
BUI,Burundi,1984,0,7,-7,-7.0,18.0
BUI,Burundi,1985,0,7,-7,-7.0,19.0
BUI,Burundi,1986,0,7,-7,-7.0,20.0
BUI,Burundi,1987,0,6,-6,-6.0,21.0
BUI,Burundi,1988,0,6,-6,-6.0,22.0
BUI,Burundi,1989,0,6,-6,-6.0,23.0
BUI,Burundi,1990,0,6,-6,-6.0,24.0
BUI,Burundi,1991,0,6,-6,-6.0,25.0
BUI,Burundi,1992,-88,-88,-88,-3.0,0.0
BUI,Burundi,1993,-77,-77,-77,0.0,0.0
BUI,Burundi,1994,-77,-77,-77,0.0,0.0
BUI,Burundi,1995,-77,-77,-77,0.0,0.0
BUI,Burundi,1996,0,5,-5,-5.0,0.0
BUI,Burundi,1997,0,5,-5,-5.0,0.0
BUI,Burundi,1998,1,2,-1,-1.0,0.0
BUI,Burundi,1999,1,2,-1,-1.0,1.0
BUI,Burundi,2000,1,2,-1,-1.0,2.0
BUI,Burundi,2001,-88,-88,-88,0.0,0.0
BUI,Burundi,2002,-88,-88,-88,2.0,0.0
BUI,Burundi,2003,-88,-88,-88,3.0,0.0
BUI,Burundi,2004,-88,-88,-88,5.0,0.0
BUI,Burundi,2005,7,1,6,6.0,0.0
BUI,Burundi,2006,7,1,6,6.0,1.0
BUI,Burundi,2007,7,1,6,6.0,2.0
BUI,Burundi,2008,7,1,6,6.0,3.0
BUI,Burundi,2009,7,1,6,6.0,4.0
BUI,Burundi,2010,7,1,6,6.0,5.0
BUI,Burundi,2011,7,1,6,6.0,6.0
BUI,Burundi,2012,7,1,6,6.0,7.0
BUI,Burundi,2013,7,1,6,6.0,8.0
BUI,Burundi,2014,7,1,6,6.0,9.0
BUI,Burundi,2015,2,3,-1,-1.0,0.0
BUI,Burundi,2016,2,3,-1,-1.0,1.0
BUI,Burundi,2017,2,3,-1,-1.0,2.0
BUI,Burundi,2018,2,3,-1,-1.0,3.0
BUL,Bulgaria,1879,0,4,-4,-4.0,0.0
BUL,Bulgaria,1880,0,4,-4,-4.0,1.0
BUL,Bulgaria,1881,0,6,-6,-6.0,2.0
BUL,Bulgaria,1882,0,6,-6,-6.0,3.0
BUL,Bulgaria,1883,3,4,-1,-1.0,0.0
BUL,Bulgaria,1884,3,4,-1,-1.0,1.0
BUL,Bulgaria,1885,3,4,-1,-1.0,2.0
BUL,Bulgaria,1886,1,6,-5,-5.0,0.0
BUL,Bulgaria,1887,1,6,-5,-5.0,1.0
BUL,Bulgaria,1888,1,6,-5,-5.0,2.0
BUL,Bulgaria,1889,1,6,-5,-5.0,3.0
BUL,Bulgaria,1890,1,6,-5,-5.0,4.0
BUL,Bulgaria,1891,1,6,-5,-5.0,5.0
BUL,Bulgaria,1892,1,6,-5,-5.0,6.0
BUL,Bulgaria,1893,1,6,-5,-5.0,7.0
BUL,Bulgaria,1894,0,9,-9,-9.0,0.0
BUL,Bulgaria,1895,0,9,-9,-9.0,1.0
BUL,Bulgaria,1896,0,9,-9,-9.0,2.0
BUL,Bulgaria,1897,0,9,-9,-9.0,3.0
BUL,Bulgaria,1898,0,9,-9,-9.0,4.0
BUL,Bulgaria,1899,0,9,-9,-9.0,5.0
BUL,Bulgaria,1900,0,9,-9,-9.0,6.0
BUL,Bulgaria,1901,0,9,-9,-9.0,7.0
BUL,Bulgaria,1902,0,9,-9,-9.0,8.0
BUL,Bulgaria,1903,0,9,-9,-9.0,9.0
BUL,Bulgaria,1904,0,9,-9,-9.0,10.0
BUL,Bulgaria,1905,0,9,-9,-9.0,11.0
BUL,Bulgaria,1906,0,9,-9,-9.0,12.0
BUL,Bulgaria,1907,0,9,-9,-9.0,13.0
BUL,Bulgaria,1908,0,9,-9,-9.0,14.0
BUL,Bulgaria,1909,0,9,-9,-9.0,15.0
BUL,Bulgaria,1910,0,9,-9,-9.0,16.0
BUL,Bulgaria,1911,0,9,-9,-9.0,17.0
BUL,Bulgaria,1912,0,9,-9,-9.0,18.0
BUL,Bulgaria,1913,-66,-66,-66,,0.0
BUL,Bulgaria,1914,0,9,-9,-9.0,0.0
BUL,Bulgaria,1915,0,9,-9,-9.0,0.0
BUL,Bulgaria,1916,0,9,-9,-9.0,1.0
BUL,Bulgaria,1917,0,9,-9,-9.0,2.0
BUL,Bulgaria,1918,4,2,2,2.0,0.0
BUL,Bulgaria,1919,1,4,-3,-3.0,0.0
BUL,Bulgaria,1920,1,4,-3,-3.0,1.0
BUL,Bulgaria,1921,1,4,-3,-3.0,2.0
BUL,Bulgaria,1922,1,4,-3,-3.0,3.0
BUL,Bulgaria,1923,1,4,-3,-3.0,4.0
BUL,Bulgaria,1924,1,4,-3,-3.0,5.0
BUL,Bulgaria,1925,1,4,-3,-3.0,6.0
BUL,Bulgaria,1926,1,4,-3,-3.0,7.0
BUL,Bulgaria,1927,1,4,-3,-3.0,8.0
BUL,Bulgaria,1928,1,4,-3,-3.0,9.0
BUL,Bulgaria,1929,1,4,-3,-3.0,10.0
BUL,Bulgaria,1930,1,4,-3,-3.0,11.0
BUL,Bulgaria,1931,1,4,-3,-3.0,12.0
BUL,Bulgaria,1932,1,4,-3,-3.0,13.0
BUL,Bulgaria,1933,1,4,-3,-3.0,14.0
BUL,Bulgaria,1934,-88,-88,-88,-7.0,0.0
BUL,Bulgaria,1935,0,10,-10,-10.0,0.0
BUL,Bulgaria,1936,0,10,-10,-10.0,1.0
BUL,Bulgaria,1937,0,10,-10,-10.0,2.0
BUL,Bulgaria,1938,0,10,-10,-10.0,3.0
BUL,Bulgaria,1939,0,10,-10,-10.0,4.0
BUL,Bulgaria,1940,0,10,-10,-10.0,5.0
BUL,Bulgaria,1941,0,10,-10,-10.0,6.0
BUL,Bulgaria,1942,0,10,-10,-10.0,7.0
BUL,Bulgaria,1943,-77,-77,-77,0.0,0.0
BUL,Bulgaria,1944,-88,-88,-88,-2.0,0.0
BUL,Bulgaria,1945,-88,-88,-88,-4.0,0.0
BUL,Bulgaria,1946,0,6,-6,-6.0,0.0
BUL,Bulgaria,1947,0,7,-7,-7.0,1.0
BUL,Bulgaria,1948,0,7,-7,-7.0,2.0
BUL,Bulgaria,1949,0,7,-7,-7.0,3.0
BUL,Bulgaria,1950,0,7,-7,-7.0,4.0
BUL,Bulgaria,1951,0,7,-7,-7.0,5.0
BUL,Bulgaria,1952,0,7,-7,-7.0,6.0
BUL,Bulgaria,1953,0,7,-7,-7.0,7.0
BUL,Bulgaria,1954,0,7,-7,-7.0,8.0
BUL,Bulgaria,1955,0,7,-7,-7.0,9.0
BUL,Bulgaria,1956,0,7,-7,-7.0,10.0
BUL,Bulgaria,1957,0,7,-7,-7.0,11.0
BUL,Bulgaria,1958,0,7,-7,-7.0,12.0
BUL,Bulgaria,1959,0,7,-7,-7.0,13.0
BUL,Bulgaria,1960,0,7,-7,-7.0,14.0
BUL,Bulgaria,1961,0,7,-7,-7.0,15.0
BUL,Bulgaria,1962,0,7,-7,-7.0,16.0
BUL,Bulgaria,1963,0,7,-7,-7.0,17.0
BUL,Bulgaria,1964,0,7,-7,-7.0,18.0
BUL,Bulgaria,1965,0,7,-7,-7.0,19.0
BUL,Bulgaria,1966,0,7,-7,-7.0,20.0
BUL,Bulgaria,1967,0,7,-7,-7.0,21.0
BUL,Bulgaria,1968,0,7,-7,-7.0,22.0
BUL,Bulgaria,1969,0,7,-7,-7.0,23.0
BUL,Bulgaria,1970,0,7,-7,-7.0,24.0
BUL,Bulgaria,1971,0,7,-7,-7.0,25.0
BUL,Bulgaria,1972,0,7,-7,-7.0,26.0
BUL,Bulgaria,1973,0,7,-7,-7.0,27.0
BUL,Bulgaria,1974,0,7,-7,-7.0,28.0
BUL,Bulgaria,1975,0,7,-7,-7.0,29.0
BUL,Bulgaria,1976,0,7,-7,-7.0,30.0
BUL,Bulgaria,1977,0,7,-7,-7.0,31.0
BUL,Bulgaria,1978,0,7,-7,-7.0,32.0
BUL,Bulgaria,1979,0,7,-7,-7.0,33.0
BUL,Bulgaria,1980,0,7,-7,-7.0,34.0
BUL,Bulgaria,1981,0,7,-7,-7.0,35.0
BUL,Bulgaria,1982,0,7,-7,-7.0,36.0
BUL,Bulgaria,1983,0,7,-7,-7.0,37.0
BUL,Bulgaria,1984,0,7,-7,-7.0,38.0
BUL,Bulgaria,1985,0,7,-7,-7.0,39.0
BUL,Bulgaria,1986,0,7,-7,-7.0,40.0
BUL,Bulgaria,1987,0,7,-7,-7.0,41.0
BUL,Bulgaria,1988,0,7,-7,-7.0,42.0
BUL,Bulgaria,1989,2,1,1,1.0,0.0
BUL,Bulgaria,1990,7,0,7,7.0,0.0
BUL,Bulgaria,1991,7,0,7,7.0,0.0
BUL,Bulgaria,1992,8,0,8,8.0,0.0
BUL,Bulgaria,1993,8,0,8,8.0,1.0
BUL,Bulgaria,1994,8,0,8,8.0,2.0
BUL,Bulgaria,1995,8,0,8,8.0,3.0
BUL,Bulgaria,1996,8,0,8,8.0,4.0
BUL,Bulgaria,1997,8,0,8,8.0,5.0
BUL,Bulgaria,1998,8,0,8,8.0,6.0
BUL,Bulgaria,1999,8,0,8,8.0,7.0
BUL,Bulgaria,2000,8,0,8,8.0,8.0
BUL,Bulgaria,2001,9,0,9,9.0,9.0
BUL,Bulgaria,2002,9,0,9,9.0,10.0
BUL,Bulgaria,2003,9,0,9,9.0,11.0
BUL,Bulgaria,2004,9,0,9,9.0,12.0
BUL,Bulgaria,2005,9,0,9,9.0,13.0
BUL,Bulgaria,2006,9,0,9,9.0,14.0
BUL,Bulgaria,2007,9,0,9,9.0,15.0
BUL,Bulgaria,2008,9,0,9,9.0,16.0
BUL,Bulgaria,2009,9,0,9,9.0,17.0
BUL,Bulgaria,2010,9,0,9,9.0,18.0
BUL,Bulgaria,2011,9,0,9,9.0,19.0
BUL,Bulgaria,2012,9,0,9,9.0,20.0
BUL,Bulgaria,2013,9,0,9,9.0,21.0
BUL,Bulgaria,2014,9,0,9,9.0,22.0
BUL,Bulgaria,2015,9,0,9,9.0,23.0
BUL,Bulgaria,2016,9,0,9,9.0,24.0
BUL,Bulgaria,2017,9,0,9,9.0,25.0
BUL,Bulgaria,2018,9,0,9,9.0,26.0
CAM,Cambodia,1953,-88,-88,-88,3.0,0.0
CAM,Cambodia,1954,-88,-88,-88,-3.0,0.0
CAM,Cambodia,1955,0,9,-9,-9.0,0.0
CAM,Cambodia,1956,0,9,-9,-9.0,1.0
CAM,Cambodia,1957,0,9,-9,-9.0,2.0
CAM,Cambodia,1958,0,9,-9,-9.0,3.0
CAM,Cambodia,1959,0,9,-9,-9.0,4.0
CAM,Cambodia,1960,0,9,-9,-9.0,5.0
CAM,Cambodia,1961,0,9,-9,-9.0,6.0
CAM,Cambodia,1962,0,9,-9,-9.0,7.0
CAM,Cambodia,1963,0,9,-9,-9.0,8.0
CAM,Cambodia,1964,0,9,-9,-9.0,9.0
CAM,Cambodia,1965,0,9,-9,-9.0,10.0
CAM,Cambodia,1966,0,9,-9,-9.0,11.0
CAM,Cambodia,1967,0,9,-9,-9.0,12.0
CAM,Cambodia,1968,0,9,-9,-9.0,13.0
CAM,Cambodia,1969,0,9,-9,-9.0,14.0
CAM,Cambodia,1970,-88,-88,-88,-8.0,0.0
CAM,Cambodia,1971,-88,-88,-88,-6.0,0.0
CAM,Cambodia,1972,0,5,-5,-5.0,0.0
CAM,Cambodia,1973,0,5,-5,-5.0,1.0
CAM,Cambodia,1974,0,5,-5,-5.0,2.0
CAM,Cambodia,1975,-77,-77,-77,0.0,0.0
CAM,Cambodia,1976,0,7,-7,-7.0,0.0
CAM,Cambodia,1977,0,7,-7,-7.0,1.0
CAM,Cambodia,1978,0,7,-7,-7.0,2.0
CAM,Cambodia,1979,-66,-66,-66,,0.0
CAM,Cambodia,1980,-66,-66,-66,,0.0
CAM,Cambodia,1981,-66,-66,-66,,0.0
CAM,Cambodia,1982,-66,-66,-66,,0.0
CAM,Cambodia,1983,-66,-66,-66,,0.0
CAM,Cambodia,1984,-66,-66,-66,,0.0
CAM,Cambodia,1985,-66,-66,-66,,0.0
CAM,Cambodia,1986,-66,-66,-66,,0.0
CAM,Cambodia,1987,-66,-66,-66,,0.0
CAM,Cambodia,1988,-66,-66,-66,,0.0
CAM,Cambodia,1989,-88,-88,-88,-7.0,0.0
CAM,Cambodia,1990,-88,-88,-88,-5.0,0.0
CAM,Cambodia,1991,-88,-88,-88,-3.0,0.0
CAM,Cambodia,1992,-88,-88,-88,-1.0,0.0
CAM,Cambodia,1993,3,2,1,1.0,0.0
CAM,Cambodia,1994,3,2,1,1.0,1.0
CAM,Cambodia,1995,3,2,1,1.0,2.0
CAM,Cambodia,1996,3,2,1,1.0,3.0
CAM,Cambodia,1997,0,7,-7,-7.0,0.0
CAM,Cambodia,1998,3,1,2,2.0,0.0
CAM,Cambodia,1999,3,1,2,2.0,1.0
CAM,Cambodia,2000,3,1,2,2.0,2.0
CAM,Cambodia,2001,3,1,2,2.0,3.0
CAM,Cambodia,2002,3,1,2,2.0,4.0
CAM,Cambodia,2003,3,1,2,2.0,5.0
CAM,Cambodia,2004,3,1,2,2.0,6.0
CAM,Cambodia,2005,3,1,2,2.0,7.0
CAM,Cambodia,2006,3,1,2,2.0,8.0
CAM,Cambodia,2007,3,1,2,2.0,9.0
CAM,Cambodia,2008,3,1,2,2.0,10.0
CAM,Cambodia,2009,3,1,2,2.0,11.0
CAM,Cambodia,2010,3,1,2,2.0,12.0
CAM,Cambodia,2011,3,1,2,2.0,13.0
CAM,Cambodia,2012,3,1,2,2.0,14.0
CAM,Cambodia,2013,3,1,2,2.0,15.0
CAM,Cambodia,2014,3,1,2,2.0,16.0
CAM,Cambodia,2015,3,1,2,2.0,17.0
CAM,Cambodia,2016,3,1,2,2.0,18.0
CAM,Cambodia,2017,0,4,-4,-4.0,0.0
CAM,Cambodia,2018,0,4,-4,-4.0,1.0
CAN,Canada,1867,7,3,4,4.0,0.0
CAN,Canada,1868,7,3,4,4.0,1.0
CAN,Canada,1869,7,3,4,4.0,2.0
CAN,Canada,1870,7,3,4,4.0,3.0
CAN,Canada,1871,7,3,4,4.0,4.0
CAN,Canada,1872,7,3,4,4.0,5.0
CAN,Canada,1873,7,3,4,4.0,6.0
CAN,Canada,1874,7,3,4,4.0,7.0
CAN,Canada,1875,7,3,4,4.0,8.0
CAN,Canada,1876,7,3,4,4.0,9.0
CAN,Canada,1877,7,3,4,4.0,10.0
CAN,Canada,1878,7,3,4,4.0,11.0
CAN,Canada,1879,7,3,4,4.0,12.0
CAN,Canada,1880,7,3,4,4.0,13.0
CAN,Canada,1881,7,3,4,4.0,14.0
CAN,Canada,1882,7,3,4,4.0,15.0
CAN,Canada,1883,7,3,4,4.0,16.0
CAN,Canada,1884,7,3,4,4.0,17.0
CAN,Canada,1885,7,3,4,4.0,18.0
CAN,Canada,1886,7,3,4,4.0,19.0
CAN,Canada,1887,7,3,4,4.0,20.0
CAN,Canada,1888,9,0,9,9.0,0.0
CAN,Canada,1889,9,0,9,9.0,1.0
CAN,Canada,1890,9,0,9,9.0,2.0
CAN,Canada,1891,9,0,9,9.0,3.0
CAN,Canada,1892,9,0,9,9.0,4.0
CAN,Canada,1893,9,0,9,9.0,5.0
CAN,Canada,1894,9,0,9,9.0,6.0
CAN,Canada,1895,9,0,9,9.0,7.0
CAN,Canada,1896,9,0,9,9.0,8.0
CAN,Canada,1897,9,0,9,9.0,9.0
CAN,Canada,1898,9,0,9,9.0,10.0
CAN,Canada,1899,9,0,9,9.0,11.0
CAN,Canada,1900,9,0,9,9.0,12.0
CAN,Canada,1901,9,0,9,9.0,13.0
CAN,Canada,1902,9,0,9,9.0,14.0
CAN,Canada,1903,9,0,9,9.0,15.0
CAN,Canada,1904,9,0,9,9.0,16.0
CAN,Canada,1905,9,0,9,9.0,17.0
CAN,Canada,1906,9,0,9,9.0,18.0
CAN,Canada,1907,9,0,9,9.0,19.0
CAN,Canada,1908,9,0,9,9.0,20.0
CAN,Canada,1909,9,0,9,9.0,21.0
CAN,Canada,1910,9,0,9,9.0,22.0
CAN,Canada,1911,9,0,9,9.0,23.0
CAN,Canada,1912,9,0,9,9.0,24.0
CAN,Canada,1913,9,0,9,9.0,25.0
CAN,Canada,1914,9,0,9,9.0,26.0
CAN,Canada,1915,9,0,9,9.0,27.0
CAN,Canada,1916,9,0,9,9.0,28.0
CAN,Canada,1917,9,0,9,9.0,29.0
CAN,Canada,1918,9,0,9,9.0,30.0
CAN,Canada,1919,9,0,9,9.0,31.0
CAN,Canada,1920,9,0,9,9.0,32.0
CAN,Canada,1921,10,0,10,10.0,33.0
CAN,Canada,1922,10,0,10,10.0,34.0
CAN,Canada,1923,10,0,10,10.0,35.0
CAN,Canada,1924,10,0,10,10.0,36.0
CAN,Canada,1925,10,0,10,10.0,37.0
CAN,Canada,1926,10,0,10,10.0,38.0
CAN,Canada,1927,10,0,10,10.0,39.0
CAN,Canada,1928,10,0,10,10.0,40.0
CAN,Canada,1929,10,0,10,10.0,41.0
CAN,Canada,1930,10,0,10,10.0,42.0
CAN,Canada,1931,10,0,10,10.0,43.0
CAN,Canada,1932,10,0,10,10.0,44.0
CAN,Canada,1933,10,0,10,10.0,45.0
CAN,Canada,1934,10,0,10,10.0,46.0
CAN,Canada,1935,10,0,10,10.0,47.0
CAN,Canada,1936,10,0,10,10.0,48.0
CAN,Canada,1937,10,0,10,10.0,49.0
CAN,Canada,1938,10,0,10,10.0,50.0
CAN,Canada,1939,10,0,10,10.0,51.0
CAN,Canada,1940,10,0,10,10.0,52.0
CAN,Canada,1941,10,0,10,10.0,53.0
CAN,Canada,1942,10,0,10,10.0,54.0
CAN,Canada,1943,10,0,10,10.0,55.0
CAN,Canada,1944,10,0,10,10.0,56.0
CAN,Canada,1945,10,0,10,10.0,57.0
CAN,Canada,1946,10,0,10,10.0,58.0
CAN,Canada,1947,10,0,10,10.0,59.0
CAN,Canada,1948,10,0,10,10.0,60.0
CAN,Canada,1949,10,0,10,10.0,61.0
CAN,Canada,1950,10,0,10,10.0,62.0
CAN,Canada,1951,10,0,10,10.0,63.0
CAN,Canada,1952,10,0,10,10.0,64.0
CAN,Canada,1953,10,0,10,10.0,65.0
CAN,Canada,1954,10,0,10,10.0,66.0
CAN,Canada,1955,10,0,10,10.0,67.0
CAN,Canada,1956,10,0,10,10.0,68.0
CAN,Canada,1957,10,0,10,10.0,69.0
CAN,Canada,1958,10,0,10,10.0,70.0
CAN,Canada,1959,10,0,10,10.0,71.0
CAN,Canada,1960,10,0,10,10.0,72.0
CAN,Canada,1961,10,0,10,10.0,73.0
CAN,Canada,1962,10,0,10,10.0,74.0
CAN,Canada,1963,10,0,10,10.0,75.0
CAN,Canada,1964,10,0,10,10.0,76.0
CAN,Canada,1965,10,0,10,10.0,77.0
CAN,Canada,1966,10,0,10,10.0,78.0
CAN,Canada,1967,10,0,10,10.0,79.0
CAN,Canada,1968,10,0,10,10.0,80.0
CAN,Canada,1969,10,0,10,10.0,81.0
CAN,Canada,1970,10,0,10,10.0,82.0
CAN,Canada,1971,10,0,10,10.0,83.0
CAN,Canada,1972,10,0,10,10.0,84.0
CAN,Canada,1973,10,0,10,10.0,85.0
CAN,Canada,1974,10,0,10,10.0,86.0
CAN,Canada,1975,10,0,10,10.0,87.0
CAN,Canada,1976,10,0,10,10.0,88.0
CAN,Canada,1977,10,0,10,10.0,89.0
CAN,Canada,1978,10,0,10,10.0,90.0
CAN,Canada,1979,10,0,10,10.0,91.0
CAN,Canada,1980,10,0,10,10.0,92.0
CAN,Canada,1981,10,0,10,10.0,93.0
CAN,Canada,1982,10,0,10,10.0,94.0
CAN,Canada,1983,10,0,10,10.0,95.0
CAN,Canada,1984,10,0,10,10.0,96.0
CAN,Canada,1985,10,0,10,10.0,97.0
CAN,Canada,1986,10,0,10,10.0,98.0
CAN,Canada,1987,10,0,10,10.0,99.0
CAN,Canada,1988,10,0,10,10.0,100.0
CAN,Canada,1989,10,0,10,10.0,101.0
CAN,Canada,1990,10,0,10,10.0,102.0
CAN,Canada,1991,10,0,10,10.0,103.0
CAN,Canada,1992,10,0,10,10.0,104.0
CAN,Canada,1993,10,0,10,10.0,105.0
CAN,Canada,1994,10,0,10,10.0,106.0
CAN,Canada,1995,10,0,10,10.0,107.0
CAN,Canada,1996,10,0,10,10.0,108.0
CAN,Canada,1997,10,0,10,10.0,109.0
CAN,Canada,1998,10,0,10,10.0,110.0
CAN,Canada,1999,10,0,10,10.0,111.0
CAN,Canada,2000,10,0,10,10.0,112.0
CAN,Canada,2001,10,0,10,10.0,113.0
CAN,Canada,2002,10,0,10,10.0,114.0
CAN,Canada,2003,10,0,10,10.0,115.0
CAN,Canada,2004,10,0,10,10.0,116.0
CAN,Canada,2005,10,0,10,10.0,117.0
CAN,Canada,2006,10,0,10,10.0,118.0
CAN,Canada,2007,10,0,10,10.0,119.0
CAN,Canada,2008,10,0,10,10.0,120.0
CAN,Canada,2009,10,0,10,10.0,121.0
CAN,Canada,2010,10,0,10,10.0,122.0
CAN,Canada,2011,10,0,10,10.0,123.0
CAN,Canada,2012,10,0,10,10.0,124.0
CAN,Canada,2013,10,0,10,10.0,125.0
CAN,Canada,2014,10,0,10,10.0,126.0
CAN,Canada,2015,10,0,10,10.0,127.0
CAN,Canada,2016,10,0,10,10.0,128.0
CAN,Canada,2017,10,0,10,10.0,129.0
CAN,Canada,2018,10,0,10,10.0,130.0
CAO,Cameroon,1960,4,0,4,4.0,0.0
CAO,Cameroon,1961,4,0,4,4.0,1.0
CAO,Cameroon,1962,4,0,4,4.0,2.0
CAO,Cameroon,1963,4,0,4,4.0,3.0
CAO,Cameroon,1964,4,0,4,4.0,4.0
CAO,Cameroon,1965,4,0,4,4.0,5.0
CAO,Cameroon,1966,0,7,-7,-7.0,0.0
CAO,Cameroon,1967,0,7,-7,-7.0,1.0
CAO,Cameroon,1968,0,7,-7,-7.0,2.0
CAO,Cameroon,1969,0,7,-7,-7.0,3.0
CAO,Cameroon,1970,0,7,-7,-7.0,4.0
CAO,Cameroon,1971,0,7,-7,-7.0,5.0
CAO,Cameroon,1972,0,8,-8,-8.0,6.0
CAO,Cameroon,1973,0,8,-8,-8.0,7.0
CAO,Cameroon,1974,0,8,-8,-8.0,8.0
CAO,Cameroon,1975,0,8,-8,-8.0,9.0
CAO,Cameroon,1976,0,8,-8,-8.0,10.0
CAO,Cameroon,1977,0,8,-8,-8.0,11.0
CAO,Cameroon,1978,0,8,-8,-8.0,12.0
CAO,Cameroon,1979,0,8,-8,-8.0,13.0
CAO,Cameroon,1980,0,8,-8,-8.0,14.0
CAO,Cameroon,1981,0,8,-8,-8.0,15.0
CAO,Cameroon,1982,0,7,-7,-7.0,16.0
CAO,Cameroon,1983,0,7,-7,-7.0,17.0
CAO,Cameroon,1984,0,9,-9,-9.0,18.0
CAO,Cameroon,1985,0,9,-9,-9.0,19.0
CAO,Cameroon,1986,0,9,-9,-9.0,20.0
CAO,Cameroon,1987,0,9,-9,-9.0,21.0
CAO,Cameroon,1988,0,6,-6,-6.0,0.0
CAO,Cameroon,1989,0,6,-6,-6.0,0.0
CAO,Cameroon,1990,1,4,-3,-3.0,0.0
CAO,Cameroon,1991,1,4,-3,-3.0,1.0
CAO,Cameroon,1992,0,5,-5,-5.0,2.0
CAO,Cameroon,1993,0,5,-5,-5.0,3.0
CAO,Cameroon,1994,0,5,-5,-5.0,4.0
CAO,Cameroon,1995,0,5,-5,-5.0,5.0
CAO,Cameroon,1996,0,5,-5,-5.0,6.0
CAO,Cameroon,1997,0,5,-5,-5.0,7.0
CAO,Cameroon,1998,0,5,-5,-5.0,8.0
CAO,Cameroon,1999,0,5,-5,-5.0,9.0
CAO,Cameroon,2000,0,5,-5,-5.0,10.0
CAO,Cameroon,2001,0,5,-5,-5.0,11.0
CAO,Cameroon,2002,0,5,-5,-5.0,12.0
CAO,Cameroon,2003,0,5,-5,-5.0,13.0
CAO,Cameroon,2004,0,5,-5,-5.0,14.0
CAO,Cameroon,2005,0,5,-5,-5.0,15.0
CAO,Cameroon,2006,0,5,-5,-5.0,16.0
CAO,Cameroon,2007,0,5,-5,-5.0,17.0
CAO,Cameroon,2008,0,5,-5,-5.0,18.0
CAO,Cameroon,2009,0,5,-5,-5.0,19.0
CAO,Cameroon,2010,0,5,-5,-5.0,20.0
CAO,Cameroon,2011,0,5,-5,-5.0,21.0
CAO,Cameroon,2012,0,5,-5,-5.0,22.0
CAO,Cameroon,2013,0,5,-5,-5.0,23.0
CAO,Cameroon,2014,0,5,-5,-5.0,24.0
CAO,Cameroon,2015,0,5,-5,-5.0,25.0
CAO,Cameroon,2016,0,5,-5,-5.0,26.0
CAO,Cameroon,2017,0,5,-5,-5.0,27.0
CAO,Cameroon,2018,0,5,-5,-5.0,28.0
CAP,Cape Verde,1975,2,6,-4,-4.0,0.0
CAP,Cape Verde,1976,2,6,-4,-4.0,1.0
CAP,Cape Verde,1977,2,6,-4,-4.0,2.0
CAP,Cape Verde,1978,2,6,-4,-4.0,3.0
CAP,Cape Verde,1979,2,6,-4,-4.0,4.0
CAP,Cape Verde,1980,2,6,-4,-4.0,5.0
CAP,Cape Verde,1981,2,6,-4,-4.0,6.0
CAP,Cape Verde,1982,2,6,-4,-4.0,7.0
CAP,Cape Verde,1983,2,6,-4,-4.0,8.0
CAP,Cape Verde,1984,2,6,-4,-4.0,9.0
CAP,Cape Verde,1985,2,5,-3,-3.0,10.0
CAP,Cape Verde,1986,2,5,-3,-3.0,11.0
CAP,Cape Verde,1987,2,5,-3,-3.0,12.0
CAP,Cape Verde,1988,2,5,-3,-3.0,13.0
CAP,Cape Verde,1989,2,5,-3,-3.0,14.0
CAP,Cape Verde,1990,2,4,-2,-2.0,15.0
CAP,Cape Verde,1991,8,0,8,8.0,0.0
CAP,Cape Verde,1992,8,0,8,8.0,1.0
CAP,Cape Verde,1993,8,0,8,8.0,2.0
CAP,Cape Verde,1994,8,0,8,8.0,3.0
CAP,Cape Verde,1995,8,0,8,8.0,4.0
CAP,Cape Verde,1996,8,0,8,8.0,5.0
CAP,Cape Verde,1997,8,0,8,8.0,6.0
CAP,Cape Verde,1998,8,0,8,8.0,7.0
CAP,Cape Verde,1999,8,0,8,8.0,8.0
CAP,Cape Verde,2000,8,0,8,8.0,9.0
CAP,Cape Verde,2001,10,0,10,10.0,10.0
CAP,Cape Verde,2002,10,0,10,10.0,11.0
CAP,Cape Verde,2003,10,0,10,10.0,12.0
CAP,Cape Verde,2004,10,0,10,10.0,13.0
CAP,Cape Verde,2005,10,0,10,10.0,14.0
CAP,Cape Verde,2006,10,0,10,10.0,15.0
CAP,Cape Verde,2007,10,0,10,10.0,16.0
CAP,Cape Verde,2008,10,0,10,10.0,17.0
CAP,Cape Verde,2009,10,0,10,10.0,18.0
CAP,Cape Verde,2010,10,0,10,10.0,19.0
CAP,Cape Verde,2011,10,0,10,10.0,20.0
CAP,Cape Verde,2012,10,0,10,10.0,21.0
CAP,Cape Verde,2013,10,0,10,10.0,22.0
CAP,Cape Verde,2014,10,0,10,10.0,23.0
CAP,Cape Verde,2015,10,0,10,10.0,24.0
CAP,Cape Verde,2016,10,0,10,10.0,25.0
CAP,Cape Verde,2017,10,0,10,10.0,26.0
CAP,Cape Verde,2018,10,0,10,10.0,27.0
CEN,Central African Republic,1960,0,7,-7,-7.0,0.0
CEN,Central African Republic,1961,0,7,-7,-7.0,1.0
CEN,Central African Republic,1962,0,7,-7,-7.0,2.0
CEN,Central African Republic,1963,0,7,-7,-7.0,3.0
CEN,Central African Republic,1964,0,7,-7,-7.0,4.0
CEN,Central African Republic,1965,0,7,-7,-7.0,5.0
CEN,Central African Republic,1966,0,7,-7,-7.0,6.0
CEN,Central African Republic,1967,0,7,-7,-7.0,7.0
CEN,Central African Republic,1968,0,7,-7,-7.0,8.0
CEN,Central African Republic,1969,0,7,-7,-7.0,9.0
CEN,Central African Republic,1970,0,7,-7,-7.0,10.0
CEN,Central African Republic,1971,0,7,-7,-7.0,11.0
CEN,Central African Republic,1972,0,7,-7,-7.0,12.0
CEN,Central African Republic,1973,0,7,-7,-7.0,13.0
CEN,Central African Republic,1974,0,7,-7,-7.0,14.0
CEN,Central African Republic,1975,0,7,-7,-7.0,15.0
CEN,Central African Republic,1976,0,7,-7,-7.0,16.0
CEN,Central African Republic,1977,0,7,-7,-7.0,17.0
CEN,Central African Republic,1978,0,7,-7,-7.0,18.0
CEN,Central African Republic,1979,0,7,-7,-7.0,19.0
CEN,Central African Republic,1980,0,7,-7,-7.0,20.0
CEN,Central African Republic,1981,0,7,-7,-7.0,21.0
CEN,Central African Republic,1982,0,7,-7,-7.0,22.0
CEN,Central African Republic,1983,0,7,-7,-7.0,23.0
CEN,Central African Republic,1984,0,7,-7,-7.0,24.0
CEN,Central African Republic,1985,0,7,-7,-7.0,25.0
CEN,Central African Republic,1986,0,7,-7,-7.0,26.0
CEN,Central African Republic,1987,0,7,-7,-7.0,27.0
CEN,Central African Republic,1988,0,7,-7,-7.0,28.0
CEN,Central African Republic,1989,0,7,-7,-7.0,29.0
CEN,Central African Republic,1990,0,7,-7,-7.0,30.0
CEN,Central African Republic,1991,0,6,-6,-6.0,0.0
CEN,Central African Republic,1992,0,6,-6,-6.0,0.0
CEN,Central African Republic,1993,5,0,5,5.0,0.0
CEN,Central African Republic,1994,5,0,5,5.0,1.0
CEN,Central African Republic,1995,5,0,5,5.0,2.0
CEN,Central African Republic,1996,5,0,5,5.0,3.0
CEN,Central African Republic,1997,5,0,5,5.0,4.0
CEN,Central African Republic,1998,5,0,5,5.0,5.0
CEN,Central African Republic,1999,5,0,5,5.0,6.0
CEN,Central African Republic,2000,5,0,5,5.0,7.0
CEN,Central African Republic,2001,5,0,5,5.0,8.0
CEN,Central African Republic,2002,5,0,5,5.0,9.0
CEN,Central African Republic,2003,1,2,-1,-1.0,0.0
CEN,Central African Republic,2004,1,2,-1,-1.0,1.0
CEN,Central African Republic,2005,1,2,-1,-1.0,2.0
CEN,Central African Republic,2006,1,2,-1,-1.0,3.0
CEN,Central African Republic,2007,1,2,-1,-1.0,4.0
CEN,Central African Republic,2008,1,2,-1,-1.0,5.0
CEN,Central African Republic,2009,1,2,-1,-1.0,6.0
CEN,Central African Republic,2010,1,2,-1,-1.0,7.0
CEN,Central African Republic,2011,1,2,-1,-1.0,8.0
CEN,Central African Republic,2012,1,2,-1,-1.0,9.0
CEN,Central African Republic,2013,-77,-77,-77,0.0,0.0
CEN,Central African Republic,2014,-77,-77,-77,0.0,0.0
CEN,Central African Republic,2015,-77,-77,-77,0.0,0.0
CEN,Central African Republic,2016,7,1,6,6.0,0.0
CEN,Central African Republic,2017,7,1,6,6.0,1.0
CEN,Central African Republic,2018,7,1,6,6.0,2.0
CHA,Chad,1960,0,3,-3,-3.0,0.0
CHA,Chad,1961,0,3,-3,-3.0,1.0
CHA,Chad,1962,0,8,-8,-8.0,0.0
CHA,Chad,1963,0,8,-8,-8.0,0.0
CHA,Chad,1964,0,9,-9,-9.0,0.0
CHA,Chad,1965,0,9,-9,-9.0,1.0
CHA,Chad,1966,0,9,-9,-9.0,2.0
CHA,Chad,1967,0,9,-9,-9.0,3.0
CHA,Chad,1968,0,9,-9,-9.0,4.0
CHA,Chad,1969,0,6,-6,-6.0,0.0
CHA,Chad,1970,0,6,-6,-6.0,1.0
CHA,Chad,1971,0,6,-6,-6.0,2.0
CHA,Chad,1972,0,6,-6,-6.0,3.0
CHA,Chad,1973,0,8,-8,-8.0,4.0
CHA,Chad,1974,0,8,-8,-8.0,5.0
CHA,Chad,1975,0,7,-7,-7.0,6.0
CHA,Chad,1976,0,7,-7,-7.0,7.0
CHA,Chad,1977,0,7,-7,-7.0,8.0
CHA,Chad,1978,-88,-88,-88,-4.0,0.0
CHA,Chad,1979,-77,-77,-77,0.0,0.0
CHA,Chad,1980,-77,-77,-77,0.0,0.0
CHA,Chad,1981,-77,-77,-77,0.0,0.0
CHA,Chad,1982,-77,-77,-77,0.0,0.0
CHA,Chad,1983,-77,-77,-77,0.0,0.0
CHA,Chad,1984,-77,-77,-77,0.0,0.0
CHA,Chad,1985,0,7,-7,-7.0,0.0
CHA,Chad,1986,0,7,-7,-7.0,1.0
CHA,Chad,1987,0,7,-7,-7.0,2.0
CHA,Chad,1988,0,7,-7,-7.0,3.0
CHA,Chad,1989,0,7,-7,-7.0,4.0
CHA,Chad,1990,0,3,-3,-3.0,0.0
CHA,Chad,1991,0,3,-3,-3.0,1.0
CHA,Chad,1992,0,3,-3,-3.0,2.0
CHA,Chad,1993,-88,-88,-88,-3.0,0.0
CHA,Chad,1994,-88,-88,-88,-2.0,0.0
CHA,Chad,1995,-88,-88,-88,-1.0,0.0
CHA,Chad,1996,1,2,-1,-1.0,0.0
CHA,Chad,1997,1,2,-1,-1.0,1.0
CHA,Chad,1998,1,2,-1,-1.0,2.0
CHA,Chad,1999,1,2,-1,-1.0,3.0
CHA,Chad,2000,1,2,-1,-1.0,4.0
CHA,Chad,2001,1,2,-1,-1.0,5.0
CHA,Chad,2002,1,2,-1,-1.0,6.0
CHA,Chad,2003,1,2,-1,-1.0,7.0
CHA,Chad,2004,1,2,-1,-1.0,8.0
CHA,Chad,2005,1,2,-1,-1.0,9.0
CHA,Chad,2006,1,2,-1,-1.0,10.0
CHA,Chad,2007,1,2,-1,-1.0,15.0
CHA,Chad,2008,1,2,-1,-1.0,16.0
CHA,Chad,2009,1,2,-1,-1.0,17.0
CHA,Chad,2010,1,2,-1,-1.0,18.0
CHA,Chad,2011,1,2,-1,-1.0,19.0
CHA,Chad,2012,1,2,-1,-1.0,20.0
CHA,Chad,2013,1,2,-1,-1.0,21.0
CHA,Chad,2014,1,2,-1,-1.0,22.0
CHA,Chad,2015,1,2,-1,-1.0,23.0
CHA,Chad,2016,1,2,-1,-1.0,24.0
CHA,Chad,2017,1,2,-1,-1.0,25.0
CHA,Chad,2018,1,2,-1,-1.0,26.0
CHL,Chile,1818,1,6,-5,-5.0,0.0
CHL,Chile,1819,1,6,-5,-5.0,1.0
CHL,Chile,1820,1,6,-5,-5.0,2.0
CHL,Chile,1821,1,6,-5,-5.0,3.0
CHL,Chile,1822,1,6,-5,-5.0,4.0
CHL,Chile,1823,1,6,-5,-5.0,5.0
CHL,Chile,1824,1,6,-5,-5.0,6.0
CHL,Chile,1825,1,6,-5,-5.0,7.0
CHL,Chile,1826,1,6,-5,-5.0,8.0
CHL,Chile,1827,1,6,-5,-5.0,9.0
CHL,Chile,1828,1,6,-5,-5.0,10.0
CHL,Chile,1829,1,6,-5,-5.0,11.0
CHL,Chile,1830,1,6,-5,-5.0,12.0
CHL,Chile,1831,1,6,-5,-5.0,13.0
CHL,Chile,1832,1,6,-5,-5.0,14.0
CHL,Chile,1833,1,6,-5,-5.0,15.0
CHL,Chile,1834,1,6,-5,-5.0,16.0
CHL,Chile,1835,1,6,-5,-5.0,17.0
CHL,Chile,1836,1,6,-5,-5.0,18.0
CHL,Chile,1837,1,6,-5,-5.0,19.0
CHL,Chile,1838,1,6,-5,-5.0,20.0
CHL,Chile,1839,1,6,-5,-5.0,21.0
CHL,Chile,1840,1,6,-5,-5.0,22.0
CHL,Chile,1841,1,6,-5,-5.0,23.0
CHL,Chile,1842,1,6,-5,-5.0,24.0
CHL,Chile,1843,1,6,-5,-5.0,25.0
CHL,Chile,1844,1,6,-5,-5.0,26.0
CHL,Chile,1845,1,6,-5,-5.0,27.0
CHL,Chile,1846,1,6,-5,-5.0,28.0
CHL,Chile,1847,1,6,-5,-5.0,29.0
CHL,Chile,1848,1,6,-5,-5.0,30.0
CHL,Chile,1849,1,6,-5,-5.0,31.0
CHL,Chile,1850,1,6,-5,-5.0,32.0
CHL,Chile,1851,3,3,0,0.0,0.0
CHL,Chile,1852,3,3,0,0.0,1.0
CHL,Chile,1853,3,3,0,0.0,2.0
CHL,Chile,1854,3,3,0,0.0,3.0
CHL,Chile,1855,3,3,0,0.0,4.0
CHL,Chile,1856,3,3,0,0.0,5.0
CHL,Chile,1857,3,3,0,0.0,6.0
CHL,Chile,1858,3,3,0,0.0,7.0
CHL,Chile,1859,3,3,0,0.0,8.0
CHL,Chile,1860,3,3,0,0.0,9.0
CHL,Chile,1861,3,3,0,0.0,10.0
CHL,Chile,1862,3,3,0,0.0,11.0
CHL,Chile,1863,3,3,0,0.0,12.0
CHL,Chile,1864,3,3,0,0.0,13.0
CHL,Chile,1865,3,3,0,0.0,14.0
CHL,Chile,1866,3,3,0,0.0,15.0
CHL,Chile,1867,3,3,0,0.0,16.0
CHL,Chile,1868,3,3,0,0.0,17.0
CHL,Chile,1869,3,3,0,0.0,18.0
CHL,Chile,1870,3,3,0,0.0,19.0
CHL,Chile,1871,3,3,0,0.0,20.0
CHL,Chile,1872,3,3,0,0.0,21.0
CHL,Chile,1873,3,3,0,0.0,22.0
CHL,Chile,1874,4,1,3,3.0,0.0
CHL,Chile,1875,4,1,3,3.0,1.0
CHL,Chile,1876,4,1,3,3.0,2.0
CHL,Chile,1877,4,1,3,3.0,3.0
CHL,Chile,1878,4,1,3,3.0,4.0
CHL,Chile,1879,4,1,3,3.0,5.0
CHL,Chile,1880,4,1,3,3.0,6.0
CHL,Chile,1881,4,1,3,3.0,7.0
CHL,Chile,1882,4,1,3,3.0,8.0
CHL,Chile,1883,4,1,3,3.0,9.0
CHL,Chile,1884,4,1,3,3.0,10.0
CHL,Chile,1885,4,1,3,3.0,11.0
CHL,Chile,1886,4,1,3,3.0,12.0
CHL,Chile,1887,4,1,3,3.0,13.0
CHL,Chile,1888,6,1,5,5.0,14.0
CHL,Chile,1889,6,1,5,5.0,15.0
CHL,Chile,1890,6,1,5,5.0,16.0
CHL,Chile,1891,5,2,3,3.0,17.0
CHL,Chile,1892,5,2,3,3.0,18.0
CHL,Chile,1893,5,2,3,3.0,19.0
CHL,Chile,1894,5,2,3,3.0,20.0
CHL,Chile,1895,5,2,3,3.0,21.0
CHL,Chile,1896,5,2,3,3.0,22.0
CHL,Chile,1897,5,2,3,3.0,23.0
CHL,Chile,1898,5,2,3,3.0,24.0
CHL,Chile,1899,5,2,3,3.0,25.0
CHL,Chile,1900,5,2,3,3.0,26.0
CHL,Chile,1901,5,2,3,3.0,27.0
CHL,Chile,1902,5,2,3,3.0,28.0
CHL,Chile,1903,5,2,3,3.0,29.0
CHL,Chile,1904,5,2,3,3.0,30.0
CHL,Chile,1905,5,2,3,3.0,31.0
CHL,Chile,1906,5,2,3,3.0,32.0
CHL,Chile,1907,5,2,3,3.0,33.0
CHL,Chile,1908,5,2,3,3.0,34.0
CHL,Chile,1909,5,2,3,3.0,35.0
CHL,Chile,1910,5,2,3,3.0,36.0
CHL,Chile,1911,5,2,3,3.0,37.0
CHL,Chile,1912,5,2,3,3.0,38.0
CHL,Chile,1913,5,2,3,3.0,39.0
CHL,Chile,1914,5,2,3,3.0,40.0
CHL,Chile,1915,5,2,3,3.0,41.0
CHL,Chile,1916,5,2,3,3.0,42.0
CHL,Chile,1917,5,2,3,3.0,43.0
CHL,Chile,1918,5,2,3,3.0,44.0
CHL,Chile,1919,5,2,3,3.0,45.0
CHL,Chile,1920,5,2,3,3.0,46.0
CHL,Chile,1921,5,2,3,3.0,47.0
CHL,Chile,1922,5,2,3,3.0,48.0
CHL,Chile,1923,5,2,3,3.0,49.0
CHL,Chile,1924,-88,-88,-88,0.0,0.0
CHL,Chile,1925,1,3,-2,-2.0,0.0
CHL,Chile,1926,1,3,-2,-2.0,1.0
CHL,Chile,1927,1,3,-2,-2.0,2.0
CHL,Chile,1928,1,3,-2,-2.0,3.0
CHL,Chile,1929,1,3,-2,-2.0,4.0
CHL,Chile,1930,1,3,-2,-2.0,5.0
CHL,Chile,1931,1,3,-2,-2.0,6.0
CHL,Chile,1932,1,3,-2,-2.0,7.0
CHL,Chile,1933,1,3,-2,-2.0,8.0
CHL,Chile,1934,1,3,-2,-2.0,9.0
CHL,Chile,1935,3,1,2,2.0,0.0
CHL,Chile,1936,3,1,2,2.0,1.0
CHL,Chile,1937,3,1,2,2.0,2.0
CHL,Chile,1938,3,1,2,2.0,3.0
CHL,Chile,1939,3,1,2,2.0,4.0
CHL,Chile,1940,3,1,2,2.0,5.0
CHL,Chile,1941,3,1,2,2.0,6.0
CHL,Chile,1942,3,1,2,2.0,7.0
CHL,Chile,1943,3,1,2,2.0,8.0
CHL,Chile,1944,3,1,2,2.0,9.0
CHL,Chile,1945,3,1,2,2.0,10.0
CHL,Chile,1946,3,1,2,2.0,11.0
CHL,Chile,1947,3,1,2,2.0,12.0
CHL,Chile,1948,3,1,2,2.0,13.0
CHL,Chile,1949,3,1,2,2.0,14.0
CHL,Chile,1950,3,1,2,2.0,15.0
CHL,Chile,1951,3,1,2,2.0,16.0
CHL,Chile,1952,3,1,2,2.0,17.0
CHL,Chile,1953,3,1,2,2.0,18.0
CHL,Chile,1954,3,1,2,2.0,19.0
CHL,Chile,1955,3,1,2,2.0,20.0
CHL,Chile,1956,3,1,2,2.0,21.0
CHL,Chile,1957,3,1,2,2.0,22.0
CHL,Chile,1958,5,0,5,5.0,0.0
CHL,Chile,1959,5,0,5,5.0,1.0
CHL,Chile,1960,5,0,5,5.0,2.0
CHL,Chile,1961,5,0,5,5.0,3.0
CHL,Chile,1962,5,0,5,5.0,4.0
CHL,Chile,1963,5,0,5,5.0,5.0
CHL,Chile,1964,6,0,6,6.0,6.0
CHL,Chile,1965,6,0,6,6.0,7.0
CHL,Chile,1966,6,0,6,6.0,8.0
CHL,Chile,1967,6,0,6,6.0,9.0
CHL,Chile,1968,6,0,6,6.0,10.0
CHL,Chile,1969,6,0,6,6.0,11.0
CHL,Chile,1970,6,0,6,6.0,12.0
CHL,Chile,1971,6,0,6,6.0,13.0
CHL,Chile,1972,6,0,6,6.0,14.0
CHL,Chile,1973,0,7,-7,-7.0,0.0
CHL,Chile,1974,0,7,-7,-7.0,1.0
CHL,Chile,1975,0,7,-7,-7.0,2.0
CHL,Chile,1976,0,7,-7,-7.0,3.0
CHL,Chile,1977,0,7,-7,-7.0,4.0
CHL,Chile,1978,0,7,-7,-7.0,5.0
CHL,Chile,1979,0,7,-7,-7.0,6.0
CHL,Chile,1980,0,7,-7,-7.0,7.0
CHL,Chile,1981,0,7,-7,-7.0,8.0
CHL,Chile,1982,0,7,-7,-7.0,9.0
CHL,Chile,1983,0,6,-6,-6.0,10.0
CHL,Chile,1984,0,6,-6,-6.0,11.0
CHL,Chile,1985,0,6,-6,-6.0,12.0
CHL,Chile,1986,0,6,-6,-6.0,13.0
CHL,Chile,1987,0,6,-6,-6.0,14.0
CHL,Chile,1988,2,3,-1,-1.0,0.0
CHL,Chile,1989,8,0,8,8.0,0.0
CHL,Chile,1990,8,0,8,8.0,1.0
CHL,Chile,1991,8,0,8,8.0,2.0
CHL,Chile,1992,8,0,8,8.0,3.0
CHL,Chile,1993,8,0,8,8.0,4.0
CHL,Chile,1994,8,0,8,8.0,5.0
CHL,Chile,1995,8,0,8,8.0,6.0
CHL,Chile,1996,8,0,8,8.0,7.0
CHL,Chile,1997,8,0,8,8.0,8.0
CHL,Chile,1998,8,0,8,8.0,9.0
CHL,Chile,1999,8,0,8,8.0,10.0
CHL,Chile,2000,9,0,9,9.0,11.0
CHL,Chile,2001,9,0,9,9.0,12.0
CHL,Chile,2002,9,0,9,9.0,13.0
CHL,Chile,2003,9,0,9,9.0,14.0
CHL,Chile,2004,9,0,9,9.0,15.0
CHL,Chile,2005,9,0,9,9.0,16.0
CHL,Chile,2006,10,0,10,10.0,17.0
CHL,Chile,2007,10,0,10,10.0,18.0
CHL,Chile,2008,10,0,10,10.0,19.0
CHL,Chile,2009,10,0,10,10.0,20.0
CHL,Chile,2010,10,0,10,10.0,21.0
CHL,Chile,2011,10,0,10,10.0,22.0
CHL,Chile,2012,10,0,10,10.0,23.0
CHL,Chile,2013,10,0,10,10.0,24.0
CHL,Chile,2014,10,0,10,10.0,25.0
CHL,Chile,2015,10,0,10,10.0,26.0
CHL,Chile,2016,10,0,10,10.0,27.0
CHL,Chile,2017,10,0,10,10.0,28.0
CHL,Chile,2018,10,0,10,10.0,29.0
CHN,China,1800,1,7,-6,-6.0,
CHN,China,1801,1,7,-6,-6.0,
CHN,China,1802,1,7,-6,-6.0,
CHN,China,1803,1,7,-6,-6.0,
CHN,China,1804,1,7,-6,-6.0,
CHN,China,1805,1,7,-6,-6.0,
CHN,China,1806,1,7,-6,-6.0,
CHN,China,1807,1,7,-6,-6.0,
CHN,China,1808,1,7,-6,-6.0,
CHN,China,1809,1,7,-6,-6.0,
CHN,China,1810,1,7,-6,-6.0,
CHN,China,1811,1,7,-6,-6.0,
CHN,China,1812,1,7,-6,-6.0,
CHN,China,1813,1,7,-6,-6.0,
CHN,China,1814,1,7,-6,-6.0,
CHN,China,1815,1,7,-6,-6.0,
CHN,China,1816,1,7,-6,-6.0,
CHN,China,1817,1,7,-6,-6.0,
CHN,China,1818,1,7,-6,-6.0,
CHN,China,1819,1,7,-6,-6.0,
CHN,China,1820,1,7,-6,-6.0,
CHN,China,1821,1,7,-6,-6.0,
CHN,China,1822,1,7,-6,-6.0,
CHN,China,1823,1,7,-6,-6.0,
CHN,China,1824,1,7,-6,-6.0,
CHN,China,1825,1,7,-6,-6.0,
CHN,China,1826,1,7,-6,-6.0,
CHN,China,1827,1,7,-6,-6.0,
CHN,China,1828,1,7,-6,-6.0,
CHN,China,1829,1,7,-6,-6.0,
CHN,China,1830,1,7,-6,-6.0,
CHN,China,1831,1,7,-6,-6.0,
CHN,China,1832,1,7,-6,-6.0,
CHN,China,1833,1,7,-6,-6.0,
CHN,China,1834,1,7,-6,-6.0,
CHN,China,1835,1,7,-6,-6.0,
CHN,China,1836,1,7,-6,-6.0,
CHN,China,1837,1,7,-6,-6.0,
CHN,China,1838,1,7,-6,-6.0,
CHN,China,1839,1,7,-6,-6.0,
CHN,China,1840,1,7,-6,-6.0,
CHN,China,1841,1,7,-6,-6.0,
CHN,China,1842,1,7,-6,-6.0,
CHN,China,1843,1,7,-6,-6.0,
CHN,China,1844,1,7,-6,-6.0,
CHN,China,1845,1,7,-6,-6.0,
CHN,China,1846,1,7,-6,-6.0,
CHN,China,1847,1,7,-6,-6.0,
CHN,China,1848,1,7,-6,-6.0,
CHN,China,1849,1,7,-6,-6.0,
CHN,China,1850,1,7,-6,-6.0,
CHN,China,1851,1,7,-6,-6.0,
CHN,China,1852,1,7,-6,-6.0,
CHN,China,1853,1,7,-6,-6.0,
CHN,China,1854,1,7,-6,-6.0,
CHN,China,1855,1,7,-6,-6.0,
CHN,China,1856,1,7,-6,-6.0,
CHN,China,1857,1,7,-6,-6.0,
CHN,China,1858,1,7,-6,-6.0,
CHN,China,1859,1,7,-6,-6.0,
CHN,China,1860,-66,-66,-66,,0.0
CHN,China,1861,-66,-66,-66,,0.0
CHN,China,1862,1,7,-6,-6.0,0.0
CHN,China,1863,1,7,-6,-6.0,0.0
CHN,China,1864,1,7,-6,-6.0,1.0
CHN,China,1865,1,7,-6,-6.0,2.0
CHN,China,1866,1,7,-6,-6.0,3.0
CHN,China,1867,1,7,-6,-6.0,4.0
CHN,China,1868,1,7,-6,-6.0,5.0
CHN,China,1869,1,7,-6,-6.0,6.0
CHN,China,1870,1,7,-6,-6.0,7.0
CHN,China,1871,1,7,-6,-6.0,8.0
CHN,China,1872,1,7,-6,-6.0,9.0
CHN,China,1873,1,7,-6,-6.0,10.0
CHN,China,1874,1,7,-6,-6.0,11.0
CHN,China,1875,1,7,-6,-6.0,12.0
CHN,China,1876,1,7,-6,-6.0,13.0
CHN,China,1877,1,7,-6,-6.0,14.0
CHN,China,1878,1,7,-6,-6.0,15.0
CHN,China,1879,1,7,-6,-6.0,16.0
CHN,China,1880,1,7,-6,-6.0,17.0
CHN,China,1881,1,7,-6,-6.0,18.0
CHN,China,1882,1,7,-6,-6.0,19.0
CHN,China,1883,1,7,-6,-6.0,20.0
CHN,China,1884,1,7,-6,-6.0,21.0
CHN,China,1885,1,7,-6,-6.0,22.0
CHN,China,1886,1,7,-6,-6.0,23.0
CHN,China,1887,1,7,-6,-6.0,24.0
CHN,China,1888,1,7,-6,-6.0,25.0
CHN,China,1889,1,7,-6,-6.0,26.0
CHN,China,1890,1,7,-6,-6.0,27.0
CHN,China,1891,1,7,-6,-6.0,28.0
CHN,China,1892,1,7,-6,-6.0,29.0
CHN,China,1893,1,7,-6,-6.0,30.0
CHN,China,1894,1,7,-6,-6.0,31.0
CHN,China,1895,1,7,-6,-6.0,32.0
CHN,China,1896,1,7,-6,-6.0,33.0
CHN,China,1897,1,7,-6,-6.0,34.0
CHN,China,1898,1,7,-6,-6.0,35.0
CHN,China,1899,1,7,-6,-6.0,36.0
CHN,China,1900,1,7,-6,-6.0,37.0
CHN,China,1901,1,7,-6,-6.0,38.0
CHN,China,1902,1,7,-6,-6.0,39.0
CHN,China,1903,1,7,-6,-6.0,40.0
CHN,China,1904,1,7,-6,-6.0,41.0
CHN,China,1905,1,7,-6,-6.0,42.0
CHN,China,1906,1,7,-6,-6.0,43.0
CHN,China,1907,1,7,-6,-6.0,44.0
CHN,China,1908,1,7,-6,-6.0,45.0
CHN,China,1909,1,7,-6,-6.0,46.0
CHN,China,1910,1,7,-6,-6.0,47.0
CHN,China,1911,-88,-88,-88,-2.0,0.0
CHN,China,1912,3,1,2,2.0,0.0
CHN,China,1913,-88,-88,-88,-2.0,1.0
CHN,China,1914,1,6,-5,-5.0,0.0
CHN,China,1915,1,6,-5,-5.0,1.0
CHN,China,1916,1,6,-5,-5.0,2.0
CHN,China,1917,1,6,-5,-5.0,3.0
CHN,China,1918,1,6,-5,-5.0,4.0
CHN,China,1919,1,6,-5,-5.0,5.0
CHN,China,1920,1,6,-5,-5.0,6.0
CHN,China,1921,1,6,-5,-5.0,7.0
CHN,China,1922,1,6,-5,-5.0,8.0
CHN,China,1923,1,6,-5,-5.0,9.0
CHN,China,1924,1,6,-5,-5.0,10.0
CHN,China,1925,1,6,-5,-5.0,11.0
CHN,China,1926,1,6,-5,-5.0,12.0
CHN,China,1927,1,6,-5,-5.0,13.0
CHN,China,1928,1,6,-5,-5.0,14.0
CHN,China,1929,1,6,-5,-5.0,15.0
CHN,China,1930,1,6,-5,-5.0,16.0
CHN,China,1931,1,6,-5,-5.0,17.0
CHN,China,1932,1,6,-5,-5.0,18.0
CHN,China,1933,1,6,-5,-5.0,19.0
CHN,China,1934,1,6,-5,-5.0,20.0
CHN,China,1935,1,6,-5,-5.0,21.0
CHN,China,1936,1,6,-5,-5.0,22.0
CHN,China,1937,-66,-66,-66,,0.0
CHN,China,1938,-66,-66,-66,,0.0
CHN,China,1939,-66,-66,-66,,0.0
CHN,China,1940,-66,-66,-66,,0.0
CHN,China,1941,-66,-66,-66,,0.0
CHN,China,1942,-66,-66,-66,,0.0
CHN,China,1943,-66,-66,-66,,0.0
CHN,China,1944,-66,-66,-66,,0.0
CHN,China,1945,-66,-66,-66,,0.0
CHN,China,1946,1,6,-5,-5.0,0.0
CHN,China,1947,1,6,-5,-5.0,0.0
CHN,China,1948,1,6,-5,-5.0,1.0
CHN,China,1949,0,8,-8,-8.0,0.0
CHN,China,1950,0,8,-8,-8.0,1.0
CHN,China,1951,0,8,-8,-8.0,2.0
CHN,China,1952,0,8,-8,-8.0,3.0
CHN,China,1953,0,8,-8,-8.0,4.0
CHN,China,1954,0,8,-8,-8.0,5.0
CHN,China,1955,0,8,-8,-8.0,6.0
CHN,China,1956,0,8,-8,-8.0,7.0
CHN,China,1957,0,8,-8,-8.0,8.0
CHN,China,1958,0,8,-8,-8.0,9.0
CHN,China,1959,0,8,-8,-8.0,10.0
CHN,China,1960,0,8,-8,-8.0,11.0
CHN,China,1961,0,8,-8,-8.0,12.0
CHN,China,1962,0,8,-8,-8.0,13.0
CHN,China,1963,0,8,-8,-8.0,14.0
CHN,China,1964,0,8,-8,-8.0,15.0
CHN,China,1965,0,8,-8,-8.0,16.0
CHN,China,1966,0,9,-9,-9.0,17.0
CHN,China,1967,0,9,-9,-9.0,18.0
CHN,China,1968,0,9,-9,-9.0,19.0
CHN,China,1969,0,8,-8,-8.0,20.0
CHN,China,1970,0,8,-8,-8.0,21.0
CHN,China,1971,0,8,-8,-8.0,22.0
CHN,China,1972,0,8,-8,-8.0,23.0
CHN,China,1973,0,8,-8,-8.0,24.0
CHN,China,1974,0,8,-8,-8.0,25.0
CHN,China,1975,0,8,-8,-8.0,26.0
CHN,China,1976,0,7,-7,-7.0,27.0
CHN,China,1977,0,7,-7,-7.0,28.0
CHN,China,1978,0,7,-7,-7.0,29.0
CHN,China,1979,0,7,-7,-7.0,30.0
CHN,China,1980,0,7,-7,-7.0,31.0
CHN,China,1981,0,7,-7,-7.0,32.0
CHN,China,1982,0,7,-7,-7.0,33.0
CHN,China,1983,0,7,-7,-7.0,34.0
CHN,China,1984,0,7,-7,-7.0,35.0
CHN,China,1985,0,7,-7,-7.0,36.0
CHN,China,1986,0,7,-7,-7.0,37.0
CHN,China,1987,0,7,-7,-7.0,38.0
CHN,China,1988,0,7,-7,-7.0,39.0
CHN,China,1989,0,7,-7,-7.0,40.0
CHN,China,1990,0,7,-7,-7.0,41.0
CHN,China,1991,0,7,-7,-7.0,42.0
CHN,China,1992,0,7,-7,-7.0,43.0
CHN,China,1993,0,7,-7,-7.0,44.0
CHN,China,1994,0,7,-7,-7.0,45.0
CHN,China,1995,0,7,-7,-7.0,46.0
CHN,China,1996,0,7,-7,-7.0,47.0
CHN,China,1997,0,7,-7,-7.0,48.0
CHN,China,1998,0,7,-7,-7.0,49.0
CHN,China,1999,0,7,-7,-7.0,50.0
CHN,China,2000,0,7,-7,-7.0,51.0
CHN,China,2001,0,7,-7,-7.0,52.0
CHN,China,2002,0,7,-7,-7.0,53.0
CHN,China,2003,0,7,-7,-7.0,54.0
CHN,China,2004,0,7,-7,-7.0,55.0
CHN,China,2005,0,7,-7,-7.0,56.0
CHN,China,2006,0,7,-7,-7.0,57.0
CHN,China,2007,0,7,-7,-7.0,58.0
CHN,China,2008,0,7,-7,-7.0,59.0
CHN,China,2009,0,7,-7,-7.0,60.0
CHN,China,2010,0,7,-7,-7.0,61.0
CHN,China,2011,0,7,-7,-7.0,62.0
CHN,China,2012,0,7,-7,-7.0,63.0
CHN,China,2013,0,7,-7,-7.0,64.0
CHN,China,2014,0,7,-7,-7.0,65.0
CHN,China,2015,0,7,-7,-7.0,66.0
CHN,China,2016,0,7,-7,-7.0,67.0
CHN,China,2017,0,7,-7,-7.0,68.0
CHN,China,2018,0,7,-7,-7.0,69.0
COL,Colombia,1832,4,2,2,2.0,0.0
COL,Colombia,1833,4,2,2,2.0,1.0
COL,Colombia,1834,4,2,2,2.0,2.0
COL,Colombia,1835,4,2,2,2.0,3.0
COL,Colombia,1836,4,2,2,2.0,4.0
COL,Colombia,1837,4,2,2,2.0,5.0
COL,Colombia,1838,4,2,2,2.0,6.0
COL,Colombia,1839,4,2,2,2.0,7.0
COL,Colombia,1840,4,2,2,2.0,8.0
COL,Colombia,1841,4,2,2,2.0,9.0
COL,Colombia,1842,4,2,2,2.0,10.0
COL,Colombia,1843,4,2,2,2.0,11.0
COL,Colombia,1844,4,2,2,2.0,12.0
COL,Colombia,1845,4,2,2,2.0,13.0
COL,Colombia,1846,4,2,2,2.0,14.0
COL,Colombia,1847,4,2,2,2.0,15.0
COL,Colombia,1848,4,2,2,2.0,16.0
COL,Colombia,1849,4,2,2,2.0,17.0
COL,Colombia,1850,4,2,2,2.0,18.0
COL,Colombia,1851,4,2,2,2.0,19.0
COL,Colombia,1852,4,2,2,2.0,20.0
COL,Colombia,1853,4,2,2,2.0,21.0
COL,Colombia,1854,4,2,2,2.0,22.0
COL,Colombia,1855,4,2,2,2.0,23.0
COL,Colombia,1856,4,2,2,2.0,24.0
COL,Colombia,1857,4,2,2,2.0,25.0
COL,Colombia,1858,4,2,2,2.0,26.0
COL,Colombia,1859,4,2,2,2.0,27.0
COL,Colombia,1860,-77,-77,-77,0.0,0.0
COL,Colombia,1861,1,6,-5,-5.0,0.0
COL,Colombia,1862,1,6,-5,-5.0,1.0
COL,Colombia,1863,1,6,-5,-5.0,2.0
COL,Colombia,1864,1,6,-5,-5.0,3.0
COL,Colombia,1865,1,6,-5,-5.0,4.0
COL,Colombia,1866,1,6,-5,-5.0,5.0
COL,Colombia,1867,8,0,8,8.0,0.0
COL,Colombia,1868,8,0,8,8.0,1.0
COL,Colombia,1869,8,0,8,8.0,2.0
COL,Colombia,1870,8,0,8,8.0,3.0
COL,Colombia,1871,8,0,8,8.0,4.0
COL,Colombia,1872,8,0,8,8.0,5.0
COL,Colombia,1873,8,0,8,8.0,6.0
COL,Colombia,1874,8,0,8,8.0,7.0
COL,Colombia,1875,8,0,8,8.0,8.0
COL,Colombia,1876,8,0,8,8.0,9.0
COL,Colombia,1877,8,0,8,8.0,10.0
COL,Colombia,1878,8,0,8,8.0,11.0
COL,Colombia,1879,8,0,8,8.0,12.0
COL,Colombia,1880,8,0,8,8.0,13.0
COL,Colombia,1881,8,0,8,8.0,14.0
COL,Colombia,1882,8,0,8,8.0,15.0
COL,Colombia,1883,8,0,8,8.0,16.0
COL,Colombia,1884,8,0,8,8.0,17.0
COL,Colombia,1885,8,0,8,8.0,18.0
COL,Colombia,1886,1,4,-3,-3.0,0.0
COL,Colombia,1887,1,4,-3,-3.0,1.0
COL,Colombia,1888,1,4,-3,-3.0,2.0
COL,Colombia,1889,1,4,-3,-3.0,3.0
COL,Colombia,1890,1,4,-3,-3.0,4.0
COL,Colombia,1891,1,4,-3,-3.0,5.0
COL,Colombia,1892,1,4,-3,-3.0,6.0
COL,Colombia,1893,1,4,-3,-3.0,7.0
COL,Colombia,1894,1,4,-3,-3.0,8.0
COL,Colombia,1895,1,4,-3,-3.0,9.0
COL,Colombia,1896,1,4,-3,-3.0,10.0
COL,Colombia,1897,1,4,-3,-3.0,11.0
COL,Colombia,1898,1,4,-3,-3.0,12.0
COL,Colombia,1899,1,4,-3,-3.0,13.0
COL,Colombia,1900,3,3,0,0.0,0.0
COL,Colombia,1901,3,3,0,0.0,1.0
COL,Colombia,1902,3,3,0,0.0,2.0
COL,Colombia,1903,3,3,0,0.0,3.0
COL,Colombia,1904,1,6,-5,-5.0,0.0
COL,Colombia,1905,1,6,-5,-5.0,1.0
COL,Colombia,1906,1,6,-5,-5.0,2.0
COL,Colombia,1907,1,6,-5,-5.0,3.0
COL,Colombia,1908,1,6,-5,-5.0,4.0
COL,Colombia,1909,1,6,-5,-5.0,5.0
COL,Colombia,1910,1,6,-5,-5.0,6.0
COL,Colombia,1911,1,6,-5,-5.0,7.0
COL,Colombia,1912,1,6,-5,-5.0,8.0
COL,Colombia,1913,1,6,-5,-5.0,9.0
COL,Colombia,1914,1,6,-5,-5.0,10.0
COL,Colombia,1915,1,6,-5,-5.0,11.0
COL,Colombia,1916,1,6,-5,-5.0,12.0
COL,Colombia,1917,1,6,-5,-5.0,13.0
COL,Colombia,1918,1,6,-5,-5.0,14.0
COL,Colombia,1919,1,6,-5,-5.0,15.0
COL,Colombia,1920,1,6,-5,-5.0,16.0
COL,Colombia,1921,1,6,-5,-5.0,17.0
COL,Colombia,1922,1,6,-5,-5.0,18.0
COL,Colombia,1923,1,6,-5,-5.0,19.0
COL,Colombia,1924,1,6,-5,-5.0,20.0
COL,Colombia,1925,1,6,-5,-5.0,21.0
COL,Colombia,1926,1,6,-5,-5.0,22.0
COL,Colombia,1927,1,6,-5,-5.0,23.0
COL,Colombia,1928,1,6,-5,-5.0,24.0
COL,Colombia,1929,1,6,-5,-5.0,25.0
COL,Colombia,1930,6,1,5,5.0,0.0
COL,Colombia,1931,6,1,5,5.0,1.0
COL,Colombia,1932,6,1,5,5.0,2.0
COL,Colombia,1933,6,1,5,5.0,3.0
COL,Colombia,1934,6,1,5,5.0,4.0
COL,Colombia,1935,6,1,5,5.0,5.0
COL,Colombia,1936,6,1,5,5.0,6.0
COL,Colombia,1937,6,1,5,5.0,7.0
COL,Colombia,1938,6,1,5,5.0,8.0
COL,Colombia,1939,6,1,5,5.0,9.0
COL,Colombia,1940,6,1,5,5.0,10.0
COL,Colombia,1941,6,1,5,5.0,11.0
COL,Colombia,1942,6,1,5,5.0,12.0
COL,Colombia,1943,6,1,5,5.0,13.0
COL,Colombia,1944,6,1,5,5.0,14.0
COL,Colombia,1945,6,1,5,5.0,15.0
COL,Colombia,1946,6,1,5,5.0,16.0
COL,Colombia,1947,6,1,5,5.0,17.0
COL,Colombia,1948,1,6,-5,-5.0,0.0
COL,Colombia,1949,1,6,-5,-5.0,1.0
COL,Colombia,1950,1,6,-5,-5.0,2.0
COL,Colombia,1951,1,6,-5,-5.0,3.0
COL,Colombia,1952,1,6,-5,-5.0,4.0
COL,Colombia,1953,1,6,-5,-5.0,5.0
COL,Colombia,1954,1,6,-5,-5.0,6.0
COL,Colombia,1955,1,6,-5,-5.0,7.0
COL,Colombia,1956,1,6,-5,-5.0,8.0
COL,Colombia,1957,7,0,7,7.0,0.0
COL,Colombia,1958,7,0,7,7.0,1.0
COL,Colombia,1959,7,0,7,7.0,2.0
COL,Colombia,1960,7,0,7,7.0,3.0
COL,Colombia,1961,7,0,7,7.0,4.0
COL,Colombia,1962,7,0,7,7.0,5.0
COL,Colombia,1963,7,0,7,7.0,6.0
COL,Colombia,1964,7,0,7,7.0,7.0
COL,Colombia,1965,7,0,7,7.0,8.0
COL,Colombia,1966,7,0,7,7.0,9.0
COL,Colombia,1967,7,0,7,7.0,10.0
COL,Colombia,1968,7,0,7,7.0,11.0
COL,Colombia,1969,7,0,7,7.0,12.0
COL,Colombia,1970,7,0,7,7.0,13.0
COL,Colombia,1971,7,0,7,7.0,14.0
COL,Colombia,1972,7,0,7,7.0,15.0
COL,Colombia,1973,7,0,7,7.0,16.0
COL,Colombia,1974,8,0,8,8.0,17.0
COL,Colombia,1975,8,0,8,8.0,18.0
COL,Colombia,1976,8,0,8,8.0,19.0
COL,Colombia,1977,8,0,8,8.0,20.0
COL,Colombia,1978,8,0,8,8.0,21.0
COL,Colombia,1979,8,0,8,8.0,22.0
COL,Colombia,1980,8,0,8,8.0,23.0
COL,Colombia,1981,8,0,8,8.0,24.0
COL,Colombia,1982,8,0,8,8.0,25.0
COL,Colombia,1983,8,0,8,8.0,26.0
COL,Colombia,1984,8,0,8,8.0,27.0
COL,Colombia,1985,8,0,8,8.0,28.0
COL,Colombia,1986,8,0,8,8.0,29.0
COL,Colombia,1987,8,0,8,8.0,30.0
COL,Colombia,1988,8,0,8,8.0,31.0
COL,Colombia,1989,8,0,8,8.0,32.0
COL,Colombia,1990,8,0,8,8.0,33.0
COL,Colombia,1991,9,0,9,9.0,34.0
COL,Colombia,1992,9,0,9,9.0,35.0
COL,Colombia,1993,9,0,9,9.0,36.0
COL,Colombia,1994,9,0,9,9.0,37.0
COL,Colombia,1995,7,0,7,7.0,38.0
COL,Colombia,1996,7,0,7,7.0,39.0
COL,Colombia,1997,7,0,7,7.0,40.0
COL,Colombia,1998,7,0,7,7.0,41.0
COL,Colombia,1999,7,0,7,7.0,42.0
COL,Colombia,2000,7,0,7,7.0,43.0
COL,Colombia,2001,7,0,7,7.0,44.0
COL,Colombia,2002,7,0,7,7.0,45.0
COL,Colombia,2003,7,0,7,7.0,46.0
COL,Colombia,2004,7,0,7,7.0,47.0
COL,Colombia,2005,7,0,7,7.0,48.0
COL,Colombia,2006,7,0,7,7.0,49.0
COL,Colombia,2007,7,0,7,7.0,50.0
COL,Colombia,2008,7,0,7,7.0,51.0
COL,Colombia,2009,7,0,7,7.0,52.0
COL,Colombia,2010,7,0,7,7.0,53.0
COL,Colombia,2011,7,0,7,7.0,54.0
COL,Colombia,2012,7,0,7,7.0,55.0
COL,Colombia,2013,7,0,7,7.0,56.0
COL,Colombia,2014,7,0,7,7.0,57.0
COL,Colombia,2015,7,0,7,7.0,58.0
COL,Colombia,2016,7,0,7,7.0,59.0
COL,Colombia,2017,7,0,7,7.0,60.0
COL,Colombia,2018,7,0,7,7.0,61.0
COM,Comoros,1975,0,5,-5,-5.0,0.0
COM,Comoros,1976,0,5,-5,-5.0,1.0
COM,Comoros,1977,0,5,-5,-5.0,2.0
COM,Comoros,1978,2,2,0,0.0,0.0
COM,Comoros,1979,2,2,0,0.0,1.0
COM,Comoros,1980,2,2,0,0.0,2.0
COM,Comoros,1981,2,2,0,0.0,3.0
COM,Comoros,1982,0,3,-3,-3.0,0.0
COM,Comoros,1983,0,3,-3,-3.0,0.0
COM,Comoros,1984,0,9,-9,-9.0,0.0
COM,Comoros,1985,0,9,-9,-9.0,1.0
COM,Comoros,1986,0,9,-9,-9.0,2.0
COM,Comoros,1987,0,9,-9,-9.0,3.0
COM,Comoros,1988,0,9,-9,-9.0,4.0
COM,Comoros,1989,0,9,-9,-9.0,5.0
COM,Comoros,1990,5,1,4,4.0,0.0
COM,Comoros,1991,5,1,4,4.0,1.0
COM,Comoros,1992,5,1,4,4.0,2.0
COM,Comoros,1993,5,1,4,4.0,3.0
COM,Comoros,1994,5,1,4,4.0,4.0
COM,Comoros,1995,-77,-77,-77,0.0,0.0
COM,Comoros,1996,5,1,4,4.0,0.0
COM,Comoros,1997,5,1,4,4.0,1.0
COM,Comoros,1998,5,1,4,4.0,2.0
COM,Comoros,1999,1,3,-2,-2.0,0.0
COM,Comoros,2000,1,2,-1,-1.0,0.0
COM,Comoros,2001,2,2,0,0.0,0.0
COM,Comoros,2002,4,0,4,4.0,0.0
COM,Comoros,2003,4,0,4,4.0,0.0
COM,Comoros,2004,6,0,6,6.0,0.0
COM,Comoros,2005,6,0,6,6.0,0.0
COM,Comoros,2006,9,0,9,9.0,0.0
COM,Comoros,2007,9,0,9,9.0,1.0
COM,Comoros,2008,9,0,9,9.0,2.0
COM,Comoros,2009,9,0,9,9.0,3.0
COM,Comoros,2010,9,0,9,9.0,4.0
COM,Comoros,2011,9,0,9,9.0,5.0
COM,Comoros,2012,9,0,9,9.0,6.0
COM,Comoros,2013,9,0,9,9.0,7.0
COM,Comoros,2014,9,0,9,9.0,8.0
COM,Comoros,2015,9,0,9,9.0,9.0
COM,Comoros,2016,9,0,9,9.0,10.0
COM,Comoros,2017,9,0,9,9.0,11.0
COM,Comoros,2018,0,3,-3,-3.0,0.0
CON,Congo-Brazzaville,1960,4,1,3,3.0,0.0
CON,Congo-Brazzaville,1961,4,1,3,3.0,1.0
CON,Congo-Brazzaville,1962,4,1,3,3.0,2.0
CON,Congo-Brazzaville,1963,0,7,-7,-7.0,0.0
CON,Congo-Brazzaville,1964,0,7,-7,-7.0,1.0
CON,Congo-Brazzaville,1965,0,7,-7,-7.0,2.0
CON,Congo-Brazzaville,1966,0,7,-7,-7.0,3.0
CON,Congo-Brazzaville,1967,0,7,-7,-7.0,4.0
CON,Congo-Brazzaville,1968,0,7,-7,-7.0,5.0
CON,Congo-Brazzaville,1969,0,7,-7,-7.0,6.0
CON,Congo-Brazzaville,1970,0,7,-7,-7.0,7.0
CON,Congo-Brazzaville,1971,0,7,-7,-7.0,8.0
CON,Congo-Brazzaville,1972,0,7,-7,-7.0,9.0
CON,Congo-Brazzaville,1973,0,7,-7,-7.0,10.0
CON,Congo-Brazzaville,1974,0,7,-7,-7.0,11.0
CON,Congo-Brazzaville,1975,0,7,-7,-7.0,12.0
CON,Congo-Brazzaville,1976,0,7,-7,-7.0,13.0
CON,Congo-Brazzaville,1977,0,7,-7,-7.0,14.0
CON,Congo-Brazzaville,1978,0,7,-7,-7.0,15.0
CON,Congo-Brazzaville,1979,0,8,-8,-8.0,16.0
CON,Congo-Brazzaville,1980,0,8,-8,-8.0,17.0
CON,Congo-Brazzaville,1981,0,8,-8,-8.0,18.0
CON,Congo-Brazzaville,1982,0,8,-8,-8.0,19.0
CON,Congo-Brazzaville,1983,0,8,-8,-8.0,20.0
CON,Congo-Brazzaville,1984,0,8,-8,-8.0,21.0
CON,Congo-Brazzaville,1985,0,8,-8,-8.0,22.0
CON,Congo-Brazzaville,1986,0,8,-8,-8.0,23.0
CON,Congo-Brazzaville,1987,0,8,-8,-8.0,24.0
CON,Congo-Brazzaville,1988,0,8,-8,-8.0,25.0
CON,Congo-Brazzaville,1989,0,8,-8,-8.0,26.0
CON,Congo-Brazzaville,1990,0,8,-8,-8.0,27.0
CON,Congo-Brazzaville,1991,-88,-88,-88,-1.0,0.0
CON,Congo-Brazzaville,1992,6,1,5,5.0,0.0
CON,Congo-Brazzaville,1993,6,1,5,5.0,1.0
CON,Congo-Brazzaville,1994,6,1,5,5.0,2.0
CON,Congo-Brazzaville,1995,6,1,5,5.0,3.0
CON,Congo-Brazzaville,1996,6,1,5,5.0,4.0
CON,Congo-Brazzaville,1997,0,6,-6,-6.0,0.0
CON,Congo-Brazzaville,1998,0,6,-6,-6.0,1.0
CON,Congo-Brazzaville,1999,0,6,-6,-6.0,2.0
CON,Congo-Brazzaville,2000,0,6,-6,-6.0,3.0
CON,Congo-Brazzaville,2001,0,5,-5,-5.0,4.0
CON,Congo-Brazzaville,2002,0,4,-4,-4.0,5.0
CON,Congo-Brazzaville,2003,0,4,-4,-4.0,6.0
CON,Congo-Brazzaville,2004,0,4,-4,-4.0,7.0
CON,Congo Brazzaville,2005,0,4,-4,-4.0,8.0
CON,Congo Brazzaville,2006,0,4,-4,-4.0,9.0
CON,Congo Brazzaville,2007,0,4,-4,-4.0,10.0
CON,Congo Brazzaville,2008,0,4,-4,-4.0,11.0
CON,Congo Brazzaville,2009,0,4,-4,-4.0,12.0
CON,Congo Brazzaville,2010,0,4,-4,-4.0,13.0
CON,Congo Brazzaville,2011,0,4,-4,-4.0,14.0
CON,Congo Brazzaville,2012,0,4,-4,-4.0,15.0
CON,Congo Brazzaville,2013,0,4,-4,-4.0,16.0
CON,Congo Brazzaville,2014,0,4,-4,-4.0,17.0
CON,Congo Brazzaville,2015,0,4,-4,-4.0,18.0
CON,Congo Brazzaville,2016,0,4,-4,-4.0,19.0
CON,Congo Brazzaville,2017,0,4,-4,-4.0,20.0
CON,Congo Brazzaville,2018,0,4,-4,-4.0,21.0
COS,Costa Rica,1838,0,4,-4,-4.0,0.0
COS,Costa Rica,1839,0,4,-4,-4.0,1.0
COS,Costa Rica,1840,0,4,-4,-4.0,2.0
COS,Costa Rica,1841,0,4,-4,-4.0,3.0
COS,Costa Rica,1842,0,4,-4,-4.0,4.0
COS,Costa Rica,1843,0,4,-4,-4.0,5.0
COS,Costa Rica,1844,0,4,-4,-4.0,6.0
COS,Costa Rica,1845,0,4,-4,-4.0,7.0
COS,Costa Rica,1846,0,4,-4,-4.0,8.0
COS,Costa Rica,1847,0,4,-4,-4.0,9.0
COS,Costa Rica,1848,0,4,-4,-4.0,10.0
COS,Costa Rica,1849,0,4,-4,-4.0,11.0
COS,Costa Rica,1850,0,4,-4,-4.0,12.0
COS,Costa Rica,1851,0,4,-4,-4.0,13.0
COS,Costa Rica,1852,0,4,-4,-4.0,14.0
COS,Costa Rica,1853,0,4,-4,-4.0,15.0
COS,Costa Rica,1854,0,4,-4,-4.0,16.0
COS,Costa Rica,1855,0,4,-4,-4.0,17.0
COS,Costa Rica,1856,0,4,-4,-4.0,18.0
COS,Costa Rica,1857,0,4,-4,-4.0,19.0
COS,Costa Rica,1858,0,4,-4,-4.0,20.0
COS,Costa Rica,1859,0,4,-4,-4.0,21.0
COS,Costa Rica,1860,0,4,-4,-4.0,22.0
COS,Costa Rica,1861,0,4,-4,-4.0,23.0
COS,Costa Rica,1862,0,4,-4,-4.0,24.0
COS,Costa Rica,1863,0,4,-4,-4.0,25.0
COS,Costa Rica,1864,0,4,-4,-4.0,26.0
COS,Costa Rica,1865,0,4,-4,-4.0,27.0
COS,Costa Rica,1866,0,4,-4,-4.0,28.0
COS,Costa Rica,1867,0,4,-4,-4.0,29.0
COS,Costa Rica,1868,0,4,-4,-4.0,30.0
COS,Costa Rica,1869,0,4,-4,-4.0,31.0
COS,Costa Rica,1870,0,4,-4,-4.0,32.0
COS,Costa Rica,1871,0,4,-4,-4.0,33.0
COS,Costa Rica,1872,0,4,-4,-4.0,34.0
COS,Costa Rica,1873,0,4,-4,-4.0,35.0
COS,Costa Rica,1874,0,4,-4,-4.0,36.0
COS,Costa Rica,1875,0,4,-4,-4.0,37.0
COS,Costa Rica,1876,0,4,-4,-4.0,38.0
COS,Costa Rica,1877,0,4,-4,-4.0,39.0
COS,Costa Rica,1878,0,4,-4,-4.0,40.0
COS,Costa Rica,1879,0,4,-4,-4.0,41.0
COS,Costa Rica,1880,0,4,-4,-4.0,42.0
COS,Costa Rica,1881,0,4,-4,-4.0,43.0
COS,Costa Rica,1882,0,4,-4,-4.0,44.0
COS,Costa Rica,1883,0,4,-4,-4.0,45.0
COS,Costa Rica,1884,0,4,-4,-4.0,46.0
COS,Costa Rica,1885,1,0,1,1.0,0.0
COS,Costa Rica,1886,1,0,1,1.0,1.0
COS,Costa Rica,1887,1,0,1,1.0,2.0
COS,Costa Rica,1888,1,0,1,1.0,3.0
COS,Costa Rica,1889,1,0,1,1.0,4.0
COS,Costa Rica,1890,6,1,5,5.0,0.0
COS,Costa Rica,1891,6,1,5,5.0,1.0
COS,Costa Rica,1892,6,1,5,5.0,2.0
COS,Costa Rica,1893,6,1,5,5.0,3.0
COS,Costa Rica,1894,8,0,8,8.0,0.0
COS,Costa Rica,1895,8,0,8,8.0,1.0
COS,Costa Rica,1896,8,0,8,8.0,2.0
COS,Costa Rica,1897,8,0,8,8.0,3.0
COS,Costa Rica,1898,8,0,8,8.0,4.0
COS,Costa Rica,1899,8,0,8,8.0,5.0
COS,Costa Rica,1900,8,0,8,8.0,6.0
COS,Costa Rica,1901,8,0,8,8.0,7.0
COS,Costa Rica,1902,8,0,8,8.0,8.0
COS,Costa Rica,1903,8,0,8,8.0,9.0
COS,Costa Rica,1904,8,0,8,8.0,10.0
COS,Costa Rica,1905,8,0,8,8.0,11.0
COS,Costa Rica,1906,8,0,8,8.0,12.0
COS,Costa Rica,1907,8,0,8,8.0,13.0
COS,Costa Rica,1908,8,0,8,8.0,14.0
COS,Costa Rica,1909,8,0,8,8.0,15.0
COS,Costa Rica,1910,8,0,8,8.0,16.0
COS,Costa Rica,1911,8,0,8,8.0,17.0
COS,Costa Rica,1912,8,0,8,8.0,18.0
COS,Costa Rica,1913,8,0,8,8.0,19.0
COS,Costa Rica,1914,8,0,8,8.0,20.0
COS,Costa Rica,1915,8,0,8,8.0,21.0
COS,Costa Rica,1916,8,0,8,8.0,22.0
COS,Costa Rica,1917,0,3,-3,-3.0,0.0
COS,Costa Rica,1918,0,3,-3,-3.0,1.0
COS,Costa Rica,1919,0,3,-3,-3.0,2.0
COS,Costa Rica,1920,6,1,5,5.0,0.0
COS,Costa Rica,1921,6,1,5,5.0,1.0
COS,Costa Rica,1922,6,1,5,5.0,2.0
COS,Costa Rica,1923,6,1,5,5.0,3.0
COS,Costa Rica,1924,6,1,5,5.0,4.0
COS,Costa Rica,1925,6,1,5,5.0,5.0
COS,Costa Rica,1926,6,1,5,5.0,6.0
COS,Costa Rica,1927,6,1,5,5.0,7.0
COS,Costa Rica,1928,6,1,5,5.0,8.0
COS,Costa Rica,1929,6,1,5,5.0,9.0
COS,Costa Rica,1930,6,1,5,5.0,10.0
COS,Costa Rica,1931,6,1,5,5.0,11.0
COS,Costa Rica,1932,6,1,5,5.0,12.0
COS,Costa Rica,1933,6,1,5,5.0,13.0
COS,Costa Rica,1934,6,1,5,5.0,14.0
COS,Costa Rica,1935,6,1,5,5.0,15.0
COS,Costa Rica,1936,6,1,5,5.0,16.0
COS,Costa Rica,1937,6,1,5,5.0,17.0
COS,Costa Rica,1938,6,1,5,5.0,18.0
COS,Costa Rica,1939,6,1,5,5.0,19.0
COS,Costa Rica,1940,6,1,5,5.0,20.0
COS,Costa Rica,1941,6,1,5,5.0,21.0
COS,Costa Rica,1942,6,1,5,5.0,22.0
COS,Costa Rica,1943,6,1,5,5.0,23.0
COS,Costa Rica,1944,6,1,5,5.0,24.0
COS,Costa Rica,1945,6,1,5,5.0,25.0
COS,Costa Rica,1946,6,1,5,5.0,26.0
COS,Costa Rica,1947,6,1,5,5.0,27.0
COS,Costa Rica,1948,4,0,4,4.0,0.0
COS,Costa Rica,1949,9,0,9,9.0,0.0
COS,Costa Rica,1950,9,0,9,9.0,1.0
COS,Costa Rica,1951,9,0,9,9.0,2.0
COS,Costa Rica,1952,9,0,9,9.0,3.0
COS,Costa Rica,1953,10,0,10,10.0,4.0
COS,Costa Rica,1954,10,0,10,10.0,5.0
COS,Costa Rica,1955,10,0,10,10.0,6.0
COS,Costa Rica,1956,10,0,10,10.0,7.0
COS,Costa Rica,1957,10,0,10,10.0,8.0
COS,Costa Rica,1958,10,0,10,10.0,9.0
COS,Costa Rica,1959,10,0,10,10.0,10.0
COS,Costa Rica,1960,10,0,10,10.0,11.0
COS,Costa Rica,1961,10,0,10,10.0,12.0
COS,Costa Rica,1962,10,0,10,10.0,13.0
COS,Costa Rica,1963,10,0,10,10.0,14.0
COS,Costa Rica,1964,10,0,10,10.0,15.0
COS,Costa Rica,1965,10,0,10,10.0,16.0
COS,Costa Rica,1966,10,0,10,10.0,17.0
COS,Costa Rica,1967,10,0,10,10.0,18.0
COS,Costa Rica,1968,10,0,10,10.0,19.0
COS,Costa Rica,1969,10,0,10,10.0,20.0
COS,Costa Rica,1970,10,0,10,10.0,21.0
COS,Costa Rica,1971,10,0,10,10.0,22.0
COS,Costa Rica,1972,10,0,10,10.0,23.0
COS,Costa Rica,1973,10,0,10,10.0,24.0
COS,Costa Rica,1974,10,0,10,10.0,25.0
COS,Costa Rica,1975,10,0,10,10.0,26.0
COS,Costa Rica,1976,10,0,10,10.0,27.0
COS,Costa Rica,1977,10,0,10,10.0,28.0
COS,Costa Rica,1978,10,0,10,10.0,29.0
COS,Costa Rica,1979,10,0,10,10.0,30.0
COS,Costa Rica,1980,10,0,10,10.0,31.0
COS,Costa Rica,1981,10,0,10,10.0,32.0
COS,Costa Rica,1982,10,0,10,10.0,33.0
COS,Costa Rica,1983,10,0,10,10.0,34.0
COS,Costa Rica,1984,10,0,10,10.0,35.0
COS,Costa Rica,1985,10,0,10,10.0,36.0
COS,Costa Rica,1986,10,0,10,10.0,37.0
COS,Costa Rica,1987,10,0,10,10.0,38.0
COS,Costa Rica,1988,10,0,10,10.0,39.0
COS,Costa Rica,1989,10,0,10,10.0,40.0
COS,Costa Rica,1990,10,0,10,10.0,41.0
COS,Costa Rica,1991,10,0,10,10.0,42.0
COS,Costa Rica,1992,10,0,10,10.0,43.0
COS,Costa Rica,1993,10,0,10,10.0,44.0
COS,Costa Rica,1994,10,0,10,10.0,45.0
COS,Costa Rica,1995,10,0,10,10.0,46.0
COS,Costa Rica,1996,10,0,10,10.0,47.0
COS,Costa Rica,1997,10,0,10,10.0,48.0
COS,Costa Rica,1998,10,0,10,10.0,49.0
COS,Costa Rica,1999,10,0,10,10.0,50.0
COS,Costa Rica,2000,10,0,10,10.0,51.0
COS,Costa Rica,2001,10,0,10,10.0,52.0
COS,Costa Rica,2002,10,0,10,10.0,53.0
COS,Costa Rica,2003,10,0,10,10.0,54.0
COS,Costa Rica,2004,10,0,10,10.0,55.0
COS,Costa Rica,2005,10,0,10,10.0,56.0
COS,Costa Rica,2006,10,0,10,10.0,57.0
COS,Costa Rica,2007,10,0,10,10.0,58.0
COS,Costa Rica,2008,10,0,10,10.0,59.0
COS,Costa Rica,2009,10,0,10,10.0,60.0
COS,Costa Rica,2010,10,0,10,10.0,61.0
COS,Costa Rica,2011,10,0,10,10.0,62.0
COS,Costa Rica,2012,10,0,10,10.0,63.0
COS,Costa Rica,2013,10,0,10,10.0,64.0
COS,Costa Rica,2014,10,0,10,10.0,65.0
COS,Costa Rica,2015,10,0,10,10.0,66.0
COS,Costa Rica,2016,10,0,10,10.0,67.0
COS,Costa Rica,2017,10,0,10,10.0,68.0
COS,Costa Rica,2018,10,0,10,10.0,69.0
CRO,Croatia,1991,1,4,-3,-3.0,0.0
CRO,Croatia,1992,1,4,-3,-3.0,1.0
CRO,Croatia,1993,1,4,-3,-3.0,2.0
CRO,Croatia,1994,1,4,-3,-3.0,3.0
CRO,Croatia,1995,0,5,-5,-5.0,4.0
CRO,Croatia,1996,0,5,-5,-5.0,5.0
CRO,Croatia,1997,0,5,-5,-5.0,6.0
CRO,Croatia,1998,0,5,-5,-5.0,7.0
CRO,Croatia,1999,-88,-88,-88,1.0,0.0
CRO,Croatia,2000,8,0,8,8.0,0.0
CRO,Croatia,2001,8,0,8,8.0,1.0
CRO,Croatia,2002,8,0,8,8.0,2.0
CRO,Croatia,2003,8,0,8,8.0,3.0
CRO,Croatia,2004,8,0,8,8.0,4.0
CRO,Croatia,2005,9,0,9,9.0,5.0
CRO,Croatia,2006,9,0,9,9.0,6.0
CRO,Croatia,2007,9,0,9,9.0,7.0
CRO,Croatia,2008,9,0,9,9.0,8.0
CRO,Croatia,2009,9,0,9,9.0,9.0
CRO,Croatia,2010,9,0,9,9.0,10.0
CRO,Croatia,2011,9,0,9,9.0,11.0
CRO,Croatia,2012,9,0,9,9.0,12.0
CRO,Croatia,2013,9,0,9,9.0,13.0
CRO,Croatia,2014,9,0,9,9.0,14.0
CRO,Croatia,2015,9,0,9,9.0,15.0
CRO,Croatia,2016,9,0,9,9.0,16.0
CRO,Croatia,2017,9,0,9,9.0,17.0
CRO,Croatia,2018,9,0,9,9.0,18.0
CUB,Cuba,1902,4,1,3,3.0,0.0
CUB,Cuba,1903,4,1,3,3.0,1.0
CUB,Cuba,1904,4,1,3,3.0,2.0
CUB,Cuba,1905,4,1,3,3.0,3.0
CUB,Cuba,1906,4,1,3,3.0,4.0
CUB,Cuba,1907,4,1,3,3.0,5.0
CUB,Cuba,1908,4,1,3,3.0,6.0
CUB,Cuba,1909,4,1,3,3.0,7.0
CUB,Cuba,1910,4,1,3,3.0,8.0
CUB,Cuba,1911,4,1,3,3.0,9.0
CUB,Cuba,1912,4,1,3,3.0,10.0
CUB,Cuba,1913,4,1,3,3.0,11.0
CUB,Cuba,1914,4,1,3,3.0,12.0
CUB,Cuba,1915,4,1,3,3.0,13.0
CUB,Cuba,1916,4,1,3,3.0,14.0
CUB,Cuba,1917,4,1,3,3.0,0.0
CUB,Cuba,1918,4,1,3,3.0,1.0
CUB,Cuba,1919,4,1,3,3.0,2.0
CUB,Cuba,1920,4,1,3,3.0,3.0
CUB,Cuba,1921,4,1,3,3.0,4.0
CUB,Cuba,1922,4,1,3,3.0,5.0
CUB,Cuba,1923,4,1,3,3.0,6.0
CUB,Cuba,1924,4,1,3,3.0,7.0
CUB,Cuba,1925,4,1,3,3.0,8.0
CUB,Cuba,1926,4,1,3,3.0,9.0
CUB,Cuba,1927,4,1,3,3.0,10.0
CUB,Cuba,1928,4,3,1,1.0,11.0
CUB,Cuba,1929,4,3,1,1.0,12.0
CUB,Cuba,1930,4,3,1,1.0,13.0
CUB,Cuba,1931,4,3,1,1.0,14.0
CUB,Cuba,1932,4,3,1,1.0,15.0
CUB,Cuba,1933,4,1,3,3.0,16.0
CUB,Cuba,1934,4,1,3,3.0,17.0
CUB,Cuba,1935,4,1,3,3.0,18.0
CUB,Cuba,1936,4,1,3,3.0,19.0
CUB,Cuba,1937,4,1,3,3.0,20.0
CUB,Cuba,1938,4,1,3,3.0,21.0
CUB,Cuba,1939,4,1,3,3.0,22.0
CUB,Cuba,1940,4,1,3,3.0,23.0
CUB,Cuba,1941,4,1,3,3.0,24.0
CUB,Cuba,1942,4,1,3,3.0,25.0
CUB,Cuba,1943,4,1,3,3.0,26.0
CUB,Cuba,1944,4,1,3,3.0,27.0
CUB,Cuba,1945,4,1,3,3.0,28.0
CUB,Cuba,1946,4,1,3,3.0,29.0
CUB,Cuba,1947,4,1,3,3.0,30.0
CUB,Cuba,1948,4,1,3,3.0,31.0
CUB,Cuba,1949,4,1,3,3.0,32.0
CUB,Cuba,1950,4,1,3,3.0,33.0
CUB,Cuba,1951,4,1,3,3.0,34.0
CUB,Cuba,1952,-88,-88,-88,0.0,0.0
CUB,Cuba,1953,-88,-88,-88,-3.0,0.0
CUB,Cuba,1954,-88,-88,-88,-6.0,0.0
CUB,Cuba,1955,0,9,-9,-9.0,0.0
CUB,Cuba,1956,0,9,-9,-9.0,1.0
CUB,Cuba,1957,0,9,-9,-9.0,2.0
CUB,Cuba,1958,0,9,-9,-9.0,3.0
CUB,Cuba,1959,-77,-77,-77,0.0,0.0
CUB,Cuba,1960,-88,-88,-88,-4.0,0.0
CUB,Cuba,1961,0,7,-7,-7.0,0.0
CUB,Cuba,1962,0,7,-7,-7.0,1.0
CUB,Cuba,1963,0,7,-7,-7.0,2.0
CUB,Cuba,1964,0,7,-7,-7.0,3.0
CUB,Cuba,1965,0,7,-7,-7.0,4.0
CUB,Cuba,1966,0,7,-7,-7.0,5.0
CUB,Cuba,1967,0,7,-7,-7.0,6.0
CUB,Cuba,1968,0,7,-7,-7.0,7.0
CUB,Cuba,1969,0,7,-7,-7.0,8.0
CUB,Cuba,1970,0,7,-7,-7.0,9.0
CUB,Cuba,1971,0,7,-7,-7.0,10.0
CUB,Cuba,1972,0,7,-7,-7.0,11.0
CUB,Cuba,1973,0,7,-7,-7.0,12.0
CUB,Cuba,1974,0,7,-7,-7.0,13.0
CUB,Cuba,1975,0,7,-7,-7.0,14.0
CUB,Cuba,1976,0,7,-7,-7.0,15.0
CUB,Cuba,1977,0,7,-7,-7.0,16.0
CUB,Cuba,1978,0,7,-7,-7.0,17.0
CUB,Cuba,1979,0,7,-7,-7.0,18.0
CUB,Cuba,1980,0,7,-7,-7.0,19.0
CUB,Cuba,1981,0,7,-7,-7.0,20.0
CUB,Cuba,1982,0,7,-7,-7.0,21.0
CUB,Cuba,1983,0,7,-7,-7.0,22.0
CUB,Cuba,1984,0,7,-7,-7.0,23.0
CUB,Cuba,1985,0,7,-7,-7.0,24.0
CUB,Cuba,1986,0,7,-7,-7.0,25.0
CUB,Cuba,1987,0,7,-7,-7.0,26.0
CUB,Cuba,1988,0,7,-7,-7.0,27.0
CUB,Cuba,1989,0,7,-7,-7.0,28.0
CUB,Cuba,1990,0,7,-7,-7.0,29.0
CUB,Cuba,1991,0,7,-7,-7.0,30.0
CUB,Cuba,1992,0,7,-7,-7.0,31.0
CUB,Cuba,1993,0,7,-7,-7.0,32.0
CUB,Cuba,1994,0,7,-7,-7.0,33.0
CUB,Cuba,1995,0,7,-7,-7.0,34.0
CUB,Cuba,1996,0,7,-7,-7.0,35.0
CUB,Cuba,1997,0,7,-7,-7.0,36.0
CUB,Cuba,1998,0,7,-7,-7.0,37.0
CUB,Cuba,1999,0,7,-7,-7.0,38.0
CUB,Cuba,2000,0,7,-7,-7.0,39.0
CUB,Cuba,2001,0,7,-7,-7.0,40.0
CUB,Cuba,2002,0,7,-7,-7.0,41.0
CUB,Cuba,2003,0,7,-7,-7.0,42.0
CUB,Cuba,2004,0,7,-7,-7.0,43.0
CUB,Cuba,2005,0,7,-7,-7.0,44.0
CUB,Cuba,2006,0,7,-7,-7.0,45.0
CUB,Cuba,2007,0,7,-7,-7.0,46.0
CUB,Cuba,2008,0,7,-7,-7.0,47.0
CUB,Cuba,2009,0,7,-7,-7.0,48.0
CUB,Cuba,2010,0,7,-7,-7.0,49.0
CUB,Cuba,2011,0,7,-7,-7.0,50.0
CUB,Cuba,2012,0,7,-7,-7.0,51.0
CUB,Cuba,2013,0,7,-7,-7.0,52.0
CUB,Cuba,2014,0,7,-7,-7.0,53.0
CUB,Cuba,2015,0,7,-7,-7.0,54.0
CUB,Cuba,2016,0,7,-7,-7.0,55.0
CUB,Cuba,2017,0,7,-7,-7.0,56.0
CUB,Cuba,2018,1,6,-5,-5.0,57.0
CYP,Cyprus,1960,8,0,8,8.0,0.0
CYP,Cyprus,1961,8,0,8,8.0,1.0
CYP,Cyprus,1962,8,0,8,8.0,2.0
CYP,Cyprus,1963,-77,-77,-77,0.0,0.0
CYP,Cyprus,1964,-77,-77,-77,0.0,0.0
CYP,Cyprus,1965,-77,-77,-77,0.0,0.0
CYP,Cyprus,1966,-77,-77,-77,0.0,0.0
CYP,Cyprus,1967,-77,-77,-77,0.0,0.0
CYP,Cyprus,1968,7,0,7,7.0,0.0
CYP,Cyprus,1969,7,0,7,7.0,1.0
CYP,Cyprus,1970,7,0,7,7.0,2.0
CYP,Cyprus,1971,7,0,7,7.0,3.0
CYP,Cyprus,1972,7,0,7,7.0,4.0
CYP,Cyprus,1973,7,0,7,7.0,5.0
CYP,Cyprus,1974,-88,-88,-88,8.0,0.0
CYP,Cyprus,1975,10,0,10,10.0,0.0
CYP,Cyprus,1976,10,0,10,10.0,1.0
CYP,Cyprus,1977,10,0,10,10.0,2.0
CYP,Cyprus,1978,10,0,10,10.0,3.0
CYP,Cyprus,1979,10,0,10,10.0,4.0
CYP,Cyprus,1980,10,0,10,10.0,5.0
CYP,Cyprus,1981,10,0,10,10.0,6.0
CYP,Cyprus,1982,10,0,10,10.0,7.0
CYP,Cyprus,1983,10,0,10,10.0,8.0
CYP,Cyprus,1984,10,0,10,10.0,9.0
CYP,Cyprus,1985,10,0,10,10.0,10.0
CYP,Cyprus,1986,10,0,10,10.0,11.0
CYP,Cyprus,1987,10,0,10,10.0,12.0
CYP,Cyprus,1988,10,0,10,10.0,13.0
CYP,Cyprus,1989,10,0,10,10.0,14.0
CYP,Cyprus,1990,10,0,10,10.0,15.0
CYP,Cyprus,1991,10,0,10,10.0,16.0
CYP,Cyprus,1992,10,0,10,10.0,17.0
CYP,Cyprus,1993,10,0,10,10.0,18.0
CYP,Cyprus,1994,10,0,10,10.0,19.0
CYP,Cyprus,1995,10,0,10,10.0,20.0
CYP,Cyprus,1996,10,0,10,10.0,21.0
CYP,Cyprus,1997,10,0,10,10.0,22.0
CYP,Cyprus,1998,10,0,10,10.0,23.0
CYP,Cyprus,1999,10,0,10,10.0,24.0
CYP,Cyprus,2000,10,0,10,10.0,25.0
CYP,Cyprus,2001,10,0,10,10.0,26.0
CYP,Cyprus,2002,10,0,10,10.0,27.0
CYP,Cyprus,2003,10,0,10,10.0,28.0
CYP,Cyprus,2004,10,0,10,10.0,29.0
CYP,Cyprus,2005,10,0,10,10.0,30.0
CYP,Cyprus,2006,10,0,10,10.0,31.0
CYP,Cyprus,2007,10,0,10,10.0,32.0
CYP,Cyprus,2008,10,0,10,10.0,33.0
CYP,Cyprus,2009,10,0,10,10.0,34.0
CYP,Cyprus,2010,10,0,10,10.0,35.0
CYP,Cyprus,2011,10,0,10,10.0,36.0
CYP,Cyprus,2012,10,0,10,10.0,37.0
CYP,Cyprus,2013,10,0,10,10.0,38.0
CYP,Cyprus,2014,10,0,10,10.0,39.0
CYP,Cyprus,2015,10,0,10,10.0,40.0
CYP,Cyprus,2016,10,0,10,10.0,41.0
CYP,Cyprus,2017,10,0,10,10.0,42.0
CYP,Cyprus,2018,10,0,10,10.0,43.0
CZE,Czechoslovakia,1918,7,0,7,7.0,0.0
CZE,Czechoslovakia,1919,7,0,7,7.0,1.0
CZE,Czechoslovakia,1920,7,0,7,7.0,2.0
CZE,Czechoslovakia,1921,7,0,7,7.0,3.0
CZE,Czechoslovakia,1922,7,0,7,7.0,4.0
CZE,Czechoslovakia,1923,7,0,7,7.0,5.0
CZE,Czechoslovakia,1924,7,0,7,7.0,6.0
CZE,Czechoslovakia,1925,7,0,7,7.0,7.0
CZE,Czechoslovakia,1926,7,0,7,7.0,8.0
CZE,Czechoslovakia,1927,7,0,7,7.0,9.0
CZE,Czechoslovakia,1928,7,0,7,7.0,10.0
CZE,Czechoslovakia,1929,7,0,7,7.0,11.0
CZE,Czechoslovakia,1930,7,0,7,7.0,12.0
CZE,Czechoslovakia,1931,7,0,7,7.0,13.0
CZE,Czechoslovakia,1932,7,0,7,7.0,14.0
CZE,Czechoslovakia,1933,7,0,7,7.0,15.0
CZE,Czechoslovakia,1934,7,0,7,7.0,16.0
CZE,Czechoslovakia,1935,7,0,7,7.0,17.0
CZE,Czechoslovakia,1936,7,0,7,7.0,18.0
CZE,Czechoslovakia,1937,7,0,7,7.0,19.0
CZE,Czechoslovakia,1938,-77,-77,-77,0.0,0.0
CZE,Czechoslovakia,1939,-66,-66,-66,,0.0
CZE,Czechoslovakia,1940,-66,-66,-66,,0.0
CZE,Czechoslovakia,1941,-66,-66,-66,,0.0
CZE,Czechoslovakia,1942,-66,-66,-66,,0.0
CZE,Czechoslovakia,1943,-66,-66,-66,,0.0
CZE,Czechoslovakia,1944,-66,-66,-66,,0.0
CZE,Czechoslovakia,1945,-88,-88,-88,6.0,0.0
CZE,Czechoslovakia,1946,5,0,5,5.0,0.0
CZE,Czechoslovakia,1947,5,0,5,5.0,1.0
CZE,Czechoslovakia,1948,0,7,-7,-7.0,0.0
CZE,Czechoslovakia,1949,0,7,-7,-7.0,1.0
CZE,Czechoslovakia,1950,0,7,-7,-7.0,2.0
CZE,Czechoslovakia,1951,0,7,-7,-7.0,3.0
CZE,Czechoslovakia,1952,0,7,-7,-7.0,4.0
CZE,Czechoslovakia,1953,0,7,-7,-7.0,5.0
CZE,Czechoslovakia,1954,0,7,-7,-7.0,6.0
CZE,Czechoslovakia,1955,0,7,-7,-7.0,7.0
CZE,Czechoslovakia,1956,0,7,-7,-7.0,8.0
CZE,Czechoslovakia,1957,0,7,-7,-7.0,9.0
CZE,Czechoslovakia,1958,0,7,-7,-7.0,10.0
CZE,Czechoslovakia,1959,0,7,-7,-7.0,11.0
CZE,Czechoslovakia,1960,0,7,-7,-7.0,12.0
CZE,Czechoslovakia,1961,0,7,-7,-7.0,13.0
CZE,Czechoslovakia,1962,0,7,-7,-7.0,14.0
CZE,Czechoslovakia,1963,0,7,-7,-7.0,15.0
CZE,Czechoslovakia,1964,0,7,-7,-7.0,16.0
CZE,Czechoslovakia,1965,0,7,-7,-7.0,17.0
CZE,Czechoslovakia,1966,0,7,-7,-7.0,18.0
CZE,Czechoslovakia,1967,0,7,-7,-7.0,19.0
CZE,Czechoslovakia,1968,-66,-66,-66,,0.0
CZE,Czechoslovakia,1969,0,7,-7,-7.0,0.0
CZE,Czechoslovakia,1970,0,7,-7,-7.0,1.0
CZE,Czechoslovakia,1971,0,7,-7,-7.0,2.0
CZE,Czechoslovakia,1972,0,7,-7,-7.0,3.0
CZE,Czechoslovakia,1973,0,7,-7,-7.0,4.0
CZE,Czechoslovakia,1974,0,7,-7,-7.0,5.0
CZE,Czechoslovakia,1975,0,7,-7,-7.0,6.0
CZE,Czechoslovakia,1976,0,7,-7,-7.0,7.0
CZE,Czechoslovakia,1977,0,7,-7,-7.0,8.0
CZE,Czechoslovakia,1978,0,7,-7,-7.0,9.0
CZE,Czechoslovakia,1979,0,7,-7,-7.0,10.0
CZE,Czechoslovakia,1980,0,7,-7,-7.0,11.0
CZE,Czechoslovakia,1981,0,7,-7,-7.0,12.0
CZE,Czechoslovakia,1982,0,7,-7,-7.0,13.0
CZE,Czechoslovakia,1983,0,7,-7,-7.0,14.0
CZE,Czechoslovakia,1984,0,7,-7,-7.0,15.0
CZE,Czechoslovakia,1985,0,7,-7,-7.0,16.0
CZE,Czechoslovakia,1986,0,7,-7,-7.0,17.0
CZE,Czechoslovakia,1987,0,7,-7,-7.0,18.0
CZE,Czechoslovakia,1988,0,7,-7,-7.0,19.0
CZE,Czechoslovakia,1989,2,4,-2,-2.0,0.0
CZE,Czechoslovakia,1990,7,0,7,7.0,0.0
CZE,Czechoslovakia,1991,7,0,7,7.0,1.0
CZE,Czechoslovakia,1992,7,0,7,7.0,2.0
CZR,Czech Republic,1993,10,0,10,10.0,0.0
CZR,Czech Republic,1994,10,0,10,10.0,1.0
CZR,Czech Republic,1995,10,0,10,10.0,2.0
CZR,Czech Republic,1996,10,0,10,10.0,3.0
CZR,Czech Republic,1997,10,0,10,10.0,4.0
CZR,Czech Republic,1998,10,0,10,10.0,5.0
CZR,Czech Republic,1999,10,0,10,10.0,6.0
CZR,Czech Republic,2000,10,0,10,10.0,7.0
CZR,Czech Republic,2001,10,0,10,10.0,8.0
CZR,Czech Republic,2002,10,0,10,10.0,9.0
CZR,Czech Republic,2003,10,0,10,10.0,10.0
CZR,Czech Republic,2004,10,0,10,10.0,11.0
CZR,Czech Republic,2005,10,0,10,10.0,12.0
CZR,Czech Republic,2006,9,0,9,9.0,13.0
CZR,Czech Republic,2007,9,0,9,9.0,14.0
CZR,Czech Republic,2008,9,0,9,9.0,15.0
CZR,Czech Republic,2009,9,0,9,9.0,16.0
CZR,Czech Republic,2010,9,0,9,9.0,17.0
CZR,Czech Republic,2011,9,0,9,9.0,18.0
CZR,Czech Republic,2012,9,0,9,9.0,19.0
CZR,Czech Republic,2013,9,0,9,9.0,20.0
CZR,Czech Republic,2014,9,0,9,9.0,21.0
CZR,Czech Republic,2015,9,0,9,9.0,22.0
CZR,Czech Republic,2016,9,0,9,9.0,23.0
CZR,Czech Republic,2017,9,0,9,9.0,24.0
CZR,Czech Republic,2018,9,0,9,9.0,25.0
DEN,Denmark,1800,0,10,-10,-10.0,
DEN,Denmark,1801,0,10,-10,-10.0,
DEN,Denmark,1802,0,10,-10,-10.0,
DEN,Denmark,1803,0,10,-10,-10.0,
DEN,Denmark,1804,0,10,-10,-10.0,
DEN,Denmark,1805,0,10,-10,-10.0,
DEN,Denmark,1806,0,10,-10,-10.0,
DEN,Denmark,1807,0,10,-10,-10.0,
DEN,Denmark,1808,0,10,-10,-10.0,
DEN,Denmark,1809,0,10,-10,-10.0,
DEN,Denmark,1810,0,10,-10,-10.0,
DEN,Denmark,1811,0,10,-10,-10.0,
DEN,Denmark,1812,0,10,-10,-10.0,
DEN,Denmark,1813,0,10,-10,-10.0,
DEN,Denmark,1814,0,10,-10,-10.0,
DEN,Denmark,1815,0,10,-10,-10.0,
DEN,Denmark,1816,0,10,-10,-10.0,
DEN,Denmark,1817,0,10,-10,-10.0,
DEN,Denmark,1818,0,10,-10,-10.0,
DEN,Denmark,1819,0,10,-10,-10.0,
DEN,Denmark,1820,0,10,-10,-10.0,
DEN,Denmark,1821,0,10,-10,-10.0,
DEN,Denmark,1822,0,10,-10,-10.0,
DEN,Denmark,1823,0,10,-10,-10.0,
DEN,Denmark,1824,0,10,-10,-10.0,
DEN,Denmark,1825,0,10,-10,-10.0,
DEN,Denmark,1826,0,10,-10,-10.0,
DEN,Denmark,1827,0,10,-10,-10.0,
DEN,Denmark,1828,0,10,-10,-10.0,
DEN,Denmark,1829,0,10,-10,-10.0,
DEN,Denmark,1830,0,10,-10,-10.0,
DEN,Denmark,1831,0,10,-10,-10.0,
DEN,Denmark,1832,0,10,-10,-10.0,
DEN,Denmark,1833,0,10,-10,-10.0,
DEN,Denmark,1834,0,9,-9,-9.0,
DEN,Denmark,1835,0,9,-9,-9.0,
DEN,Denmark,1836,0,9,-9,-9.0,
DEN,Denmark,1837,0,9,-9,-9.0,
DEN,Denmark,1838,0,9,-9,-9.0,
DEN,Denmark,1839,0,9,-9,-9.0,
DEN,Denmark,1840,0,9,-9,-9.0,
DEN,Denmark,1841,0,9,-9,-9.0,
DEN,Denmark,1842,0,9,-9,-9.0,
DEN,Denmark,1843,0,9,-9,-9.0,
DEN,Denmark,1844,0,9,-9,-9.0,
DEN,Denmark,1845,0,9,-9,-9.0,
DEN,Denmark,1846,0,9,-9,-9.0,
DEN,Denmark,1847,0,9,-9,-9.0,
DEN,Denmark,1848,0,9,-9,-9.0,
DEN,Denmark,1849,5,3,2,2.0,0.0
DEN,Denmark,1850,5,3,2,2.0,1.0
DEN,Denmark,1851,5,3,2,2.0,2.0
DEN,Denmark,1852,5,3,2,2.0,3.0
DEN,Denmark,1853,5,3,2,2.0,4.0
DEN,Denmark,1854,5,3,2,2.0,5.0
DEN,Denmark,1855,5,3,2,2.0,6.0
DEN,Denmark,1856,5,3,2,2.0,7.0
DEN,Denmark,1857,5,3,2,2.0,8.0
DEN,Denmark,1858,5,3,2,2.0,9.0
DEN,Denmark,1859,5,3,2,2.0,10.0
DEN,Denmark,1860,5,3,2,2.0,11.0
DEN,Denmark,1861,5,3,2,2.0,12.0
DEN,Denmark,1862,5,3,2,2.0,13.0
DEN,Denmark,1863,5,3,2,2.0,14.0
DEN,Denmark,1864,5,3,2,2.0,15.0
DEN,Denmark,1865,5,3,2,2.0,16.0
DEN,Denmark,1866,3,4,-1,-1.0,0.0
DEN,Denmark,1867,3,4,-1,-1.0,1.0
DEN,Denmark,1868,3,4,-1,-1.0,2.0
DEN,Denmark,1869,3,4,-1,-1.0,3.0
DEN,Denmark,1870,1,4,-3,-3.0,4.0
DEN,Denmark,1871,1,4,-3,-3.0,5.0
DEN,Denmark,1872,1,4,-3,-3.0,6.0
DEN,Denmark,1873,1,4,-3,-3.0,7.0
DEN,Denmark,1874,1,4,-3,-3.0,8.0
DEN,Denmark,1875,1,4,-3,-3.0,9.0
DEN,Denmark,1876,1,4,-3,-3.0,10.0
DEN,Denmark,1877,1,4,-3,-3.0,11.0
DEN,Denmark,1878,1,4,-3,-3.0,12.0
DEN,Denmark,1879,1,4,-3,-3.0,13.0
DEN,Denmark,1880,1,4,-3,-3.0,14.0
DEN,Denmark,1881,1,4,-3,-3.0,15.0
DEN,Denmark,1882,1,4,-3,-3.0,16.0
DEN,Denmark,1883,1,4,-3,-3.0,17.0
DEN,Denmark,1884,1,4,-3,-3.0,18.0
DEN,Denmark,1885,1,4,-3,-3.0,19.0
DEN,Denmark,1886,1,4,-3,-3.0,20.0
DEN,Denmark,1887,1,4,-3,-3.0,21.0
DEN,Denmark,1888,1,4,-3,-3.0,22.0
DEN,Denmark,1889,1,4,-3,-3.0,23.0
DEN,Denmark,1890,1,4,-3,-3.0,24.0
DEN,Denmark,1891,1,4,-3,-3.0,25.0
DEN,Denmark,1892,1,4,-3,-3.0,26.0
DEN,Denmark,1893,1,4,-3,-3.0,27.0
DEN,Denmark,1894,1,4,-3,-3.0,28.0
DEN,Denmark,1895,1,4,-3,-3.0,29.0
DEN,Denmark,1896,1,4,-3,-3.0,30.0
DEN,Denmark,1897,1,4,-3,-3.0,31.0
DEN,Denmark,1898,1,4,-3,-3.0,32.0
DEN,Denmark,1899,1,4,-3,-3.0,33.0
DEN,Denmark,1900,1,4,-3,-3.0,34.0
DEN,Denmark,1901,-88,-88,-88,-2.0,0.0
DEN,Denmark,1902,-88,-88,-88,-1.0,0.0
DEN,Denmark,1903,-88,-88,-88,0.0,0.0
DEN,Denmark,1904,-88,-88,-88,1.0,0.0
DEN,Denmark,1905,-88,-88,-88,2.0,0.0
DEN,Denmark,1906,-88,-88,-88,3.0,0.0
DEN,Denmark,1907,-88,-88,-88,3.0,0.0
DEN,Denmark,1908,-88,-88,-88,4.0,0.0
DEN,Denmark,1909,-88,-88,-88,4.0,0.0
DEN,Denmark,1910,-88,-88,-88,5.0,0.0
DEN,Denmark,1911,-88,-88,-88,6.0,0.0
DEN,Denmark,1912,-88,-88,-88,7.0,0.0
DEN,Denmark,1913,-88,-88,-88,8.0,0.0
DEN,Denmark,1914,-88,-88,-88,9.0,0.0
DEN,Denmark,1915,10,0,10,10.0,0.0
DEN,Denmark,1916,10,0,10,10.0,1.0
DEN,Denmark,1917,10,0,10,10.0,2.0
DEN,Denmark,1918,10,0,10,10.0,3.0
DEN,Denmark,1919,10,0,10,10.0,4.0
DEN,Denmark,1920,10,0,10,10.0,5.0
DEN,Denmark,1921,10,0,10,10.0,6.0
DEN,Denmark,1922,10,0,10,10.0,7.0
DEN,Denmark,1923,10,0,10,10.0,8.0
DEN,Denmark,1924,10,0,10,10.0,9.0
DEN,Denmark,1925,10,0,10,10.0,10.0
DEN,Denmark,1926,10,0,10,10.0,11.0
DEN,Denmark,1927,10,0,10,10.0,12.0
DEN,Denmark,1928,10,0,10,10.0,13.0
DEN,Denmark,1929,10,0,10,10.0,14.0
DEN,Denmark,1930,10,0,10,10.0,15.0
DEN,Denmark,1931,10,0,10,10.0,16.0
DEN,Denmark,1932,10,0,10,10.0,17.0
DEN,Denmark,1933,10,0,10,10.0,18.0
DEN,Denmark,1934,10,0,10,10.0,19.0
DEN,Denmark,1935,10,0,10,10.0,20.0
DEN,Denmark,1936,10,0,10,10.0,21.0
DEN,Denmark,1937,10,0,10,10.0,22.0
DEN,Denmark,1938,10,0,10,10.0,23.0
DEN,Denmark,1939,10,0,10,10.0,24.0
DEN,Denmark,1940,-66,-66,-66,,0.0
DEN,Denmark,1941,-66,-66,-66,,0.0
DEN,Denmark,1942,-66,-66,-66,,0.0
DEN,Denmark,1943,-66,-66,-66,,0.0
DEN,Denmark,1944,-66,-66,-66,,0.0
DEN,Denmark,1945,10,0,10,10.0,0.0
DEN,Denmark,1946,10,0,10,10.0,1.0
DEN,Denmark,1947,10,0,10,10.0,2.0
DEN,Denmark,1948,10,0,10,10.0,3.0
DEN,Denmark,1949,10,0,10,10.0,4.0
DEN,Denmark,1950,10,0,10,10.0,5.0
DEN,Denmark,1951,10,0,10,10.0,6.0
DEN,Denmark,1952,10,0,10,10.0,7.0
DEN,Denmark,1953,10,0,10,10.0,8.0
DEN,Denmark,1954,10,0,10,10.0,9.0
DEN,Denmark,1955,10,0,10,10.0,10.0
DEN,Denmark,1956,10,0,10,10.0,11.0
DEN,Denmark,1957,10,0,10,10.0,12.0
DEN,Denmark,1958,10,0,10,10.0,13.0
DEN,Denmark,1959,10,0,10,10.0,14.0
DEN,Denmark,1960,10,0,10,10.0,15.0
DEN,Denmark,1961,10,0,10,10.0,16.0
DEN,Denmark,1962,10,0,10,10.0,17.0
DEN,Denmark,1963,10,0,10,10.0,18.0
DEN,Denmark,1964,10,0,10,10.0,19.0
DEN,Denmark,1965,10,0,10,10.0,20.0
DEN,Denmark,1966,10,0,10,10.0,21.0
DEN,Denmark,1967,10,0,10,10.0,22.0
DEN,Denmark,1968,10,0,10,10.0,23.0
DEN,Denmark,1969,10,0,10,10.0,24.0
DEN,Denmark,1970,10,0,10,10.0,25.0
DEN,Denmark,1971,10,0,10,10.0,26.0
DEN,Denmark,1972,10,0,10,10.0,27.0
DEN,Denmark,1973,10,0,10,10.0,28.0
DEN,Denmark,1974,10,0,10,10.0,29.0
DEN,Denmark,1975,10,0,10,10.0,30.0
DEN,Denmark,1976,10,0,10,10.0,31.0
DEN,Denmark,1977,10,0,10,10.0,32.0
DEN,Denmark,1978,10,0,10,10.0,33.0
DEN,Denmark,1979,10,0,10,10.0,34.0
DEN,Denmark,1980,10,0,10,10.0,35.0
DEN,Denmark,1981,10,0,10,10.0,36.0
DEN,Denmark,1982,10,0,10,10.0,37.0
DEN,Denmark,1983,10,0,10,10.0,38.0
DEN,Denmark,1984,10,0,10,10.0,39.0
DEN,Denmark,1985,10,0,10,10.0,40.0
DEN,Denmark,1986,10,0,10,10.0,41.0
DEN,Denmark,1987,10,0,10,10.0,42.0
DEN,Denmark,1988,10,0,10,10.0,43.0
DEN,Denmark,1989,10,0,10,10.0,44.0
DEN,Denmark,1990,10,0,10,10.0,45.0
DEN,Denmark,1991,10,0,10,10.0,46.0
DEN,Denmark,1992,10,0,10,10.0,47.0
DEN,Denmark,1993,10,0,10,10.0,48.0
DEN,Denmark,1994,10,0,10,10.0,49.0
DEN,Denmark,1995,10,0,10,10.0,50.0
DEN,Denmark,1996,10,0,10,10.0,51.0
DEN,Denmark,1997,10,0,10,10.0,52.0
DEN,Denmark,1998,10,0,10,10.0,53.0
DEN,Denmark,1999,10,0,10,10.0,54.0
DEN,Denmark,2000,10,0,10,10.0,55.0
DEN,Denmark,2001,10,0,10,10.0,56.0
DEN,Denmark,2002,10,0,10,10.0,57.0
DEN,Denmark,2003,10,0,10,10.0,58.0
DEN,Denmark,2004,10,0,10,10.0,59.0
DEN,Denmark,2005,10,0,10,10.0,60.0
DEN,Denmark,2006,10,0,10,10.0,61.0
DEN,Denmark,2007,10,0,10,10.0,62.0
DEN,Denmark,2008,10,0,10,10.0,63.0
DEN,Denmark,2009,10,0,10,10.0,64.0
DEN,Denmark,2010,10,0,10,10.0,65.0
DEN,Denmark,2011,10,0,10,10.0,66.0
DEN,Denmark,2012,10,0,10,10.0,67.0
DEN,Denmark,2013,10,0,10,10.0,68.0
DEN,Denmark,2014,10,0,10,10.0,69.0
DEN,Denmark,2015,10,0,10,10.0,70.0
DEN,Denmark,2016,10,0,10,10.0,71.0
DEN,Denmark,2017,10,0,10,10.0,72.0
DEN,Denmark,2018,10,0,10,10.0,73.0
DJI,Djibouti,1977,0,8,-8,-8.0,0.0
DJI,Djibouti,1978,0,8,-8,-8.0,1.0
DJI,Djibouti,1979,0,8,-8,-8.0,2.0
DJI,Djibouti,1980,0,8,-8,-8.0,3.0
DJI,Djibouti,1981,0,8,-8,-8.0,4.0
DJI,Djibouti,1982,0,8,-8,-8.0,5.0
DJI,Djibouti,1983,0,8,-8,-8.0,6.0
DJI,Djibouti,1984,0,8,-8,-8.0,7.0
DJI,Djibouti,1985,0,8,-8,-8.0,8.0
DJI,Djibouti,1986,0,8,-8,-8.0,9.0
DJI,Djibouti,1987,0,8,-8,-8.0,10.0
DJI,Djibouti,1988,0,8,-8,-8.0,11.0
DJI,Djibouti,1989,0,8,-8,-8.0,12.0
DJI,Djibouti,1990,0,8,-8,-8.0,13.0
DJI,Djibouti,1991,0,8,-8,-8.0,14.0
DJI,Djibouti,1992,0,7,-7,-7.0,15.0
DJI,Djibouti,1993,0,7,-7,-7.0,16.0
DJI,Djibouti,1994,0,7,-7,-7.0,17.0
DJI,Djibouti,1995,0,7,-7,-7.0,18.0
DJI,Djibouti,1996,0,6,-6,-6.0,19.0
DJI,Djibouti,1997,0,6,-6,-6.0,20.0
DJI,Djibouti,1998,0,6,-6,-6.0,21.0
DJI,Djibouti,1999,3,2,1,1.0,0.0
DJI,Djibouti,2000,3,2,1,1.0,1.0
DJI,Djibouti,2001,3,2,1,1.0,2.0
DJI,Djibouti,2002,3,2,1,1.0,3.0
DJI,Djibouti,2003,3,2,1,1.0,4.0
DJI,Djibouti,2004,3,2,1,1.0,5.0
DJI,Djibouti,2005,3,1,2,2.0,6.0
DJI,Djibouti,2006,3,1,2,2.0,7.0
DJI,Djibouti,2007,3,1,2,2.0,8.0
DJI,Djibouti,2008,3,1,2,2.0,9.0
DJI,Djibouti,2009,3,1,2,2.0,10.0
DJI,Djibouti,2010,3,1,2,2.0,11.0
DJI,Djibouti,2011,3,1,2,2.0,12.0
DJI,Djibouti,2012,3,1,2,2.0,13.0
DJI,Djibouti,2013,3,0,3,3.0,14.0
DJI,Djibouti,2014,3,0,3,3.0,15.0
DJI,Djibouti,2015,3,0,3,3.0,16.0
DJI,Djibouti,2016,3,0,3,3.0,17.0
DJI,Djibouti,2017,3,0,3,3.0,18.0
DJI,Djibouti,2018,3,0,3,3.0,19.0
DOM,Dominican Republic,1844,1,4,-3,-3.0,0.0
DOM,Dominican Republic,1845,1,4,-3,-3.0,1.0
DOM,Dominican Republic,1846,1,4,-3,-3.0,2.0
DOM,Dominican Republic,1847,1,4,-3,-3.0,3.0
DOM,Dominican Republic,1848,1,4,-3,-3.0,4.0
DOM,Dominican Republic,1849,1,4,-3,-3.0,5.0
DOM,Dominican Republic,1850,1,4,-3,-3.0,6.0
DOM,Dominican Republic,1851,1,4,-3,-3.0,7.0
DOM,Dominican Republic,1852,1,4,-3,-3.0,8.0
DOM,Dominican Republic,1853,1,4,-3,-3.0,9.0
DOM,Dominican Republic,1854,1,4,-3,-3.0,10.0
DOM,Dominican Republic,1855,1,4,-3,-3.0,11.0
DOM,Dominican Republic,1856,1,4,-3,-3.0,12.0
DOM,Dominican Republic,1857,1,4,-3,-3.0,13.0
DOM,Dominican Republic,1858,1,4,-3,-3.0,14.0
DOM,Dominican Republic,1859,1,4,-3,-3.0,15.0
DOM,Dominican Republic,1860,1,4,-3,-3.0,16.0
DOM,Dominican Republic,1861,-77,-77,-77,0.0,0.0
DOM,Dominican Republic,1862,-77,-77,-77,0.0,0.0
DOM,Dominican Republic,1863,-77,-77,-77,0.0,0.0
DOM,Dominican Republic,1864,-77,-77,-77,0.0,0.0
DOM,Dominican Republic,1865,1,4,-3,-3.0,0.0
DOM,Dominican Republic,1866,1,4,-3,-3.0,0.0
DOM,Dominican Republic,1867,1,4,-3,-3.0,1.0
DOM,Dominican Republic,1868,1,4,-3,-3.0,2.0
DOM,Dominican Republic,1869,1,4,-3,-3.0,3.0
DOM,Dominican Republic,1870,1,4,-3,-3.0,4.0
DOM,Dominican Republic,1871,1,4,-3,-3.0,5.0
DOM,Dominican Republic,1872,1,4,-3,-3.0,6.0
DOM,Dominican Republic,1873,1,4,-3,-3.0,7.0
DOM,Dominican Republic,1874,1,4,-3,-3.0,8.0
DOM,Dominican Republic,1875,1,4,-3,-3.0,9.0
DOM,Dominican Republic,1876,1,4,-3,-3.0,10.0
DOM,Dominican Republic,1877,1,4,-3,-3.0,11.0
DOM,Dominican Republic,1878,1,4,-3,-3.0,12.0
DOM,Dominican Republic,1879,1,4,-3,-3.0,13.0
DOM,Dominican Republic,1880,1,4,-3,-3.0,14.0
DOM,Dominican Republic,1881,1,4,-3,-3.0,15.0
DOM,Dominican Republic,1882,1,4,-3,-3.0,16.0
DOM,Dominican Republic,1883,1,4,-3,-3.0,17.0
DOM,Dominican Republic,1884,1,4,-3,-3.0,18.0
DOM,Dominican Republic,1885,1,4,-3,-3.0,19.0
DOM,Dominican Republic,1886,1,4,-3,-3.0,20.0
DOM,Dominican Republic,1887,1,4,-3,-3.0,21.0
DOM,Dominican Republic,1888,1,4,-3,-3.0,22.0
DOM,Dominican Republic,1889,1,4,-3,-3.0,23.0
DOM,Dominican Republic,1890,1,4,-3,-3.0,24.0
DOM,Dominican Republic,1891,1,4,-3,-3.0,25.0
DOM,Dominican Republic,1892,1,4,-3,-3.0,26.0
DOM,Dominican Republic,1893,1,4,-3,-3.0,27.0
DOM,Dominican Republic,1894,1,4,-3,-3.0,28.0
DOM,Dominican Republic,1895,1,4,-3,-3.0,29.0
DOM,Dominican Republic,1896,1,4,-3,-3.0,30.0
DOM,Dominican Republic,1897,1,4,-3,-3.0,31.0
DOM,Dominican Republic,1898,1,4,-3,-3.0,32.0
DOM,Dominican Republic,1899,1,4,-3,-3.0,33.0
DOM,Dominican Republic,1900,1,4,-3,-3.0,34.0
DOM,Dominican Republic,1901,1,4,-3,-3.0,35.0
DOM,Dominican Republic,1902,1,4,-3,-3.0,36.0
DOM,Dominican Republic,1903,1,4,-3,-3.0,37.0
DOM,Dominican Republic,1904,1,4,-3,-3.0,38.0
DOM,Dominican Republic,1905,1,4,-3,-3.0,39.0
DOM,Dominican Republic,1906,1,4,-3,-3.0,40.0
DOM,Dominican Republic,1907,1,4,-3,-3.0,41.0
DOM,Dominican Republic,1908,1,4,-3,-3.0,42.0
DOM,Dominican Republic,1909,1,4,-3,-3.0,43.0
DOM,Dominican Republic,1910,1,4,-3,-3.0,44.0
DOM,Dominican Republic,1911,1,4,-3,-3.0,45.0
DOM,Dominican Republic,1912,1,4,-3,-3.0,46.0
DOM,Dominican Republic,1913,1,4,-3,-3.0,47.0
DOM,Dominican Republic,1914,-66,-66,-66,,0.0
DOM,Dominican Republic,1915,-66,-66,-66,,0.0
DOM,Dominican Republic,1916,-66,-66,-66,,0.0
DOM,Dominican Republic,1917,-66,-66,-66,,0.0
DOM,Dominican Republic,1918,-66,-66,-66,,0.0
DOM,Dominican Republic,1919,-66,-66,-66,,0.0
DOM,Dominican Republic,1920,-66,-66,-66,,0.0
DOM,Dominican Republic,1921,-66,-66,-66,,0.0
DOM,Dominican Republic,1922,-66,-66,-66,,0.0
DOM,Dominican Republic,1923,-66,-66,-66,,0.0
DOM,Dominican Republic,1924,-66,-66,-66,,0.0
DOM,Dominican Republic,1925,1,4,-3,-3.0,0.0
DOM,Dominican Republic,1926,1,4,-3,-3.0,0.0
DOM,Dominican Republic,1927,1,4,-3,-3.0,1.0
DOM,Dominican Republic,1928,1,4,-3,-3.0,2.0
DOM,Dominican Republic,1929,1,4,-3,-3.0,3.0
DOM,Dominican Republic,1930,-88,-88,-88,-5.0,0.0
DOM,Dominican Republic,1931,-88,-88,-88,-7.0,0.0
DOM,Dominican Republic,1932,0,9,-9,-9.0,0.0
DOM,Dominican Republic,1933,0,9,-9,-9.0,1.0
DOM,Dominican Republic,1934,0,9,-9,-9.0,2.0
DOM,Dominican Republic,1935,0,9,-9,-9.0,3.0
DOM,Dominican Republic,1936,0,9,-9,-9.0,4.0
DOM,Dominican Republic,1937,0,9,-9,-9.0,5.0
DOM,Dominican Republic,1938,0,9,-9,-9.0,6.0
DOM,Dominican Republic,1939,0,9,-9,-9.0,7.0
DOM,Dominican Republic,1940,0,9,-9,-9.0,8.0
DOM,Dominican Republic,1941,0,9,-9,-9.0,9.0
DOM,Dominican Republic,1942,0,9,-9,-9.0,10.0
DOM,Dominican Republic,1943,0,9,-9,-9.0,11.0
DOM,Dominican Republic,1944,0,9,-9,-9.0,12.0
DOM,Dominican Republic,1945,0,9,-9,-9.0,13.0
DOM,Dominican Republic,1946,0,9,-9,-9.0,14.0
DOM,Dominican Republic,1947,0,9,-9,-9.0,15.0
DOM,Dominican Republic,1948,0,9,-9,-9.0,16.0
DOM,Dominican Republic,1949,0,9,-9,-9.0,17.0
DOM,Dominican Republic,1950,0,9,-9,-9.0,18.0
DOM,Dominican Republic,1951,0,9,-9,-9.0,19.0
DOM,Dominican Republic,1952,0,9,-9,-9.0,20.0
DOM,Dominican Republic,1953,0,9,-9,-9.0,21.0
DOM,Dominican Republic,1954,0,9,-9,-9.0,22.0
DOM,Dominican Republic,1955,0,9,-9,-9.0,23.0
DOM,Dominican Republic,1956,0,9,-9,-9.0,24.0
DOM,Dominican Republic,1957,0,9,-9,-9.0,25.0
DOM,Dominican Republic,1958,0,9,-9,-9.0,26.0
DOM,Dominican Republic,1959,0,9,-9,-9.0,27.0
DOM,Dominican Republic,1960,0,9,-9,-9.0,28.0
DOM,Dominican Republic,1961,-88,-88,-88,-6.0,0.0
DOM,Dominican Republic,1962,-88,-88,-88,-3.0,0.0
DOM,Dominican Republic,1963,-77,-77,-77,0.0,0.0
DOM,Dominican Republic,1964,-77,-77,-77,0.0,0.0
DOM,Dominican Republic,1965,-77,-77,-77,0.0,0.0
DOM,Dominican Republic,1966,1,4,-3,-3.0,0.0
DOM,Dominican Republic,1967,1,4,-3,-3.0,1.0
DOM,Dominican Republic,1968,1,4,-3,-3.0,2.0
DOM,Dominican Republic,1969,1,4,-3,-3.0,3.0
DOM,Dominican Republic,1970,1,4,-3,-3.0,4.0
DOM,Dominican Republic,1971,1,4,-3,-3.0,5.0
DOM,Dominican Republic,1972,1,4,-3,-3.0,6.0
DOM,Dominican Republic,1973,1,4,-3,-3.0,7.0
DOM,Dominican Republic,1974,1,4,-3,-3.0,8.0
DOM,Dominican Republic,1975,1,4,-3,-3.0,9.0
DOM,Dominican Republic,1976,1,4,-3,-3.0,10.0
DOM,Dominican Republic,1977,1,4,-3,-3.0,11.0
DOM,Dominican Republic,1978,5,0,5,5.0,0.0
DOM,Dominican Republic,1979,5,0,5,5.0,1.0
DOM,Dominican Republic,1980,5,0,5,5.0,2.0
DOM,Dominican Republic,1981,5,0,5,5.0,3.0
DOM,Dominican Republic,1982,5,0,5,5.0,4.0
DOM,Dominican Republic,1983,5,0,5,5.0,5.0
DOM,Dominican Republic,1984,5,0,5,5.0,6.0
DOM,Dominican Republic,1985,5,0,5,5.0,7.0
DOM,Dominican Republic,1986,5,0,5,5.0,8.0
DOM,Dominican Republic,1987,5,0,5,5.0,9.0
DOM,Dominican Republic,1988,5,0,5,5.0,10.0
DOM,Dominican Republic,1989,5,0,5,5.0,11.0
DOM,Dominican Republic,1990,5,0,5,5.0,12.0
DOM,Dominican Republic,1991,5,0,5,5.0,13.0
DOM,Dominican Republic,1992,5,0,5,5.0,14.0
DOM,Dominican Republic,1993,5,0,5,5.0,15.0
DOM,Dominican Republic,1994,5,0,5,5.0,16.0
DOM,Dominican Republic,1995,5,0,5,5.0,17.0
DOM,Dominican Republic,1996,8,0,8,8.0,0.0
DOM,Dominican Republic,1997,8,0,8,8.0,1.0
DOM,Dominican Republic,1998,8,0,8,8.0,2.0
DOM,Dominican Republic,1999,8,0,8,8.0,3.0
DOM,Dominican Republic,2000,8,0,8,8.0,4.0
DOM,Dominican Republic,2001,8,0,8,8.0,5.0
DOM,Dominican Republic,2002,8,0,8,8.0,6.0
DOM,Dominican Republic,2003,8,0,8,8.0,7.0
DOM,Dominican Republic,2004,8,0,8,8.0,8.0
DOM,Dominican Republic,2005,8,0,8,8.0,9.0
DOM,Dominican Republic,2006,8,0,8,8.0,10.0
DOM,Dominican Republic,2007,8,0,8,8.0,11.0
DOM,Dominican Republic,2008,8,0,8,8.0,12.0
DOM,Dominican Republic,2009,8,0,8,8.0,13.0
DOM,Dominican Republic,2010,8,0,8,8.0,14.0
DOM,Dominican Republic,2011,8,0,8,8.0,15.0
DOM,Dominican Republic,2012,8,0,8,8.0,16.0
DOM,Dominican Republic,2013,8,0,8,8.0,17.0
DOM,Dominican Republic,2014,8,0,8,8.0,18.0
DOM,Dominican Republic,2015,8,0,8,8.0,19.0
DOM,Dominican Republic,2016,8,1,7,7.0,20.0
DOM,Dominican Republic,2017,8,1,7,7.0,21.0
DOM,Dominican Republic,2018,8,1,7,7.0,22.0
DRV,Vietnam North,1954,0,9,-9,-9.0,0.0
DRV,Vietnam North,1955,0,9,-9,-9.0,1.0
DRV,Vietnam North,1956,0,9,-9,-9.0,2.0
DRV,Vietnam North,1957,0,9,-9,-9.0,3.0
DRV,Vietnam North,1958,0,9,-9,-9.0,4.0
DRV,Vietnam North,1959,0,9,-9,-9.0,5.0
DRV,Vietnam North,1960,0,8,-8,-8.0,6.0
DRV,Vietnam North,1961,0,8,-8,-8.0,7.0
DRV,Vietnam North,1962,0,8,-8,-8.0,8.0
DRV,Vietnam North,1963,0,8,-8,-8.0,9.0
DRV,Vietnam North,1964,0,8,-8,-8.0,10.0
DRV,Vietnam North,1965,0,8,-8,-8.0,11.0
DRV,Vietnam North,1966,0,8,-8,-8.0,12.0
DRV,Vietnam North,1967,0,8,-8,-8.0,13.0
DRV,Vietnam North,1968,0,8,-8,-8.0,14.0
DRV,Vietnam North,1969,0,7,-7,-7.0,15.0
DRV,Vietnam North,1970,0,7,-7,-7.0,16.0
DRV,Vietnam North,1971,0,7,-7,-7.0,17.0
DRV,Vietnam North,1972,0,7,-7,-7.0,18.0
DRV,Vietnam North,1973,0,7,-7,-7.0,19.0
DRV,Vietnam North,1974,0,7,-7,-7.0,20.0
DRV,Vietnam North,1975,0,7,-7,-7.0,21.0
DRV,Vietnam North,1976,0,7,-7,-7.0,22.0
ECU,Ecuador,1830,1,2,-1,-1.0,0.0
ECU,Ecuador,1831,1,2,-1,-1.0,1.0
ECU,Ecuador,1832,1,2,-1,-1.0,2.0
ECU,Ecuador,1833,1,2,-1,-1.0,3.0
ECU,Ecuador,1834,1,2,-1,-1.0,4.0
ECU,Ecuador,1835,1,2,-1,-1.0,5.0
ECU,Ecuador,1836,1,2,-1,-1.0,6.0
ECU,Ecuador,1837,1,2,-1,-1.0,7.0
ECU,Ecuador,1838,1,2,-1,-1.0,8.0
ECU,Ecuador,1839,1,2,-1,-1.0,9.0
ECU,Ecuador,1840,1,2,-1,-1.0,10.0
ECU,Ecuador,1841,1,2,-1,-1.0,11.0
ECU,Ecuador,1842,1,2,-1,-1.0,12.0
ECU,Ecuador,1843,1,2,-1,-1.0,13.0
ECU,Ecuador,1844,1,2,-1,-1.0,14.0
ECU,Ecuador,1845,1,2,-1,-1.0,15.0
ECU,Ecuador,1846,1,2,-1,-1.0,16.0
ECU,Ecuador,1847,1,2,-1,-1.0,17.0
ECU,Ecuador,1848,1,2,-1,-1.0,18.0
ECU,Ecuador,1849,1,2,-1,-1.0,19.0
ECU,Ecuador,1850,1,2,-1,-1.0,20.0
ECU,Ecuador,1851,1,2,-1,-1.0,21.0
ECU,Ecuador,1852,1,2,-1,-1.0,22.0
ECU,Ecuador,1853,1,2,-1,-1.0,23.0
ECU,Ecuador,1854,1,2,-1,-1.0,24.0
ECU,Ecuador,1855,1,2,-1,-1.0,25.0
ECU,Ecuador,1856,1,2,-1,-1.0,26.0
ECU,Ecuador,1857,1,2,-1,-1.0,27.0
ECU,Ecuador,1858,1,2,-1,-1.0,28.0
ECU,Ecuador,1859,1,2,-1,-1.0,29.0
ECU,Ecuador,1860,1,2,-1,-1.0,30.0
ECU,Ecuador,1861,1,2,-1,-1.0,31.0
ECU,Ecuador,1862,1,2,-1,-1.0,32.0
ECU,Ecuador,1863,1,2,-1,-1.0,33.0
ECU,Ecuador,1864,1,2,-1,-1.0,34.0
ECU,Ecuador,1865,1,2,-1,-1.0,35.0
ECU,Ecuador,1866,1,2,-1,-1.0,36.0
ECU,Ecuador,1867,1,2,-1,-1.0,37.0
ECU,Ecuador,1868,1,2,-1,-1.0,38.0
ECU,Ecuador,1869,1,2,-1,-1.0,39.0
ECU,Ecuador,1870,1,2,-1,-1.0,40.0
ECU,Ecuador,1871,1,2,-1,-1.0,41.0
ECU,Ecuador,1872,1,2,-1,-1.0,42.0
ECU,Ecuador,1873,1,2,-1,-1.0,43.0
ECU,Ecuador,1874,1,2,-1,-1.0,44.0
ECU,Ecuador,1875,1,2,-1,-1.0,45.0
ECU,Ecuador,1876,1,2,-1,-1.0,46.0
ECU,Ecuador,1877,1,2,-1,-1.0,47.0
ECU,Ecuador,1878,1,2,-1,-1.0,48.0
ECU,Ecuador,1879,1,2,-1,-1.0,49.0
ECU,Ecuador,1880,1,2,-1,-1.0,50.0
ECU,Ecuador,1881,1,2,-1,-1.0,51.0
ECU,Ecuador,1882,1,2,-1,-1.0,52.0
ECU,Ecuador,1883,1,2,-1,-1.0,53.0
ECU,Ecuador,1884,1,2,-1,-1.0,54.0
ECU,Ecuador,1885,1,2,-1,-1.0,55.0
ECU,Ecuador,1886,1,2,-1,-1.0,56.0
ECU,Ecuador,1887,1,2,-1,-1.0,57.0
ECU,Ecuador,1888,1,2,-1,-1.0,58.0
ECU,Ecuador,1889,1,2,-1,-1.0,59.0
ECU,Ecuador,1890,1,2,-1,-1.0,60.0
ECU,Ecuador,1891,1,2,-1,-1.0,61.0
ECU,Ecuador,1892,1,2,-1,-1.0,62.0
ECU,Ecuador,1893,1,2,-1,-1.0,63.0
ECU,Ecuador,1894,1,2,-1,-1.0,64.0
ECU,Ecuador,1895,1,2,-1,-1.0,65.0
ECU,Ecuador,1896,1,2,-1,-1.0,66.0
ECU,Ecuador,1897,1,2,-1,-1.0,67.0
ECU,Ecuador,1898,1,2,-1,-1.0,68.0
ECU,Ecuador,1899,1,2,-1,-1.0,69.0
ECU,Ecuador,1900,1,2,-1,-1.0,70.0
ECU,Ecuador,1901,1,4,-3,-3.0,71.0
ECU,Ecuador,1902,1,4,-3,-3.0,72.0
ECU,Ecuador,1903,1,4,-3,-3.0,73.0
ECU,Ecuador,1904,1,4,-3,-3.0,74.0
ECU,Ecuador,1905,1,4,-3,-3.0,75.0
ECU,Ecuador,1906,1,4,-3,-3.0,76.0
ECU,Ecuador,1907,1,4,-3,-3.0,77.0
ECU,Ecuador,1908,1,4,-3,-3.0,78.0
ECU,Ecuador,1909,1,4,-3,-3.0,79.0
ECU,Ecuador,1910,1,4,-3,-3.0,80.0
ECU,Ecuador,1911,1,4,-3,-3.0,81.0
ECU,Ecuador,1912,1,4,-3,-3.0,82.0
ECU,Ecuador,1913,1,4,-3,-3.0,83.0
ECU,Ecuador,1914,1,4,-3,-3.0,84.0
ECU,Ecuador,1915,1,4,-3,-3.0,85.0
ECU,Ecuador,1916,1,4,-3,-3.0,86.0
ECU,Ecuador,1917,1,4,-3,-3.0,87.0
ECU,Ecuador,1918,1,4,-3,-3.0,88.0
ECU,Ecuador,1919,1,4,-3,-3.0,89.0
ECU,Ecuador,1920,1,4,-3,-3.0,90.0
ECU,Ecuador,1921,1,4,-3,-3.0,91.0
ECU,Ecuador,1922,1,4,-3,-3.0,92.0
ECU,Ecuador,1923,1,4,-3,-3.0,93.0
ECU,Ecuador,1924,1,4,-3,-3.0,94.0
ECU,Ecuador,1925,1,2,-1,-1.0,95.0
ECU,Ecuador,1926,1,2,-1,-1.0,96.0
ECU,Ecuador,1927,1,2,-1,-1.0,97.0
ECU,Ecuador,1928,1,2,-1,-1.0,98.0
ECU,Ecuador,1929,1,2,-1,-1.0,99.0
ECU,Ecuador,1930,1,2,-1,-1.0,100.0
ECU,Ecuador,1931,1,2,-1,-1.0,101.0
ECU,Ecuador,1932,1,2,-1,-1.0,102.0
ECU,Ecuador,1933,1,2,-1,-1.0,103.0
ECU,Ecuador,1934,1,2,-1,-1.0,104.0
ECU,Ecuador,1935,1,2,-1,-1.0,105.0
ECU,Ecuador,1936,1,2,-1,-1.0,106.0
ECU,Ecuador,1937,1,2,-1,-1.0,107.0
ECU,Ecuador,1938,1,2,-1,-1.0,108.0
ECU,Ecuador,1939,1,2,-1,-1.0,109.0
ECU,Ecuador,1940,1,2,-1,-1.0,110.0
ECU,Ecuador,1941,1,2,-1,-1.0,111.0
ECU,Ecuador,1942,1,2,-1,-1.0,112.0
ECU,Ecuador,1943,1,2,-1,-1.0,113.0
ECU,Ecuador,1944,1,2,-1,-1.0,114.0
ECU,Ecuador,1945,1,2,-1,-1.0,115.0
ECU,Ecuador,1946,1,2,-1,-1.0,116.0
ECU,Ecuador,1947,1,2,-1,-1.0,117.0
ECU,Ecuador,1948,3,2,1,1.0,118.0
ECU,Ecuador,1949,3,2,1,1.0,119.0
ECU,Ecuador,1950,3,2,1,1.0,120.0
ECU,Ecuador,1951,3,2,1,1.0,121.0
ECU,Ecuador,1952,3,2,1,1.0,122.0
ECU,Ecuador,1953,3,2,1,1.0,123.0
ECU,Ecuador,1954,3,2,1,1.0,124.0
ECU,Ecuador,1955,3,2,1,1.0,125.0
ECU,Ecuador,1956,3,2,1,1.0,126.0
ECU,Ecuador,1957,3,2,1,1.0,127.0
ECU,Ecuador,1958,3,2,1,1.0,128.0
ECU,Ecuador,1959,3,2,1,1.0,129.0
ECU,Ecuador,1960,3,2,1,1.0,130.0
ECU,Ecuador,1961,3,2,1,1.0,131.0
ECU,Ecuador,1962,3,2,1,1.0,132.0
ECU,Ecuador,1963,0,6,-6,-6.0,0.0
ECU,Ecuador,1964,0,6,-6,-6.0,1.0
ECU,Ecuador,1965,0,6,-6,-6.0,2.0
ECU,Ecuador,1966,-88,-88,-88,-2.0,0.0
ECU,Ecuador,1967,-88,-88,-88,2.0,0.0
ECU,Ecuador,1968,6,1,5,5.0,0.0
ECU,Ecuador,1969,6,1,5,5.0,1.0
ECU,Ecuador,1970,4,4,0,0.0,0.0
ECU,Ecuador,1971,4,4,0,0.0,1.0
ECU,Ecuador,1972,0,5,-5,-5.0,0.0
ECU,Ecuador,1973,0,5,-5,-5.0,1.0
ECU,Ecuador,1974,0,5,-5,-5.0,2.0
ECU,Ecuador,1975,0,5,-5,-5.0,3.0
ECU,Ecuador,1976,0,5,-5,-5.0,4.0
ECU,Ecuador,1977,0,5,-5,-5.0,5.0
ECU,Ecuador,1978,0,5,-5,-5.0,6.0
ECU,Ecuador,1979,9,0,9,9.0,0.0
ECU,Ecuador,1980,9,0,9,9.0,1.0
ECU,Ecuador,1981,9,0,9,9.0,2.0
ECU,Ecuador,1982,9,0,9,9.0,3.0
ECU,Ecuador,1983,9,0,9,9.0,4.0
ECU,Ecuador,1984,9,0,9,9.0,5.0
ECU,Ecuador,1985,9,0,9,9.0,6.0
ECU,Ecuador,1986,9,0,9,9.0,7.0
ECU,Ecuador,1987,9,0,9,9.0,8.0
ECU,Ecuador,1988,9,0,9,9.0,9.0
ECU,Ecuador,1989,9,0,9,9.0,10.0
ECU,Ecuador,1990,9,0,9,9.0,11.0
ECU,Ecuador,1991,9,0,9,9.0,12.0
ECU,Ecuador,1992,9,0,9,9.0,13.0
ECU,Ecuador,1993,9,0,9,9.0,14.0
ECU,Ecuador,1994,9,0,9,9.0,15.0
ECU,Ecuador,1995,9,0,9,9.0,16.0
ECU,Ecuador,1996,9,0,9,9.0,17.0
ECU,Ecuador,1997,9,0,9,9.0,18.0
ECU,Ecuador,1998,9,0,9,9.0,19.0
ECU,Ecuador,1999,9,0,9,9.0,20.0
ECU,Ecuador,2000,6,0,6,6.0,0.0
ECU,Ecuador,2001,6,0,6,6.0,1.0
ECU,Ecuador,2002,6,0,6,6.0,2.0
ECU,Ecuador,2003,6,0,6,6.0,3.0
ECU,Ecuador,2004,6,0,6,6.0,4.0
ECU,Ecuador,2005,6,0,6,6.0,5.0
ECU,Ecuador,2006,7,0,7,7.0,6.0
ECU,Ecuador,2007,5,0,5,5.0,7.0
ECU,Ecuador,2008,5,0,5,5.0,8.0
ECU,Ecuador,2009,5,0,5,5.0,9.0
ECU,Ecuador,2010,5,0,5,5.0,10.0
ECU,Ecuador,2011,5,0,5,5.0,11.0
ECU,Ecuador,2012,5,0,5,5.0,12.0
ECU,Ecuador,2013,6,1,5,5.0,13.0
ECU,Ecuador,2014,6,1,5,5.0,14.0
ECU,Ecuador,2015,6,1,5,5.0,15.0
ECU,Ecuador,2016,6,1,5,5.0,16.0
ECU,Ecuador,2017,6,1,5,5.0,17.0
ECU,Ecuador,2018,6,1,5,5.0,18.0
EGY,Egypt,1922,7,3,4,4.0,0.0
EGY,Egypt,1923,7,3,4,4.0,1.0
EGY,Egypt,1924,7,3,4,4.0,2.0
EGY,Egypt,1925,7,3,4,4.0,3.0
EGY,Egypt,1926,7,3,4,4.0,4.0
EGY,Egypt,1927,7,3,4,4.0,5.0
EGY,Egypt,1928,-88,-88,-88,1.0,0.0
EGY,Egypt,1929,-88,-88,-88,-3.0,0.0
EGY,Egypt,1930,1,7,-6,-6.0,0.0
EGY,Egypt,1931,1,7,-6,-6.0,1.0
EGY,Egypt,1932,1,7,-6,-6.0,2.0
EGY,Egypt,1933,1,7,-6,-6.0,3.0
EGY,Egypt,1934,-88,-88,-88,-2.0,0.0
EGY,Egypt,1935,5,4,1,1.0,0.0
EGY,Egypt,1936,5,4,1,1.0,1.0
EGY,Egypt,1937,5,4,1,1.0,2.0
EGY,Egypt,1938,5,4,1,1.0,3.0
EGY,Egypt,1939,5,4,1,1.0,4.0
EGY,Egypt,1940,5,4,1,1.0,5.0
EGY,Egypt,1941,5,4,1,1.0,6.0
EGY,Egypt,1942,5,4,1,1.0,8.0
EGY,Egypt,1943,5,4,1,1.0,9.0
EGY,Egypt,1944,5,4,1,1.0,10.0
EGY,Egypt,1945,5,4,1,1.0,11.0
EGY,Egypt,1951,7,1,6,6.0,0.0
EGY,Egypt,1952,0,7,-7,-7.0,0.0
EGY,Egypt,1953,0,7,-7,-7.0,1.0
EGY,Egypt,1954,0,7,-7,-7.0,2.0
EGY,Egypt,1955,0,7,-7,-7.0,3.0
EGY,Egypt,1956,0,7,-7,-7.0,4.0
EGY,Egypt,1957,0,7,-7,-7.0,5.0
EGY,Egypt,1958,0,7,-7,-7.0,6.0
EGY,Egypt,1959,0,7,-7,-7.0,7.0
EGY,Egypt,1960,0,7,-7,-7.0,8.0
EGY,Egypt,1961,0,7,-7,-7.0,9.0
EGY,Egypt,1962,0,7,-7,-7.0,10.0
EGY,Egypt,1963,0,7,-7,-7.0,11.0
EGY,Egypt,1964,0,7,-7,-7.0,12.0
EGY,Egypt,1965,0,7,-7,-7.0,13.0
EGY,Egypt,1966,0,7,-7,-7.0,14.0
EGY,Egypt,1967,0,7,-7,-7.0,15.0
EGY,Egypt,1968,0,7,-7,-7.0,16.0
EGY,Egypt,1969,0,7,-7,-7.0,17.0
EGY,Egypt,1970,0,7,-7,-7.0,18.0
EGY,Egypt,1971,0,7,-7,-7.0,19.0
EGY,Egypt,1972,0,7,-7,-7.0,20.0
EGY,Egypt,1973,0,7,-7,-7.0,21.0
EGY,Egypt,1974,0,7,-7,-7.0,22.0
EGY,Egypt,1975,0,7,-7,-7.0,23.0
EGY,Egypt,1976,0,6,-6,-6.0,24.0
EGY,Egypt,1977,0,6,-6,-6.0,25.0
EGY,Egypt,1978,0,6,-6,-6.0,26.0
EGY,Egypt,1979,0,6,-6,-6.0,27.0
EGY,Egypt,1980,0,6,-6,-6.0,28.0
EGY,Egypt,1981,0,6,-6,-6.0,29.0
EGY,Egypt,1982,0,6,-6,-6.0,30.0
EGY,Egypt,1983,0,6,-6,-6.0,31.0
EGY,Egypt,1984,0,6,-6,-6.0,32.0
EGY,Egypt,1985,0,6,-6,-6.0,33.0
EGY,Egypt,1986,0,6,-6,-6.0,34.0
EGY,Egypt,1987,0,6,-6,-6.0,35.0
EGY,Egypt,1988,0,6,-6,-6.0,36.0
EGY,Egypt,1989,0,6,-6,-6.0,37.0
EGY,Egypt,1990,0,6,-6,-6.0,38.0
EGY,Egypt,1991,0,6,-6,-6.0,39.0
EGY,Egypt,1992,0,6,-6,-6.0,40.0
EGY,Egypt,1993,0,6,-6,-6.0,41.0
EGY,Egypt,1994,0,6,-6,-6.0,42.0
EGY,Egypt,1995,0,6,-6,-6.0,43.0
EGY,Egypt,1996,0,6,-6,-6.0,44.0
EGY,Egypt,1997,0,6,-6,-6.0,45.0
EGY,Egypt,1998,0,6,-6,-6.0,46.0
EGY,Egypt,1999,0,6,-6,-6.0,47.0
EGY,Egypt,2000,0,6,-6,-6.0,48.0
EGY,Egypt,2001,0,6,-6,-6.0,49.0
EGY,Egypt,2002,0,6,-6,-6.0,50.0
EGY,Egypt,2003,0,6,-6,-6.0,51.0
EGY,Egypt,2004,0,6,-6,-6.0,52.0
EGY,Egypt,2005,1,4,-3,-3.0,0.0
EGY,Egypt,2006,1,4,-3,-3.0,1.0
EGY,Egypt,2007,1,4,-3,-3.0,2.0
EGY,Egypt,2008,1,4,-3,-3.0,3.0
EGY,Egypt,2009,1,4,-3,-3.0,4.0
EGY,Egypt,2010,1,4,-3,-3.0,5.0
EGY,Egypt,2011,0,2,-2,-2.0,6.0
EGY,Egypt,2012,-88,-88,-88,-3.0,0.0
EGY,Egypt,2013,0,4,-4,-4.0,0.0
EGY,Egypt,2014,0,4,-4,-4.0,1.0
EGY,Egypt,2015,0,4,-4,-4.0,2.0
EGY,Egypt,2016,0,4,-4,-4.0,3.0
EGY,Egypt,2017,0,4,-4,-4.0,4.0
EGY,Egypt,2018,0,4,-4,-4.0,5.0
EQG,Equatorial Guinea,1968,3,1,2,2.0,0.0
EQG,Equatorial Guinea,1969,0,7,-7,-7.0,0.0
EQG,Equatorial Guinea,1970,0,7,-7,-7.0,1.0
EQG,Equatorial Guinea,1971,0,7,-7,-7.0,2.0
EQG,Equatorial Guinea,1972,0,7,-7,-7.0,3.0
EQG,Equatorial Guinea,1973,0,7,-7,-7.0,4.0
EQG,Equatorial Guinea,1974,0,7,-7,-7.0,5.0
EQG,Equatorial Guinea,1975,0,7,-7,-7.0,6.0
EQG,Equatorial Guinea,1976,0,7,-7,-7.0,7.0
EQG,Equatorial Guinea,1977,0,7,-7,-7.0,8.0
EQG,Equatorial Guinea,1978,0,7,-7,-7.0,9.0
EQG,Equatorial Guinea,1979,0,7,-7,-7.0,10.0
EQG,Equatorial Guinea,1980,0,7,-7,-7.0,11.0
EQG,Equatorial Guinea,1981,0,7,-7,-7.0,12.0
EQG,Equatorial Guinea,1982,0,7,-7,-7.0,13.0
EQG,Equatorial Guinea,1983,0,7,-7,-7.0,14.0
EQG,Equatorial Guinea,1984,0,7,-7,-7.0,15.0
EQG,Equatorial Guinea,1985,0,7,-7,-7.0,16.0
EQG,Equatorial Guinea,1986,0,7,-7,-7.0,17.0
EQG,Equatorial Guinea,1987,0,7,-7,-7.0,18.0
EQG,Equatorial Guinea,1988,0,7,-7,-7.0,19.0
EQG,Equatorial Guinea,1989,0,7,-7,-7.0,20.0
EQG,Equatorial Guinea,1990,0,7,-7,-7.0,21.0
EQG,Equatorial Guinea,1991,0,7,-7,-7.0,22.0
EQG,Equatorial Guinea,1992,0,7,-7,-7.0,23.0
EQG,Equatorial Guinea,1993,0,5,-5,-5.0,24.0
EQG,Equatorial Guinea,1994,0,5,-5,-5.0,25.0
EQG,Equatorial Guinea,1995,0,5,-5,-5.0,26.0
EQG,Equatorial Guinea,1996,0,6,-6,-6.0,27.0
EQG,Equatorial Guinea,1997,0,6,-6,-6.0,28.0
EQG,Equatorial Guinea,1998,0,6,-6,-6.0,29.0
EQG,Equatorial Guinea,1999,0,6,-6,-6.0,30.0
EQG,Equatorial Guinea,2000,0,6,-6,-6.0,31.0
EQG,Equatorial Guinea,2001,0,6,-6,-6.0,32.0
EQG,Equatorial Guinea,2002,0,6,-6,-6.0,33.0
EQG,Equatorial Guinea,2003,0,6,-6,-6.0,34.0
EQG,Equatorial Guinea,2004,0,6,-6,-6.0,35.0
EQG,Equatorial Guinea,2005,0,6,-6,-6.0,36.0
EQG,Equatorial Guinea,2006,0,6,-6,-6.0,37.0
EQG,Equatorial Guinea,2007,0,6,-6,-6.0,38.0
EQG,Equatorial Guinea,2008,0,6,-6,-6.0,39.0
EQG,Equatorial Guinea,2009,0,6,-6,-6.0,40.0
EQG,Equatorial Guinea,2010,0,6,-6,-6.0,41.0
EQG,Equatorial Guinea,2011,0,6,-6,-6.0,42.0
EQG,Equatorial Guinea,2012,0,6,-6,-6.0,43.0
EQG,Equatorial Guinea,2013,0,6,-6,-6.0,44.0
EQG,Equatorial Guinea,2014,0,6,-6,-6.0,45.0
EQG,Equatorial Guinea,2015,0,6,-6,-6.0,46.0
EQG,Equatorial Guinea,2016,0,6,-6,-6.0,47.0
EQG,Equatorial Guinea,2017,0,6,-6,-6.0,48.0
EQG,Equatorial Guinea,2018,0,6,-6,-6.0,49.0
ERI,Eritrea,1993,0,6,-6,-6.0,0.0
ERI,Eritrea,1994,0,6,-6,-6.0,1.0
ERI,Eritrea,1995,0,6,-6,-6.0,2.0
ERI,Eritrea,1996,0,6,-6,-6.0,3.0
ERI,Eritrea,1997,0,6,-6,-6.0,4.0
ERI,Eritrea,1998,0,6,-6,-6.0,5.0
ERI,Eritrea,1999,0,6,-6,-6.0,6.0
ERI,Eritrea,2000,0,6,-6,-6.0,7.0
ERI,Eritrea,2001,0,7,-7,-7.0,8.0
ERI,Eritrea,2002,0,7,-7,-7.0,9.0
ERI,Eritrea,2003,0,7,-7,-7.0,10.0
ERI,Eritrea,2004,0,7,-7,-7.0,11.0
ERI,Eritrea,2005,0,7,-7,-7.0,12.0
ERI,Eritrea,2006,0,7,-7,-7.0,13.0
ERI,Eritrea,2007,0,7,-7,-7.0,14.0
ERI,Eritrea,2008,0,7,-7,-7.0,15.0
ERI,Eritrea,2009,0,7,-7,-7.0,16.0
ERI,Eritrea,2010,0,7,-7,-7.0,17.0
ERI,Eritrea,2011,0,7,-7,-7.0,18.0
ERI,Eritrea,2012,0,7,-7,-7.0,19.0
ERI,Eritrea,2013,0,7,-7,-7.0,20.0
ERI,Eritrea,2014,0,7,-7,-7.0,21.0
ERI,Eritrea,2015,0,7,-7,-7.0,22.0
ERI,Eritrea,2016,0,7,-7,-7.0,23.0
ERI,Eritrea,2017,0,7,-7,-7.0,24.0
ERI,Eritrea,2018,0,7,-7,-7.0,25.0
EST,Estonia,1917,8,0,8,8.0,0.0
EST,Estonia,1918,-66,-66,-66,,0.0
EST,Estonia,1919,10,0,10,10.0,0.0
EST,Estonia,1920,10,0,10,10.0,1.0
EST,Estonia,1921,10,0,10,10.0,2.0
EST,Estonia,1922,10,0,10,10.0,3.0
EST,Estonia,1923,10,0,10,10.0,4.0
EST,Estonia,1924,10,0,10,10.0,5.0
EST,Estonia,1925,10,0,10,10.0,6.0
EST,Estonia,1926,10,0,10,10.0,7.0
EST,Estonia,1927,10,0,10,10.0,8.0
EST,Estonia,1928,10,0,10,10.0,9.0
EST,Estonia,1929,10,0,10,10.0,10.0
EST,Estonia,1930,10,0,10,10.0,11.0
EST,Estonia,1931,10,0,10,10.0,12.0
EST,Estonia,1932,10,0,10,10.0,13.0
EST,Estonia,1933,-88,-88,-88,6.0,0.0
EST,Estonia,1934,-88,-88,-88,2.0,0.0
EST,Estonia,1935,-88,-88,-88,-2.0,0.0
EST,Estonia,1936,0,6,-6,-6.0,0.0
EST,Estonia,1937,0,6,-6,-6.0,1.0
EST,Estonia,1938,0,6,-6,-6.0,2.0
EST,Estonia,1939,0,6,-6,-6.0,3.0
EST,Estonia,1940,0,6,-6,-6.0,4.0
EST,Estonia,1991,7,1,6,6.0,0.0
EST,Estonia,1992,7,1,6,6.0,1.0
EST,Estonia,1993,7,1,6,6.0,2.0
EST,Estonia,1994,7,1,6,6.0,3.0
EST,Estonia,1995,7,1,6,6.0,4.0
EST,Estonia,1996,7,1,6,6.0,5.0
EST,Estonia,1997,7,1,6,6.0,6.0
EST,Estonia,1998,7,1,6,6.0,7.0
EST,Estonia,1999,8,1,7,7.0,8.0
EST,Estonia,2000,9,0,9,9.0,0.0
EST,Estonia,2001,9,0,9,9.0,1.0
EST,Estonia,2002,9,0,9,9.0,2.0
EST,Estonia,2003,9,0,9,9.0,3.0
EST,Estonia,2004,9,0,9,9.0,4.0
EST,Estonia,2005,9,0,9,9.0,5.0
EST,Estonia,2006,9,0,9,9.0,6.0
EST,Estonia,2007,9,0,9,9.0,7.0
EST,Estonia,2008,9,0,9,9.0,8.0
EST,Estonia,2009,9,0,9,9.0,9.0
EST,Estonia,2010,9,0,9,9.0,10.0
EST,Estonia,2011,9,0,9,9.0,11.0
EST,Estonia,2012,9,0,9,9.0,12.0
EST,Estonia,2013,9,0,9,9.0,13.0
EST,Estonia,2014,9,0,9,9.0,14.0
EST,Estonia,2015,9,0,9,9.0,15.0
EST,Estonia,2016,9,0,9,9.0,16.0
EST,Estonia,2017,9,0,9,9.0,17.0
EST,Estonia,2018,9,0,9,9.0,18.0
ETH,Ethiopia,1855,5,1,4,4.0,0.0
ETH,Ethiopia,1856,5,1,4,4.0,1.0
ETH,Ethiopia,1857,5,1,4,4.0,2.0
ETH,Ethiopia,1858,5,1,4,4.0,3.0
ETH,Ethiopia,1859,5,1,4,4.0,4.0
ETH,Ethiopia,1860,5,1,4,4.0,5.0
ETH,Ethiopia,1861,5,1,4,4.0,6.0
ETH,Ethiopia,1862,5,1,4,4.0,7.0
ETH,Ethiopia,1863,5,1,4,4.0,8.0
ETH,Ethiopia,1864,5,1,4,4.0,9.0
ETH,Ethiopia,1865,5,1,4,4.0,10.0
ETH,Ethiopia,1866,5,1,4,4.0,11.0
ETH,Ethiopia,1867,5,1,4,4.0,12.0
ETH,Ethiopia,1868,5,1,4,4.0,13.0
ETH,Ethiopia,1869,5,1,4,4.0,14.0
ETH,Ethiopia,1870,5,1,4,4.0,15.0
ETH,Ethiopia,1871,5,1,4,4.0,16.0
ETH,Ethiopia,1872,5,1,4,4.0,17.0
ETH,Ethiopia,1873,5,1,4,4.0,18.0
ETH,Ethiopia,1874,5,1,4,4.0,19.0
ETH,Ethiopia,1875,5,1,4,4.0,20.0
ETH,Ethiopia,1876,5,1,4,4.0,21.0
ETH,Ethiopia,1877,5,1,4,4.0,22.0
ETH,Ethiopia,1878,5,1,4,4.0,23.0
ETH,Ethiopia,1879,5,1,4,4.0,24.0
ETH,Ethiopia,1880,5,1,4,4.0,25.0
ETH,Ethiopia,1881,5,1,4,4.0,26.0
ETH,Ethiopia,1882,5,1,4,4.0,27.0
ETH,Ethiopia,1883,5,1,4,4.0,28.0
ETH,Ethiopia,1884,5,1,4,4.0,29.0
ETH,Ethiopia,1885,5,1,4,4.0,30.0
ETH,Ethiopia,1886,5,1,4,4.0,31.0
ETH,Ethiopia,1887,5,1,4,4.0,32.0
ETH,Ethiopia,1888,5,1,4,4.0,33.0
ETH,Ethiopia,1889,5,1,4,4.0,34.0
ETH,Ethiopia,1890,5,1,4,4.0,35.0
ETH,Ethiopia,1891,5,1,4,4.0,36.0
ETH,Ethiopia,1892,5,1,4,4.0,37.0
ETH,Ethiopia,1893,5,1,4,4.0,38.0
ETH,Ethiopia,1894,5,1,4,4.0,39.0
ETH,Ethiopia,1895,5,1,4,4.0,40.0
ETH,Ethiopia,1896,5,1,4,4.0,41.0
ETH,Ethiopia,1897,5,1,4,4.0,42.0
ETH,Ethiopia,1898,5,1,4,4.0,43.0
ETH,Ethiopia,1899,5,1,4,4.0,44.0
ETH,Ethiopia,1900,5,1,4,4.0,45.0
ETH,Ethiopia,1901,5,1,4,4.0,46.0
ETH,Ethiopia,1902,5,1,4,4.0,47.0
ETH,Ethiopia,1903,5,1,4,4.0,48.0
ETH,Ethiopia,1904,5,1,4,4.0,49.0
ETH,Ethiopia,1905,5,1,4,4.0,50.0
ETH,Ethiopia,1906,5,1,4,4.0,51.0
ETH,Ethiopia,1907,5,1,4,4.0,52.0
ETH,Ethiopia,1908,5,1,4,4.0,53.0
ETH,Ethiopia,1909,5,1,4,4.0,54.0
ETH,Ethiopia,1910,5,1,4,4.0,55.0
ETH,Ethiopia,1911,5,1,4,4.0,56.0
ETH,Ethiopia,1912,5,1,4,4.0,57.0
ETH,Ethiopia,1913,5,1,4,4.0,58.0
ETH,Ethiopia,1914,5,1,4,4.0,59.0
ETH,Ethiopia,1915,5,1,4,4.0,60.0
ETH,Ethiopia,1916,5,1,4,4.0,61.0
ETH,Ethiopia,1917,5,1,4,4.0,62.0
ETH,Ethiopia,1918,5,1,4,4.0,63.0
ETH,Ethiopia,1919,5,1,4,4.0,64.0
ETH,Ethiopia,1920,5,1,4,4.0,65.0
ETH,Ethiopia,1921,5,1,4,4.0,66.0
ETH,Ethiopia,1922,5,1,4,4.0,67.0
ETH,Ethiopia,1923,5,1,4,4.0,68.0
ETH,Ethiopia,1924,5,1,4,4.0,69.0
ETH,Ethiopia,1925,5,1,4,4.0,70.0
ETH,Ethiopia,1926,5,1,4,4.0,71.0
ETH,Ethiopia,1927,5,1,4,4.0,72.0
ETH,Ethiopia,1928,5,1,4,4.0,73.0
ETH,Ethiopia,1929,5,1,4,4.0,74.0
ETH,Ethiopia,1930,0,5,-5,-5.0,0.0
ETH,Ethiopia,1931,0,5,-5,-5.0,1.0
ETH,Ethiopia,1932,0,5,-5,-5.0,2.0
ETH,Ethiopia,1933,0,5,-5,-5.0,3.0
ETH,Ethiopia,1934,0,5,-5,-5.0,4.0
ETH,Ethiopia,1935,0,5,-5,-5.0,0.0
ETH,Ethiopia,1936,-66,-66,-66,,0.0
ETH,Ethiopia,1937,-66,-66,-66,,0.0
ETH,Ethiopia,1938,-66,-66,-66,,0.0
ETH,Ethiopia,1939,-66,-66,-66,,0.0
ETH,Ethiopia,1940,-66,-66,-66,,0.0
ETH,Ethiopia,1941,-66,-66,-66,,0.0
ETH,Ethiopia,1942,0,5,-5,-5.0,0.0
ETH,Ethiopia,1943,0,5,-5,-5.0,0.0
ETH,Ethiopia,1944,0,5,-5,-5.0,1.0
ETH,Ethiopia,1945,0,5,-5,-5.0,2.0
ETH,Ethiopia,1946,0,9,-9,-9.0,0.0
ETH,Ethiopia,1947,0,9,-9,-9.0,1.0
ETH,Ethiopia,1948,0,9,-9,-9.0,2.0
ETH,Ethiopia,1949,0,9,-9,-9.0,3.0
ETH,Ethiopia,1950,0,9,-9,-9.0,4.0
ETH,Ethiopia,1951,0,9,-9,-9.0,5.0
ETH,Ethiopia,1952,0,9,-9,-9.0,6.0
ETH,Ethiopia,1953,0,9,-9,-9.0,7.0
ETH,Ethiopia,1954,0,9,-9,-9.0,8.0
ETH,Ethiopia,1955,0,9,-9,-9.0,9.0
ETH,Ethiopia,1956,0,9,-9,-9.0,10.0
ETH,Ethiopia,1957,0,9,-9,-9.0,11.0
ETH,Ethiopia,1958,0,9,-9,-9.0,12.0
ETH,Ethiopia,1959,0,9,-9,-9.0,13.0
ETH,Ethiopia,1960,0,9,-9,-9.0,14.0
ETH,Ethiopia,1961,0,9,-9,-9.0,15.0
ETH,Ethiopia,1962,0,9,-9,-9.0,16.0
ETH,Ethiopia,1963,0,9,-9,-9.0,17.0
ETH,Ethiopia,1964,0,9,-9,-9.0,18.0
ETH,Ethiopia,1965,0,9,-9,-9.0,19.0
ETH,Ethiopia,1966,0,9,-9,-9.0,20.0
ETH,Ethiopia,1967,0,9,-9,-9.0,21.0
ETH,Ethiopia,1968,0,9,-9,-9.0,22.0
ETH,Ethiopia,1969,0,9,-9,-9.0,23.0
ETH,Ethiopia,1970,0,9,-9,-9.0,24.0
ETH,Ethiopia,1971,0,9,-9,-9.0,25.0
ETH,Ethiopia,1972,0,9,-9,-9.0,26.0
ETH,Ethiopia,1973,0,9,-9,-9.0,27.0
ETH,Ethiopia,1974,-77,-77,-77,0.0,0.0
ETH,Ethiopia,1975,0,7,-7,-7.0,0.0
ETH,Ethiopia,1976,0,7,-7,-7.0,1.0
ETH,Ethiopia,1977,0,7,-7,-7.0,2.0
ETH,Ethiopia,1978,0,7,-7,-7.0,3.0
ETH,Ethiopia,1979,0,7,-7,-7.0,4.0
ETH,Ethiopia,1980,0,7,-7,-7.0,5.0
ETH,Ethiopia,1981,0,7,-7,-7.0,6.0
ETH,Ethiopia,1982,0,7,-7,-7.0,7.0
ETH,Ethiopia,1983,0,7,-7,-7.0,8.0
ETH,Ethiopia,1984,0,8,-8,-8.0,9.0
ETH,Ethiopia,1985,0,8,-8,-8.0,10.0
ETH,Ethiopia,1986,0,8,-8,-8.0,11.0
ETH,Ethiopia,1987,0,8,-8,-8.0,12.0
ETH,Ethiopia,1988,0,8,-8,-8.0,13.0
ETH,Ethiopia,1989,0,8,-8,-8.0,14.0
ETH,Ethiopia,1990,0,8,-8,-8.0,15.0
ETH,Ethiopia,1991,-77,-77,-77,0.0,0.0
ETH,Ethiopia,1992,-88,-88,-88,0.0,0.0
ETH,Ethiopia,1993,-88,-88,-88,0.0,0.0
ETI,Ethiopia,1993,-88,-88,-88,1.0,0.0
ETI,Ethiopia,1994,-88,-88,-88,1.0,0.0
ETI,Ethiopia,1995,3,2,1,1.0,0.0
ETI,Ethiopia,1996,3,2,1,1.0,1.0
ETI,Ethiopia,1997,3,2,1,1.0,2.0
ETI,Ethiopia,1998,3,2,1,1.0,3.0
ETI,Ethiopia,1999,3,2,1,1.0,4.0
ETI,Ethiopia,2000,3,2,1,1.0,5.0
ETI,Ethiopia,2001,3,2,1,1.0,6.0
ETI,Ethiopia,2002,3,2,1,1.0,7.0
ETI,Ethiopia,2003,3,2,1,1.0,8.0
ETI,Ethiopia,2004,3,2,1,1.0,9.0
ETI,Ethiopia,2005,1,4,-3,-3.0,0.0
ETI,Ethiopia,2006,1,4,-3,-3.0,1.0
ETI,Ethiopia,2007,1,4,-3,-3.0,2.0
ETI,Ethiopia,2008,1,4,-3,-3.0,3.0
ETI,Ethiopia,2009,1,4,-3,-3.0,4.0
ETI,Ethiopia,2010,1,4,-3,-3.0,5.0
ETI,Ethiopia,2011,1,4,-3,-3.0,6.0
ETI,Ethiopia,2012,1,4,-3,-3.0,7.0
ETI,Ethiopia,2013,1,4,-3,-3.0,8.0
ETI,Ethiopia,2014,1,4,-3,-3.0,9.0
ETI,Ethiopia,2015,1,4,-3,-3.0,10.0
ETI,Ethiopia,2016,1,4,-3,-3.0,11.0
ETI,Ethiopia,2017,1,4,-3,-3.0,12.0
ETI,Ethiopia,2018,3,2,1,1.0,0.0
ETM,Timor Leste,2002,6,0,6,6.0,0.0
ETM,Timor Leste,2003,6,0,6,6.0,1.0
ETM,Timor Leste,2004,6,0,6,6.0,2.0
ETM,Timor Leste,2005,6,0,6,6.0,3.0
ETM,Timor Leste,2006,7,0,7,7.0,4.0
ETM,Timor Leste,2007,7,0,7,7.0,5.0
ETM,Timor Leste,2008,7,0,7,7.0,6.0
ETM,Timor Leste,2009,7,0,7,7.0,7.0
ETM,Timor Leste,2010,7,0,7,7.0,8.0
ETM,Timor Leste,2011,7,0,7,7.0,9.0
ETM,Timor Leste,2012,9,1,8,8.0,10.0
ETM,Timor Leste,2013,9,1,8,8.0,11.0
ETM,Timor Leste,2014,9,1,8,8.0,12.0
ETM,Timor Leste,2015,9,1,8,8.0,13.0
ETM,Timor Leste,2016,9,1,8,8.0,14.0
ETM,Timor Leste,2017,9,1,8,8.0,15.0
ETM,Timor Leste,2018,9,1,8,8.0,16.0
FIN,Finland,1917,8,0,8,8.0,0.0
FIN,Finland,1918,8,0,8,8.0,1.0
FIN,Finland,1919,10,0,10,10.0,2.0
FIN,Finland,1920,10,0,10,10.0,3.0
FIN,Finland,1921,10,0,10,10.0,4.0
FIN,Finland,1922,10,0,10,10.0,5.0
FIN,Finland,1923,10,0,10,10.0,6.0
FIN,Finland,1924,10,0,10,10.0,7.0
FIN,Finland,1925,10,0,10,10.0,8.0
FIN,Finland,1926,10,0,10,10.0,9.0
FIN,Finland,1927,10,0,10,10.0,10.0
FIN,Finland,1928,10,0,10,10.0,11.0
FIN,Finland,1929,10,0,10,10.0,12.0
FIN,Finland,1930,-88,-88,-88,7.0,0.0
FIN,Finland,1931,7,3,4,4.0,0.0
FIN,Finland,1932,7,3,4,4.0,1.0
FIN,Finland,1933,7,3,4,4.0,2.0
FIN,Finland,1934,7,3,4,4.0,3.0
FIN,Finland,1935,7,3,4,4.0,4.0
FIN,Finland,1936,7,3,4,4.0,5.0
FIN,Finland,1937,7,3,4,4.0,6.0
FIN,Finland,1938,7,3,4,4.0,7.0
FIN,Finland,1939,7,3,4,4.0,8.0
FIN,Finland,1940,7,3,4,4.0,9.0
FIN,Finland,1941,7,3,4,4.0,10.0
FIN,Finland,1942,7,3,4,4.0,11.0
FIN,Finland,1943,7,3,4,4.0,12.0
FIN,Finland,1944,10,0,10,10.0,0.0
FIN,Finland,1945,10,0,10,10.0,1.0
FIN,Finland,1946,10,0,10,10.0,2.0
FIN,Finland,1947,10,0,10,10.0,3.0
FIN,Finland,1948,10,0,10,10.0,4.0
FIN,Finland,1949,10,0,10,10.0,5.0
FIN,Finland,1950,10,0,10,10.0,6.0
FIN,Finland,1951,10,0,10,10.0,7.0
FIN,Finland,1952,10,0,10,10.0,8.0
FIN,Finland,1953,10,0,10,10.0,9.0
FIN,Finland,1954,10,0,10,10.0,10.0
FIN,Finland,1955,10,0,10,10.0,11.0
FIN,Finland,1956,10,0,10,10.0,12.0
FIN,Finland,1957,10,0,10,10.0,13.0
FIN,Finland,1958,10,0,10,10.0,14.0
FIN,Finland,1959,10,0,10,10.0,15.0
FIN,Finland,1960,10,0,10,10.0,16.0
FIN,Finland,1961,10,0,10,10.0,17.0
FIN,Finland,1962,10,0,10,10.0,18.0
FIN,Finland,1963,10,0,10,10.0,19.0
FIN,Finland,1964,10,0,10,10.0,20.0
FIN,Finland,1965,10,0,10,10.0,21.0
FIN,Finland,1966,10,0,10,10.0,22.0
FIN,Finland,1967,10,0,10,10.0,23.0
FIN,Finland,1968,10,0,10,10.0,24.0
FIN,Finland,1969,10,0,10,10.0,25.0
FIN,Finland,1970,10,0,10,10.0,26.0
FIN,Finland,1971,10,0,10,10.0,27.0
FIN,Finland,1972,10,0,10,10.0,28.0
FIN,Finland,1973,10,0,10,10.0,29.0
FIN,Finland,1974,10,0,10,10.0,30.0
FIN,Finland,1975,10,0,10,10.0,31.0
FIN,Finland,1976,10,0,10,10.0,32.0
FIN,Finland,1977,10,0,10,10.0,33.0
FIN,Finland,1978,10,0,10,10.0,34.0
FIN,Finland,1979,10,0,10,10.0,35.0
FIN,Finland,1980,10,0,10,10.0,36.0
FIN,Finland,1981,10,0,10,10.0,37.0
FIN,Finland,1982,10,0,10,10.0,38.0
FIN,Finland,1983,10,0,10,10.0,39.0
FIN,Finland,1984,10,0,10,10.0,40.0
FIN,Finland,1985,10,0,10,10.0,41.0
FIN,Finland,1986,10,0,10,10.0,42.0
FIN,Finland,1987,10,0,10,10.0,43.0
FIN,Finland,1988,10,0,10,10.0,44.0
FIN,Finland,1989,10,0,10,10.0,45.0
FIN,Finland,1990,10,0,10,10.0,46.0
FIN,Finland,1991,10,0,10,10.0,47.0
FIN,Finland,1992,10,0,10,10.0,48.0
FIN,Finland,1993,10,0,10,10.0,49.0
FIN,Finland,1994,10,0,10,10.0,50.0
FIN,Finland,1995,10,0,10,10.0,51.0
FIN,Finland,1996,10,0,10,10.0,52.0
FIN,Finland,1997,10,0,10,10.0,53.0
FIN,Finland,1998,10,0,10,10.0,54.0
FIN,Finland,1999,10,0,10,10.0,55.0
FIN,Finland,2000,10,0,10,10.0,56.0
FIN,Finland,2001,10,0,10,10.0,57.0
FIN,Finland,2002,10,0,10,10.0,58.0
FIN,Finland,2003,10,0,10,10.0,59.0
FIN,Finland,2004,10,0,10,10.0,60.0
FIN,Finland,2005,10,0,10,10.0,61.0
FIN,Finland,2006,10,0,10,10.0,62.0
FIN,Finland,2007,10,0,10,10.0,63.0
FIN,Finland,2008,10,0,10,10.0,64.0
FIN,Finland,2009,10,0,10,10.0,65.0
FIN,Finland,2010,10,0,10,10.0,66.0
FIN,Finland,2011,10,0,10,10.0,67.0
FIN,Finland,2012,10,0,10,10.0,68.0
FIN,Finland,2013,10,0,10,10.0,69.0
FIN,Finland,2014,10,0,10,10.0,70.0
FIN,Finland,2015,10,0,10,10.0,71.0
FIN,Finland,2016,10,0,10,10.0,72.0
FIN,Finland,2017,10,0,10,10.0,73.0
FIN,Finland,2018,10,0,10,10.0,74.0
FJI,Fiji,1970,6,0,6,6.0,0.0
FJI,Fiji,1971,6,0,6,6.0,1.0
FJI,Fiji,1972,6,0,6,6.0,2.0
FJI,Fiji,1973,6,0,6,6.0,3.0
FJI,Fiji,1974,6,0,6,6.0,4.0
FJI,Fiji,1975,6,0,6,6.0,5.0
FJI,Fiji,1976,6,0,6,6.0,6.0
FJI,Fiji,1977,6,0,6,6.0,7.0
FJI,Fiji,1978,6,0,6,6.0,8.0
FJI,Fiji,1979,6,0,6,6.0,9.0
FJI,Fiji,1980,6,0,6,6.0,10.0
FJI,Fiji,1981,6,0,6,6.0,11.0
FJI,Fiji,1982,6,0,6,6.0,12.0
FJI,Fiji,1983,6,0,6,6.0,13.0
FJI,Fiji,1984,6,0,6,6.0,14.0
FJI,Fiji,1985,6,0,6,6.0,15.0
FJI,Fiji,1986,6,0,6,6.0,16.0
FJI,Fiji,1987,1,2,-1,-1.0,0.0
FJI,Fiji,1988,1,2,-1,-1.0,1.0
FJI,Fiji,1989,1,2,-1,-1.0,2.0
FJI,Fiji,1990,6,1,5,5.0,0.0
FJI,Fiji,1991,6,1,5,5.0,1.0
FJI,Fiji,1992,6,1,5,5.0,2.0
FJI,Fiji,1993,6,1,5,5.0,3.0
FJI,Fiji,1994,6,1,5,5.0,4.0
FJI,Fiji,1995,6,1,5,5.0,5.0
FJI,Fiji,1996,6,1,5,5.0,6.0
FJI,Fiji,1997,6,1,5,5.0,7.0
FJI,Fiji,1998,7,1,6,6.0,0.0
FJI,Fiji,1999,9,1,8,8.0,0.0
FJI,Fiji,2000,-88,-88,-88,6.0,0.0
FJI,Fiji,2001,6,1,5,5.0,0.0
FJI,Fiji,2002,6,1,5,5.0,1.0
FJI,Fiji,2003,6,1,5,5.0,2.0
FJI,Fiji,2004,7,1,6,6.0,3.0
FJI,Fiji,2005,7,1,6,6.0,4.0
FJI,Fiji,2006,0,3,-3,-3.0,0.0
FJI,Fiji,2007,0,4,-4,-4.0,0.0
FJI,Fiji,2008,0,4,-4,-4.0,1.0
FJI,Fiji,2009,0,4,-4,-4.0,2.0
FJI,Fiji,2010,0,4,-4,-4.0,3.0
FJI,Fiji,2011,0,4,-4,-4.0,4.0
FJI,Fiji,2012,0,4,-4,-4.0,5.0
FJI,Fiji,2013,0,4,-4,-4.0,6.0
FJI,Fiji,2014,3,1,2,2.0,0.0
FJI,Fiji,2015,3,1,2,2.0,1.0
FJI,Fiji,2016,3,1,2,2.0,2.0
FJI,Fiji,2017,3,1,2,2.0,3.0
FJI,Fiji,2018,4,0,4,2.0,4.0
FRN,France,1800,0,8,-8,-8.0,
FRN,France,1801,0,8,-8,-8.0,
FRN,France,1802,0,8,-8,-8.0,
FRN,France,1803,0,8,-8,-8.0,
FRN,France,1804,0,8,-8,-8.0,
FRN,France,1805,0,8,-8,-8.0,
FRN,France,1806,0,8,-8,-8.0,
FRN,France,1807,0,8,-8,-8.0,
FRN,France,1808,0,8,-8,-8.0,
FRN,France,1809,0,8,-8,-8.0,
FRN,France,1810,0,8,-8,-8.0,
FRN,France,1811,0,8,-8,-8.0,
FRN,France,1812,0,8,-8,-8.0,
FRN,France,1813,0,8,-8,-8.0,
FRN,France,1814,1,5,-4,-4.0,0.0
FRN,France,1815,1,5,-4,-4.0,1.0
FRN,France,1816,1,5,-4,-4.0,2.0
FRN,France,1817,1,5,-4,-4.0,3.0
FRN,France,1818,1,5,-4,-4.0,4.0
FRN,France,1819,1,5,-4,-4.0,5.0
FRN,France,1820,1,5,-4,-4.0,6.0
FRN,France,1821,1,5,-4,-4.0,7.0
FRN,France,1822,1,5,-4,-4.0,8.0
FRN,France,1823,1,5,-4,-4.0,9.0
FRN,France,1824,1,5,-4,-4.0,10.0
FRN,France,1825,1,5,-4,-4.0,11.0
FRN,France,1826,1,5,-4,-4.0,12.0
FRN,France,1827,1,5,-4,-4.0,13.0
FRN,France,1828,1,5,-4,-4.0,14.0
FRN,France,1829,1,5,-4,-4.0,15.0
FRN,France,1830,3,4,-1,-1.0,0.0
FRN,France,1831,3,4,-1,-1.0,1.0
FRN,France,1832,3,4,-1,-1.0,2.0
FRN,France,1833,3,4,-1,-1.0,3.0
FRN,France,1834,3,4,-1,-1.0,4.0
FRN,France,1835,3,4,-1,-1.0,5.0
FRN,France,1836,3,4,-1,-1.0,6.0
FRN,France,1837,3,4,-1,-1.0,7.0
FRN,France,1838,3,4,-1,-1.0,8.0
FRN,France,1839,3,4,-1,-1.0,9.0
FRN,France,1840,3,4,-1,-1.0,10.0
FRN,France,1841,3,4,-1,-1.0,11.0
FRN,France,1842,3,4,-1,-1.0,12.0
FRN,France,1843,3,4,-1,-1.0,13.0
FRN,France,1844,3,4,-1,-1.0,14.0
FRN,France,1845,3,4,-1,-1.0,15.0
FRN,France,1846,3,4,-1,-1.0,16.0
FRN,France,1847,3,4,-1,-1.0,17.0
FRN,France,1848,6,0,6,6.0,0.0
FRN,France,1849,6,0,6,6.0,1.0
FRN,France,1850,6,0,6,6.0,2.0
FRN,France,1851,-88,-88,-88,-1.0,0.0
FRN,France,1852,0,8,-8,-8.0,0.0
FRN,France,1853,0,8,-8,-8.0,1.0
FRN,France,1854,0,8,-8,-8.0,2.0
FRN,France,1855,0,8,-8,-8.0,3.0
FRN,France,1856,0,8,-8,-8.0,4.0
FRN,France,1857,0,8,-8,-8.0,5.0
FRN,France,1858,0,8,-8,-8.0,6.0
FRN,France,1859,0,8,-8,-8.0,7.0
FRN,France,1860,-88,-88,-88,-8.0,0.0
FRN,France,1861,-88,-88,-88,-7.0,0.0
FRN,France,1862,-88,-88,-88,-6.0,0.0
FRN,France,1863,0,6,-6,-6.0,0.0
FRN,France,1864,0,6,-6,-6.0,1.0
FRN,France,1865,0,6,-6,-6.0,2.0
FRN,France,1866,0,6,-6,-6.0,3.0
FRN,France,1867,0,6,-6,-6.0,4.0
FRN,France,1868,0,6,-6,-6.0,5.0
FRN,France,1869,2,5,-3,-3.0,0.0
FRN,France,1870,-88,-88,-88,-2.0,0.0
FRN,France,1871,-88,-88,-88,-1.0,0.0
FRN,France,1872,-88,-88,-88,1.0,0.0
FRN,France,1873,-88,-88,-88,2.0,0.0
FRN,France,1874,-88,-88,-88,3.0,0.0
FRN,France,1875,-88,-88,-88,5.0,0.0
FRN,France,1876,-88,-88,-88,6.0,0.0
FRN,France,1877,7,0,7,7.0,0.0
FRN,France,1878,7,0,7,7.0,1.0
FRN,France,1879,7,0,7,7.0,2.0
FRN,France,1880,7,0,7,7.0,3.0
FRN,France,1881,7,0,7,7.0,4.0
FRN,France,1882,7,0,7,7.0,5.0
FRN,France,1883,7,0,7,7.0,6.0
FRN,France,1884,7,0,7,7.0,7.0
FRN,France,1885,7,0,7,7.0,8.0
FRN,France,1886,7,0,7,7.0,9.0
FRN,France,1887,7,0,7,7.0,10.0
FRN,France,1888,7,0,7,7.0,11.0
FRN,France,1889,7,0,7,7.0,12.0
FRN,France,1890,7,0,7,7.0,13.0
FRN,France,1891,7,0,7,7.0,14.0
FRN,France,1892,7,0,7,7.0,15.0
FRN,France,1893,7,0,7,7.0,16.0
FRN,France,1894,7,0,7,7.0,17.0
FRN,France,1895,7,0,7,7.0,18.0
FRN,France,1896,7,0,7,7.0,19.0
FRN,France,1897,7,0,7,7.0,20.0
FRN,France,1898,8,0,8,8.0,21.0
FRN,France,1899,8,0,8,8.0,22.0
FRN,France,1900,8,0,8,8.0,23.0
FRN,France,1901,8,0,8,8.0,24.0
FRN,France,1902,8,0,8,8.0,25.0
FRN,France,1903,8,0,8,8.0,26.0
FRN,France,1904,8,0,8,8.0,27.0
FRN,France,1905,8,0,8,8.0,28.0
FRN,France,1906,8,0,8,8.0,29.0
FRN,France,1907,8,0,8,8.0,30.0
FRN,France,1908,8,0,8,8.0,31.0
FRN,France,1909,8,0,8,8.0,32.0
FRN,France,1910,8,0,8,8.0,33.0
FRN,France,1911,8,0,8,8.0,34.0
FRN,France,1912,8,0,8,8.0,35.0
FRN,France,1913,8,0,8,8.0,36.0
FRN,France,1914,8,0,8,8.0,37.0
FRN,France,1915,8,0,8,8.0,38.0
FRN,France,1916,8,0,8,8.0,39.0
FRN,France,1917,8,0,8,8.0,40.0
FRN,France,1918,8,0,8,8.0,41.0
FRN,France,1919,9,0,9,9.0,42.0
FRN,France,1920,9,0,9,9.0,43.0
FRN,France,1921,9,0,9,9.0,44.0
FRN,France,1922,9,0,9,9.0,45.0
FRN,France,1923,9,0,9,9.0,46.0
FRN,France,1924,9,0,9,9.0,47.0
FRN,France,1925,9,0,9,9.0,48.0
FRN,France,1926,9,0,9,9.0,49.0
FRN,France,1927,9,0,9,9.0,50.0
FRN,France,1928,9,0,9,9.0,51.0
FRN,France,1929,9,0,9,9.0,52.0
FRN,France,1930,10,0,10,10.0,53.0
FRN,France,1931,10,0,10,10.0,54.0
FRN,France,1932,10,0,10,10.0,55.0
FRN,France,1933,10,0,10,10.0,56.0
FRN,France,1934,10,0,10,10.0,57.0
FRN,France,1935,10,0,10,10.0,58.0
FRN,France,1936,10,0,10,10.0,59.0
FRN,France,1937,10,0,10,10.0,60.0
FRN,France,1938,10,0,10,10.0,61.0
FRN,France,1939,10,0,10,10.0,62.0
FRN,France,1940,-66,-66,-66,,
FRN,France,1941,-66,-66,-66,,
FRN,France,1942,-66,-66,-66,,
FRN,France,1943,-66,-66,-66,,
FRN,France,1944,-88,-88,-88,9.0,0.0
FRN,France,1945,-88,-88,-88,9.0,0.0
FRN,France,1946,-88,-88,-88,9.0,0.0
FRN,France,1947,8,0,8,8.0,0.0
FRN,France,1948,8,0,8,8.0,1.0
FRN,France,1949,8,0,8,8.0,2.0
FRN,France,1950,8,0,8,8.0,3.0
FRN,France,1951,8,0,8,8.0,4.0
FRN,France,1952,8,0,8,8.0,5.0
FRN,France,1953,8,0,8,8.0,6.0
FRN,France,1954,8,0,8,8.0,7.0
FRN,France,1955,8,0,8,8.0,8.0
FRN,France,1956,8,0,8,8.0,9.0
FRN,France,1957,8,0,8,8.0,10.0
FRN,France,1958,2,2,0,0.0,0.0
FRN,France,1959,5,1,4,4.0,0.0
FRN,France,1960,5,1,4,4.0,1.0
FRN,France,1961,5,1,4,4.0,2.0
FRN,France,1962,5,1,4,4.0,3.0
FRN,France,1963,5,1,4,4.0,4.0
FRN,France,1964,5,1,4,4.0,5.0
FRN,France,1965,7,0,7,7.0,0.0
FRN,France,1966,7,0,7,7.0,1.0
FRN,France,1967,7,0,7,7.0,2.0
FRN,France,1968,7,0,7,7.0,3.0
FRN,France,1969,9,0,9,9.0,4.0
FRN,France,1970,9,0,9,9.0,5.0
FRN,France,1971,9,0,9,9.0,6.0
FRN,France,1972,9,0,9,9.0,7.0
FRN,France,1973,9,0,9,9.0,8.0
FRN,France,1974,9,0,9,9.0,9.0
FRN,France,1975,9,0,9,9.0,10.0
FRN,France,1976,9,0,9,9.0,11.0
FRN,France,1977,9,0,9,9.0,12.0
FRN,France,1978,9,0,9,9.0,13.0
FRN,France,1979,9,0,9,9.0,14.0
FRN,France,1980,9,0,9,9.0,15.0
FRN,France,1981,9,0,9,9.0,16.0
FRN,France,1982,9,0,9,9.0,17.0
FRN,France,1983,9,0,9,9.0,18.0
FRN,France,1984,9,0,9,9.0,19.0
FRN,France,1985,9,0,9,9.0,20.0
FRN,France,1986,10,0,10,10.0,21.0
FRN,France,1987,10,0,10,10.0,22.0
FRN,France,1988,10,0,10,10.0,23.0
FRN,France,1989,10,0,10,10.0,24.0
FRN,France,1990,10,0,10,10.0,25.0
FRN,France,1991,10,0,10,10.0,26.0
FRN,France,1992,10,0,10,10.0,27.0
FRN,France,1993,10,0,10,10.0,28.0
FRN,France,1994,10,0,10,10.0,29.0
FRN,France,1995,10,0,10,10.0,30.0
FRN,France,1996,10,0,10,10.0,31.0
FRN,France,1997,10,0,10,10.0,32.0
FRN,France,1998,10,0,10,10.0,33.0
FRN,France,1999,10,0,10,10.0,34.0
FRN,France,2000,10,0,10,10.0,35.0
FRN,France,2001,10,0,10,10.0,36.0
FRN,France,2002,10,0,10,10.0,37.0
FRN,France,2003,10,0,10,10.0,38.0
FRN,France,2004,10,0,10,10.0,39.0
FRN,France,2005,10,0,10,10.0,40.0
FRN,France,2006,10,0,10,10.0,41.0
FRN,France,2007,10,0,10,10.0,42.0
FRN,France,2008,10,0,10,10.0,43.0
FRN,France,2009,10,0,10,10.0,44.0
FRN,France,2010,10,0,10,10.0,45.0
FRN,France,2011,10,0,10,10.0,46.0
FRN,France,2012,10,0,10,10.0,47.0
FRN,France,2013,10,0,10,10.0,48.0
FRN,France,2014,10,0,10,10.0,49.0
FRN,France,2015,10,0,10,10.0,50.0
FRN,France,2016,10,0,10,10.0,51.0
FRN,France,2017,10,0,10,10.0,52.0
FRN,France,2018,10,0,10,10.0,53.0
GAB,Gabon,1960,0,7,-7,-7.0,0.0
GAB,Gabon,1961,0,7,-7,-7.0,1.0
GAB,Gabon,1962,0,7,-7,-7.0,2.0
GAB,Gabon,1963,0,7,-7,-7.0,3.0
GAB,Gabon,1964,0,7,-7,-7.0,4.0
GAB,Gabon,1965,0,7,-7,-7.0,5.0
GAB,Gabon,1966,0,7,-7,-7.0,6.0
GAB,Gabon,1967,0,7,-7,-7.0,7.0
GAB,Gabon,1968,0,9,-9,-9.0,8.0
GAB,Gabon,1969,0,9,-9,-9.0,9.0
GAB,Gabon,1970,0,9,-9,-9.0,10.0
GAB,Gabon,1971,0,9,-9,-9.0,11.0
GAB,Gabon,1972,0,9,-9,-9.0,12.0
GAB,Gabon,1973,0,9,-9,-9.0,13.0
GAB,Gabon,1974,0,9,-9,-9.0,14.0
GAB,Gabon,1975,0,9,-9,-9.0,15.0
GAB,Gabon,1976,0,9,-9,-9.0,16.0
GAB,Gabon,1977,0,9,-9,-9.0,17.0
GAB,Gabon,1978,0,9,-9,-9.0,18.0
GAB,Gabon,1979,0,9,-9,-9.0,19.0
GAB,Gabon,1980,0,9,-9,-9.0,20.0
GAB,Gabon,1981,0,9,-9,-9.0,21.0
GAB,Gabon,1982,0,9,-9,-9.0,22.0
GAB,Gabon,1983,0,9,-9,-9.0,23.0
GAB,Gabon,1984,0,9,-9,-9.0,24.0
GAB,Gabon,1985,0,9,-9,-9.0,25.0
GAB,Gabon,1986,0,9,-9,-9.0,26.0
GAB,Gabon,1987,0,9,-9,-9.0,27.0
GAB,Gabon,1988,0,9,-9,-9.0,28.0
GAB,Gabon,1989,0,9,-9,-9.0,29.0
GAB,Gabon,1990,-88,-88,-88,-6.0,0.0
GAB,Gabon,1991,0,4,-4,-4.0,0.0
GAB,Gabon,1992,0,4,-4,-4.0,1.0
GAB,Gabon,1993,0,4,-4,-4.0,2.0
GAB,Gabon,1994,0,4,-4,-4.0,3.0
GAB,Gabon,1995,0,4,-4,-4.0,4.0
GAB,Gabon,1996,0,4,-4,-4.0,5.0
GAB,Gabon,1997,0,4,-4,-4.0,6.0
GAB,Gabon,1998,0,4,-4,-4.0,7.0
GAB,Gabon,1999,0,4,-4,-4.0,8.0
GAB,Gabon,2000,0,4,-4,-4.0,9.0
GAB,Gabon,2001,0,4,-4,-4.0,10.0
GAB,Gabon,2002,0,4,-4,-4.0,11.0
GAB,Gabon,2003,0,4,-4,-4.0,12.0
GAB,Gabon,2004,0,4,-4,-4.0,13.0
GAB,Gabon,2005,0,4,-4,-4.0,14.0
GAB,Gabon,2006,0,4,-4,-4.0,15.0
GAB,Gabon,2007,0,4,-4,-4.0,16.0
GAB,Gabon,2008,0,4,-4,-4.0,17.0
GAB,Gabon,2009,4,1,3,3.0,0.0
GAB,Gabon,2010,4,1,3,3.0,1.0
GAB,Gabon,2011,4,1,3,3.0,2.0
GAB,Gabon,2012,4,1,3,3.0,3.0
GAB,Gabon,2013,4,1,3,3.0,4.0
GAB,Gabon,2014,4,1,3,3.0,5.0
GAB,Gabon,2015,4,1,3,3.0,6.0
GAB,Gabon,2016,4,1,3,3.0,7.0
GAB,Gabon,2017,4,1,3,3.0,8.0
GAB,Gabon,2018,4,1,3,3.0,9.0
GAM,Gambia,1965,8,0,8,8.0,0.0
GAM,Gambia,1966,8,0,8,8.0,1.0
GAM,Gambia,1967,8,0,8,8.0,2.0
GAM,Gambia,1968,8,0,8,8.0,3.0
GAM,Gambia,1969,8,0,8,8.0,4.0
GAM,Gambia,1970,8,0,8,8.0,5.0
GAM,Gambia,1971,8,0,8,8.0,6.0
GAM,Gambia,1972,8,0,8,8.0,7.0
GAM,Gambia,1973,8,0,8,8.0,8.0
GAM,Gambia,1974,8,0,8,8.0,9.0
GAM,Gambia,1975,8,0,8,8.0,10.0
GAM,Gambia,1976,8,0,8,8.0,11.0
GAM,Gambia,1977,8,0,8,8.0,12.0
GAM,Gambia,1978,8,0,8,8.0,13.0
GAM,Gambia,1979,8,0,8,8.0,14.0
GAM,Gambia,1980,8,0,8,8.0,15.0
GAM,Gambia,1981,7,0,7,7.0,16.0
GAM,Gambia,1982,7,0,7,7.0,17.0
GAM,Gambia,1983,7,0,7,7.0,18.0
GAM,Gambia,1984,7,0,7,7.0,19.0
GAM,Gambia,1985,7,0,7,7.0,20.0
GAM,Gambia,1986,7,0,7,7.0,21.0
GAM,Gambia,1987,7,0,7,7.0,22.0
GAM,Gambia,1988,7,0,7,7.0,23.0
GAM,Gambia,1989,7,0,7,7.0,24.0
GAM,Gambia,1990,8,0,8,8.0,25.0
GAM,Gambia,1991,8,0,8,8.0,26.0
GAM,Gambia,1992,8,0,8,8.0,27.0
GAM,Gambia,1993,8,0,8,8.0,28.0
GAM,Gambia,1994,0,7,-7,-7.0,0.0
GAM,Gambia,1995,0,7,-7,-7.0,1.0
GAM,Gambia,1996,0,6,-6,-6.0,0.0
GAM,Gambia,1997,0,5,-5,-5.0,0.0
GAM,Gambia,1998,0,5,-5,-5.0,1.0
GAM,Gambia,1999,0,5,-5,-5.0,2.0
GAM,Gambia,2000,0,5,-5,-5.0,3.0
GAM,Gambia,2001,0,5,-5,-5.0,4.0
GAM,Gambia,2002,0,5,-5,-5.0,5.0
GAM,Gambia,2003,0,5,-5,-5.0,6.0
GAM,Gambia,2004,0,5,-5,-5.0,7.0
GAM,Gambia,2005,0,5,-5,-5.0,8.0
GAM,Gambia,2006,0,5,-5,-5.0,9.0
GAM,Gambia,2007,0,5,-5,-5.0,10.0
GAM,Gambia,2008,0,5,-5,-5.0,11.0
GAM,Gambia,2009,0,5,-5,-5.0,12.0
GAM,Gambia,2010,0,5,-5,-5.0,13.0
GAM,Gambia,2011,0,5,-5,-5.0,14.0
GAM,Gambia,2012,0,5,-5,-5.0,15.0
GAM,Gambia,2013,0,5,-5,-5.0,16.0
GAM,Gambia,2014,0,5,-5,-5.0,17.0
GAM,Gambia,2015,0,5,-5,-5.0,18.0
GAM,Gambia,2016,0,5,-5,-5.0,19.0
GAM,Gambia,2017,4,0,4,4.0,0.0
GAM,Gambia,2018,4,0,4,4.0,1.0
GCL,Gran Colombia,1821,1,2,-1,-1.0,0.0
GCL,Gran Colombia,1822,1,2,-1,-1.0,1.0
GCL,Gran Colombia,1823,1,2,-1,-1.0,2.0
GCL,Gran Colombia,1824,1,2,-1,-1.0,3.0
GCL,Gran Colombia,1825,1,2,-1,-1.0,4.0
GCL,Gran Colombia,1826,1,2,-1,-1.0,5.0
GCL,Gran Colombia,1827,1,2,-1,-1.0,6.0
GCL,Gran Colombia,1828,1,6,-5,-5.0,0.0
GCL,Gran Colombia,1829,1,6,-5,-5.0,1.0
GCL,Gran Colombia,1830,1,6,-5,-5.0,2.0
GCL,Gran Colombia,1831,-88,-88,-88,-5.0,0.0
GCL,Gran Colombia,1832,-88,-88,-88,-5.0,0.0
GDR,Germany East,1945,-66,-66,-66,,0.0
GDR,Germany East,1946,-66,-66,-66,,0.0
GDR,Germany East,1947,-66,-66,-66,,0.0
GDR,Germany East,1948,-66,-66,-66,,0.0
GDR,Germany East,1949,0,7,-7,-7.0,0.0
GDR,Germany East,1950,0,8,-8,-8.0,1.0
GDR,Germany East,1951,0,8,-8,-8.0,2.0
GDR,Germany East,1952,0,8,-8,-8.0,3.0
GDR,Germany East,1953,0,8,-8,-8.0,4.0
GDR,Germany East,1954,0,8,-8,-8.0,5.0
GDR,Germany East,1955,0,8,-8,-8.0,6.0
GDR,Germany East,1956,0,8,-8,-8.0,7.0
GDR,Germany East,1957,0,8,-8,-8.0,8.0
GDR,Germany East,1958,0,8,-8,-8.0,9.0
GDR,Germany East,1959,0,8,-8,-8.0,10.0
GDR,Germany East,1960,0,9,-9,-9.0,11.0
GDR,Germany East,1961,0,9,-9,-9.0,12.0
GDR,Germany East,1962,0,9,-9,-9.0,13.0
GDR,Germany East,1963,0,9,-9,-9.0,14.0
GDR,Germany East,1964,0,9,-9,-9.0,15.0
GDR,Germany East,1965,0,9,-9,-9.0,16.0
GDR,Germany East,1966,0,9,-9,-9.0,17.0
GDR,Germany East,1967,0,9,-9,-9.0,18.0
GDR,Germany East,1968,0,9,-9,-9.0,19.0
GDR,Germany East,1969,0,9,-9,-9.0,20.0
GDR,Germany East,1970,0,9,-9,-9.0,21.0
GDR,Germany East,1971,0,9,-9,-9.0,22.0
GDR,Germany East,1972,0,9,-9,-9.0,23.0
GDR,Germany East,1973,0,9,-9,-9.0,24.0
GDR,Germany East,1974,0,9,-9,-9.0,25.0
GDR,Germany East,1975,0,9,-9,-9.0,26.0
GDR,Germany East,1976,0,9,-9,-9.0,27.0
GDR,Germany East,1977,0,9,-9,-9.0,28.0
GDR,Germany East,1978,0,9,-9,-9.0,29.0
GDR,Germany East,1979,0,9,-9,-9.0,30.0
GDR,Germany East,1980,0,9,-9,-9.0,31.0
GDR,Germany East,1981,0,9,-9,-9.0,32.0
GDR,Germany East,1982,0,9,-9,-9.0,33.0
GDR,Germany East,1983,0,9,-9,-9.0,34.0
GDR,Germany East,1984,0,9,-9,-9.0,35.0
GDR,Germany East,1985,0,9,-9,-9.0,36.0
GDR,Germany East,1986,0,9,-9,-9.0,37.0
GDR,Germany East,1987,0,9,-9,-9.0,38.0
GDR,Germany East,1988,0,9,-9,-9.0,39.0
GDR,Germany East,1989,-88,-88,-88,,0.0
GDR,Germany East,1990,-88,-88,-88,,0.0
GFR,Germany West,1945,-66,-66,-66,,0.0
GFR,Germany West,1946,-66,-66,-66,,0.0
GFR,Germany West,1947,-66,-66,-66,,0.0
GFR,Germany West,1948,-66,-66,-66,,0.0
GFR,Germany West,1949,10,0,10,10.0,0.0
GFR,Germany West,1950,10,0,10,10.0,1.0
GFR,Germany West,1951,10,0,10,10.0,2.0
GFR,Germany West,1952,10,0,10,10.0,3.0
GFR,Germany West,1953,10,0,10,10.0,4.0
GFR,Germany West,1954,10,0,10,10.0,5.0
GFR,Germany West,1955,10,0,10,10.0,6.0
GFR,Germany West,1956,10,0,10,10.0,7.0
GFR,Germany West,1957,10,0,10,10.0,8.0
GFR,Germany West,1958,10,0,10,10.0,9.0
GFR,Germany West,1959,10,0,10,10.0,10.0
GFR,Germany West,1960,10,0,10,10.0,11.0
GFR,Germany West,1961,10,0,10,10.0,12.0
GFR,Germany West,1962,10,0,10,10.0,13.0
GFR,Germany West,1963,10,0,10,10.0,14.0
GFR,Germany West,1964,10,0,10,10.0,15.0
GFR,Germany West,1965,10,0,10,10.0,16.0
GFR,Germany West,1966,10,0,10,10.0,17.0
GFR,Germany West,1967,10,0,10,10.0,18.0
GFR,Germany West,1968,10,0,10,10.0,19.0
GFR,Germany West,1969,10,0,10,10.0,20.0
GFR,Germany West,1970,10,0,10,10.0,21.0
GFR,Germany West,1971,10,0,10,10.0,22.0
GFR,Germany West,1972,10,0,10,10.0,23.0
GFR,Germany West,1973,10,0,10,10.0,24.0
GFR,Germany West,1974,10,0,10,10.0,25.0
GFR,Germany West,1975,10,0,10,10.0,26.0
GFR,Germany West,1976,10,0,10,10.0,27.0
GFR,Germany West,1977,10,0,10,10.0,28.0
GFR,Germany West,1978,10,0,10,10.0,29.0
GFR,Germany West,1979,10,0,10,10.0,30.0
GFR,Germany West,1980,10,0,10,10.0,31.0
GFR,Germany West,1981,10,0,10,10.0,32.0
GFR,Germany West,1982,10,0,10,10.0,33.0
GFR,Germany West,1983,10,0,10,10.0,34.0
GFR,Germany West,1984,10,0,10,10.0,35.0
GFR,Germany West,1985,10,0,10,10.0,36.0
GFR,Germany West,1986,10,0,10,10.0,37.0
GFR,Germany West,1987,10,0,10,10.0,38.0
GFR,Germany West,1988,10,0,10,10.0,39.0
GFR,Germany West,1989,10,0,10,10.0,40.0
GFR,Germany West,1990,10,0,10,10.0,41.0
GHA,Ghana,1960,2,1,1,1.0,0.0
GHA,Ghana,1961,2,1,1,1.0,1.0
GHA,Ghana,1962,2,5,-3,-3.0,0.0
GHA,Ghana,1963,2,5,-3,-3.0,1.0
GHA,Ghana,1964,0,9,-9,-9.0,0.0
GHA,Ghana,1965,0,9,-9,-9.0,1.0
GHA,Ghana,1966,0,4,-4,-4.0,0.0
GHA,Ghana,1967,0,4,-4,-4.0,1.0
GHA,Ghana,1968,0,4,-4,-4.0,2.0
GHA,Ghana,1969,0,4,-4,-4.0,3.0
GHA,Ghana,1970,4,0,4,4.0,0.0
GHA,Ghana,1971,4,0,4,4.0,1.0
GHA,Ghana,1972,0,7,-7,-7.0,0.0
GHA,Ghana,1973,0,7,-7,-7.0,1.0
GHA,Ghana,1974,0,7,-7,-7.0,2.0
GHA,Ghana,1975,0,7,-7,-7.0,3.0
GHA,Ghana,1976,0,7,-7,-7.0,4.0
GHA,Ghana,1977,0,7,-7,-7.0,5.0
GHA,Ghana,1978,0,5,-5,-5.0,0.0
GHA,Ghana,1979,5,0,5,5.0,0.0
GHA,Ghana,1980,5,0,5,5.0,1.0
GHA,Ghana,1981,5,0,5,5.0,2.0
GHA,Ghana,1982,0,7,-7,-7.0,0.0
GHA,Ghana,1983,0,7,-7,-7.0,1.0
GHA,Ghana,1984,0,7,-7,-7.0,2.0
GHA,Ghana,1985,0,7,-7,-7.0,3.0
GHA,Ghana,1986,0,7,-7,-7.0,4.0
GHA,Ghana,1987,0,7,-7,-7.0,5.0
GHA,Ghana,1988,0,7,-7,-7.0,6.0
GHA,Ghana,1989,0,7,-7,-7.0,7.0
GHA,Ghana,1990,0,7,-7,-7.0,8.0
GHA,Ghana,1991,0,4,-4,-4.0,0.0
GHA,Ghana,1992,1,2,-1,-1.0,0.0
GHA,Ghana,1993,1,2,-1,-1.0,1.0
GHA,Ghana,1994,1,2,-1,-1.0,2.0
GHA,Ghana,1995,1,2,-1,-1.0,3.0
GHA,Ghana,1996,3,1,2,2.0,0.0
GHA,Ghana,1997,3,1,2,2.0,1.0
GHA,Ghana,1998,3,1,2,2.0,2.0
GHA,Ghana,1999,3,1,2,2.0,3.0
GHA,Ghana,2000,3,1,2,2.0,4.0
GHA,Ghana,2001,7,1,6,6.0,0.0
GHA,Ghana,2002,7,1,6,6.0,1.0
GHA,Ghana,2003,7,1,6,6.0,2.0
GHA,Ghana,2004,8,0,8,8.0,3.0
GHA,Ghana,2005,8,0,8,8.0,4.0
GHA,Ghana,2006,8,0,8,8.0,5.0
GHA,Ghana,2007,8,0,8,8.0,6.0
GHA,Ghana,2008,8,0,8,8.0,7.0
GHA,Ghana,2009,8,0,8,8.0,8.0
GHA,Ghana,2010,8,0,8,8.0,9.0
GHA,Ghana,2011,8,0,8,8.0,10.0
GHA,Ghana,2012,8,0,8,8.0,11.0
GHA,Ghana,2013,8,0,8,8.0,12.0
GHA,Ghana,2014,8,0,8,8.0,13.0
GHA,Ghana,2015,8,0,8,8.0,14.0
GHA,Ghana,2016,8,0,8,8.0,15.0
GHA,Ghana,2017,8,0,8,8.0,16.0
GHA,Ghana,2018,8,0,8,8.0,17.0
GMY,Prussia,1800,0,10,-10,-10.0,
GMY,Prussia,1801,0,10,-10,-10.0,
GMY,Prussia,1802,0,10,-10,-10.0,
GMY,Prussia,1803,0,10,-10,-10.0,
GMY,Prussia,1804,0,10,-10,-10.0,
GMY,Prussia,1805,0,10,-10,-10.0,
GMY,Prussia,1806,-66,-66,-66,,0.0
GMY,Prussia,1807,-66,-66,-66,,0.0
GMY,Prussia,1808,-66,-66,-66,,0.0
GMY,Prussia,1809,-66,-66,-66,,0.0
GMY,Prussia,1810,-66,-66,-66,,0.0
GMY,Prussia,1811,-66,-66,-66,,0.0
GMY,Prussia,1812,-66,-66,-66,,0.0
GMY,Prussia,1813,0,10,-10,-10.0,0.0
GMY,Prussia,1814,0,10,-10,-10.0,0.0
GMY,Prussia,1815,0,10,-10,-10.0,1.0
GMY,Prussia,1816,0,10,-10,-10.0,2.0
GMY,Prussia,1817,0,10,-10,-10.0,3.0
GMY,Prussia,1818,0,10,-10,-10.0,4.0
GMY,Prussia,1819,0,10,-10,-10.0,5.0
GMY,Prussia,1820,0,10,-10,-10.0,6.0
GMY,Prussia,1821,0,10,-10,-10.0,7.0
GMY,Prussia,1822,0,10,-10,-10.0,8.0
GMY,Prussia,1823,0,10,-10,-10.0,9.0
GMY,Prussia,1824,0,10,-10,-10.0,10.0
GMY,Prussia,1825,0,10,-10,-10.0,11.0
GMY,Prussia,1826,0,10,-10,-10.0,12.0
GMY,Prussia,1827,0,10,-10,-10.0,13.0
GMY,Prussia,1828,0,10,-10,-10.0,14.0
GMY,Prussia,1829,0,10,-10,-10.0,15.0
GMY,Prussia,1830,0,10,-10,-10.0,16.0
GMY,Prussia,1831,0,10,-10,-10.0,17.0
GMY,Prussia,1832,0,10,-10,-10.0,18.0
GMY,Prussia,1833,0,10,-10,-10.0,19.0
GMY,Prussia,1834,0,10,-10,-10.0,20.0
GMY,Prussia,1835,0,10,-10,-10.0,21.0
GMY,Prussia,1836,0,10,-10,-10.0,22.0
GMY,Prussia,1837,0,10,-10,-10.0,23.0
GMY,Prussia,1838,0,10,-10,-10.0,24.0
GMY,Prussia,1839,0,10,-10,-10.0,25.0
GMY,Prussia,1840,0,9,-9,-9.0,26.0
GMY,Prussia,1841,0,9,-9,-9.0,27.0
GMY,Prussia,1842,0,9,-9,-9.0,28.0
GMY,Prussia,1843,0,9,-9,-9.0,29.0
GMY,Prussia,1844,0,9,-9,-9.0,30.0
GMY,Prussia,1845,0,9,-9,-9.0,31.0
GMY,Prussia,1846,0,9,-9,-9.0,32.0
GMY,Prussia,1847,0,9,-9,-9.0,33.0
GMY,Prussia,1848,0,8,-8,-8.0,34.0
GMY,Prussia,1849,0,8,-8,-8.0,35.0
GMY,Prussia,1850,0,8,-8,-8.0,36.0
GMY,Prussia,1851,0,8,-8,-8.0,37.0
GMY,Prussia,1852,0,8,-8,-8.0,38.0
GMY,Prussia,1853,0,8,-8,-8.0,39.0
GMY,Prussia,1854,0,9,-9,-9.0,40.0
GMY,Prussia,1855,0,9,-9,-9.0,41.0
GMY,Prussia,1856,0,9,-9,-9.0,42.0
GMY,Prussia,1857,0,9,-9,-9.0,43.0
GMY,Prussia,1858,0,8,-8,-8.0,0.0
GMY,Prussia,1859,0,7,-7,-7.0,0.0
GMY,Prussia,1860,0,7,-7,-7.0,1.0
GMY,Prussia,1861,0,7,-7,-7.0,2.0
GMY,Prussia,1862,0,7,-7,-7.0,3.0
GMY,Prussia,1863,0,7,-7,-7.0,4.0
GMY,Prussia,1864,0,7,-7,-7.0,5.0
GMY,Prussia,1865,0,7,-7,-7.0,6.0
GMY,Prussia,1866,0,7,-7,-7.0,7.0
GMY,Prussia,1867,-88,-88,-88,-6.0,0.0
GMY,Germany,1868,-88,-88,-88,-6.0,0.0
GMY,Germany,1869,-88,-88,-88,-5.0,0.0
GMY,Germany,1870,-88,-88,-88,-5.0,0.0
GMY,Germany,1871,0,4,-4,-4.0,0.0
GMY,Germany,1872,0,4,-4,-4.0,1.0
GMY,Germany,1873,0,4,-4,-4.0,2.0
GMY,Germany,1874,0,4,-4,-4.0,3.0
GMY,Germany,1875,0,4,-4,-4.0,4.0
GMY,Germany,1876,0,4,-4,-4.0,5.0
GMY,Germany,1877,0,4,-4,-4.0,6.0
GMY,Germany,1878,1,5,-4,-4.0,7.0
GMY,Germany,1879,1,5,-4,-4.0,8.0
GMY,Germany,1880,1,5,-4,-4.0,9.0
GMY,Germany,1881,1,5,-4,-4.0,10.0
GMY,Germany,1882,1,5,-4,-4.0,11.0
GMY,Germany,1883,1,5,-4,-4.0,12.0
GMY,Germany,1884,1,5,-4,-4.0,13.0
GMY,Germany,1885,1,5,-4,-4.0,14.0
GMY,Germany,1886,1,5,-4,-4.0,15.0
GMY,Germany,1887,1,5,-4,-4.0,16.0
GMY,Germany,1888,1,5,-4,-4.0,17.0
GMY,Germany,1889,1,5,-4,-4.0,18.0
GMY,Germany,1890,4,3,1,1.0,0.0
GMY,Germany,1891,4,3,1,1.0,1.0
GMY,Germany,1892,4,3,1,1.0,2.0
GMY,Germany,1893,4,3,1,1.0,3.0
GMY,Germany,1894,4,3,1,1.0,4.0
GMY,Germany,1895,4,3,1,1.0,5.0
GMY,Germany,1896,4,3,1,1.0,6.0
GMY,Germany,1897,4,3,1,1.0,7.0
GMY,Germany,1898,4,3,1,1.0,8.0
GMY,Germany,1899,4,3,1,1.0,9.0
GMY,Germany,1900,4,3,1,1.0,10.0
GMY,Germany,1901,4,3,1,1.0,11.0
GMY,Germany,1902,4,3,1,1.0,12.0
GMY,Germany,1903,4,3,1,1.0,13.0
GMY,Germany,1904,4,3,1,1.0,14.0
GMY,Germany,1905,4,3,1,1.0,15.0
GMY,Germany,1906,4,3,1,1.0,16.0
GMY,Germany,1907,4,3,1,1.0,17.0
GMY,Germany,1908,4,3,1,1.0,18.0
GMY,Germany,1909,5,3,2,2.0,19.0
GMY,Germany,1910,5,3,2,2.0,20.0
GMY,Germany,1911,5,3,2,2.0,21.0
GMY,Germany,1912,5,3,2,2.0,22.0
GMY,Germany,1913,5,3,2,2.0,23.0
GMY,Germany,1914,5,3,2,2.0,24.0
GMY,Germany,1915,5,3,2,2.0,25.0
GMY,Germany,1916,5,3,2,2.0,26.0
GMY,Germany,1917,5,3,2,2.0,27.0
GMY,Germany,1918,-88,-88,-88,4.0,0.0
GMY,Germany,1919,6,0,6,6.0,0.0
GMY,Germany,1920,6,0,6,6.0,1.0
GMY,Germany,1921,6,0,6,6.0,2.0
GMY,Germany,1922,6,0,6,6.0,3.0
GMY,Germany,1923,6,0,6,6.0,4.0
GMY,Germany,1924,6,0,6,6.0,5.0
GMY,Germany,1925,6,0,6,6.0,6.0
GMY,Germany,1926,6,0,6,6.0,7.0
GMY,Germany,1927,6,0,6,6.0,8.0
GMY,Germany,1928,6,0,6,6.0,9.0
GMY,Germany,1929,6,0,6,6.0,10.0
GMY,Germany,1930,6,0,6,6.0,11.0
GMY,Germany,1931,6,0,6,6.0,12.0
GMY,Germany,1932,6,0,6,6.0,13.0
GMY,Germany,1933,0,9,-9,-9.0,0.0
GMY,Germany,1934,0,9,-9,-9.0,1.0
GMY,Germany,1935,0,9,-9,-9.0,2.0
GMY,Germany,1936,0,9,-9,-9.0,3.0
GMY,Germany,1937,0,9,-9,-9.0,4.0
GMY,Germany,1938,0,9,-9,-9.0,5.0
GMY,Germany,1939,0,9,-9,-9.0,6.0
GMY,Germany,1940,0,9,-9,-9.0,7.0
GMY,Germany,1941,0,9,-9,-9.0,8.0
GMY,Germany,1942,0,9,-9,-9.0,9.0
GMY,Germany,1943,0,9,-9,-9.0,10.0
GMY,Germany,1944,0,9,-9,-9.0,11.0
GMY,Germany,1945,-66,-66,-66,,0.0
GMY,Germany,1990,10,0,10,10.0,0.0
GMY,Germany,1991,10,0,10,10.0,1.0
GMY,Germany,1992,10,0,10,10.0,2.0
GMY,Germany,1993,10,0,10,10.0,3.0
GMY,Germany,1994,10,0,10,10.0,4.0
GMY,Germany,1995,10,0,10,10.0,5.0
GMY,Germany,1996,10,0,10,10.0,6.0
GMY,Germany,1997,10,0,10,10.0,7.0
GMY,Germany,1998,10,0,10,10.0,8.0
GMY,Germany,1999,10,0,10,10.0,9.0
GMY,Germany,2000,10,0,10,10.0,10.0
GMY,Germany,2001,10,0,10,10.0,11.0
GMY,Germany,2002,10,0,10,10.0,12.0
GMY,Germany,2003,10,0,10,10.0,13.0
GMY,Germany,2004,10,0,10,10.0,14.0
GMY,Germany,2005,10,0,10,10.0,15.0
GMY,Germany,2006,10,0,10,10.0,16.0
GMY,Germany,2007,10,0,10,10.0,17.0
GMY,Germany,2008,10,0,10,10.0,18.0
GMY,Germany,2009,10,0,10,10.0,19.0
GMY,Germany,2010,10,0,10,10.0,20.0
GMY,Germany,2011,10,0,10,10.0,21.0
GMY,Germany,2012,10,0,10,10.0,22.0
GMY,Germany,2013,10,0,10,10.0,23.0
GMY,Germany,2014,10,0,10,10.0,24.0
GMY,Germany,2015,10,0,10,10.0,25.0
GMY,Germany,2016,10,0,10,10.0,26.0
GMY,Germany,2017,10,0,10,10.0,27.0
GMY,Germany,2018,10,0,10,10.0,28.0
GNB,Guinea-Bissau,1974,0,7,-7,-7.0,0.0
GNB,Guinea-Bissau,1975,0,7,-7,-7.0,1.0
GNB,Guinea-Bissau,1976,0,7,-7,-7.0,2.0
GNB,Guinea-Bissau,1977,0,7,-7,-7.0,3.0
GNB,Guinea-Bissau,1978,0,7,-7,-7.0,4.0
GNB,Guinea-Bissau,1979,0,7,-7,-7.0,5.0
GNB,Guinea-Bissau,1980,0,9,-9,-9.0,6.0
GNB,Guinea-Bissau,1981,0,9,-9,-9.0,7.0
GNB,Guinea-Bissau,1982,0,9,-9,-9.0,8.0
GNB,Guinea-Bissau,1983,0,9,-9,-9.0,9.0
GNB,Guinea-Bissau,1984,0,8,-8,-8.0,10.0
GNB,Guinea-Bissau,1985,0,8,-8,-8.0,11.0
GNB,Guinea-Bissau,1986,0,8,-8,-8.0,12.0
GNB,Guinea-Bissau,1987,0,8,-8,-8.0,13.0
GNB,Guinea-Bissau,1988,0,8,-8,-8.0,14.0
GNB,Guinea-Bissau,1989,0,8,-8,-8.0,15.0
GNB,Guinea-Bissau,1990,0,8,-8,-8.0,16.0
GNB,Guinea-Bissau,1991,0,5,-5,-5.0,0.0
GNB,Guinea-Bissau,1992,0,5,-5,-5.0,0.0
GNB,Guinea-Bissau,1993,0,5,-5,-5.0,0.0
GNB,Guinea-Bissau,1994,2,0,2,2.0,0.0
GNB,Guinea-Bissau,1995,2,0,2,2.0,1.0
GNB,Guinea-Bissau,1996,2,0,2,2.0,2.0
GNB,Guinea-Bissau,1997,2,0,2,2.0,3.0
GNB,Guinea-Bissau,1998,-77,-77,-77,0.0,0.0
GNB,Guinea-Bissau,1999,-88,-88,-88,3.0,0.0
GNB,Guinea-Bissau,2000,5,0,5,5.0,0.0
GNB,Guinea-Bissau,2001,5,0,5,5.0,1.0
GNB,Guinea-Bissau,2002,5,0,5,5.0,2.0
GNB,Guinea-Bissau,2003,1,2,-1,-1.0,0.0
GNB,Guinea-Bissau,2004,1,2,-1,-1.0,1.0
GNB,Guinea-Bissau,2005,6,0,6,6.0,0.0
GNB,Guinea-Bissau,2006,6,0,6,6.0,1.0
GNB,Guinea-Bissau,2007,6,0,6,6.0,2.0
GNB,Guinea-Bissau,2008,6,0,6,6.0,3.0
GNB,Guinea-Bissau,2009,7,1,6,6.0,4.0
GNB,Guinea-Bissau,2010,7,1,6,6.0,5.0
GNB,Guinea-Bissau,2011,7,1,6,6.0,6.0
GNB,Guinea-Bissau,2012,2,1,1,1.0,0.0
GNB,Guinea-Bissau,2013,2,1,1,1.0,1.0
GNB,Guinea-Bissau,2014,7,1,6,6.0,0.0
GNB,Guinea-Bissau,2015,7,1,6,6.0,1.0
GNB,Guinea-Bissau,2016,7,1,6,6.0,2.0
GNB,Guinea-Bissau,2017,7,1,6,6.0,3.0
GNB,Guinea-Bissau,2018,7,1,6,6.0,4.0
GRC,Greece,1827,0,5,-5,-5.0,0.0
GRC,Greece,1828,0,5,-5,-5.0,1.0
GRC,Greece,1829,0,5,-5,-5.0,2.0
GRC,Greece,1830,1,5,-4,-4.0,3.0
GRC,Greece,1831,1,5,-4,-4.0,4.0
GRC,Greece,1832,1,5,-4,-4.0,5.0
GRC,Greece,1833,0,3,-3,-3.0,6.0
GRC,Greece,1834,0,3,-3,-3.0,7.0
GRC,Greece,1835,0,3,-3,-3.0,8.0
GRC,Greece,1836,0,3,-3,-3.0,9.0
GRC,Greece,1837,0,3,-3,-3.0,10.0
GRC,Greece,1838,0,3,-3,-3.0,11.0
GRC,Greece,1839,0,3,-3,-3.0,12.0
GRC,Greece,1840,0,3,-3,-3.0,13.0
GRC,Greece,1841,0,3,-3,-3.0,14.0
GRC,Greece,1842,0,3,-3,-3.0,15.0
GRC,Greece,1843,0,3,-3,-3.0,16.0
GRC,Greece,1844,0,4,-4,-4.0,17.0
GRC,Greece,1845,0,4,-4,-4.0,18.0
GRC,Greece,1846,0,4,-4,-4.0,19.0
GRC,Greece,1847,0,4,-4,-4.0,20.0
GRC,Greece,1848,0,4,-4,-4.0,21.0
GRC,Greece,1849,0,4,-4,-4.0,22.0
GRC,Greece,1850,0,4,-4,-4.0,23.0
GRC,Greece,1851,0,4,-4,-4.0,24.0
GRC,Greece,1852,0,4,-4,-4.0,25.0
GRC,Greece,1853,0,4,-4,-4.0,26.0
GRC,Greece,1854,0,4,-4,-4.0,27.0
GRC,Greece,1855,0,4,-4,-4.0,28.0
GRC,Greece,1856,0,4,-4,-4.0,29.0
GRC,Greece,1857,0,4,-4,-4.0,30.0
GRC,Greece,1858,0,4,-4,-4.0,31.0
GRC,Greece,1859,0,4,-4,-4.0,32.0
GRC,Greece,1860,0,4,-4,-4.0,33.0
GRC,Greece,1861,0,4,-4,-4.0,34.0
GRC,Greece,1862,-88,-88,-88,0.0,0.0
GRC,Greece,1863,-88,-88,-88,3.0,0.0
GRC,Greece,1864,7,0,7,7.0,0.0
GRC,Greece,1865,7,0,7,7.0,1.0
GRC,Greece,1866,7,0,7,7.0,2.0
GRC,Greece,1867,7,0,7,7.0,3.0
GRC,Greece,1868,7,0,7,7.0,4.0
GRC,Greece,1869,7,0,7,7.0,5.0
GRC,Greece,1870,9,0,9,9.0,6.0
GRC,Greece,1871,9,0,9,9.0,7.0
GRC,Greece,1872,9,0,9,9.0,8.0
GRC,Greece,1873,9,0,9,9.0,9.0
GRC,Greece,1874,9,0,9,9.0,10.0
GRC,Greece,1875,9,0,9,9.0,11.0
GRC,Greece,1876,9,0,9,9.0,12.0
GRC,Greece,1877,9,0,9,9.0,13.0
GRC,Greece,1878,9,0,9,9.0,14.0
GRC,Greece,1879,9,0,9,9.0,15.0
GRC,Greece,1880,10,0,10,10.0,16.0
GRC,Greece,1881,10,0,10,10.0,17.0
GRC,Greece,1882,10,0,10,10.0,18.0
GRC,Greece,1883,10,0,10,10.0,19.0
GRC,Greece,1884,10,0,10,10.0,20.0
GRC,Greece,1885,10,0,10,10.0,21.0
GRC,Greece,1886,10,0,10,10.0,22.0
GRC,Greece,1887,10,0,10,10.0,23.0
GRC,Greece,1888,10,0,10,10.0,24.0
GRC,Greece,1889,10,0,10,10.0,25.0
GRC,Greece,1890,10,0,10,10.0,26.0
GRC,Greece,1891,10,0,10,10.0,27.0
GRC,Greece,1892,10,0,10,10.0,28.0
GRC,Greece,1893,10,0,10,10.0,29.0
GRC,Greece,1894,10,0,10,10.0,30.0
GRC,Greece,1895,10,0,10,10.0,31.0
GRC,Greece,1896,10,0,10,10.0,32.0
GRC,Greece,1897,10,0,10,10.0,33.0
GRC,Greece,1898,10,0,10,10.0,34.0
GRC,Greece,1899,10,0,10,10.0,35.0
GRC,Greece,1900,10,0,10,10.0,36.0
GRC,Greece,1901,10,0,10,10.0,37.0
GRC,Greece,1902,10,0,10,10.0,38.0
GRC,Greece,1903,10,0,10,10.0,39.0
GRC,Greece,1904,10,0,10,10.0,40.0
GRC,Greece,1905,10,0,10,10.0,41.0
GRC,Greece,1906,10,0,10,10.0,42.0
GRC,Greece,1907,10,0,10,10.0,43.0
GRC,Greece,1908,10,0,10,10.0,44.0
GRC,Greece,1909,10,0,10,10.0,45.0
GRC,Greece,1910,10,0,10,10.0,46.0
GRC,Greece,1911,10,0,10,10.0,47.0
GRC,Greece,1912,10,0,10,10.0,48.0
GRC,Greece,1913,10,0,10,10.0,49.0
GRC,Greece,1914,10,0,10,10.0,50.0
GRC,Greece,1915,3,2,1,1.0,0.0
GRC,Greece,1916,-66,-66,-66,,0.0
GRC,Greece,1917,-66,-66,-66,,0.0
GRC,Greece,1918,-66,-66,-66,,0.0
GRC,Greece,1919,-66,-66,-66,,0.0
GRC,Greece,1920,3,2,1,1.0,0.0
GRC,Greece,1921,3,2,1,1.0,1.0
GRC,Greece,1922,-88,-88,-88,0.0,0.0
GRC,Greece,1923,-88,-88,-88,-2.0,0.0
GRC,Greece,1924,1,4,-3,-3.0,0.0
GRC,Greece,1925,0,6,-6,-6.0,0.0
GRC,Greece,1926,10,0,10,10.0,0.0
GRC,Greece,1927,10,0,10,10.0,1.0
GRC,Greece,1928,10,0,10,10.0,2.0
GRC,Greece,1929,10,0,10,10.0,3.0
GRC,Greece,1930,10,0,10,10.0,4.0
GRC,Greece,1931,10,0,10,10.0,5.0
GRC,Greece,1932,10,0,10,10.0,6.0
GRC,Greece,1933,10,0,10,10.0,7.0
GRC,Greece,1934,8,0,8,8.0,0.0
GRC,Greece,1935,8,0,8,8.0,0.0
GRC,Greece,1936,0,8,-8,-8.0,0.0
GRC,Greece,1937,0,8,-8,-8.0,1.0
GRC,Greece,1938,0,8,-8,-8.0,2.0
GRC,Greece,1939,0,8,-8,-8.0,3.0
GRC,Greece,1940,0,8,-8,-8.0,4.0
GRC,Greece,1941,-77,-77,-77,0.0,0.0
GRC,Greece,1942,-77,-77,-77,0.0,0.0
GRC,Greece,1943,-77,-77,-77,0.0,0.0
GRC,Greece,1944,8,0,8,8.0,0.0
GRC,Greece,1945,8,0,8,8.0,1.0
GRC,Greece,1946,8,0,8,8.0,2.0
GRC,Greece,1947,8,0,8,8.0,3.0
GRC,Greece,1948,8,0,8,8.0,4.0
GRC,Greece,1949,7,3,4,4.0,0.0
GRC,Greece,1950,7,3,4,4.0,1.0
GRC,Greece,1951,7,3,4,4.0,2.0
GRC,Greece,1952,7,3,4,4.0,3.0
GRC,Greece,1953,7,3,4,4.0,4.0
GRC,Greece,1954,7,3,4,4.0,5.0
GRC,Greece,1955,7,3,4,4.0,6.0
GRC,Greece,1956,7,3,4,4.0,7.0
GRC,Greece,1957,7,3,4,4.0,8.0
GRC,Greece,1958,7,3,4,4.0,9.0
GRC,Greece,1959,7,3,4,4.0,10.0
GRC,Greece,1960,7,3,4,4.0,11.0
GRC,Greece,1961,7,3,4,4.0,12.0
GRC,Greece,1962,7,3,4,4.0,13.0
GRC,Greece,1963,7,3,4,4.0,14.0
GRC,Greece,1964,7,3,4,4.0,15.0
GRC,Greece,1965,7,3,4,4.0,16.0
GRC,Greece,1966,7,3,4,4.0,17.0
GRC,Greece,1967,0,7,-7,-7.0,0.0
GRC,Greece,1968,0,7,-7,-7.0,1.0
GRC,Greece,1969,0,7,-7,-7.0,2.0
GRC,Greece,1970,0,7,-7,-7.0,3.0
GRC,Greece,1971,0,7,-7,-7.0,4.0
GRC,Greece,1972,0,7,-7,-7.0,5.0
GRC,Greece,1973,0,7,-7,-7.0,6.0
GRC,Greece,1974,-88,-88,-88,1.0,0.0
GRC,Greece,1975,8,0,8,8.0,0.0
GRC,Greece,1976,8,0,8,8.0,1.0
GRC,Greece,1977,8,0,8,8.0,2.0
GRC,Greece,1978,8,0,8,8.0,3.0
GRC,Greece,1979,8,0,8,8.0,4.0
GRC,Greece,1980,8,0,8,8.0,5.0
GRC,Greece,1981,8,0,8,8.0,6.0
GRC,Greece,1982,8,0,8,8.0,7.0
GRC,Greece,1983,8,0,8,8.0,8.0
GRC,Greece,1984,8,0,8,8.0,9.0
GRC,Greece,1985,8,0,8,8.0,10.0
GRC,Greece,1986,10,0,10,10.0,11.0
GRC,Greece,1987,10,0,10,10.0,12.0
GRC,Greece,1988,10,0,10,10.0,13.0
GRC,Greece,1989,10,0,10,10.0,14.0
GRC,Greece,1990,10,0,10,10.0,15.0
GRC,Greece,1991,10,0,10,10.0,16.0
GRC,Greece,1992,10,0,10,10.0,17.0
GRC,Greece,1993,10,0,10,10.0,18.0
GRC,Greece,1994,10,0,10,10.0,19.0
GRC,Greece,1995,10,0,10,10.0,20.0
GRC,Greece,1996,10,0,10,10.0,21.0
GRC,Greece,1997,10,0,10,10.0,22.0
GRC,Greece,1998,10,0,10,10.0,23.0
GRC,Greece,1999,10,0,10,10.0,24.0
GRC,Greece,2000,10,0,10,10.0,25.0
GRC,Greece,2001,10,0,10,10.0,26.0
GRC,Greece,2002,10,0,10,10.0,27.0
GRC,Greece,2003,10,0,10,10.0,28.0
GRC,Greece,2004,10,0,10,10.0,29.0
GRC,Greece,2005,10,0,10,10.0,30.0
GRC,Greece,2006,10,0,10,10.0,31.0
GRC,Greece,2007,10,0,10,10.0,32.0
GRC,Greece,2008,10,0,10,10.0,33.0
GRC,Greece,2009,10,0,10,10.0,34.0
GRC,Greece,2010,10,0,10,10.0,35.0
GRC,Greece,2011,10,0,10,10.0,36.0
GRC,Greece,2012,10,0,10,10.0,37.0
GRC,Greece,2013,10,0,10,10.0,38.0
GRC,Greece,2014,10,0,10,10.0,39.0
GRC,Greece,2015,10,0,10,10.0,40.0
GRC,Greece,2016,10,0,10,10.0,41.0
GRC,Greece,2017,10,0,10,10.0,42.0
GRC,Greece,2018,10,0,10,10.0,43.0
GRG,Georgia,1991,4,1,3,3.0,0.0
GRG,Georgia,1992,-77,-77,-77,0.0,0.0
GRG,Georgia,1993,-77,-77,-77,0.0,0.0
GRG,Georgia,1994,-88,-88,-88,2.0,0.0
GRG,Georgia,1995,4,0,4,4.0,0.0
GRG,Georgia,1996,4,0,4,4.0,1.0
GRG,Georgia,1997,4,0,4,4.0,2.0
GRG,Georgia,1998,4,0,4,4.0,3.0
GRG,Georgia,1999,4,0,4,4.0,4.0
GRG,Georgia,2000,4,2,2,2.0,5.0
GRG,Georgia,2001,4,2,2,2.0,6.0
GRG,Georgia,2002,4,2,2,2.0,7.0
GRG,Georgia,2003,4,2,2,2.0,8.0
GRG,Georgia,2004,6,0,6,6.0,0.0
GRG,Georgia,2005,6,0,6,6.0,1.0
GRG,Georgia,2006,6,0,6,6.0,2.0
GRG,Georgia,2007,7,1,6,6.0,3.0
GRG,Georgia,2008,7,1,6,6.0,4.0
GRG,Georgia,2009,7,1,6,6.0,5.0
GRG,Georgia,2010,7,1,6,6.0,6.0
GRG,Georgia,2011,7,1,6,6.0,7.0
GRG,Georgia,2012,7,1,6,6.0,8.0
GRG,Georgia,2013,8,1,7,7.0,9.0
GRG,Georgia,2014,8,1,7,7.0,10.0
GRG,Georgia,2015,8,1,7,7.0,11.0
GRG,Georgia,2016,8,1,7,7.0,12.0
GRG,Georgia,2017,8,1,7,7.0,13.0
GRG,Georgia,2018,8,1,7,7.0,14.0
GUA,Guatemala,1839,1,4,-3,-3.0,0.0
GUA,Guatemala,1840,1,4,-3,-3.0,1.0
GUA,Guatemala,1841,1,4,-3,-3.0,2.0
GUA,Guatemala,1842,1,4,-3,-3.0,3.0
GUA,Guatemala,1843,1,4,-3,-3.0,4.0
GUA,Guatemala,1844,1,4,-3,-3.0,5.0
GUA,Guatemala,1845,1,4,-3,-3.0,6.0
GUA,Guatemala,1846,1,4,-3,-3.0,7.0
GUA,Guatemala,1847,1,4,-3,-3.0,8.0
GUA,Guatemala,1848,1,4,-3,-3.0,9.0
GUA,Guatemala,1849,1,4,-3,-3.0,10.0
GUA,Guatemala,1850,1,2,-1,-1.0,11.0
GUA,Guatemala,1851,1,2,-1,-1.0,12.0
GUA,Guatemala,1852,1,2,-1,-1.0,13.0
GUA,Guatemala,1853,1,2,-1,-1.0,14.0
GUA,Guatemala,1854,1,4,-3,-3.0,15.0
GUA,Guatemala,1855,1,4,-3,-3.0,16.0
GUA,Guatemala,1856,1,4,-3,-3.0,17.0
GUA,Guatemala,1857,1,4,-3,-3.0,18.0
GUA,Guatemala,1858,1,4,-3,-3.0,19.0
GUA,Guatemala,1859,1,4,-3,-3.0,20.0
GUA,Guatemala,1860,1,4,-3,-3.0,21.0
GUA,Guatemala,1861,1,4,-3,-3.0,22.0
GUA,Guatemala,1862,1,4,-3,-3.0,23.0
GUA,Guatemala,1863,1,4,-3,-3.0,24.0
GUA,Guatemala,1864,1,4,-3,-3.0,25.0
GUA,Guatemala,1865,1,4,-3,-3.0,26.0
GUA,Guatemala,1866,1,4,-3,-3.0,27.0
GUA,Guatemala,1867,1,4,-3,-3.0,28.0
GUA,Guatemala,1868,1,4,-3,-3.0,29.0
GUA,Guatemala,1869,1,4,-3,-3.0,30.0
GUA,Guatemala,1870,1,4,-3,-3.0,31.0
GUA,Guatemala,1871,-88,-88,-88,-2.0,0.0
GUA,Guatemala,1872,-88,-88,-88,-2.0,0.0
GUA,Guatemala,1873,1,2,-1,-1.0,0.0
GUA,Guatemala,1874,1,2,-1,-1.0,1.0
GUA,Guatemala,1875,1,2,-1,-1.0,2.0
GUA,Guatemala,1876,1,6,-5,-5.0,0.0
GUA,Guatemala,1877,1,6,-5,-5.0,1.0
GUA,Guatemala,1878,1,6,-5,-5.0,2.0
GUA,Guatemala,1879,4,2,2,2.0,0.0
GUA,Guatemala,1880,4,2,2,2.0,1.0
GUA,Guatemala,1881,4,2,2,2.0,2.0
GUA,Guatemala,1882,4,2,2,2.0,3.0
GUA,Guatemala,1883,4,2,2,2.0,4.0
GUA,Guatemala,1884,4,2,2,2.0,5.0
GUA,Guatemala,1885,4,2,2,2.0,6.0
GUA,Guatemala,1886,4,2,2,2.0,7.0
GUA,Guatemala,1887,4,2,2,2.0,8.0
GUA,Guatemala,1888,4,2,2,2.0,9.0
GUA,Guatemala,1889,4,2,2,2.0,10.0
GUA,Guatemala,1890,4,2,2,2.0,11.0
GUA,Guatemala,1891,4,2,2,2.0,12.0
GUA,Guatemala,1892,4,2,2,2.0,13.0
GUA,Guatemala,1893,4,2,2,2.0,14.0
GUA,Guatemala,1894,4,2,2,2.0,15.0
GUA,Guatemala,1895,4,2,2,2.0,16.0
GUA,Guatemala,1896,1,4,-3,-3.0,0.0
GUA,Guatemala,1897,1,4,-3,-3.0,1.0
GUA,Guatemala,1898,4,2,2,2.0,0.0
GUA,Guatemala,1899,4,2,2,2.0,1.0
GUA,Guatemala,1900,0,9,-9,-9.0,0.0
GUA,Guatemala,1901,0,9,-9,-9.0,1.0
GUA,Guatemala,1902,0,9,-9,-9.0,2.0
GUA,Guatemala,1903,0,9,-9,-9.0,3.0
GUA,Guatemala,1904,0,9,-9,-9.0,4.0
GUA,Guatemala,1905,0,9,-9,-9.0,5.0
GUA,Guatemala,1906,0,9,-9,-9.0,6.0
GUA,Guatemala,1907,0,9,-9,-9.0,7.0
GUA,Guatemala,1908,0,9,-9,-9.0,8.0
GUA,Guatemala,1909,0,9,-9,-9.0,9.0
GUA,Guatemala,1910,0,9,-9,-9.0,10.0
GUA,Guatemala,1911,0,9,-9,-9.0,11.0
GUA,Guatemala,1912,0,9,-9,-9.0,12.0
GUA,Guatemala,1913,0,9,-9,-9.0,13.0
GUA,Guatemala,1914,0,9,-9,-9.0,14.0
GUA,Guatemala,1915,0,9,-9,-9.0,15.0
GUA,Guatemala,1916,0,9,-9,-9.0,16.0
GUA,Guatemala,1917,0,9,-9,-9.0,17.0
GUA,Guatemala,1918,0,9,-9,-9.0,18.0
GUA,Guatemala,1919,0,9,-9,-9.0,19.0
GUA,Guatemala,1920,0,9,-9,-9.0,20.0
GUA,Guatemala,1921,4,2,2,2.0,0.0
GUA,Guatemala,1922,4,2,2,2.0,1.0
GUA,Guatemala,1923,4,2,2,2.0,2.0
GUA,Guatemala,1924,4,2,2,2.0,3.0
GUA,Guatemala,1925,4,2,2,2.0,4.0
GUA,Guatemala,1926,4,2,2,2.0,5.0
GUA,Guatemala,1927,4,2,2,2.0,6.0
GUA,Guatemala,1928,4,2,2,2.0,7.0
GUA,Guatemala,1929,4,2,2,2.0,8.0
GUA,Guatemala,1930,4,2,2,2.0,9.0
GUA,Guatemala,1931,0,9,-9,-9.0,0.0
GUA,Guatemala,1932,0,9,-9,-9.0,1.0
GUA,Guatemala,1933,0,9,-9,-9.0,2.0
GUA,Guatemala,1934,0,9,-9,-9.0,3.0
GUA,Guatemala,1935,0,9,-9,-9.0,4.0
GUA,Guatemala,1936,0,9,-9,-9.0,5.0
GUA,Guatemala,1937,0,9,-9,-9.0,6.0
GUA,Guatemala,1938,0,9,-9,-9.0,7.0
GUA,Guatemala,1939,0,9,-9,-9.0,8.0
GUA,Guatemala,1940,0,9,-9,-9.0,9.0
GUA,Guatemala,1941,0,9,-9,-9.0,10.0
GUA,Guatemala,1942,0,9,-9,-9.0,11.0
GUA,Guatemala,1943,0,9,-9,-9.0,12.0
GUA,Guatemala,1944,6,1,5,5.0,0.0
GUA,Guatemala,1945,6,1,5,5.0,1.0
GUA,Guatemala,1946,6,1,5,5.0,2.0
GUA,Guatemala,1947,6,1,5,5.0,3.0
GUA,Guatemala,1948,6,1,5,5.0,4.0
GUA,Guatemala,1949,6,1,5,5.0,5.0
GUA,Guatemala,1950,4,2,2,2.0,0.0
GUA,Guatemala,1951,4,2,2,2.0,1.0
GUA,Guatemala,1952,4,2,2,2.0,2.0
GUA,Guatemala,1953,4,2,2,2.0,3.0
GUA,Guatemala,1954,0,6,-6,-6.0,0.0
GUA,Guatemala,1955,0,6,-6,-6.0,1.0
GUA,Guatemala,1956,0,6,-6,-6.0,2.0
GUA,Guatemala,1957,0,6,-6,-6.0,3.0
GUA,Guatemala,1958,0,5,-5,-5.0,4.0
GUA,Guatemala,1959,0,5,-5,-5.0,5.0
GUA,Guatemala,1960,0,5,-5,-5.0,6.0
GUA,Guatemala,1961,0,5,-5,-5.0,7.0
GUA,Guatemala,1962,0,5,-5,-5.0,8.0
GUA,Guatemala,1963,0,5,-5,-5.0,9.0
GUA,Guatemala,1964,0,5,-5,-5.0,10.0
GUA,Guatemala,1965,0,5,-5,-5.0,11.0
GUA,Guatemala,1966,4,1,3,3.0,0.0
GUA,Guatemala,1967,4,1,3,3.0,1.0
GUA,Guatemala,1968,4,1,3,3.0,2.0
GUA,Guatemala,1969,4,1,3,3.0,3.0
GUA,Guatemala,1970,3,2,1,1.0,4.0
GUA,Guatemala,1971,3,2,1,1.0,5.0
GUA,Guatemala,1972,3,2,1,1.0,6.0
GUA,Guatemala,1973,3,2,1,1.0,7.0
GUA,Guatemala,1974,1,4,-3,-3.0,0.0
GUA,Guatemala,1975,1,4,-3,-3.0,1.0
GUA,Guatemala,1976,1,4,-3,-3.0,2.0
GUA,Guatemala,1977,1,4,-3,-3.0,3.0
GUA,Guatemala,1978,0,5,-5,-5.0,4.0
GUA,Guatemala,1979,0,5,-5,-5.0,5.0
GUA,Guatemala,1980,0,5,-5,-5.0,6.0
GUA,Guatemala,1981,0,5,-5,-5.0,7.0
GUA,Guatemala,1982,0,7,-7,-7.0,8.0
GUA,Guatemala,1983,0,7,-7,-7.0,9.0
GUA,Guatemala,1984,0,6,-6,-6.0,0.0
GUA,Guatemala,1985,-88,-88,-88,-1.0,0.0
GUA,Guatemala,1986,4,1,3,3.0,0.0
GUA,Guatemala,1987,4,1,3,3.0,1.0
GUA,Guatemala,1988,4,1,3,3.0,2.0
GUA,Guatemala,1989,4,1,3,3.0,3.0
GUA,Guatemala,1990,4,1,3,3.0,4.0
GUA,Guatemala,1991,4,1,3,3.0,5.0
GUA,Guatemala,1992,4,1,3,3.0,6.0
GUA,Guatemala,1993,4,1,3,3.0,7.0
GUA,Guatemala,1994,4,1,3,3.0,8.0
GUA,Guatemala,1995,4,1,3,3.0,9.0
GUA,Guatemala,1996,8,0,8,8.0,0.0
GUA,Guatemala,1997,8,0,8,8.0,1.0
GUA,Guatemala,1998,8,0,8,8.0,2.0
GUA,Guatemala,1999,8,0,8,8.0,3.0
GUA,Guatemala,2000,8,0,8,8.0,4.0
GUA,Guatemala,2001,8,0,8,8.0,5.0
GUA,Guatemala,2002,8,0,8,8.0,6.0
GUA,Guatemala,2003,8,0,8,8.0,7.0
GUA,Guatemala,2004,8,0,8,8.0,8.0
GUA,Guatemala,2005,8,0,8,8.0,9.0
GUA,Guatemala,2006,8,0,8,8.0,10.0
GUA,Guatemala,2007,8,0,8,8.0,11.0
GUA,Guatemala,2008,8,0,8,8.0,12.0
GUA,Guatemala,2009,8,0,8,8.0,13.0
GUA,Guatemala,2010,8,0,8,8.0,14.0
GUA,Guatemala,2011,8,0,8,8.0,15.0
GUA,Guatemala,2012,8,0,8,8.0,16.0
GUA,Guatemala,2013,8,0,8,8.0,17.0
GUA,Guatemala,2014,8,0,8,8.0,18.0
GUA,Guatemala,2015,9,1,8,8.0,19.0
GUA,Guatemala,2016,9,1,8,8.0,20.0
GUA,Guatemala,2017,9,1,8,8.0,21.0
GUA,Guatemala,2018,9,1,8,8.0,22.0
GUI,Guinea,1958,0,9,-9,-9.0,0.0
GUI,Guinea,1959,0,9,-9,-9.0,1.0
GUI,Guinea,1960,0,9,-9,-9.0,2.0
GUI,Guinea,1961,0,9,-9,-9.0,3.0
GUI,Guinea,1962,0,9,-9,-9.0,4.0
GUI,Guinea,1963,0,9,-9,-9.0,5.0
GUI,Guinea,1964,0,9,-9,-9.0,6.0
GUI,Guinea,1965,0,9,-9,-9.0,7.0
GUI,Guinea,1966,0,9,-9,-9.0,8.0
GUI,Guinea,1967,0,9,-9,-9.0,9.0
GUI,Guinea,1968,0,9,-9,-9.0,10.0
GUI,Guinea,1969,0,9,-9,-9.0,11.0
GUI,Guinea,1970,0,9,-9,-9.0,12.0
GUI,Guinea,1971,0,9,-9,-9.0,13.0
GUI,Guinea,1972,0,9,-9,-9.0,14.0
GUI,Guinea,1973,0,9,-9,-9.0,15.0
GUI,Guinea,1974,0,9,-9,-9.0,16.0
GUI,Guinea,1975,0,9,-9,-9.0,17.0
GUI,Guinea,1976,0,9,-9,-9.0,18.0
GUI,Guinea,1977,0,9,-9,-9.0,19.0
GUI,Guinea,1978,0,9,-9,-9.0,20.0
GUI,Guinea,1979,0,9,-9,-9.0,21.0
GUI,Guinea,1980,0,9,-9,-9.0,22.0
GUI,Guinea,1981,0,9,-9,-9.0,23.0
GUI,Guinea,1982,0,9,-9,-9.0,24.0
GUI,Guinea,1983,0,9,-9,-9.0,25.0
GUI,Guinea,1984,0,7,-7,-7.0,26.0
GUI,Guinea,1985,0,7,-7,-7.0,27.0
GUI,Guinea,1986,0,7,-7,-7.0,28.0
GUI,Guinea,1987,0,7,-7,-7.0,29.0
GUI,Guinea,1988,0,7,-7,-7.0,30.0
GUI,Guinea,1989,0,7,-7,-7.0,31.0
GUI,Guinea,1990,0,7,-7,-7.0,32.0
GUI,Guinea,1991,0,5,-5,-5.0,33.0
GUI,Guinea,1992,0,5,-5,-5.0,34.0
GUI,Guinea,1993,0,5,-5,-5.0,35.0
GUI,Guinea,1994,0,5,-5,-5.0,36.0
GUI,Guinea,1995,1,2,-1,-1.0,0.0
GUI,Guinea,1996,1,2,-1,-1.0,1.0
GUI,Guinea,1997,1,2,-1,-1.0,2.0
GUI,Guinea,1998,1,2,-1,-1.0,3.0
GUI,Guinea,1999,1,2,-1,-1.0,4.0
GUI,Guinea,2000,1,2,-1,-1.0,5.0
GUI,Guinea,2001,1,2,-1,-1.0,6.0
GUI,Guinea,2002,1,2,-1,-1.0,7.0
GUI,Guinea,2003,1,2,-1,-1.0,8.0
GUI,Guinea,2004,1,2,-1,-1.0,9.0
GUI,Guinea,2005,1,2,-1,-1.0,10.0
GUI,Guinea,2006,1,2,-1,-1.0,11.0
GUI,Guinea,2007,1,2,-1,-1.0,12.0
GUI,Guinea,2008,1,2,-1,-1.0,13.0
GUI,Guinea,2009,1,2,-1,-1.0,14.0
GUI,Guinea,2010,3,2,1,1.0,0.0
GUI,Guinea,2011,3,2,1,1.0,1.0
GUI,Guinea,2012,3,2,1,1.0,2.0
GUI,Guinea,2013,4,0,4,4.0,0.0
GUI,Guinea,2014,4,0,4,4.0,1.0
GUI,Guinea,2015,4,0,4,4.0,2.0
GUI,Guinea,2016,4,0,4,4.0,3.0
GUI,Guinea,2017,4,0,4,4.0,4.0
GUI,Guinea,2018,4,0,4,4.0,5.0
GUY,Guyana,1966,5,3,2,2.0,0.0
GUY,Guyana,1967,5,3,2,2.0,1.0
GUY,Guyana,1968,4,3,1,1.0,2.0
GUY,Guyana,1969,4,3,1,1.0,3.0
GUY,Guyana,1970,4,3,1,1.0,4.0
GUY,Guyana,1971,4,3,1,1.0,5.0
GUY,Guyana,1972,4,3,1,1.0,6.0
GUY,Guyana,1973,4,3,1,1.0,7.0
GUY,Guyana,1974,4,3,1,1.0,8.0
GUY,Guyana,1975,4,3,1,1.0,9.0
GUY,Guyana,1976,4,3,1,1.0,10.0
GUY,Guyana,1977,4,3,1,1.0,11.0
GUY,Guyana,1978,3,3,0,0.0,0.0
GUY,Guyana,1979,3,3,0,0.0,0.0
GUY,Guyana,1980,0,7,-7,-7.0,0.0
GUY,Guyana,1981,0,7,-7,-7.0,1.0
GUY,Guyana,1982,0,7,-7,-7.0,2.0
GUY,Guyana,1983,0,7,-7,-7.0,3.0
GUY,Guyana,1984,0,7,-7,-7.0,4.0
GUY,Guyana,1985,0,7,-7,-7.0,5.0
GUY,Guyana,1986,0,7,-7,-7.0,6.0
GUY,Guyana,1987,0,7,-7,-7.0,7.0
GUY,Guyana,1988,0,7,-7,-7.0,8.0
GUY,Guyana,1989,0,7,-7,-7.0,9.0
GUY,Guyana,1990,0,7,-7,-7.0,10.0
GUY,Guyana,1991,0,7,-7,-7.0,11.0
GUY,Guyana,1992,6,0,6,6.0,0.0
GUY,Guyana,1993,6,0,6,6.0,1.0
GUY,Guyana,1994,6,0,6,6.0,2.0
GUY,Guyana,1995,6,0,6,6.0,3.0
GUY,Guyana,1996,6,0,6,6.0,4.0
GUY,Guyana,1997,6,0,6,6.0,5.0
GUY,Guyana,1998,6,0,6,6.0,6.0
GUY,Guyana,1999,6,0,6,6.0,7.0
GUY,Guyana,2000,6,0,6,6.0,8.0
GUY,Guyana,2001,6,0,6,6.0,9.0
GUY,Guyana,2002,6,0,6,6.0,10.0
GUY,Guyana,2003,6,0,6,6.0,11.0
GUY,Guyana,2004,6,0,6,6.0,12.0
GUY,Guyana,2005,6,0,6,6.0,13.0
GUY,Guyana,2006,6,0,6,6.0,14.0
GUY,Guyana,2007,6,0,6,6.0,15.0
GUY,Guyana,2008,6,0,6,6.0,16.0
GUY,Guyana,2009,6,0,6,6.0,17.0
GUY,Guyana,2010,6,0,6,6.0,18.0
GUY,Guyana,2011,6,0,6,6.0,19.0
GUY,Guyana,2012,6,0,6,6.0,20.0
GUY,Guyana,2013,6,0,6,6.0,21.0
GUY,Guyana,2014,6,0,6,6.0,22.0
GUY,Guyana,2015,8,1,7,7.0,23.0
GUY,Guyana,2016,8,1,7,7.0,24.0
GUY,Guyana,2017,8,1,7,7.0,25.0
GUY,Guyana,2018,8,1,7,7.0,26.0
HAI,Haiti,1820,0,3,-3,-3.0,0.0
HAI,Haiti,1821,0,3,-3,-3.0,1.0
HAI,Haiti,1822,0,3,-3,-3.0,2.0
HAI,Haiti,1823,0,3,-3,-3.0,3.0
HAI,Haiti,1824,0,3,-3,-3.0,4.0
HAI,Haiti,1825,0,3,-3,-3.0,5.0
HAI,Haiti,1826,0,3,-3,-3.0,6.0
HAI,Haiti,1827,0,3,-3,-3.0,7.0
HAI,Haiti,1828,0,3,-3,-3.0,8.0
HAI,Haiti,1829,0,3,-3,-3.0,9.0
HAI,Haiti,1830,0,3,-3,-3.0,10.0
HAI,Haiti,1831,0,3,-3,-3.0,11.0
HAI,Haiti,1832,0,3,-3,-3.0,12.0
HAI,Haiti,1833,0,3,-3,-3.0,13.0
HAI,Haiti,1834,0,3,-3,-3.0,14.0
HAI,Haiti,1835,0,3,-3,-3.0,15.0
HAI,Haiti,1836,0,3,-3,-3.0,16.0
HAI,Haiti,1837,0,3,-3,-3.0,17.0
HAI,Haiti,1838,0,3,-3,-3.0,18.0
HAI,Haiti,1839,0,3,-3,-3.0,19.0
HAI,Haiti,1840,0,3,-3,-3.0,20.0
HAI,Haiti,1841,0,3,-3,-3.0,21.0
HAI,Haiti,1842,0,3,-3,-3.0,22.0
HAI,Haiti,1843,0,3,-3,-3.0,23.0
HAI,Haiti,1844,0,3,-3,-3.0,24.0
HAI,Haiti,1845,0,3,-3,-3.0,25.0
HAI,Haiti,1846,0,3,-3,-3.0,26.0
HAI,Haiti,1847,0,3,-3,-3.0,27.0
HAI,Haiti,1848,0,3,-3,-3.0,28.0
HAI,Haiti,1849,0,3,-3,-3.0,29.0
HAI,Haiti,1850,0,3,-3,-3.0,30.0
HAI,Haiti,1851,0,3,-3,-3.0,31.0
HAI,Haiti,1852,0,3,-3,-3.0,32.0
HAI,Haiti,1853,0,3,-3,-3.0,33.0
HAI,Haiti,1854,0,3,-3,-3.0,34.0
HAI,Haiti,1855,0,3,-3,-3.0,35.0
HAI,Haiti,1856,0,3,-3,-3.0,36.0
HAI,Haiti,1857,0,3,-3,-3.0,37.0
HAI,Haiti,1858,0,3,-3,-3.0,38.0
HAI,Haiti,1859,0,3,-3,-3.0,39.0
HAI,Haiti,1860,0,3,-3,-3.0,40.0
HAI,Haiti,1861,0,3,-3,-3.0,41.0
HAI,Haiti,1862,0,3,-3,-3.0,42.0
HAI,Haiti,1863,0,3,-3,-3.0,43.0
HAI,Haiti,1864,0,3,-3,-3.0,44.0
HAI,Haiti,1865,0,3,-3,-3.0,45.0
HAI,Haiti,1866,0,3,-3,-3.0,46.0
HAI,Haiti,1867,0,3,-3,-3.0,47.0
HAI,Haiti,1868,0,3,-3,-3.0,48.0
HAI,Haiti,1869,0,3,-3,-3.0,49.0
HAI,Haiti,1870,0,3,-3,-3.0,50.0
HAI,Haiti,1871,0,3,-3,-3.0,51.0
HAI,Haiti,1872,0,3,-3,-3.0,52.0
HAI,Haiti,1873,0,3,-3,-3.0,53.0
HAI,Haiti,1874,0,3,-3,-3.0,54.0
HAI,Haiti,1875,0,3,-3,-3.0,55.0
HAI,Haiti,1876,0,3,-3,-3.0,56.0
HAI,Haiti,1877,0,3,-3,-3.0,57.0
HAI,Haiti,1878,0,3,-3,-3.0,58.0
HAI,Haiti,1879,0,3,-3,-3.0,59.0
HAI,Haiti,1880,0,3,-3,-3.0,60.0
HAI,Haiti,1881,0,3,-3,-3.0,61.0
HAI,Haiti,1882,0,3,-3,-3.0,62.0
HAI,Haiti,1883,0,3,-3,-3.0,63.0
HAI,Haiti,1884,0,3,-3,-3.0,64.0
HAI,Haiti,1885,0,3,-3,-3.0,65.0
HAI,Haiti,1886,0,3,-3,-3.0,66.0
HAI,Haiti,1887,0,3,-3,-3.0,67.0
HAI,Haiti,1888,0,3,-3,-3.0,68.0
HAI,Haiti,1889,0,3,-3,-3.0,69.0
HAI,Haiti,1890,0,3,-3,-3.0,70.0
HAI,Haiti,1891,0,3,-3,-3.0,71.0
HAI,Haiti,1892,0,3,-3,-3.0,72.0
HAI,Haiti,1893,0,3,-3,-3.0,73.0
HAI,Haiti,1894,0,3,-3,-3.0,74.0
HAI,Haiti,1895,0,3,-3,-3.0,75.0
HAI,Haiti,1896,0,3,-3,-3.0,76.0
HAI,Haiti,1897,0,3,-3,-3.0,77.0
HAI,Haiti,1898,0,3,-3,-3.0,78.0
HAI,Haiti,1899,0,3,-3,-3.0,79.0
HAI,Haiti,1900,0,3,-3,-3.0,80.0
HAI,Haiti,1901,0,3,-3,-3.0,81.0
HAI,Haiti,1902,0,3,-3,-3.0,82.0
HAI,Haiti,1903,0,3,-3,-3.0,83.0
HAI,Haiti,1904,0,3,-3,-3.0,84.0
HAI,Haiti,1905,0,3,-3,-3.0,85.0
HAI,Haiti,1906,0,3,-3,-3.0,86.0
HAI,Haiti,1907,0,3,-3,-3.0,87.0
HAI,Haiti,1908,0,3,-3,-3.0,88.0
HAI,Haiti,1909,0,3,-3,-3.0,89.0
HAI,Haiti,1910,0,3,-3,-3.0,90.0
HAI,Haiti,1911,0,3,-3,-3.0,91.0
HAI,Haiti,1912,0,3,-3,-3.0,92.0
HAI,Haiti,1913,0,3,-3,-3.0,93.0
HAI,Haiti,1914,0,3,-3,-3.0,94.0
HAI,Haiti,1915,-66,-66,-66,,0.0
HAI,Haiti,1916,-66,-66,-66,,0.0
HAI,Haiti,1917,-66,-66,-66,,0.0
HAI,Haiti,1918,-66,-66,-66,,0.0
HAI,Haiti,1919,-66,-66,-66,,0.0
HAI,Haiti,1920,-66,-66,-66,,0.0
HAI,Haiti,1921,-66,-66,-66,,0.0
HAI,Haiti,1922,-66,-66,-66,,0.0
HAI,Haiti,1923,-66,-66,-66,,0.0
HAI,Haiti,1924,-66,-66,-66,,0.0
HAI,Haiti,1925,-66,-66,-66,,0.0
HAI,Haiti,1926,-66,-66,-66,,0.0
HAI,Haiti,1927,-66,-66,-66,,0.0
HAI,Haiti,1928,-66,-66,-66,,0.0
HAI,Haiti,1929,-66,-66,-66,,0.0
HAI,Haiti,1930,-66,-66,-66,,0.0
HAI,Haiti,1931,-66,-66,-66,,0.0
HAI,Haiti,1932,-66,-66,-66,,0.0
HAI,Haiti,1933,-66,-66,-66,,0.0
HAI,Haiti,1934,4,0,4,4.0,0.0
HAI,Haiti,1935,2,1,1,1.0,0.0
HAI,Haiti,1936,2,1,1,1.0,18.0
HAI,Haiti,1937,2,1,1,1.0,19.0
HAI,Haiti,1938,2,1,1,1.0,20.0
HAI,Haiti,1939,2,1,1,1.0,21.0
HAI,Haiti,1940,2,1,1,1.0,22.0
HAI,Haiti,1941,2,1,1,1.0,23.0
HAI,Haiti,1942,2,1,1,1.0,24.0
HAI,Haiti,1943,2,1,1,1.0,25.0
HAI,Haiti,1944,2,1,1,1.0,26.0
HAI,Haiti,1945,2,1,1,1.0,27.0
HAI,Haiti,1946,2,1,1,1.0,0.0
HAI,Haiti,1947,4,0,4,4.0,1.0
HAI,Haiti,1948,4,0,4,4.0,2.0
HAI,Haiti,1949,4,0,4,4.0,3.0
HAI,Haiti,1950,0,5,-5,-5.0,0.0
HAI,Haiti,1951,0,5,-5,-5.0,1.0
HAI,Haiti,1952,0,5,-5,-5.0,2.0
HAI,Haiti,1953,0,5,-5,-5.0,3.0
HAI,Haiti,1954,0,5,-5,-5.0,4.0
HAI,Haiti,1955,0,5,-5,-5.0,5.0
HAI,Haiti,1956,-88,-88,-88,0.0,0.0
HAI,Haiti,1957,4,0,4,4.0,0.0
HAI,Haiti,1958,4,0,4,4.0,1.0
HAI,Haiti,1959,4,0,4,4.0,2.0
HAI,Haiti,1960,4,0,4,4.0,3.0
HAI,Haiti,1961,0,7,-7,-7.0,0.0
HAI,Haiti,1962,0,7,-7,-7.0,1.0
HAI,Haiti,1963,0,7,-7,-7.0,2.0
HAI,Haiti,1964,0,7,-7,-7.0,3.0
HAI,Haiti,1965,0,7,-7,-7.0,4.0
HAI,Haiti,1966,0,7,-7,-7.0,5.0
HAI,Haiti,1967,0,7,-7,-7.0,6.0
HAI,Haiti,1968,0,7,-7,-7.0,7.0
HAI,Haiti,1969,0,7,-7,-7.0,8.0
HAI,Haiti,1970,0,7,-7,-7.0,9.0
HAI,Haiti,1971,0,9,-9,-9.0,10.0
HAI,Haiti,1972,0,9,-9,-9.0,11.0
HAI,Haiti,1973,0,9,-9,-9.0,12.0
HAI,Haiti,1974,0,9,-9,-9.0,13.0
HAI,Haiti,1975,0,9,-9,-9.0,14.0
HAI,Haiti,1976,0,9,-9,-9.0,15.0
HAI,Haiti,1977,0,9,-9,-9.0,16.0
HAI,Haiti,1978,0,9,-9,-9.0,17.0
HAI,Haiti,1979,0,8,-8,-8.0,18.0
HAI,Haiti,1980,0,8,-8,-8.0,19.0
HAI,Haiti,1981,0,8,-8,-8.0,20.0
HAI,Haiti,1982,0,8,-8,-8.0,21.0
HAI,Haiti,1983,0,8,-8,-8.0,22.0
HAI,Haiti,1984,0,8,-8,-8.0,23.0
HAI,Haiti,1985,0,8,-8,-8.0,24.0
HAI,Haiti,1986,-77,-77,-77,0.0,0.0
HAI,Haiti,1987,-77,-77,-77,0.0,0.0
HAI,Haiti,1988,-77,-77,-77,0.0,0.0
HAI,Haiti,1989,-77,-77,-77,0.0,0.0
HAI,Haiti,1990,-77,-77,-77,0.0,0.0
HAI,Haiti,1991,0,7,-7,-7.0,0.0
HAI,Haiti,1992,0,7,-7,-7.0,1.0
HAI,Haiti,1993,0,7,-7,-7.0,2.0
HAI,Haiti,1994,6,0,6,6.0,0.0
HAI,Haiti,1995,6,0,6,6.0,0.0
HAI,Haiti,1996,7,0,7,7.0,0.0
HAI,Haiti,1997,7,0,7,7.0,1.0
HAI,Haiti,1998,7,0,7,7.0,2.0
HAI,Haiti,1999,-88,-88,-88,3.0,0.0
HAI,Haiti,2000,1,3,-2,-2.0,0.0
HAI,Haiti,2001,1,3,-2,-2.0,1.0
HAI,Haiti,2002,1,3,-2,-2.0,2.0
HAI,Haiti,2003,1,3,-2,-2.0,3.0
HAI,Haiti,2004,-88,-88,-88,0.0,0.0
HAI,Haiti,2005,-88,-88,-88,3.0,0.0
HAI,Haiti,2006,6,1,5,5.0,0.0
HAI,Haiti,2007,6,1,5,5.0,1.0
HAI,Haiti,2008,6,1,5,5.0,2.0
HAI,Haiti,2009,6,1,5,5.0,3.0
HAI,Haiti,2010,-77,-77,-77,0.0,0.0
HAI,Haiti,2011,-77,-77,-77,0.0,0.0
HAI,Haiti,2012,-77,-77,-77,0.0,0.0
HAI,Haiti,2013,-77,-77,-77,0.0,0.0
HAI,Haiti,2014,-77,-77,-77,0.0,0.0
HAI,Haiti,2015,-77,-77,-77,0.0,0.0
HAI,Haiti,2016,-88,-88,-88,5.0,0.0
HAI,Haiti,2017,6,1,5,5.0,0.0
HAI,Haiti,2018,6,1,5,5.0,1.0
HON,Honduras,1839,1,4,-3,-3.0,0.0
HON,Honduras,1840,1,4,-3,-3.0,1.0
HON,Honduras,1841,1,4,-3,-3.0,2.0
HON,Honduras,1842,1,4,-3,-3.0,3.0
HON,Honduras,1843,1,4,-3,-3.0,4.0
HON,Honduras,1844,1,4,-3,-3.0,5.0
HON,Honduras,1845,1,4,-3,-3.0,6.0
HON,Honduras,1846,1,4,-3,-3.0,7.0
HON,Honduras,1847,1,4,-3,-3.0,8.0
HON,Honduras,1848,3,3,0,0.0,0.0
HON,Honduras,1849,3,3,0,0.0,1.0
HON,Honduras,1850,3,3,0,0.0,2.0
HON,Honduras,1851,3,3,0,0.0,3.0
HON,Honduras,1852,-66,-66,-66,,0.0
HON,Honduras,1853,-66,-66,-66,,0.0
HON,Honduras,1854,3,3,0,0.0,0.0
HON,Honduras,1855,3,3,0,0.0,0.0
HON,Honduras,1856,3,3,0,0.0,1.0
HON,Honduras,1857,3,3,0,0.0,2.0
HON,Honduras,1858,3,3,0,0.0,3.0
HON,Honduras,1859,3,3,0,0.0,4.0
HON,Honduras,1860,3,3,0,0.0,5.0
HON,Honduras,1861,3,3,0,0.0,6.0
HON,Honduras,1862,3,3,0,0.0,7.0
HON,Honduras,1863,3,3,0,0.0,8.0
HON,Honduras,1864,1,4,-3,-3.0,0.0
HON,Honduras,1865,1,4,-3,-3.0,1.0
HON,Honduras,1866,1,4,-3,-3.0,2.0
HON,Honduras,1867,1,4,-3,-3.0,3.0
HON,Honduras,1868,1,4,-3,-3.0,4.0
HON,Honduras,1869,1,4,-3,-3.0,5.0
HON,Honduras,1870,1,4,-3,-3.0,6.0
HON,Honduras,1871,1,4,-3,-3.0,7.0
HON,Honduras,1872,1,4,-3,-3.0,8.0
HON,Honduras,1873,1,4,-3,-3.0,9.0
HON,Honduras,1874,1,4,-3,-3.0,10.0
HON,Honduras,1875,1,4,-3,-3.0,11.0
HON,Honduras,1876,1,4,-3,-3.0,12.0
HON,Honduras,1877,1,4,-3,-3.0,13.0
HON,Honduras,1878,1,4,-3,-3.0,14.0
HON,Honduras,1879,1,4,-3,-3.0,15.0
HON,Honduras,1880,1,4,-3,-3.0,16.0
HON,Honduras,1881,1,4,-3,-3.0,17.0
HON,Honduras,1882,1,4,-3,-3.0,18.0
HON,Honduras,1883,1,4,-3,-3.0,19.0
HON,Honduras,1884,1,4,-3,-3.0,20.0
HON,Honduras,1885,1,4,-3,-3.0,21.0
HON,Honduras,1886,1,4,-3,-3.0,22.0
HON,Honduras,1887,1,4,-3,-3.0,23.0
HON,Honduras,1888,1,4,-3,-3.0,24.0
HON,Honduras,1889,1,4,-3,-3.0,25.0
HON,Honduras,1890,1,4,-3,-3.0,26.0
HON,Honduras,1891,1,4,-3,-3.0,27.0
HON,Honduras,1892,1,4,-3,-3.0,28.0
HON,Honduras,1893,1,4,-3,-3.0,29.0
HON,Honduras,1894,6,1,5,5.0,0.0
HON,Honduras,1895,6,1,5,5.0,1.0
HON,Honduras,1896,6,1,5,5.0,2.0
HON,Honduras,1897,6,1,5,5.0,3.0
HON,Honduras,1898,6,1,5,5.0,4.0
HON,Honduras,1899,6,1,5,5.0,5.0
HON,Honduras,1900,6,1,5,5.0,6.0
HON,Honduras,1901,6,1,5,5.0,7.0
HON,Honduras,1902,6,1,5,5.0,8.0
HON,Honduras,1903,6,1,5,5.0,9.0
HON,Honduras,1904,4,4,0,0.0,0.0
HON,Honduras,1905,4,4,0,0.0,1.0
HON,Honduras,1906,4,4,0,0.0,2.0
HON,Honduras,1907,-66,-66,-66,,0.0
HON,Honduras,1908,6,1,5,5.0,0.0
HON,Honduras,1909,6,1,5,5.0,1.0
HON,Honduras,1910,6,1,5,5.0,2.0
HON,Honduras,1911,6,1,5,5.0,3.0
HON,Honduras,1912,-66,-66,-66,,0.0
HON,Honduras,1913,6,1,5,5.0,0.0
HON,Honduras,1914,6,1,5,5.0,0.0
HON,Honduras,1915,6,1,5,5.0,1.0
HON,Honduras,1916,6,1,5,5.0,2.0
HON,Honduras,1917,6,1,5,5.0,3.0
HON,Honduras,1918,6,1,5,5.0,4.0
HON,Honduras,1919,-66,-66,-66,,0.0
HON,Honduras,1920,6,1,5,5.0,0.0
HON,Honduras,1921,6,1,5,5.0,0.0
HON,Honduras,1922,6,1,5,5.0,1.0
HON,Honduras,1923,6,1,5,5.0,2.0
HON,Honduras,1924,-66,-66,-66,,0.0
HON,Honduras,1925,6,1,5,5.0,0.0
HON,Honduras,1926,6,1,5,5.0,0.0
HON,Honduras,1927,6,1,5,5.0,1.0
HON,Honduras,1928,6,1,5,5.0,2.0
HON,Honduras,1929,6,1,5,5.0,3.0
HON,Honduras,1930,6,1,5,5.0,4.0
HON,Honduras,1931,6,1,5,5.0,5.0
HON,Honduras,1932,6,1,5,5.0,6.0
HON,Honduras,1933,6,1,5,5.0,7.0
HON,Honduras,1934,6,1,5,5.0,8.0
HON,Honduras,1935,6,1,5,5.0,9.0
HON,Honduras,1936,1,4,-3,-3.0,0.0
HON,Honduras,1937,1,4,-3,-3.0,1.0
HON,Honduras,1938,1,4,-3,-3.0,2.0
HON,Honduras,1939,1,4,-3,-3.0,3.0
HON,Honduras,1940,1,4,-3,-3.0,4.0
HON,Honduras,1941,1,4,-3,-3.0,5.0
HON,Honduras,1942,1,4,-3,-3.0,6.0
HON,Honduras,1943,1,4,-3,-3.0,7.0
HON,Honduras,1944,1,4,-3,-3.0,8.0
HON,Honduras,1945,1,4,-3,-3.0,9.0
HON,Honduras,1946,1,4,-3,-3.0,10.0
HON,Honduras,1947,1,4,-3,-3.0,11.0
HON,Honduras,1948,1,4,-3,-3.0,12.0
HON,Honduras,1949,1,4,-3,-3.0,13.0
HON,Honduras,1950,1,4,-3,-3.0,14.0
HON,Honduras,1951,1,4,-3,-3.0,15.0
HON,Honduras,1952,1,4,-3,-3.0,16.0
HON,Honduras,1953,1,4,-3,-3.0,17.0
HON,Honduras,1954,1,4,-3,-3.0,18.0
HON,Honduras,1955,1,4,-3,-3.0,19.0
HON,Honduras,1956,1,2,-1,-1.0,20.0
HON,Honduras,1957,1,2,-1,-1.0,21.0
HON,Honduras,1958,1,2,-1,-1.0,22.0
HON,Honduras,1959,1,2,-1,-1.0,23.0
HON,Honduras,1960,1,2,-1,-1.0,24.0
HON,Honduras,1961,1,2,-1,-1.0,25.0
HON,Honduras,1962,1,2,-1,-1.0,26.0
HON,Honduras,1963,1,2,-1,-1.0,27.0
HON,Honduras,1964,1,2,-1,-1.0,28.0
HON,Honduras,1965,1,2,-1,-1.0,29.0
HON,Honduras,1966,1,2,-1,-1.0,30.0
HON,Honduras,1967,1,2,-1,-1.0,31.0
HON,Honduras,1968,1,2,-1,-1.0,32.0
HON,Honduras,1969,1,2,-1,-1.0,33.0
HON,Honduras,1970,1,2,-1,-1.0,34.0
HON,Honduras,1971,1,1,0,0.0,35.0
HON,Honduras,1972,1,2,-1,-1.0,36.0
HON,Honduras,1973,1,2,-1,-1.0,37.0
HON,Honduras,1974,1,2,-1,-1.0,38.0
HON,Honduras,1975,1,2,-1,-1.0,39.0
HON,Honduras,1976,1,2,-1,-1.0,40.0
HON,Honduras,1977,1,2,-1,-1.0,41.0
HON,Honduras,1978,1,2,-1,-1.0,42.0
HON,Honduras,1979,1,2,-1,-1.0,43.0
HON,Honduras,1980,-88,-88,-88,1.0,0.0
HON,Honduras,1981,-88,-88,-88,4.0,0.0
HON,Honduras,1982,6,0,6,6.0,0.0
HON,Honduras,1983,6,0,6,6.0,1.0
HON,Honduras,1984,6,0,6,6.0,2.0
HON,Honduras,1985,5,0,5,5.0,3.0
HON,Honduras,1986,5,0,5,5.0,4.0
HON,Honduras,1987,5,0,5,5.0,5.0
HON,Honduras,1988,5,0,5,5.0,6.0
HON,Honduras,1989,6,0,6,6.0,7.0
HON,Honduras,1990,6,0,6,6.0,8.0
HON,Honduras,1991,6,0,6,6.0,9.0
HON,Honduras,1992,6,0,6,6.0,10.0
HON,Honduras,1993,6,0,6,6.0,11.0
HON,Honduras,1994,6,0,6,6.0,12.0
HON,Honduras,1995,6,0,6,6.0,13.0
HON,Honduras,1996,6,0,6,6.0,14.0
HON,Honduras,1997,6,0,6,6.0,15.0
HON,Honduras,1998,6,0,6,6.0,16.0
HON,Honduras,1999,7,0,7,7.0,17.0
HON,Honduras,2000,7,0,7,7.0,18.0
HON,Honduras,2001,7,0,7,7.0,19.0
HON,Honduras,2002,7,0,7,7.0,20.0
HON,Honduras,2003,7,0,7,7.0,21.0
HON,Honduras,2004,7,0,7,7.0,22.0
HON,Honduras,2005,7,0,7,7.0,23.0
HON,Honduras,2006,7,0,7,7.0,24.0
HON,Honduras,2007,7,0,7,7.0,25.0
HON,Honduras,2008,7,0,7,7.0,26.0
HON,Honduras,2009,7,0,7,7.0,27.0
HON,Honduras,2010,7,0,7,7.0,28.0
HON,Honduras,2011,7,0,7,7.0,29.0
HON,Honduras,2012,7,0,7,7.0,30.0
HON,Honduras,2013,7,0,7,7.0,31.0
HON,Honduras,2014,7,0,7,7.0,32.0
HON,Honduras,2015,7,0,7,7.0,33.0
HON,Honduras,2016,7,0,7,7.0,34.0
HON,Honduras,2017,7,0,7,7.0,35.0
HON,Honduras,2018,7,0,7,7.0,36.0
HUN,Hungary,1867,1,5,-4,-4.0,0.0
HUN,Hungary,1868,1,5,-4,-4.0,1.0
HUN,Hungary,1869,1,5,-4,-4.0,2.0
HUN,Hungary,1870,1,5,-4,-4.0,3.0
HUN,Hungary,1871,1,5,-4,-4.0,4.0
HUN,Hungary,1872,1,5,-4,-4.0,5.0
HUN,Hungary,1873,1,5,-4,-4.0,6.0
HUN,Hungary,1874,1,5,-4,-4.0,7.0
HUN,Hungary,1875,1,5,-4,-4.0,8.0
HUN,Hungary,1876,1,5,-4,-4.0,9.0
HUN,Hungary,1877,1,5,-4,-4.0,10.0
HUN,Hungary,1878,1,5,-4,-4.0,11.0
HUN,Hungary,1879,1,5,-4,-4.0,12.0
HUN,Hungary,1880,1,5,-4,-4.0,13.0
HUN,Hungary,1881,1,5,-4,-4.0,14.0
HUN,Hungary,1882,1,5,-4,-4.0,15.0
HUN,Hungary,1883,1,5,-4,-4.0,16.0
HUN,Hungary,1884,1,5,-4,-4.0,17.0
HUN,Hungary,1885,1,5,-4,-4.0,18.0
HUN,Hungary,1886,1,5,-4,-4.0,19.0
HUN,Hungary,1887,1,5,-4,-4.0,20.0
HUN,Hungary,1888,1,5,-4,-4.0,21.0
HUN,Hungary,1889,1,5,-4,-4.0,22.0
HUN,Hungary,1890,1,5,-4,-4.0,23.0
HUN,Hungary,1891,1,5,-4,-4.0,24.0
HUN,Hungary,1892,1,5,-4,-4.0,25.0
HUN,Hungary,1893,1,5,-4,-4.0,26.0
HUN,Hungary,1894,1,5,-4,-4.0,27.0
HUN,Hungary,1895,1,5,-4,-4.0,28.0
HUN,Hungary,1896,1,5,-4,-4.0,29.0
HUN,Hungary,1897,1,5,-4,-4.0,30.0
HUN,Hungary,1898,1,5,-4,-4.0,31.0
HUN,Hungary,1899,1,5,-4,-4.0,32.0
HUN,Hungary,1900,1,5,-4,-4.0,33.0
HUN,Hungary,1901,1,5,-4,-4.0,34.0
HUN,Hungary,1902,1,5,-4,-4.0,35.0
HUN,Hungary,1903,1,5,-4,-4.0,36.0
HUN,Hungary,1904,1,5,-4,-4.0,37.0
HUN,Hungary,1905,1,5,-4,-4.0,38.0
HUN,Hungary,1906,1,5,-4,-4.0,39.0
HUN,Hungary,1907,1,5,-4,-4.0,40.0
HUN,Hungary,1908,1,5,-4,-4.0,41.0
HUN,Hungary,1909,1,5,-4,-4.0,42.0
HUN,Hungary,1910,1,5,-4,-4.0,43.0
HUN,Hungary,1911,1,5,-4,-4.0,44.0
HUN,Hungary,1912,1,5,-4,-4.0,45.0
HUN,Hungary,1913,1,5,-4,-4.0,46.0
HUN,Hungary,1914,1,5,-4,-4.0,47.0
HUN,Hungary,1915,1,5,-4,-4.0,48.0
HUN,Hungary,1916,1,5,-4,-4.0,49.0
HUN,Hungary,1917,1,5,-4,-4.0,50.0
HUN,Hungary,1918,-88,-88,-88,-6.0,0.0
HUN,Hungary,1919,0,7,-7,-7.0,0.0
HUN,Hungary,1920,1,2,-1,-1.0,0.0
HUN,Hungary,1921,1,2,-1,-1.0,1.0
HUN,Hungary,1922,1,2,-1,-1.0,2.0
HUN,Hungary,1923,1,2,-1,-1.0,3.0
HUN,Hungary,1924,1,2,-1,-1.0,4.0
HUN,Hungary,1925,1,2,-1,-1.0,5.0
HUN,Hungary,1926,1,2,-1,-1.0,6.0
HUN,Hungary,1927,1,2,-1,-1.0,7.0
HUN,Hungary,1928,1,2,-1,-1.0,8.0
HUN,Hungary,1929,1,2,-1,-1.0,9.0
HUN,Hungary,1930,1,2,-1,-1.0,10.0
HUN,Hungary,1931,1,2,-1,-1.0,11.0
HUN,Hungary,1932,1,2,-1,-1.0,12.0
HUN,Hungary,1933,1,2,-1,-1.0,13.0
HUN,Hungary,1934,1,2,-1,-1.0,14.0
HUN,Hungary,1935,1,2,-1,-1.0,15.0
HUN,Hungary,1936,1,2,-1,-1.0,16.0
HUN,Hungary,1937,1,2,-1,-1.0,17.0
HUN,Hungary,1938,1,2,-1,-1.0,18.0
HUN,Hungary,1939,1,2,-1,-1.0,19.0
HUN,Hungary,1940,1,2,-1,-1.0,20.0
HUN,Hungary,1941,1,2,-1,-1.0,21.0
HUN,Hungary,1942,1,2,-1,-1.0,22.0
HUN,Hungary,1943,1,2,-1,-1.0,23.0
HUN,Hungary,1944,-66,-66,-66,,0.0
HUN,Hungary,1945,-88,-88,-88,-2.0,0.0
HUN,Hungary,1946,-88,-88,-88,-4.0,0.0
HUN,Hungary,1947,-88,-88,-88,-6.0,0.0
HUN,Hungary,1948,0,7,-7,-7.0,0.0
HUN,Hungary,1949,0,7,-7,-7.0,1.0
HUN,Hungary,1950,0,7,-7,-7.0,2.0
HUN,Hungary,1951,0,7,-7,-7.0,3.0
HUN,Hungary,1952,0,7,-7,-7.0,4.0
HUN,Hungary,1953,0,7,-7,-7.0,5.0
HUN,Hungary,1954,0,7,-7,-7.0,6.0
HUN,Hungary,1955,0,7,-7,-7.0,7.0
HUN,Hungary,1956,-66,-66,-66,,0.0
HUN,Hungary,1957,0,7,-7,-7.0,0.0
HUN,Hungary,1958,0,7,-7,-7.0,0.0
HUN,Hungary,1959,0,7,-7,-7.0,1.0
HUN,Hungary,1960,0,7,-7,-7.0,2.0
HUN,Hungary,1961,0,7,-7,-7.0,3.0
HUN,Hungary,1962,0,7,-7,-7.0,4.0
HUN,Hungary,1963,0,7,-7,-7.0,5.0
HUN,Hungary,1964,0,7,-7,-7.0,6.0
HUN,Hungary,1965,0,7,-7,-7.0,7.0
HUN,Hungary,1966,0,7,-7,-7.0,8.0
HUN,Hungary,1967,0,7,-7,-7.0,9.0
HUN,Hungary,1968,0,7,-7,-7.0,10.0
HUN,Hungary,1969,0,7,-7,-7.0,11.0
HUN,Hungary,1970,0,7,-7,-7.0,12.0
HUN,Hungary,1971,0,7,-7,-7.0,13.0
HUN,Hungary,1972,0,7,-7,-7.0,14.0
HUN,Hungary,1973,0,7,-7,-7.0,15.0
HUN,Hungary,1974,0,7,-7,-7.0,16.0
HUN,Hungary,1975,0,7,-7,-7.0,17.0
HUN,Hungary,1976,0,7,-7,-7.0,18.0
HUN,Hungary,1977,0,7,-7,-7.0,19.0
HUN,Hungary,1978,0,7,-7,-7.0,20.0
HUN,Hungary,1979,0,7,-7,-7.0,21.0
HUN,Hungary,1980,0,7,-7,-7.0,22.0
HUN,Hungary,1981,0,7,-7,-7.0,23.0
HUN,Hungary,1982,0,7,-7,-7.0,24.0
HUN,Hungary,1983,0,7,-7,-7.0,25.0
HUN,Hungary,1984,0,7,-7,-7.0,26.0
HUN,Hungary,1985,0,7,-7,-7.0,27.0
HUN,Hungary,1986,0,7,-7,-7.0,28.0
HUN,Hungary,1987,0,7,-7,-7.0,29.0
HUN,Hungary,1988,2,4,-2,-2.0,0.0
HUN,Hungary,1989,-88,-88,-88,4.0,0.0
HUN,Hungary,1990,10,0,10,10.0,0.0
HUN,Hungary,1991,10,0,10,10.0,1.0
HUN,Hungary,1992,10,0,10,10.0,2.0
HUN,Hungary,1993,10,0,10,10.0,3.0
HUN,Hungary,1994,10,0,10,10.0,4.0
HUN,Hungary,1995,10,0,10,10.0,5.0
HUN,Hungary,1996,10,0,10,10.0,6.0
HUN,Hungary,1997,10,0,10,10.0,7.0
HUN,Hungary,1998,10,0,10,10.0,8.0
HUN,Hungary,1999,10,0,10,10.0,9.0
HUN,Hungary,2000,10,0,10,10.0,10.0
HUN,Hungary,2001,10,0,10,10.0,11.0
HUN,Hungary,2002,10,0,10,10.0,12.0
HUN,Hungary,2003,10,0,10,10.0,13.0
HUN,Hungary,2004,10,0,10,10.0,14.0
HUN,Hungary,2005,10,0,10,10.0,15.0
HUN,Hungary,2006,10,0,10,10.0,16.0
HUN,Hungary,2007,10,0,10,10.0,17.0
HUN,Hungary,2008,10,0,10,10.0,18.0
HUN,Hungary,2009,10,0,10,10.0,19.0
HUN,Hungary,2010,10,0,10,10.0,20.0
HUN,Hungary,2011,10,0,10,10.0,21.0
HUN,Hungary,2012,10,0,10,10.0,22.0
HUN,Hungary,2013,10,0,10,10.0,23.0
HUN,Hungary,2014,10,0,10,10.0,24.0
HUN,Hungary,2015,10,0,10,10.0,25.0
HUN,Hungary,2016,10,0,10,10.0,26.0
HUN,Hungary,2017,10,0,10,10.0,27.0
HUN,Hungary,2018,10,0,10,10.0,28.0
IND,India,1947,-88,-88,-88,,0.0
IND,India,1948,-88,-88,-88,,0.0
IND,India,1949,-88,-88,-88,,0.0
IND,India,1950,-88,-88,-88,,0.0
IND,India,1951,-88,-88,-88,,0.0
IND,India,1952,5,0,5,5.0,0.0
IND,India,1953,5,0,5,5.0,1.0
IND,India,1954,5,0,5,5.0,2.0
IND,India,1955,5,0,5,5.0,3.0
IND,India,1956,5,0,5,5.0,4.0
IND,India,1957,5,0,5,5.0,5.0
IND,India,1958,5,0,5,5.0,6.0
IND,India,1959,5,0,5,5.0,7.0
IND,India,1960,5,0,5,5.0,8.0
IND,India,1961,5,0,5,5.0,9.0
IND,India,1962,5,0,5,5.0,10.0
IND,India,1963,5,0,5,5.0,11.0
IND,India,1964,5,0,5,5.0,12.0
IND,India,1965,5,0,5,5.0,13.0
IND,India,1966,5,0,5,5.0,14.0
IND,India,1967,9,1,8,8.0,0.0
IND,India,1968,9,1,8,8.0,1.0
IND,India,1969,9,1,8,8.0,2.0
IND,India,1970,9,1,8,8.0,3.0
IND,India,1971,9,1,8,8.0,4.0
IND,India,1972,9,1,8,8.0,5.0
IND,India,1973,9,1,8,8.0,6.0
IND,India,1974,9,1,8,8.0,7.0
IND,India,1975,6,0,6,6.0,8.0
IND,India,1976,6,0,6,6.0,9.0
IND,India,1977,8,0,8,8.0,10.0
IND,India,1978,8,0,8,8.0,11.0
IND,India,1979,8,0,8,8.0,12.0
IND,India,1980,8,0,8,8.0,13.0
IND,India,1981,8,0,8,8.0,14.0
IND,India,1982,8,0,8,8.0,15.0
IND,India,1983,8,0,8,8.0,16.0
IND,India,1984,8,0,8,8.0,17.0
IND,India,1985,8,0,8,8.0,18.0
IND,India,1986,8,0,8,8.0,19.0
IND,India,1987,8,0,8,8.0,20.0
IND,India,1988,8,0,8,8.0,21.0
IND,India,1989,8,0,8,8.0,22.0
IND,India,1990,8,0,8,8.0,23.0
IND,India,1991,8,0,8,8.0,24.0
IND,India,1992,8,0,8,8.0,25.0
IND,India,1993,8,0,8,8.0,26.0
IND,India,1994,8,0,8,8.0,27.0
IND,India,1995,8,0,8,8.0,28.0
IND,India,1996,8,0,8,8.0,29.0
IND,India,1997,8,0,8,8.0,30.0
IND,India,1998,9,0,9,9.0,31.0
IND,India,1999,9,0,9,9.0,32.0
IND,India,2000,9,0,9,9.0,33.0
IND,India,2001,9,0,9,9.0,34.0
IND,India,2002,9,0,9,9.0,35.0
IND,India,2003,9,0,9,9.0,36.0
IND,India,2004,9,0,9,9.0,37.0
IND,India,2005,9,0,9,9.0,38.0
IND,India,2006,9,0,9,9.0,39.0
IND,India,2007,9,0,9,9.0,40.0
IND,India,2008,9,0,9,9.0,41.0
IND,India,2009,9,0,9,9.0,42.0
IND,India,2010,9,0,9,9.0,43.0
IND,India,2011,9,0,9,9.0,44.0
IND,India,2012,9,0,9,9.0,45.0
IND,India,2013,9,0,9,9.0,46.0
IND,India,2014,9,0,9,9.0,47.0
IND,India,2015,9,0,9,9.0,48.0
IND,India,2016,9,0,9,9.0,49.0
IND,India,2017,9,0,9,9.0,50.0
IND,India,2018,9,0,9,9.0,51.0
INS,Indonesia,1945,0,5,-5,-5.0,0.0
INS,Indonesia,1946,4,2,2,2.0,0.0
INS,Indonesia,1947,4,2,2,2.0,0.0
INS,Indonesia,1948,5,2,3,3.0,0.0
INS,Indonesia,1949,5,2,3,3.0,1.0
INS,Indonesia,1950,3,3,0,0.0,0.0
INS,Indonesia,1951,3,3,0,0.0,1.0
INS,Indonesia,1952,3,3,0,0.0,2.0
INS,Indonesia,1953,3,3,0,0.0,3.0
INS,Indonesia,1954,3,3,0,0.0,4.0
INS,Indonesia,1955,3,3,0,0.0,5.0
INS,Indonesia,1956,3,3,0,0.0,6.0
INS,Indonesia,1957,2,3,-1,-1.0,0.0
INS,Indonesia,1958,2,3,-1,-1.0,0.0
INS,Indonesia,1959,0,5,-5,-5.0,0.0
INS,Indonesia,1960,0,5,-5,-5.0,1.0
INS,Indonesia,1961,0,5,-5,-5.0,2.0
INS,Indonesia,1962,0,5,-5,-5.0,3.0
INS,Indonesia,1963,0,5,-5,-5.0,4.0
INS,Indonesia,1964,0,5,-5,-5.0,5.0
INS,Indonesia,1965,0,5,-5,-5.0,6.0
INS,Indonesia,1966,0,6,-6,-6.0,0.0
INS,Indonesia,1967,0,7,-7,-7.0,0.0
INS,Indonesia,1968,0,7,-7,-7.0,1.0
INS,Indonesia,1969,0,7,-7,-7.0,2.0
INS,Indonesia,1970,0,7,-7,-7.0,3.0
INS,Indonesia,1971,0,7,-7,-7.0,4.0
INS,Indonesia,1972,0,7,-7,-7.0,5.0
INS,Indonesia,1973,0,7,-7,-7.0,6.0
INS,Indonesia,1974,0,7,-7,-7.0,7.0
INS,Indonesia,1975,0,7,-7,-7.0,8.0
INS,Indonesia,1976,0,7,-7,-7.0,9.0
INS,Indonesia,1977,0,7,-7,-7.0,10.0
INS,Indonesia,1978,0,7,-7,-7.0,11.0
INS,Indonesia,1979,0,7,-7,-7.0,12.0
INS,Indonesia,1980,0,7,-7,-7.0,13.0
INS,Indonesia,1981,0,7,-7,-7.0,14.0
INS,Indonesia,1982,0,7,-7,-7.0,15.0
INS,Indonesia,1983,0,7,-7,-7.0,16.0
INS,Indonesia,1984,0,7,-7,-7.0,17.0
INS,Indonesia,1985,0,7,-7,-7.0,18.0
INS,Indonesia,1986,0,7,-7,-7.0,19.0
INS,Indonesia,1987,0,7,-7,-7.0,20.0
INS,Indonesia,1988,0,7,-7,-7.0,21.0
INS,Indonesia,1989,0,7,-7,-7.0,22.0
INS,Indonesia,1990,0,7,-7,-7.0,23.0
INS,Indonesia,1991,0,7,-7,-7.0,24.0
INS,Indonesia,1992,0,7,-7,-7.0,25.0
INS,Indonesia,1993,0,7,-7,-7.0,26.0
INS,Indonesia,1994,0,7,-7,-7.0,27.0
INS,Indonesia,1995,0,7,-7,-7.0,28.0
INS,Indonesia,1996,0,7,-7,-7.0,29.0
INS,Indonesia,1997,0,7,-7,-7.0,30.0
INS,Indonesia,1998,0,5,-5,-5.0,0.0
INS,Indonesia,1999,7,1,6,6.0,0.0
INS,Indonesia,2000,7,1,6,6.0,1.0
INS,Indonesia,2001,7,1,6,6.0,2.0
INS,Indonesia,2002,7,1,6,6.0,3.0
INS,Indonesia,2003,7,1,6,6.0,4.0
INS,Indonesia,2004,8,0,8,8.0,5.0
INS,Indonesia,2005,8,0,8,8.0,6.0
INS,Indonesia,2006,8,0,8,8.0,7.0
INS,Indonesia,2007,8,0,8,8.0,8.0
INS,Indonesia,2008,8,0,8,8.0,9.0
INS,Indonesia,2009,8,0,8,8.0,10.0
INS,Indonesia,2010,8,0,8,8.0,11.0
INS,Indonesia,2011,8,0,8,8.0,12.0
INS,Indonesia,2012,8,0,8,8.0,13.0
INS,Indonesia,2013,8,0,8,8.0,14.0
INS,Indonesia,2014,9,0,9,9.0,15.0
INS,Indonesia,2015,9,0,9,9.0,16.0
INS,Indonesia,2016,9,0,9,9.0,17.0
INS,Indonesia,2017,9,0,9,9.0,18.0
INS,Indonesia,2018,9,0,9,9.0,19.0
IRE,Ireland,1921,8,0,8,8.0,0.0
IRE,Ireland,1922,8,0,8,8.0,1.0
IRE,Ireland,1923,8,0,8,8.0,2.0
IRE,Ireland,1924,8,0,8,8.0,3.0
IRE,Ireland,1925,8,0,8,8.0,4.0
IRE,Ireland,1926,8,0,8,8.0,5.0
IRE,Ireland,1927,10,0,10,10.0,6.0
IRE,Ireland,1928,10,0,10,10.0,7.0
IRE,Ireland,1929,10,0,10,10.0,8.0
IRE,Ireland,1930,10,0,10,10.0,9.0
IRE,Ireland,1931,10,0,10,10.0,10.0
IRE,Ireland,1932,10,0,10,10.0,11.0
IRE,Ireland,1933,8,0,8,8.0,12.0
IRE,Ireland,1934,8,0,8,8.0,13.0
IRE,Ireland,1935,8,0,8,8.0,14.0
IRE,Ireland,1936,8,0,8,8.0,15.0
IRE,Ireland,1937,8,0,8,8.0,16.0
IRE,Ireland,1938,8,0,8,8.0,17.0
IRE,Ireland,1939,8,0,8,8.0,18.0
IRE,Ireland,1940,8,0,8,8.0,19.0
IRE,Ireland,1941,8,0,8,8.0,20.0
IRE,Ireland,1942,8,0,8,8.0,21.0
IRE,Ireland,1943,8,0,8,8.0,22.0
IRE,Ireland,1944,8,0,8,8.0,23.0
IRE,Ireland,1945,8,0,8,8.0,24.0
IRE,Ireland,1946,8,0,8,8.0,25.0
IRE,Ireland,1947,8,0,8,8.0,26.0
IRE,Ireland,1948,8,0,8,8.0,27.0
IRE,Ireland,1949,8,0,8,8.0,28.0
IRE,Ireland,1950,8,0,8,8.0,29.0
IRE,Ireland,1951,8,0,8,8.0,30.0
IRE,Ireland,1952,10,0,10,10.0,31.0
IRE,Ireland,1953,10,0,10,10.0,32.0
IRE,Ireland,1954,10,0,10,10.0,33.0
IRE,Ireland,1955,10,0,10,10.0,34.0
IRE,Ireland,1956,10,0,10,10.0,35.0
IRE,Ireland,1957,10,0,10,10.0,36.0
IRE,Ireland,1958,10,0,10,10.0,37.0
IRE,Ireland,1959,10,0,10,10.0,38.0
IRE,Ireland,1960,10,0,10,10.0,39.0
IRE,Ireland,1961,10,0,10,10.0,40.0
IRE,Ireland,1962,10,0,10,10.0,41.0
IRE,Ireland,1963,10,0,10,10.0,42.0
IRE,Ireland,1964,10,0,10,10.0,43.0
IRE,Ireland,1965,10,0,10,10.0,44.0
IRE,Ireland,1966,10,0,10,10.0,45.0
IRE,Ireland,1967,10,0,10,10.0,46.0
IRE,Ireland,1968,10,0,10,10.0,47.0
IRE,Ireland,1969,10,0,10,10.0,48.0
IRE,Ireland,1970,10,0,10,10.0,49.0
IRE,Ireland,1971,10,0,10,10.0,50.0
IRE,Ireland,1972,10,0,10,10.0,51.0
IRE,Ireland,1973,10,0,10,10.0,52.0
IRE,Ireland,1974,10,0,10,10.0,53.0
IRE,Ireland,1975,10,0,10,10.0,54.0
IRE,Ireland,1976,10,0,10,10.0,55.0
IRE,Ireland,1977,10,0,10,10.0,56.0
IRE,Ireland,1978,10,0,10,10.0,57.0
IRE,Ireland,1979,10,0,10,10.0,58.0
IRE,Ireland,1980,10,0,10,10.0,59.0
IRE,Ireland,1981,10,0,10,10.0,60.0
IRE,Ireland,1982,10,0,10,10.0,61.0
IRE,Ireland,1983,10,0,10,10.0,62.0
IRE,Ireland,1984,10,0,10,10.0,63.0
IRE,Ireland,1985,10,0,10,10.0,64.0
IRE,Ireland,1986,10,0,10,10.0,65.0
IRE,Ireland,1987,10,0,10,10.0,66.0
IRE,Ireland,1988,10,0,10,10.0,67.0
IRE,Ireland,1989,10,0,10,10.0,68.0
IRE,Ireland,1990,10,0,10,10.0,69.0
IRE,Ireland,1991,10,0,10,10.0,70.0
IRE,Ireland,1992,10,0,10,10.0,71.0
IRE,Ireland,1993,10,0,10,10.0,72.0
IRE,Ireland,1994,10,0,10,10.0,73.0
IRE,Ireland,1995,10,0,10,10.0,74.0
IRE,Ireland,1996,10,0,10,10.0,75.0
IRE,Ireland,1997,10,0,10,10.0,76.0
IRE,Ireland,1998,10,0,10,10.0,77.0
IRE,Ireland,1999,10,0,10,10.0,78.0
IRE,Ireland,2000,10,0,10,10.0,79.0
IRE,Ireland,2001,10,0,10,10.0,80.0
IRE,Ireland,2002,10,0,10,10.0,81.0
IRE,Ireland,2003,10,0,10,10.0,82.0
IRE,Ireland,2004,10,0,10,10.0,83.0
IRE,Ireland,2005,10,0,10,10.0,84.0
IRE,Ireland,2006,10,0,10,10.0,85.0
IRE,Ireland,2007,10,0,10,10.0,86.0
IRE,Ireland,2008,10,0,10,10.0,87.0
IRE,Ireland,2009,10,0,10,10.0,88.0
IRE,Ireland,2010,10,0,10,10.0,89.0
IRE,Ireland,2011,10,0,10,10.0,90.0
IRE,Ireland,2012,10,0,10,10.0,91.0
IRE,Ireland,2013,10,0,10,10.0,92.0
IRE,Ireland,2014,10,0,10,10.0,93.0
IRE,Ireland,2015,10,0,10,10.0,94.0
IRE,Ireland,2016,10,0,10,10.0,95.0
IRE,Ireland,2017,10,0,10,10.0,96.0
IRE,Ireland,2018,10,0,10,10.0,97.0
IRN,Iran,1800,0,10,-10,-10.0,
IRN,Iran,1801,0,10,-10,-10.0,
IRN,Iran,1802,0,10,-10,-10.0,
IRN,Iran,1803,0,10,-10,-10.0,
IRN,Iran,1804,0,10,-10,-10.0,
IRN,Iran,1805,0,10,-10,-10.0,
IRN,Iran,1806,0,10,-10,-10.0,
IRN,Iran,1807,0,10,-10,-10.0,
IRN,Iran,1808,0,10,-10,-10.0,
IRN,Iran,1809,0,10,-10,-10.0,
IRN,Iran,1810,0,10,-10,-10.0,
IRN,Iran,1811,0,10,-10,-10.0,
IRN,Iran,1812,0,10,-10,-10.0,
IRN,Iran,1813,0,10,-10,-10.0,
IRN,Iran,1814,0,10,-10,-10.0,
IRN,Iran,1815,0,10,-10,-10.0,
IRN,Iran,1816,0,10,-10,-10.0,
IRN,Iran,1817,0,10,-10,-10.0,
IRN,Iran,1818,0,10,-10,-10.0,
IRN,Iran,1819,0,10,-10,-10.0,
IRN,Iran,1820,0,10,-10,-10.0,
IRN,Iran,1821,0,10,-10,-10.0,
IRN,Iran,1822,0,10,-10,-10.0,
IRN,Iran,1823,0,10,-10,-10.0,
IRN,Iran,1824,0,10,-10,-10.0,
IRN,Iran,1825,0,10,-10,-10.0,
IRN,Iran,1826,0,10,-10,-10.0,
IRN,Iran,1827,0,10,-10,-10.0,
IRN,Iran,1828,0,10,-10,-10.0,
IRN,Iran,1829,0,10,-10,-10.0,
IRN,Iran,1830,0,10,-10,-10.0,
IRN,Iran,1831,0,10,-10,-10.0,
IRN,Iran,1832,0,10,-10,-10.0,
IRN,Iran,1833,0,10,-10,-10.0,
IRN,Iran,1834,0,10,-10,-10.0,
IRN,Iran,1835,0,10,-10,-10.0,
IRN,Iran,1836,0,10,-10,-10.0,
IRN,Iran,1837,0,10,-10,-10.0,
IRN,Iran,1838,0,10,-10,-10.0,
IRN,Iran,1839,0,10,-10,-10.0,
IRN,Iran,1840,0,10,-10,-10.0,
IRN,Iran,1841,0,10,-10,-10.0,
IRN,Iran,1842,0,10,-10,-10.0,
IRN,Iran,1843,0,10,-10,-10.0,
IRN,Iran,1844,0,10,-10,-10.0,
IRN,Iran,1845,0,10,-10,-10.0,
IRN,Iran,1846,0,10,-10,-10.0,
IRN,Iran,1847,0,10,-10,-10.0,
IRN,Iran,1848,0,10,-10,-10.0,
IRN,Iran,1849,0,10,-10,-10.0,
IRN,Iran,1850,0,10,-10,-10.0,
IRN,Iran,1851,0,10,-10,-10.0,
IRN,Iran,1852,0,10,-10,-10.0,
IRN,Iran,1853,0,10,-10,-10.0,
IRN,Iran,1854,0,10,-10,-10.0,
IRN,Iran,1855,0,10,-10,-10.0,
IRN,Iran,1856,0,10,-10,-10.0,
IRN,Iran,1857,0,10,-10,-10.0,
IRN,Iran,1858,0,10,-10,-10.0,
IRN,Iran,1859,0,10,-10,-10.0,
IRN,Iran,1860,0,10,-10,-10.0,
IRN,Iran,1861,0,10,-10,-10.0,
IRN,Iran,1862,0,10,-10,-10.0,
IRN,Iran,1863,0,10,-10,-10.0,
IRN,Iran,1864,0,10,-10,-10.0,
IRN,Iran,1865,0,10,-10,-10.0,
IRN,Iran,1866,0,10,-10,-10.0,
IRN,Iran,1867,0,10,-10,-10.0,
IRN,Iran,1868,0,10,-10,-10.0,
IRN,Iran,1869,0,10,-10,-10.0,
IRN,Iran,1870,0,10,-10,-10.0,
IRN,Iran,1871,0,10,-10,-10.0,
IRN,Iran,1872,0,10,-10,-10.0,
IRN,Iran,1873,0,10,-10,-10.0,
IRN,Iran,1874,0,10,-10,-10.0,
IRN,Iran,1875,0,10,-10,-10.0,
IRN,Iran,1876,0,10,-10,-10.0,
IRN,Iran,1877,0,10,-10,-10.0,
IRN,Iran,1878,0,10,-10,-10.0,
IRN,Iran,1879,0,10,-10,-10.0,
IRN,Iran,1880,0,10,-10,-10.0,
IRN,Iran,1881,0,10,-10,-10.0,
IRN,Iran,1882,0,10,-10,-10.0,
IRN,Iran,1883,0,10,-10,-10.0,
IRN,Iran,1884,0,10,-10,-10.0,
IRN,Iran,1885,0,10,-10,-10.0,
IRN,Iran,1886,0,10,-10,-10.0,
IRN,Iran,1887,0,10,-10,-10.0,
IRN,Iran,1888,0,10,-10,-10.0,
IRN,Iran,1889,0,10,-10,-10.0,
IRN,Iran,1890,0,10,-10,-10.0,
IRN,Iran,1891,0,10,-10,-10.0,
IRN,Iran,1892,0,10,-10,-10.0,
IRN,Iran,1893,0,10,-10,-10.0,
IRN,Iran,1894,0,10,-10,-10.0,
IRN,Iran,1895,0,10,-10,-10.0,
IRN,Iran,1896,0,10,-10,-10.0,
IRN,Iran,1897,0,10,-10,-10.0,
IRN,Iran,1898,0,10,-10,-10.0,
IRN,Iran,1899,0,10,-10,-10.0,
IRN,Iran,1900,0,10,-10,-10.0,
IRN,Iran,1901,0,10,-10,-10.0,
IRN,Iran,1902,0,10,-10,-10.0,
IRN,Iran,1903,0,10,-10,-10.0,
IRN,Iran,1904,0,10,-10,-10.0,
IRN,Iran,1905,0,10,-10,-10.0,
IRN,Iran,1906,-77,-77,-77,0.0,0.0
IRN,Iran,1907,-77,-77,-77,0.0,0.0
IRN,Iran,1908,-77,-77,-77,0.0,0.0
IRN,Iran,1909,-77,-77,-77,0.0,0.0
IRN,Iran,1910,-77,-77,-77,0.0,0.0
IRN,Iran,1911,-77,-77,-77,0.0,0.0
IRN,Iran,1912,-77,-77,-77,0.0,0.0
IRN,Iran,1913,-77,-77,-77,0.0,0.0
IRN,Iran,1914,-77,-77,-77,0.0,0.0
IRN,Iran,1915,-77,-77,-77,0.0,0.0
IRN,Iran,1916,-77,-77,-77,0.0,0.0
IRN,Iran,1917,-77,-77,-77,0.0,0.0
IRN,Iran,1918,-77,-77,-77,0.0,0.0
IRN,Iran,1919,-77,-77,-77,0.0,0.0
IRN,Iran,1920,-77,-77,-77,0.0,0.0
IRN,Iran,1921,-88,-88,-88,-1.0,0.0
IRN,Iran,1922,-88,-88,-88,-3.0,0.0
IRN,Iran,1923,-88,-88,-88,-4.0,0.0
IRN,Iran,1924,-88,-88,-88,-6.0,0.0
IRN,Iran,1925,0,7,-7,-7.0,0.0
IRN,Iran,1926,0,7,-7,-7.0,1.0
IRN,Iran,1927,0,7,-7,-7.0,2.0
IRN,Iran,1928,0,7,-7,-7.0,3.0
IRN,Iran,1929,0,7,-7,-7.0,4.0
IRN,Iran,1930,0,7,-7,-7.0,5.0
IRN,Iran,1931,0,7,-7,-7.0,6.0
IRN,Iran,1932,0,7,-7,-7.0,7.0
IRN,Iran,1933,0,7,-7,-7.0,8.0
IRN,Iran,1934,0,7,-7,-7.0,9.0
IRN,Iran,1935,0,8,-8,-8.0,10.0
IRN,Iran,1936,0,8,-8,-8.0,11.0
IRN,Iran,1937,0,8,-8,-8.0,12.0
IRN,Iran,1938,0,8,-8,-8.0,13.0
IRN,Iran,1939,0,8,-8,-8.0,14.0
IRN,Iran,1940,0,8,-8,-8.0,15.0
IRN,Iran,1941,2,3,-1,-1.0,0.0
IRN,Iran,1942,2,3,-1,-1.0,1.0
IRN,Iran,1943,2,3,-1,-1.0,2.0
IRN,Iran,1944,2,3,-1,-1.0,3.0
IRN,Iran,1945,2,3,-1,-1.0,4.0
IRN,Iran,1946,5,1,4,4.0,0.0
IRN,Iran,1947,5,1,4,4.0,1.0
IRN,Iran,1948,5,1,4,4.0,2.0
IRN,Iran,1949,5,1,4,4.0,3.0
IRN,Iran,1950,5,1,4,4.0,4.0
IRN,Iran,1951,5,1,4,4.0,5.0
IRN,Iran,1952,5,1,4,4.0,6.0
IRN,Iran,1953,0,10,-10,-10.0,0.0
IRN,Iran,1954,0,10,-10,-10.0,1.0
IRN,Iran,1955,0,10,-10,-10.0,2.0
IRN,Iran,1956,0,10,-10,-10.0,3.0
IRN,Iran,1957,0,10,-10,-10.0,4.0
IRN,Iran,1958,0,10,-10,-10.0,5.0
IRN,Iran,1959,0,10,-10,-10.0,6.0
IRN,Iran,1960,0,10,-10,-10.0,7.0
IRN,Iran,1961,0,10,-10,-10.0,8.0
IRN,Iran,1962,0,10,-10,-10.0,9.0
IRN,Iran,1963,0,10,-10,-10.0,10.0
IRN,Iran,1964,0,10,-10,-10.0,11.0
IRN,Iran,1965,0,10,-10,-10.0,12.0
IRN,Iran,1966,0,10,-10,-10.0,13.0
IRN,Iran,1967,0,10,-10,-10.0,14.0
IRN,Iran,1968,0,10,-10,-10.0,15.0
IRN,Iran,1969,0,10,-10,-10.0,16.0
IRN,Iran,1970,0,10,-10,-10.0,17.0
IRN,Iran,1971,0,10,-10,-10.0,18.0
IRN,Iran,1972,0,10,-10,-10.0,19.0
IRN,Iran,1973,0,10,-10,-10.0,20.0
IRN,Iran,1974,0,10,-10,-10.0,21.0
IRN,Iran,1975,0,10,-10,-10.0,22.0
IRN,Iran,1976,0,10,-10,-10.0,23.0
IRN,Iran,1977,0,10,-10,-10.0,24.0
IRN,Iran,1978,0,10,-10,-10.0,25.0
IRN,Iran,1979,0,6,-6,-6.0,0.0
IRN,Iran,1980,0,6,-6,-6.0,1.0
IRN,Iran,1981,0,6,-6,-6.0,2.0
IRN,Iran,1982,0,6,-6,-6.0,3.0
IRN,Iran,1983,0,6,-6,-6.0,4.0
IRN,Iran,1984,0,6,-6,-6.0,5.0
IRN,Iran,1985,0,6,-6,-6.0,6.0
IRN,Iran,1986,0,6,-6,-6.0,7.0
IRN,Iran,1987,0,6,-6,-6.0,8.0
IRN,Iran,1988,0,6,-6,-6.0,9.0
IRN,Iran,1989,0,6,-6,-6.0,10.0
IRN,Iran,1990,0,6,-6,-6.0,11.0
IRN,Iran,1991,0,6,-6,-6.0,12.0
IRN,Iran,1992,0,6,-6,-6.0,13.0
IRN,Iran,1993,0,6,-6,-6.0,14.0
IRN,Iran,1994,0,6,-6,-6.0,15.0
IRN,Iran,1995,0,6,-6,-6.0,16.0
IRN,Iran,1996,0,6,-6,-6.0,17.0
IRN,Iran,1997,4,1,3,3.0,0.0
IRN,Iran,1998,4,1,3,3.0,1.0
IRN,Iran,1999,4,1,3,3.0,2.0
IRN,Iran,2000,4,1,3,3.0,3.0
IRN,Iran,2001,4,1,3,3.0,4.0
IRN,Iran,2002,4,1,3,3.0,5.0
IRN,Iran,2003,4,1,3,3.0,6.0
IRN,Iran,2004,0,7,-7,-7.0,0.0
IRN,Iran,2005,0,6,-6,-6.0,1.0
IRN,Iran,2006,0,6,-6,-6.0,2.0
IRN,Iran,2007,0,6,-6,-6.0,3.0
IRN,Iran,2008,0,6,-6,-6.0,4.0
IRN,Iran,2009,0,7,-7,-7.0,5.0
IRN,Iran,2010,0,7,-7,-7.0,6.0
IRN,Iran,2011,0,7,-7,-7.0,7.0
IRN,Iran,2012,0,7,-7,-7.0,8.0
IRN,Iran,2013,0,7,-7,-7.0,9.0
IRN,Iran,2014,0,7,-7,-7.0,10.0
IRN,Iran,2015,0,7,-7,-7.0,11.0
IRN,Iran,2016,0,7,-7,-7.0,12.0
IRN,Iran,2017,0,7,-7,-7.0,13.0
IRN,Iran,2018,0,7,-7,-7.0,14.0
IRQ,Iraq,1924,1,5,-4,-4.0,0.0
IRQ,Iraq,1925,1,5,-4,-4.0,1.0
IRQ,Iraq,1926,1,5,-4,-4.0,2.0
IRQ,Iraq,1927,1,5,-4,-4.0,3.0
IRQ,Iraq,1928,1,5,-4,-4.0,4.0
IRQ,Iraq,1929,1,5,-4,-4.0,5.0
IRQ,Iraq,1930,1,5,-4,-4.0,6.0
IRQ,Iraq,1931,1,5,-4,-4.0,7.0
IRQ,Iraq,1932,1,5,-4,-4.0,8.0
IRQ,Iraq,1933,1,5,-4,-4.0,9.0
IRQ,Iraq,1934,1,5,-4,-4.0,10.0
IRQ,Iraq,1935,1,5,-4,-4.0,11.0
IRQ,Iraq,1936,1,4,-3,-3.0,12.0
IRQ,Iraq,1937,1,4,-3,-3.0,13.0
IRQ,Iraq,1938,1,4,-3,-3.0,14.0
IRQ,Iraq,1939,1,4,-3,-3.0,15.0
IRQ,Iraq,1940,1,4,-3,-3.0,16.0
IRQ,Iraq,1941,1,5,-4,-4.0,17.0
IRQ,Iraq,1942,1,5,-4,-4.0,18.0
IRQ,Iraq,1943,1,5,-4,-4.0,19.0
IRQ,Iraq,1944,1,5,-4,-4.0,20.0
IRQ,Iraq,1945,1,5,-4,-4.0,21.0
IRQ,Iraq,1946,1,5,-4,-4.0,22.0
IRQ,Iraq,1947,1,5,-4,-4.0,23.0
IRQ,Iraq,1948,1,5,-4,-4.0,24.0
IRQ,Iraq,1949,1,5,-4,-4.0,25.0
IRQ,Iraq,1950,1,5,-4,-4.0,26.0
IRQ,Iraq,1951,1,5,-4,-4.0,27.0
IRQ,Iraq,1952,1,5,-4,-4.0,28.0
IRQ,Iraq,1953,1,5,-4,-4.0,29.0
IRQ,Iraq,1954,1,5,-4,-4.0,30.0
IRQ,Iraq,1955,1,5,-4,-4.0,31.0
IRQ,Iraq,1956,1,5,-4,-4.0,32.0
IRQ,Iraq,1957,1,5,-4,-4.0,33.0
IRQ,Iraq,1958,0,5,-5,-5.0,34.0
IRQ,Iraq,1959,0,5,-5,-5.0,35.0
IRQ,Iraq,1960,0,5,-5,-5.0,36.0
IRQ,Iraq,1961,0,5,-5,-5.0,37.0
IRQ,Iraq,1962,0,5,-5,-5.0,38.0
IRQ,Iraq,1963,0,5,-5,-5.0,39.0
IRQ,Iraq,1964,0,5,-5,-5.0,40.0
IRQ,Iraq,1965,0,5,-5,-5.0,41.0
IRQ,Iraq,1966,0,5,-5,-5.0,42.0
IRQ,Iraq,1967,0,5,-5,-5.0,43.0
IRQ,Iraq,1968,0,7,-7,-7.0,44.0
IRQ,Iraq,1969,0,7,-7,-7.0,45.0
IRQ,Iraq,1970,0,7,-7,-7.0,46.0
IRQ,Iraq,1971,0,7,-7,-7.0,47.0
IRQ,Iraq,1972,0,7,-7,-7.0,48.0
IRQ,Iraq,1973,0,7,-7,-7.0,49.0
IRQ,Iraq,1974,0,7,-7,-7.0,50.0
IRQ,Iraq,1975,0,7,-7,-7.0,51.0
IRQ,Iraq,1976,0,7,-7,-7.0,52.0
IRQ,Iraq,1977,0,7,-7,-7.0,53.0
IRQ,Iraq,1978,0,7,-7,-7.0,54.0
IRQ,Iraq,1979,0,9,-9,-9.0,55.0
IRQ,Iraq,1980,0,9,-9,-9.0,56.0
IRQ,Iraq,1981,0,9,-9,-9.0,57.0
IRQ,Iraq,1982,0,9,-9,-9.0,58.0
IRQ,Iraq,1983,0,9,-9,-9.0,59.0
IRQ,Iraq,1984,0,9,-9,-9.0,60.0
IRQ,Iraq,1985,0,9,-9,-9.0,61.0
IRQ,Iraq,1986,0,9,-9,-9.0,62.0
IRQ,Iraq,1987,0,9,-9,-9.0,63.0
IRQ,Iraq,1988,0,9,-9,-9.0,64.0
IRQ,Iraq,1989,0,9,-9,-9.0,65.0
IRQ,Iraq,1990,0,9,-9,-9.0,66.0
IRQ,Iraq,1991,0,9,-9,-9.0,67.0
IRQ,Iraq,1992,0,9,-9,-9.0,68.0
IRQ,Iraq,1993,0,9,-9,-9.0,69.0
IRQ,Iraq,1994,0,9,-9,-9.0,70.0
IRQ,Iraq,1995,0,9,-9,-9.0,71.0
IRQ,Iraq,1996,0,9,-9,-9.0,72.0
IRQ,Iraq,1997,0,9,-9,-9.0,73.0
IRQ,Iraq,1998,0,9,-9,-9.0,74.0
IRQ,Iraq,1999,0,9,-9,-9.0,75.0
IRQ,Iraq,2000,0,9,-9,-9.0,76.0
IRQ,Iraq,2001,0,9,-9,-9.0,77.0
IRQ,Iraq,2002,0,9,-9,-9.0,78.0
IRQ,Iraq,2003,-66,-66,-66,,0.0
IRQ,Iraq,2004,-66,-66,-66,,0.0
IRQ,Iraq,2005,-66,-66,-66,,0.0
IRQ,Iraq,2006,-66,-66,-66,,0.0
IRQ,Iraq,2007,-66,-66,-66,,0.0
IRQ,Iraq,2008,-66,-66,-66,,0.0
IRQ,Iraq,2009,-66,-66,-66,,0.0
IRQ,Iraq,2010,4,1,3,3.0,0.0
IRQ,Iraq,2011,4,1,3,3.0,1.0
IRQ,Iraq,2012,4,1,3,3.0,2.0
IRQ,Iraq,2013,4,1,3,3.0,3.0
IRQ,Iraq,2014,6,0,6,6.0,0.0
IRQ,Iraq,2015,6,0,6,6.0,1.0
IRQ,Iraq,2016,6,0,6,6.0,2.0
IRQ,Iraq,2017,6,0,6,6.0,3.0
IRQ,Iraq,2018,6,0,6,6.0,4.0
ISR,Israel,1948,10,0,10,10.0,0.0
ISR,Israel,1949,10,0,10,10.0,1.0
ISR,Israel,1950,10,0,10,10.0,2.0
ISR,Israel,1951,10,0,10,10.0,3.0
ISR,Israel,1952,10,0,10,10.0,4.0
ISR,Israel,1953,10,0,10,10.0,5.0
ISR,Israel,1954,10,0,10,10.0,6.0
ISR,Israel,1955,10,0,10,10.0,7.0
ISR,Israel,1956,10,0,10,10.0,8.0
ISR,Israel,1957,10,0,10,10.0,9.0
ISR,Israel,1958,10,0,10,10.0,10.0
ISR,Israel,1959,10,0,10,10.0,11.0
ISR,Israel,1960,10,0,10,10.0,12.0
ISR,Israel,1961,10,0,10,10.0,13.0
ISR,Israel,1962,10,0,10,10.0,14.0
ISR,Israel,1963,10,0,10,10.0,15.0
ISR,Israel,1964,10,0,10,10.0,16.0
ISR,Israel,1965,10,0,10,10.0,17.0
ISR,Israel,1966,10,0,10,10.0,18.0
ISR,Israel,1967,9,0,9,9.0,19.0
ISR,Israel,1968,9,0,9,9.0,20.0
ISR,Israel,1969,9,0,9,9.0,21.0
ISR,Israel,1970,9,0,9,9.0,22.0
ISR,Israel,1971,9,0,9,9.0,23.0
ISR,Israel,1972,9,0,9,9.0,24.0
ISR,Israel,1973,9,0,9,9.0,25.0
ISR,Israel,1974,9,0,9,9.0,26.0
ISR,Israel,1975,9,0,9,9.0,27.0
ISR,Israel,1976,9,0,9,9.0,28.0
ISR,Israel,1977,9,0,9,9.0,29.0
ISR,Israel,1978,9,0,9,9.0,30.0
ISR,Israel,1979,9,0,9,9.0,31.0
ISR,Israel,1980,9,0,9,9.0,32.0
ISR,Israel,1981,7,1,6,6.0,0.0
ISR,Israel,1982,7,1,6,6.0,1.0
ISR,Israel,1983,7,1,6,6.0,2.0
ISR,Israel,1984,7,1,6,6.0,3.0
ISR,Israel,1985,7,1,6,6.0,4.0
ISR,Israel,1986,7,1,6,6.0,5.0
ISR,Israel,1987,7,1,6,6.0,6.0
ISR,Israel,1988,7,1,6,6.0,7.0
ISR,Israel,1989,7,1,6,6.0,8.0
ISR,Israel,1990,7,1,6,6.0,9.0
ISR,Israel,1991,7,1,6,6.0,10.0
ISR,Israel,1992,7,1,6,6.0,11.0
ISR,Israel,1993,7,1,6,6.0,12.0
ISR,Israel,1994,7,1,6,6.0,13.0
ISR,Israel,1995,7,1,6,6.0,14.0
ISR,Israel,1996,7,1,6,6.0,15.0
ISR,Israel,1997,7,1,6,6.0,16.0
ISR,Israel,1998,7,1,6,6.0,17.0
ISR,Israel,1999,7,1,6,6.0,18.0
ISR,Israel,2000,7,1,6,6.0,19.0
ISR,Israel,2001,7,1,6,6.0,20.0
ISR,Israel,2002,7,1,6,6.0,21.0
ISR,Israel,2003,7,1,6,6.0,22.0
ISR,Israel,2004,7,1,6,6.0,23.0
ISR,Israel,2005,7,1,6,6.0,24.0
ISR,Israel,2006,7,1,6,6.0,25.0
ISR,Israel,2007,7,1,6,6.0,26.0
ISR,Israel,2008,7,1,6,6.0,27.0
ISR,Israel,2009,7,1,6,6.0,28.0
ISR,Israel,2010,7,1,6,6.0,29.0
ISR,Israel,2011,7,1,6,6.0,30.0
ISR,Israel,2012,7,1,6,6.0,31.0
ISR,Israel,2013,7,1,6,6.0,32.0
ISR,Israel,2014,7,1,6,6.0,33.0
ISR,Israel,2015,7,1,6,6.0,34.0
ISR,Israel,2016,7,1,6,6.0,35.0
ISR,Israel,2017,7,1,6,6.0,36.0
ISR,Israel,2018,7,1,6,6.0,37.0
ITA,Italy,1861,1,5,-4,-4.0,0.0
ITA,Italy,1862,1,5,-4,-4.0,1.0
ITA,Italy,1863,1,5,-4,-4.0,2.0
ITA,Italy,1864,1,5,-4,-4.0,3.0
ITA,Italy,1865,1,5,-4,-4.0,4.0
ITA,Italy,1866,1,5,-4,-4.0,5.0
ITA,Italy,1867,1,5,-4,-4.0,6.0
ITA,Italy,1868,1,5,-4,-4.0,7.0
ITA,Italy,1869,1,5,-4,-4.0,8.0
ITA,Italy,1870,1,5,-4,-4.0,9.0
ITA,Italy,1871,1,5,-4,-4.0,10.0
ITA,Italy,1872,1,5,-4,-4.0,11.0
ITA,Italy,1873,1,5,-4,-4.0,12.0
ITA,Italy,1874,1,5,-4,-4.0,13.0
ITA,Italy,1875,1,5,-4,-4.0,14.0
ITA,Italy,1876,1,5,-4,-4.0,15.0
ITA,Italy,1877,1,5,-4,-4.0,16.0
ITA,Italy,1878,1,5,-4,-4.0,17.0
ITA,Italy,1879,1,5,-4,-4.0,18.0
ITA,Italy,1880,1,5,-4,-4.0,19.0
ITA,Italy,1881,1,5,-4,-4.0,20.0
ITA,Italy,1882,1,5,-4,-4.0,21.0
ITA,Italy,1883,1,5,-4,-4.0,22.0
ITA,Italy,1884,1,5,-4,-4.0,23.0
ITA,Italy,1885,1,5,-4,-4.0,24.0
ITA,Italy,1886,1,5,-4,-4.0,25.0
ITA,Italy,1887,1,5,-4,-4.0,26.0
ITA,Italy,1888,1,5,-4,-4.0,27.0
ITA,Italy,1889,1,5,-4,-4.0,28.0
ITA,Italy,1890,1,5,-4,-4.0,29.0
ITA,Italy,1891,1,5,-4,-4.0,30.0
ITA,Italy,1892,1,5,-4,-4.0,31.0
ITA,Italy,1893,1,5,-4,-4.0,32.0
ITA,Italy,1894,1,5,-4,-4.0,33.0
ITA,Italy,1895,1,5,-4,-4.0,34.0
ITA,Italy,1896,1,5,-4,-4.0,35.0
ITA,Italy,1897,1,5,-4,-4.0,36.0
ITA,Italy,1898,1,5,-4,-4.0,37.0
ITA,Italy,1899,1,5,-4,-4.0,38.0
ITA,Italy,1900,3,4,-1,-1.0,0.0
ITA,Italy,1901,3,4,-1,-1.0,1.0
ITA,Italy,1902,3,4,-1,-1.0,2.0
ITA,Italy,1903,3,4,-1,-1.0,3.0
ITA,Italy,1904,3,4,-1,-1.0,4.0
ITA,Italy,1905,3,4,-1,-1.0,5.0
ITA,Italy,1906,3,4,-1,-1.0,6.0
ITA,Italy,1907,3,4,-1,-1.0,7.0
ITA,Italy,1908,3,4,-1,-1.0,8.0
ITA,Italy,1909,3,4,-1,-1.0,9.0
ITA,Italy,1910,3,4,-1,-1.0,10.0
ITA,Italy,1911,3,4,-1,-1.0,11.0
ITA,Italy,1912,3,4,-1,-1.0,12.0
ITA,Italy,1913,3,4,-1,-1.0,13.0
ITA,Italy,1914,3,4,-1,-1.0,14.0
ITA,Italy,1915,3,4,-1,-1.0,15.0
ITA,Italy,1916,3,4,-1,-1.0,16.0
ITA,Italy,1917,3,4,-1,-1.0,17.0
ITA,Italy,1918,3,4,-1,-1.0,18.0
ITA,Italy,1919,3,4,-1,-1.0,19.0
ITA,Italy,1920,3,4,-1,-1.0,20.0
ITA,Italy,1921,3,4,-1,-1.0,21.0
ITA,Italy,1922,-88,-88,-88,-2.0,0.0
ITA,Italy,1923,-88,-88,-88,-3.0,0.0
ITA,Italy,1924,-88,-88,-88,-4.0,0.0
ITA,Italy,1925,-88,-88,-88,-6.0,0.0
ITA,Italy,1926,-88,-88,-88,-7.0,0.0
ITA,Italy,1927,-88,-88,-88,-8.0,0.0
ITA,Italy,1928,0,9,-9,-9.0,0.0
ITA,Italy,1929,0,9,-9,-9.0,1.0
ITA,Italy,1930,0,9,-9,-9.0,2.0
ITA,Italy,1931,0,9,-9,-9.0,3.0
ITA,Italy,1932,0,9,-9,-9.0,4.0
ITA,Italy,1933,0,9,-9,-9.0,5.0
ITA,Italy,1934,0,9,-9,-9.0,6.0
ITA,Italy,1935,0,9,-9,-9.0,7.0
ITA,Italy,1936,0,9,-9,-9.0,8.0
ITA,Italy,1937,0,9,-9,-9.0,9.0
ITA,Italy,1938,0,9,-9,-9.0,10.0
ITA,Italy,1939,0,9,-9,-9.0,11.0
ITA,Italy,1940,0,9,-9,-9.0,12.0
ITA,Italy,1941,0,9,-9,-9.0,13.0
ITA,Italy,1942,0,9,-9,-9.0,14.0
ITA,Italy,1943,-77,-77,-77,0.0,0.0
ITA,Italy,1944,-77,-77,-77,0.0,0.0
ITA,Italy,1945,-88,-88,-88,2.0,0.0
ITA,Italy,1946,-88,-88,-88,5.0,0.0
ITA,Italy,1947,-88,-88,-88,8.0,0.0
ITA,Italy,1948,10,0,10,10.0,0.0
ITA,Italy,1949,10,0,10,10.0,1.0
ITA,Italy,1950,10,0,10,10.0,2.0
ITA,Italy,1951,10,0,10,10.0,3.0
ITA,Italy,1952,10,0,10,10.0,4.0
ITA,Italy,1953,10,0,10,10.0,5.0
ITA,Italy,1954,10,0,10,10.0,6.0
ITA,Italy,1955,10,0,10,10.0,7.0
ITA,Italy,1956,10,0,10,10.0,8.0
ITA,Italy,1957,10,0,10,10.0,9.0
ITA,Italy,1958,10,0,10,10.0,10.0
ITA,Italy,1959,10,0,10,10.0,11.0
ITA,Italy,1960,10,0,10,10.0,12.0
ITA,Italy,1961,10,0,10,10.0,13.0
ITA,Italy,1962,10,0,10,10.0,14.0
ITA,Italy,1963,10,0,10,10.0,15.0
ITA,Italy,1964,10,0,10,10.0,16.0
ITA,Italy,1965,10,0,10,10.0,17.0
ITA,Italy,1966,10,0,10,10.0,18.0
ITA,Italy,1967,10,0,10,10.0,19.0
ITA,Italy,1968,10,0,10,10.0,20.0
ITA,Italy,1969,10,0,10,10.0,21.0
ITA,Italy,1970,10,0,10,10.0,22.0
ITA,Italy,1971,10,0,10,10.0,23.0
ITA,Italy,1972,10,0,10,10.0,24.0
ITA,Italy,1973,10,0,10,10.0,25.0
ITA,Italy,1974,10,0,10,10.0,26.0
ITA,Italy,1975,10,0,10,10.0,27.0
ITA,Italy,1976,10,0,10,10.0,28.0
ITA,Italy,1977,10,0,10,10.0,29.0
ITA,Italy,1978,10,0,10,10.0,30.0
ITA,Italy,1979,10,0,10,10.0,31.0
ITA,Italy,1980,10,0,10,10.0,32.0
ITA,Italy,1981,10,0,10,10.0,33.0
ITA,Italy,1982,10,0,10,10.0,34.0
ITA,Italy,1983,10,0,10,10.0,35.0
ITA,Italy,1984,10,0,10,10.0,36.0
ITA,Italy,1985,10,0,10,10.0,37.0
ITA,Italy,1986,10,0,10,10.0,38.0
ITA,Italy,1987,10,0,10,10.0,39.0
ITA,Italy,1988,10,0,10,10.0,40.0
ITA,Italy,1989,10,0,10,10.0,41.0
ITA,Italy,1990,10,0,10,10.0,42.0
ITA,Italy,1991,10,0,10,10.0,43.0
ITA,Italy,1992,10,0,10,10.0,44.0
ITA,Italy,1993,10,0,10,10.0,45.0
ITA,Italy,1994,10,0,10,10.0,46.0
ITA,Italy,1995,10,0,10,10.0,47.0
ITA,Italy,1996,10,0,10,10.0,48.0
ITA,Italy,1997,10,0,10,10.0,49.0
ITA,Italy,1998,10,0,10,10.0,50.0
ITA,Italy,1999,10,0,10,10.0,51.0
ITA,Italy,2000,10,0,10,10.0,52.0
ITA,Italy,2001,10,0,10,10.0,53.0
ITA,Italy,2002,10,0,10,10.0,54.0
ITA,Italy,2003,10,0,10,10.0,55.0
ITA,Italy,2004,10,0,10,10.0,56.0
ITA,Italy,2005,10,0,10,10.0,57.0
ITA,Italy,2006,10,0,10,10.0,58.0
ITA,Italy,2007,10,0,10,10.0,59.0
ITA,Italy,2008,10,0,10,10.0,60.0
ITA,Italy,2009,10,0,10,10.0,61.0
ITA,Italy,2010,10,0,10,10.0,62.0
ITA,Italy,2011,10,0,10,10.0,63.0
ITA,Italy,2012,10,0,10,10.0,64.0
ITA,Italy,2013,10,0,10,10.0,65.0
ITA,Italy,2014,10,0,10,10.0,66.0
ITA,Italy,2015,10,0,10,10.0,67.0
ITA,Italy,2016,10,0,10,10.0,68.0
ITA,Italy,2017,10,0,10,10.0,69.0
ITA,Italy,2018,10,0,10,10.0,70.0
IVO,Cote D'Ivoire,1960,0,9,-9,-9.0,0.0
IVO,Cote D'Ivoire,1961,0,9,-9,-9.0,1.0
IVO,Cote D'Ivoire,1962,0,9,-9,-9.0,2.0
IVO,Cote D'Ivoire,1963,0,9,-9,-9.0,3.0
IVO,Cote D'Ivoire,1964,0,9,-9,-9.0,4.0
IVO,Cote D'Ivoire,1965,0,9,-9,-9.0,5.0
IVO,Cote D'Ivoire,1966,0,9,-9,-9.0,6.0
IVO,Cote D'Ivoire,1967,0,9,-9,-9.0,0.0
IVO,Cote D'Ivoire,1968,0,9,-9,-9.0,1.0
IVO,Cote D'Ivoire,1969,0,9,-9,-9.0,2.0
IVO,Cote D'Ivoire,1970,0,9,-9,-9.0,3.0
IVO,Cote D'Ivoire,1971,0,9,-9,-9.0,4.0
IVO,Cote D'Ivoire,1972,0,9,-9,-9.0,5.0
IVO,Cote D'Ivoire,1973,0,9,-9,-9.0,6.0
IVO,Cote D'Ivoire,1974,0,9,-9,-9.0,7.0
IVO,Cote D'Ivoire,1975,0,9,-9,-9.0,8.0
IVO,Cote D'Ivoire,1976,0,9,-9,-9.0,9.0
IVO,Cote D'Ivoire,1977,0,9,-9,-9.0,10.0
IVO,Cote D'Ivoire,1978,0,9,-9,-9.0,11.0
IVO,Cote D'Ivoire,1979,0,9,-9,-9.0,12.0
IVO,Cote D'Ivoire,1980,0,9,-9,-9.0,13.0
IVO,Cote D'Ivoire,1981,0,9,-9,-9.0,14.0
IVO,Cote D'Ivoire,1982,0,9,-9,-9.0,15.0
IVO,Cote D'Ivoire,1983,0,9,-9,-9.0,16.0
IVO,Cote D'Ivoire,1984,0,9,-9,-9.0,17.0
IVO,Cote D'Ivoire,1985,0,9,-9,-9.0,18.0
IVO,Cote D'Ivoire,1986,0,9,-9,-9.0,19.0
IVO,Cote D'Ivoire,1987,0,9,-9,-9.0,20.0
IVO,Cote D'Ivoire,1988,0,9,-9,-9.0,21.0
IVO,Cote D'Ivoire,1989,0,9,-9,-9.0,22.0
IVO,Cote D'Ivoire,1990,0,7,-7,-7.0,23.0
IVO,Cote D'Ivoire,1991,0,7,-7,-7.0,24.0
IVO,Cote D'Ivoire,1992,0,7,-7,-7.0,25.0
IVO,Cote D'Ivoire,1993,0,6,-6,-6.0,26.0
IVO,Cote D'Ivoire,1994,0,6,-6,-6.0,27.0
IVO,Cote D'Ivoire,1995,0,6,-6,-6.0,28.0
IVO,Cote D'Ivoire,1996,0,6,-6,-6.0,29.0
IVO,Cote D'Ivoire,1997,0,6,-6,-6.0,30.0
IVO,Cote D'Ivoire,1998,0,6,-6,-6.0,31.0
IVO,Cote D'Ivoire,1999,1,2,-1,-1.0,0.0
IVO,Cote D'Ivoire,2000,5,1,4,4.0,0.0
IVO,Cote D'Ivoire,2001,5,1,4,4.0,1.0
IVO,Cote D'Ivoire,2002,-77,-77,-77,0.0,0.0
IVO,Cote D'Ivoire,2003,-77,-77,-77,0.0,0.0
IVO,Cote D'Ivoire,2004,-77,-77,-77,0.0,0.0
IVO,Cote D'Ivoire,2005,-77,-77,-77,0.0,0.0
IVO,Cote D'Ivoire,2006,-77,-77,-77,0.0,0.0
IVO,Cote D'Ivoire,2007,-88,-88,-88,0.0,0.0
IVO,Cote D'Ivoire,2008,-88,-88,-88,0.0,0.0
IVO,Cote D'Ivoire,2009,-88,-88,-88,0.0,0.0
IVO,Cote D'Ivoire,2010,-77,-77,-77,0.0,0.0
IVO,Cote D'Ivoire,2011,5,1,4,4.0,0.0
IVO,Cote D'Ivoire,2012,5,1,4,4.0,1.0
IVO,Cote D'Ivoire,2013,5,1,4,4.0,2.0
IVO,Ivory Coast,2014,5,1,4,4.0,3.0
IVO,Ivory Coast,2015,5,1,4,4.0,4.0
IVO,Cote D'Ivoire,2016,5,1,4,4.0,5.0
IVO,Cote D'Ivoire,2017,5,1,4,4.0,6.0
IVO,Cote D'Ivoire,2018,5,1,4,4.0,7.0
JAM,Jamaica,1959,10,0,10,10.0,0.0
JAM,Jamaica,1960,10,0,10,10.0,1.0
JAM,Jamaica,1961,10,0,10,10.0,2.0
JAM,Jamaica,1962,10,0,10,10.0,3.0
JAM,Jamaica,1963,10,0,10,10.0,4.0
JAM,Jamaica,1964,10,0,10,10.0,5.0
JAM,Jamaica,1965,10,0,10,10.0,6.0
JAM,Jamaica,1966,10,0,10,10.0,7.0
JAM,Jamaica,1967,10,0,10,10.0,8.0
JAM,Jamaica,1968,10,0,10,10.0,9.0
JAM,Jamaica,1969,10,0,10,10.0,10.0
JAM,Jamaica,1970,10,0,10,10.0,11.0
JAM,Jamaica,1971,10,0,10,10.0,12.0
JAM,Jamaica,1972,10,0,10,10.0,13.0
JAM,Jamaica,1973,10,0,10,10.0,14.0
JAM,Jamaica,1974,10,0,10,10.0,15.0
JAM,Jamaica,1975,10,0,10,10.0,16.0
JAM,Jamaica,1976,10,0,10,10.0,17.0
JAM,Jamaica,1977,10,0,10,10.0,18.0
JAM,Jamaica,1978,10,0,10,10.0,19.0
JAM,Jamaica,1979,10,0,10,10.0,20.0
JAM,Jamaica,1980,10,0,10,10.0,21.0
JAM,Jamaica,1981,10,0,10,10.0,22.0
JAM,Jamaica,1982,10,0,10,10.0,23.0
JAM,Jamaica,1983,10,0,10,10.0,24.0
JAM,Jamaica,1984,10,0,10,10.0,25.0
JAM,Jamaica,1985,10,0,10,10.0,26.0
JAM,Jamaica,1986,10,0,10,10.0,27.0
JAM,Jamaica,1987,10,0,10,10.0,28.0
JAM,Jamaica,1988,10,0,10,10.0,29.0
JAM,Jamaica,1989,10,0,10,10.0,30.0
JAM,Jamaica,1990,10,0,10,10.0,31.0
JAM,Jamaica,1991,10,0,10,10.0,32.0
JAM,Jamaica,1992,10,0,10,10.0,33.0
JAM,Jamaica,1993,9,0,9,9.0,34.0
JAM,Jamaica,1994,9,0,9,9.0,35.0
JAM,Jamaica,1995,9,0,9,9.0,36.0
JAM,Jamaica,1996,9,0,9,9.0,37.0
JAM,Jamaica,1997,9,0,9,9.0,38.0
JAM,Jamaica,1998,9,0,9,9.0,39.0
JAM,Jamaica,1999,9,0,9,9.0,40.0
JAM,Jamaica,2000,9,0,9,9.0,41.0
JAM,Jamaica,2001,9,0,9,9.0,42.0
JAM,Jamaica,2002,9,0,9,9.0,43.0
JAM,Jamaica,2003,9,0,9,9.0,44.0
JAM,Jamaica,2004,9,0,9,9.0,45.0
JAM,Jamaica,2005,9,0,9,9.0,46.0
JAM,Jamaica,2006,9,0,9,9.0,47.0
JAM,Jamaica,2007,9,0,9,9.0,48.0
JAM,Jamaica,2008,9,0,9,9.0,49.0
JAM,Jamaica,2009,9,0,9,9.0,50.0
JAM,Jamaica,2010,9,0,9,9.0,51.0
JAM,Jamaica,2011,9,0,9,9.0,52.0
JAM,Jamaica,2012,9,0,9,9.0,53.0
JAM,Jamaica,2013,9,0,9,9.0,54.0
JAM,Jamaica,2014,9,0,9,9.0,55.0
JAM,Jamaica,2015,9,0,9,9.0,56.0
JAM,Jamaica,2016,9,0,9,9.0,57.0
JAM,Jamaica,2017,9,0,9,9.0,58.0
JAM,Jamaica,2018,9,0,9,9.0,59.0
JOR,Jordan,1946,0,9,-9,-9.0,0.0
JOR,Jordan,1947,0,9,-9,-9.0,1.0
JOR,Jordan,1948,0,9,-9,-9.0,2.0
JOR,Jordan,1949,0,9,-9,-9.0,3.0
JOR,Jordan,1950,0,9,-9,-9.0,4.0
JOR,Jordan,1951,0,9,-9,-9.0,5.0
JOR,Jordan,1952,0,4,-4,-4.0,0.0
JOR,Jordan,1953,0,4,-4,-4.0,1.0
JOR,Jordan,1954,0,4,-4,-4.0,2.0
JOR,Jordan,1955,0,4,-4,-4.0,3.0
JOR,Jordan,1956,6,1,5,5.0,0.0
JOR,Jordan,1957,0,9,-9,-9.0,0.0
JOR,Jordan,1958,0,9,-9,-9.0,1.0
JOR,Jordan,1959,0,9,-9,-9.0,2.0
JOR,Jordan,1960,0,9,-9,-9.0,3.0
JOR,Jordan,1961,0,9,-9,-9.0,4.0
JOR,Jordan,1962,0,9,-9,-9.0,5.0
JOR,Jordan,1963,0,9,-9,-9.0,6.0
JOR,Jordan,1964,0,9,-9,-9.0,7.0
JOR,Jordan,1965,0,9,-9,-9.0,8.0
JOR,Jordan,1966,0,9,-9,-9.0,9.0
JOR,Jordan,1967,0,9,-9,-9.0,10.0
JOR,Jordan,1968,0,9,-9,-9.0,11.0
JOR,Jordan,1969,0,9,-9,-9.0,12.0
JOR,Jordan,1970,0,9,-9,-9.0,13.0
JOR,Jordan,1971,0,9,-9,-9.0,14.0
JOR,Jordan,1972,0,9,-9,-9.0,15.0
JOR,Jordan,1973,0,9,-9,-9.0,16.0
JOR,Jordan,1974,0,10,-10,-10.0,17.0
JOR,Jordan,1975,0,10,-10,-10.0,18.0
JOR,Jordan,1976,0,10,-10,-10.0,19.0
JOR,Jordan,1977,0,10,-10,-10.0,20.0
JOR,Jordan,1978,0,10,-10,-10.0,21.0
JOR,Jordan,1979,0,10,-10,-10.0,22.0
JOR,Jordan,1980,0,10,-10,-10.0,23.0
JOR,Jordan,1981,0,10,-10,-10.0,24.0
JOR,Jordan,1982,0,10,-10,-10.0,25.0
JOR,Jordan,1983,0,10,-10,-10.0,26.0
JOR,Jordan,1984,0,9,-9,-9.0,27.0
JOR,Jordan,1985,0,9,-9,-9.0,28.0
JOR,Jordan,1986,0,9,-9,-9.0,29.0
JOR,Jordan,1987,0,9,-9,-9.0,30.0
JOR,Jordan,1988,0,9,-9,-9.0,31.0
JOR,Jordan,1989,1,5,-4,-4.0,0.0
JOR,Jordan,1990,1,5,-4,-4.0,0.0
JOR,Jordan,1991,1,5,-4,-4.0,0.0
JOR,Jordan,1992,2,4,-2,-2.0,0.0
JOR,Jordan,1993,2,4,-2,-2.0,1.0
JOR,Jordan,1994,2,4,-2,-2.0,2.0
JOR,Jordan,1995,2,4,-2,-2.0,3.0
JOR,Jordan,1996,2,4,-2,-2.0,4.0
JOR,Jordan,1997,2,4,-2,-2.0,5.0
JOR,Jordan,1998,2,4,-2,-2.0,6.0
JOR,Jordan,1999,2,4,-2,-2.0,7.0
JOR,Jordan,2000,2,4,-2,-2.0,8.0
JOR,Jordan,2001,2,4,-2,-2.0,9.0
JOR,Jordan,2002,2,4,-2,-2.0,10.0
JOR,Jordan,2003,2,4,-2,-2.0,11.0
JOR,Jordan,2004,2,4,-2,-2.0,12.0
JOR,Jordan,2005,2,4,-2,-2.0,13.0
JOR,Jordan,2006,2,4,-2,-2.0,14.0
JOR,Jordan,2007,2,5,-3,-3.0,15.0
JOR,Jordan,2008,2,5,-3,-3.0,16.0
JOR,Jordan,2009,2,5,-3,-3.0,17.0
JOR,Jordan,2010,2,5,-3,-3.0,18.0
JOR,Jordan,2011,2,5,-3,-3.0,19.0
JOR,Jordan,2012,2,5,-3,-3.0,20.0
JOR,Jordan,2013,2,5,-3,-3.0,21.0
JOR,Jordan,2014,2,5,-3,-3.0,22.0
JOR,Jordan,2015,2,5,-3,-3.0,23.0
JOR,Jordan,2016,2,5,-3,-3.0,24.0
JOR,Jordan,2017,2,5,-3,-3.0,25.0
JOR,Jordan,2018,2,5,-3,-3.0,26.0
JPN,Japan,1800,0,10,-10,-10.0,
JPN,Japan,1801,0,10,-10,-10.0,
JPN,Japan,1802,0,10,-10,-10.0,
JPN,Japan,1803,0,10,-10,-10.0,
JPN,Japan,1804,0,10,-10,-10.0,
JPN,Japan,1805,0,10,-10,-10.0,
JPN,Japan,1806,0,10,-10,-10.0,
JPN,Japan,1807,0,10,-10,-10.0,
JPN,Japan,1808,0,10,-10,-10.0,
JPN,Japan,1809,0,10,-10,-10.0,
JPN,Japan,1810,0,10,-10,-10.0,
JPN,Japan,1811,0,10,-10,-10.0,
JPN,Japan,1812,0,10,-10,-10.0,
JPN,Japan,1813,0,10,-10,-10.0,
JPN,Japan,1814,0,10,-10,-10.0,
JPN,Japan,1815,0,10,-10,-10.0,
JPN,Japan,1816,0,10,-10,-10.0,
JPN,Japan,1817,0,10,-10,-10.0,
JPN,Japan,1818,0,10,-10,-10.0,
JPN,Japan,1819,0,10,-10,-10.0,
JPN,Japan,1820,0,10,-10,-10.0,
JPN,Japan,1821,0,10,-10,-10.0,
JPN,Japan,1822,0,10,-10,-10.0,
JPN,Japan,1823,0,10,-10,-10.0,
JPN,Japan,1824,0,10,-10,-10.0,
JPN,Japan,1825,0,10,-10,-10.0,
JPN,Japan,1826,0,10,-10,-10.0,
JPN,Japan,1827,0,10,-10,-10.0,
JPN,Japan,1828,0,10,-10,-10.0,
JPN,Japan,1829,0,10,-10,-10.0,
JPN,Japan,1830,0,10,-10,-10.0,
JPN,Japan,1831,0,10,-10,-10.0,
JPN,Japan,1832,0,10,-10,-10.0,
JPN,Japan,1833,0,10,-10,-10.0,
JPN,Japan,1834,0,10,-10,-10.0,
JPN,Japan,1835,0,10,-10,-10.0,
JPN,Japan,1836,0,10,-10,-10.0,
JPN,Japan,1837,0,10,-10,-10.0,
JPN,Japan,1838,0,10,-10,-10.0,
JPN,Japan,1839,0,10,-10,-10.0,
JPN,Japan,1840,0,10,-10,-10.0,
JPN,Japan,1841,0,10,-10,-10.0,
JPN,Japan,1842,0,10,-10,-10.0,
JPN,Japan,1843,0,10,-10,-10.0,
JPN,Japan,1844,0,10,-10,-10.0,
JPN,Japan,1845,0,10,-10,-10.0,
JPN,Japan,1846,0,10,-10,-10.0,
JPN,Japan,1847,0,10,-10,-10.0,
JPN,Japan,1848,0,10,-10,-10.0,
JPN,Japan,1849,0,10,-10,-10.0,
JPN,Japan,1850,0,10,-10,-10.0,
JPN,Japan,1851,0,10,-10,-10.0,
JPN,Japan,1852,0,10,-10,-10.0,
JPN,Japan,1853,0,10,-10,-10.0,
JPN,Japan,1854,0,10,-10,-10.0,
JPN,Japan,1855,0,10,-10,-10.0,
JPN,Japan,1856,0,10,-10,-10.0,
JPN,Japan,1857,0,10,-10,-10.0,
JPN,Japan,1858,-88,-88,-88,-9.0,0.0
JPN,Japan,1859,-88,-88,-88,-8.0,0.0
JPN,Japan,1860,-88,-88,-88,-7.0,0.0
JPN,Japan,1861,-88,-88,-88,-6.0,0.0
JPN,Japan,1862,-88,-88,-88,-5.0,0.0
JPN,Japan,1863,-88,-88,-88,-4.0,0.0
JPN,Japan,1864,-88,-88,-88,-3.0,0.0
JPN,Japan,1865,-88,-88,-88,-2.0,0.0
JPN,Japan,1866,-88,-88,-88,-1.0,0.0
JPN,Japan,1867,-88,-88,-88,0.0,0.0
JPN,Japan,1868,5,4,1,1.0,0.0
JPN,Japan,1869,5,4,1,1.0,1.0
JPN,Japan,1870,5,4,1,1.0,2.0
JPN,Japan,1871,5,4,1,1.0,3.0
JPN,Japan,1872,5,4,1,1.0,4.0
JPN,Japan,1873,5,4,1,1.0,5.0
JPN,Japan,1874,5,4,1,1.0,6.0
JPN,Japan,1875,5,4,1,1.0,7.0
JPN,Japan,1876,5,4,1,1.0,8.0
JPN,Japan,1877,5,4,1,1.0,9.0
JPN,Japan,1878,5,4,1,1.0,10.0
JPN,Japan,1879,5,4,1,1.0,11.0
JPN,Japan,1880,5,4,1,1.0,12.0
JPN,Japan,1881,5,4,1,1.0,13.0
JPN,Japan,1882,5,4,1,1.0,14.0
JPN,Japan,1883,5,4,1,1.0,15.0
JPN,Japan,1884,5,4,1,1.0,16.0
JPN,Japan,1885,5,4,1,1.0,17.0
JPN,Japan,1886,5,4,1,1.0,18.0
JPN,Japan,1887,5,4,1,1.0,19.0
JPN,Japan,1888,5,4,1,1.0,20.0
JPN,Japan,1889,5,4,1,1.0,21.0
JPN,Japan,1890,5,4,1,1.0,22.0
JPN,Japan,1891,5,4,1,1.0,23.0
JPN,Japan,1892,5,4,1,1.0,24.0
JPN,Japan,1893,5,4,1,1.0,25.0
JPN,Japan,1894,5,4,1,1.0,26.0
JPN,Japan,1895,5,4,1,1.0,27.0
JPN,Japan,1896,5,4,1,1.0,28.0
JPN,Japan,1897,5,4,1,1.0,29.0
JPN,Japan,1898,5,4,1,1.0,30.0
JPN,Japan,1899,5,4,1,1.0,31.0
JPN,Japan,1900,5,4,1,1.0,32.0
JPN,Japan,1901,5,4,1,1.0,33.0
JPN,Japan,1902,5,4,1,1.0,34.0
JPN,Japan,1903,5,4,1,1.0,35.0
JPN,Japan,1904,5,4,1,1.0,36.0
JPN,Japan,1905,5,4,1,1.0,37.0
JPN,Japan,1906,5,4,1,1.0,38.0
JPN,Japan,1907,5,4,1,1.0,39.0
JPN,Japan,1908,5,4,1,1.0,40.0
JPN,Japan,1909,5,4,1,1.0,41.0
JPN,Japan,1910,5,4,1,1.0,42.0
JPN,Japan,1911,5,4,1,1.0,43.0
JPN,Japan,1912,5,4,1,1.0,44.0
JPN,Japan,1913,5,4,1,1.0,45.0
JPN,Japan,1914,5,4,1,1.0,46.0
JPN,Japan,1915,5,4,1,1.0,47.0
JPN,Japan,1916,5,4,1,1.0,48.0
JPN,Japan,1917,5,4,1,1.0,49.0
JPN,Japan,1918,5,4,1,1.0,50.0
JPN,Japan,1919,5,4,1,1.0,51.0
JPN,Japan,1920,5,4,1,1.0,52.0
JPN,Japan,1921,5,4,1,1.0,53.0
JPN,Japan,1922,5,4,1,1.0,54.0
JPN,Japan,1923,5,4,1,1.0,55.0
JPN,Japan,1924,5,4,1,1.0,56.0
JPN,Japan,1925,5,4,1,1.0,57.0
JPN,Japan,1926,5,4,1,1.0,58.0
JPN,Japan,1927,5,4,1,1.0,59.0
JPN,Japan,1928,5,4,1,1.0,60.0
JPN,Japan,1929,5,4,1,1.0,61.0
JPN,Japan,1930,5,4,1,1.0,62.0
JPN,Japan,1931,5,4,1,1.0,63.0
JPN,Japan,1932,5,4,1,1.0,64.0
JPN,Japan,1933,5,4,1,1.0,65.0
JPN,Japan,1934,5,4,1,1.0,66.0
JPN,Japan,1935,5,4,1,1.0,67.0
JPN,Japan,1936,5,4,1,1.0,68.0
JPN,Japan,1937,5,4,1,1.0,69.0
JPN,Japan,1938,5,4,1,1.0,70.0
JPN,Japan,1939,5,4,1,1.0,71.0
JPN,Japan,1940,5,4,1,1.0,72.0
JPN,Japan,1941,5,4,1,1.0,73.0
JPN,Japan,1942,5,4,1,1.0,74.0
JPN,Japan,1943,5,4,1,1.0,75.0
JPN,Japan,1944,5,4,1,1.0,76.0
JPN,Japan,1945,-66,-66,-66,,0.0
JPN,Japan,1946,-66,-66,-66,,0.0
JPN,Japan,1947,-66,-66,-66,,0.0
JPN,Japan,1948,-66,-66,-66,,0.0
JPN,Japan,1949,-66,-66,-66,,0.0
JPN,Japan,1950,-66,-66,-66,,0.0
JPN,Japan,1951,-66,-66,-66,,0.0
JPN,Japan,1952,10,0,10,10.0,0.0
JPN,Japan,1953,10,0,10,10.0,1.0
JPN,Japan,1954,10,0,10,10.0,2.0
JPN,Japan,1955,10,0,10,10.0,3.0
JPN,Japan,1956,10,0,10,10.0,4.0
JPN,Japan,1957,10,0,10,10.0,5.0
JPN,Japan,1958,10,0,10,10.0,6.0
JPN,Japan,1959,10,0,10,10.0,7.0
JPN,Japan,1960,10,0,10,10.0,8.0
JPN,Japan,1961,10,0,10,10.0,9.0
JPN,Japan,1962,10,0,10,10.0,10.0
JPN,Japan,1963,10,0,10,10.0,11.0
JPN,Japan,1964,10,0,10,10.0,12.0
JPN,Japan,1965,10,0,10,10.0,13.0
JPN,Japan,1966,10,0,10,10.0,14.0
JPN,Japan,1967,10,0,10,10.0,15.0
JPN,Japan,1968,10,0,10,10.0,16.0
JPN,Japan,1969,10,0,10,10.0,17.0
JPN,Japan,1970,10,0,10,10.0,18.0
JPN,Japan,1971,10,0,10,10.0,19.0
JPN,Japan,1972,10,0,10,10.0,20.0
JPN,Japan,1973,10,0,10,10.0,21.0
JPN,Japan,1974,10,0,10,10.0,22.0
JPN,Japan,1975,10,0,10,10.0,23.0
JPN,Japan,1976,10,0,10,10.0,24.0
JPN,Japan,1977,10,0,10,10.0,25.0
JPN,Japan,1978,10,0,10,10.0,26.0
JPN,Japan,1979,10,0,10,10.0,27.0
JPN,Japan,1980,10,0,10,10.0,28.0
JPN,Japan,1981,10,0,10,10.0,29.0
JPN,Japan,1982,10,0,10,10.0,30.0
JPN,Japan,1983,10,0,10,10.0,31.0
JPN,Japan,1984,10,0,10,10.0,32.0
JPN,Japan,1985,10,0,10,10.0,33.0
JPN,Japan,1986,10,0,10,10.0,34.0
JPN,Japan,1987,10,0,10,10.0,35.0
JPN,Japan,1988,10,0,10,10.0,36.0
JPN,Japan,1989,10,0,10,10.0,37.0
JPN,Japan,1990,10,0,10,10.0,38.0
JPN,Japan,1991,10,0,10,10.0,39.0
JPN,Japan,1992,10,0,10,10.0,40.0
JPN,Japan,1993,10,0,10,10.0,41.0
JPN,Japan,1994,10,0,10,10.0,42.0
JPN,Japan,1995,10,0,10,10.0,43.0
JPN,Japan,1996,10,0,10,10.0,44.0
JPN,Japan,1997,10,0,10,10.0,45.0
JPN,Japan,1998,10,0,10,10.0,46.0
JPN,Japan,1999,10,0,10,10.0,47.0
JPN,Japan,2000,10,0,10,10.0,48.0
JPN,Japan,2001,10,0,10,10.0,49.0
JPN,Japan,2002,10,0,10,10.0,50.0
JPN,Japan,2003,10,0,10,10.0,51.0
JPN,Japan,2004,10,0,10,10.0,52.0
JPN,Japan,2005,10,0,10,10.0,53.0
JPN,Japan,2006,10,0,10,10.0,54.0
JPN,Japan,2007,10,0,10,10.0,55.0
JPN,Japan,2008,10,0,10,10.0,56.0
JPN,Japan,2009,10,0,10,10.0,57.0
JPN,Japan,2010,10,0,10,10.0,58.0
JPN,Japan,2011,10,0,10,10.0,59.0
JPN,Japan,2012,10,0,10,10.0,60.0
JPN,Japan,2013,10,0,10,10.0,61.0
JPN,Japan,2014,10,0,10,10.0,62.0
JPN,Japan,2015,10,0,10,10.0,63.0
JPN,Japan,2016,10,0,10,10.0,64.0
JPN,Japan,2017,10,0,10,10.0,65.0
JPN,Japan,2018,10,0,10,10.0,66.0
KEN,Kenya,1963,5,0,5,5.0,0.0
KEN,Kenya,1964,1,2,-1,-1.0,0.0
KEN,Kenya,1965,1,2,-1,-1.0,1.0
KEN,Kenya,1966,1,2,-1,-1.0,2.0
KEN,Kenya,1967,1,2,-1,-1.0,3.0
KEN,Kenya,1968,1,2,-1,-1.0,4.0
KEN,Kenya,1969,0,7,-7,-7.0,0.0
KEN,Kenya,1970,0,7,-7,-7.0,1.0
KEN,Kenya,1971,0,7,-7,-7.0,2.0
KEN,Kenya,1972,0,7,-7,-7.0,3.0
KEN,Kenya,1973,0,7,-7,-7.0,4.0
KEN,Kenya,1974,0,7,-7,-7.0,5.0
KEN,Kenya,1975,0,7,-7,-7.0,6.0
KEN,Kenya,1976,0,7,-7,-7.0,7.0
KEN,Kenya,1977,0,7,-7,-7.0,8.0
KEN,Kenya,1978,0,7,-7,-7.0,9.0
KEN,Kenya,1979,0,6,-6,-6.0,10.0
KEN,Kenya,1980,0,6,-6,-6.0,11.0
KEN,Kenya,1981,0,6,-6,-6.0,12.0
KEN,Kenya,1982,0,7,-7,-7.0,13.0
KEN,Kenya,1983,0,7,-7,-7.0,14.0
KEN,Kenya,1984,0,7,-7,-7.0,15.0
KEN,Kenya,1985,0,7,-7,-7.0,16.0
KEN,Kenya,1986,0,7,-7,-7.0,17.0
KEN,Kenya,1987,0,7,-7,-7.0,18.0
KEN,Kenya,1988,0,7,-7,-7.0,19.0
KEN,Kenya,1989,0,7,-7,-7.0,20.0
KEN,Kenya,1990,0,7,-7,-7.0,21.0
KEN,Kenya,1991,0,5,-5,-5.0,22.0
KEN,Kenya,1992,0,5,-5,-5.0,23.0
KEN,Kenya,1993,0,5,-5,-5.0,24.0
KEN,Kenya,1994,0,5,-5,-5.0,25.0
KEN,Kenya,1995,0,5,-5,-5.0,26.0
KEN,Kenya,1996,0,5,-5,-5.0,27.0
KEN,Kenya,1997,5,1,4,4.0,0.0
KEN,Kenya,1998,5,1,4,4.0,1.0
KEN,Kenya,1999,5,1,4,4.0,2.0
KEN,Kenya,2000,5,1,4,4.0,3.0
KEN,Kenya,2001,5,1,4,4.0,4.0
KEN,Kenya,2002,8,0,8,8.0,0.0
KEN,Kenya,2003,8,0,8,8.0,1.0
KEN,Kenya,2004,8,0,8,8.0,2.0
KEN,Kenya,2005,8,0,8,8.0,3.0
KEN,Kenya,2006,8,0,8,8.0,4.0
KEN,Kenya,2007,7,0,7,7.0,5.0
KEN,Kenya,2008,7,0,7,7.0,6.0
KEN,Kenya,2009,7,0,7,7.0,7.0
KEN,Kenya,2010,8,0,8,8.0,8.0
KEN,Kenya,2011,8,0,8,8.0,9.0
KEN,Kenya,2012,8,0,8,8.0,10.0
KEN,Kenya,2013,9,0,9,9.0,11.0
KEN,Kenya,2014,9,0,9,9.0,12.0
KEN,Kenya,2015,9,0,9,9.0,13.0
KEN,Kenya,2016,9,0,9,9.0,14.0
KEN,Kenya,2017,9,0,9,9.0,15.0
KEN,Kenya,2018,9,0,9,9.0,16.0
KOR,Korea,1800,5,4,1,1.0,
KOR,Korea,1801,5,4,1,1.0,
KOR,Korea,1802,5,4,1,1.0,
KOR,Korea,1803,5,4,1,1.0,
KOR,Korea,1804,5,4,1,1.0,
KOR,Korea,1805,5,4,1,1.0,
KOR,Korea,1806,5,4,1,1.0,
KOR,Korea,1807,5,4,1,1.0,
KOR,Korea,1808,5,4,1,1.0,
KOR,Korea,1809,5,4,1,1.0,
KOR,Korea,1810,5,4,1,1.0,
KOR,Korea,1811,5,4,1,1.0,
KOR,Korea,1812,5,4,1,1.0,
KOR,Korea,1813,5,4,1,1.0,
KOR,Korea,1814,5,4,1,1.0,
KOR,Korea,1815,5,4,1,1.0,
KOR,Korea,1816,5,4,1,1.0,
KOR,Korea,1817,5,4,1,1.0,
KOR,Korea,1818,5,4,1,1.0,
KOR,Korea,1819,5,4,1,1.0,
KOR,Korea,1820,5,4,1,1.0,
KOR,Korea,1821,5,4,1,1.0,
KOR,Korea,1822,5,4,1,1.0,
KOR,Korea,1823,5,4,1,1.0,
KOR,Korea,1824,5,4,1,1.0,
KOR,Korea,1825,5,4,1,1.0,
KOR,Korea,1826,5,4,1,1.0,
KOR,Korea,1827,5,4,1,1.0,
KOR,Korea,1828,5,4,1,1.0,
KOR,Korea,1829,5,4,1,1.0,
KOR,Korea,1830,5,4,1,1.0,
KOR,Korea,1831,5,4,1,1.0,
KOR,Korea,1832,5,4,1,1.0,
KOR,Korea,1833,5,4,1,1.0,
KOR,Korea,1834,5,4,1,1.0,
KOR,Korea,1835,5,4,1,1.0,
KOR,Korea,1836,5,4,1,1.0,
KOR,Korea,1837,5,4,1,1.0,
KOR,Korea,1838,5,4,1,1.0,
KOR,Korea,1839,5,4,1,1.0,
KOR,Korea,1840,5,4,1,1.0,
KOR,Korea,1841,5,4,1,1.0,
KOR,Korea,1842,5,4,1,1.0,
KOR,Korea,1843,5,4,1,1.0,
KOR,Korea,1844,5,4,1,1.0,
KOR,Korea,1845,5,4,1,1.0,
KOR,Korea,1846,5,4,1,1.0,
KOR,Korea,1847,5,4,1,1.0,
KOR,Korea,1848,5,4,1,1.0,
KOR,Korea,1849,5,4,1,1.0,
KOR,Korea,1850,5,4,1,1.0,
KOR,Korea,1851,5,4,1,1.0,
KOR,Korea,1852,5,4,1,1.0,
KOR,Korea,1853,5,4,1,1.0,
KOR,Korea,1854,5,4,1,1.0,
KOR,Korea,1855,5,4,1,1.0,
KOR,Korea,1856,5,4,1,1.0,
KOR,Korea,1857,5,4,1,1.0,
KOR,Korea,1858,5,4,1,1.0,
KOR,Korea,1859,5,4,1,1.0,
KOR,Korea,1860,5,4,1,1.0,
KOR,Korea,1861,5,4,1,1.0,
KOR,Korea,1862,5,4,1,1.0,
KOR,Korea,1863,5,4,1,1.0,
KOR,Korea,1864,5,4,1,1.0,
KOR,Korea,1865,5,4,1,1.0,
KOR,Korea,1866,5,4,1,1.0,
KOR,Korea,1867,5,4,1,1.0,
KOR,Korea,1868,5,4,1,1.0,
KOR,Korea,1869,5,4,1,1.0,
KOR,Korea,1870,5,4,1,1.0,
KOR,Korea,1871,5,4,1,1.0,
KOR,Korea,1872,5,4,1,1.0,
KOR,Korea,1873,5,4,1,1.0,
KOR,Korea,1874,5,4,1,1.0,
KOR,Korea,1875,5,4,1,1.0,
KOR,Korea,1876,5,4,1,1.0,
KOR,Korea,1877,5,4,1,1.0,
KOR,Korea,1878,5,4,1,1.0,
KOR,Korea,1879,5,4,1,1.0,
KOR,Korea,1880,5,4,1,1.0,
KOR,Korea,1881,5,4,1,1.0,
KOR,Korea,1882,5,4,1,1.0,
KOR,Korea,1883,5,4,1,1.0,
KOR,Korea,1884,5,4,1,1.0,
KOR,Korea,1885,5,4,1,1.0,
KOR,Korea,1886,5,4,1,1.0,
KOR,Korea,1887,5,4,1,1.0,
KOR,Korea,1888,5,4,1,1.0,
KOR,Korea,1889,5,4,1,1.0,
KOR,Korea,1890,5,4,1,1.0,
KOR,Korea,1891,5,4,1,1.0,
KOR,Korea,1892,5,4,1,1.0,
KOR,Korea,1893,5,4,1,1.0,
KOR,Korea,1894,5,4,1,1.0,
KOR,Korea,1895,5,4,1,1.0,
KOR,Korea,1896,5,4,1,1.0,
KOR,Korea,1897,5,4,1,1.0,
KOR,Korea,1898,5,4,1,1.0,
KOR,Korea,1899,5,4,1,1.0,
KOR,Korea,1900,5,4,1,1.0,
KOR,Korea,1901,5,4,1,1.0,
KOR,Korea,1902,5,4,1,1.0,
KOR,Korea,1903,5,4,1,1.0,
KOR,Korea,1904,5,4,1,1.0,
KOR,Korea,1905,5,4,1,1.0,
KOR,Korea,1906,5,4,1,1.0,
KOR,Korea,1907,5,4,1,1.0,
KOR,Korea,1908,5,4,1,1.0,
KOR,Korea,1909,5,4,1,1.0,
KOR,Korea,1910,5,4,1,1.0,
KOS,Kosovo,2008,8,0,8,8.0,0.0
KOS,Kosovo,2009,8,0,8,8.0,1.0
KOS,Kosovo,2010,8,0,8,8.0,2.0
KOS,Kosovo,2011,8,0,8,8.0,3.0
KOS,Kosovo,2012,8,0,8,8.0,4.0
KOS,Kosovo,2013,8,0,8,8.0,5.0
KOS,Kosovo,2014,8,0,8,8.0,6.0
KOS,Kosovo,2015,8,0,8,8.0,7.0
KOS,Kosovo,2016,8,0,8,8.0,8.0
KOS,Kosovo,2017,8,0,8,8.0,9.0
KOS,Kosovo,2018,8,0,8,8.0,10.0
KUW,Kuwait,1963,0,8,-8,-8.0,0.0
KUW,Kuwait,1964,0,8,-8,-8.0,1.0
KUW,Kuwait,1965,0,9,-9,-9.0,2.0
KUW,Kuwait,1966,0,9,-9,-9.0,3.0
KUW,Kuwait,1967,0,9,-9,-9.0,4.0
KUW,Kuwait,1968,0,9,-9,-9.0,5.0
KUW,Kuwait,1969,0,9,-9,-9.0,6.0
KUW,Kuwait,1970,0,9,-9,-9.0,7.0
KUW,Kuwait,1971,0,8,-8,-8.0,8.0
KUW,Kuwait,1972,0,8,-8,-8.0,9.0
KUW,Kuwait,1973,0,8,-8,-8.0,10.0
KUW,Kuwait,1974,0,8,-8,-8.0,11.0
KUW,Kuwait,1975,0,8,-8,-8.0,12.0
KUW,Kuwait,1976,0,10,-10,-10.0,13.0
KUW,Kuwait,1977,0,10,-10,-10.0,14.0
KUW,Kuwait,1978,0,10,-10,-10.0,15.0
KUW,Kuwait,1979,0,10,-10,-10.0,16.0
KUW,Kuwait,1980,0,10,-10,-10.0,17.0
KUW,Kuwait,1981,0,8,-8,-8.0,18.0
KUW,Kuwait,1982,0,8,-8,-8.0,19.0
KUW,Kuwait,1983,0,8,-8,-8.0,20.0
KUW,Kuwait,1984,0,8,-8,-8.0,21.0
KUW,Kuwait,1985,0,8,-8,-8.0,22.0
KUW,Kuwait,1986,0,10,-10,-10.0,23.0
KUW,Kuwait,1987,0,10,-10,-10.0,24.0
KUW,Kuwait,1988,0,10,-10,-10.0,25.0
KUW,Kuwait,1989,0,10,-10,-10.0,26.0
KUW,Kuwait,1990,-66,-66,-66,,0.0
KUW,Kuwait,1991,0,9,-9,-9.0,27.0
KUW,Kuwait,1992,0,7,-7,-7.0,28.0
KUW,Kuwait,1993,0,7,-7,-7.0,29.0
KUW,Kuwait,1994,0,7,-7,-7.0,30.0
KUW,Kuwait,1995,0,7,-7,-7.0,31.0
KUW,Kuwait,1996,0,7,-7,-7.0,32.0
KUW,Kuwait,1997,0,7,-7,-7.0,33.0
KUW,Kuwait,1998,0,7,-7,-7.0,34.0
KUW,Kuwait,1999,0,7,-7,-7.0,35.0
KUW,Kuwait,2000,0,7,-7,-7.0,36.0
KUW,Kuwait,2001,0,7,-7,-7.0,37.0
KUW,Kuwait,2002,0,7,-7,-7.0,38.0
KUW,Kuwait,2003,0,7,-7,-7.0,39.0
KUW,Kuwait,2004,0,7,-7,-7.0,40.0
KUW,Kuwait,2005,0,7,-7,-7.0,41.0
KUW,Kuwait,2006,0,7,-7,-7.0,42.0
KUW,Kuwait,2007,0,7,-7,-7.0,43.0
KUW,Kuwait,2008,0,7,-7,-7.0,44.0
KUW,Kuwait,2009,0,7,-7,-7.0,45.0
KUW,Kuwait,2010,0,7,-7,-7.0,46.0
KUW,Kuwait,2011,0,7,-7,-7.0,47.0
KUW,Kuwait,2012,0,7,-7,-7.0,48.0
KUW,Kuwait,2013,0,7,-7,-7.0,49.0
KUW,Kuwait,2014,0,7,-7,-7.0,50.0
KUW,Kuwait,2015,0,7,-7,-7.0,51.0
KUW,Kuwait,2016,0,7,-7,-7.0,52.0
KUW,Kuwait,2017,0,7,-7,-7.0,53.0
KUW,Kuwait,2018,0,7,-7,-7.0,54.0
KYR,Kyrgyzstan,1991,1,4,-3,-3.0,0.0
KYR,Kyrgyzstan,1992,1,4,-3,-3.0,1.0
KYR,Kyrgyzstan,1993,1,4,-3,-3.0,2.0
KYR,Kyrgyzstan,1994,1,4,-3,-3.0,3.0
KYR,Kyrgyzstan,1995,1,4,-3,-3.0,4.0
KYR,Kyrgyzstan,1996,1,4,-3,-3.0,5.0
KYR,Kyrgyzstan,1997,1,4,-3,-3.0,6.0
KYR,Kyrgyzstan,1998,1,4,-3,-3.0,7.0
KYR,Kyrgyzstan,1999,1,4,-3,-3.0,8.0
KYR,Kyrgyzstan,2000,1,4,-3,-3.0,9.0
KYR,Kyrgyzstan,2001,1,4,-3,-3.0,10.0
KYR,Kyrgyzstan,2002,1,4,-3,-3.0,11.0
KYR,Kyrgyzstan,2003,1,4,-3,-3.0,12.0
KYR,Kyrgyzstan,2004,1,4,-3,-3.0,13.0
KYR,Kyrgyzstan,2005,3,0,3,3.0,0.0
KYR,Kyrgyzstan,2006,4,0,4,4.0,0.0
KYR,Kyrgyzstan,2007,3,0,3,3.0,0.0
KYR,Kyrgyzstan,2008,3,0,3,3.0,0.0
KYR,Kyrgyzstan,2009,2,1,1,1.0,0.0
KYR,Kyrgyzstan,2010,-88,-88,-88,4.0,0.0
KYR,Kyrgyzstan,2011,7,0,7,7.0,0.0
KYR,Kyrgyzstan,2012,7,0,7,7.0,1.0
KYR,Kyrgyzstan,2013,7,0,7,7.0,2.0
KYR,Kyrgyzstan,2014,7,0,7,7.0,3.0
KYR,Kyrgyzstan,2015,7,0,7,7.0,4.0
KYR,Kyrgyzstan,2016,7,0,7,7.0,5.0
KYR,Kyrgyzstan,2017,8,0,8,8.0,6.0
KYR,Kyrgyzstan,2018,8,0,8,8.0,7.0
KZK,Kazakhstan,1991,1,4,-3,-3.0,0.0
KZK,Kazakhstan,1992,1,4,-3,-3.0,1.0
KZK,Kazakhstan,1993,1,4,-3,-3.0,2.0
KZK,Kazakhstan,1994,1,4,-3,-3.0,3.0
KZK,Kazakhstan,1995,0,6,-6,-6.0,0.0
KZK,Kazakhstan,1996,0,6,-6,-6.0,1.0
KZK,Kazakhstan,1997,0,6,-6,-6.0,2.0
KZK,Kazakhstan,1998,0,6,-6,-6.0,3.0
KZK,Kazakhstan,1999,0,6,-6,-6.0,4.0
KZK,Kazakhstan,2000,0,6,-6,-6.0,5.0
KZK,Kazakhstan,2001,0,6,-6,-6.0,6.0
KZK,Kazakhstan,2002,0,6,-6,-6.0,7.0
KZK,Kazakhstan,2003,0,6,-6,-6.0,8.0
KZK,Kazakhstan,2004,0,6,-6,-6.0,9.0
KZK,Kazakhstan,2005,0,6,-6,-6.0,10.0
KZK,Kazakhstan,2006,0,6,-6,-6.0,11.0
KZK,Kazakhstan,2007,0,6,-6,-6.0,12.0
KZK,Kazakhstan,2008,0,6,-6,-6.0,13.0
KZK,Kazakhstan,2009,0,6,-6,-6.0,14.0
KZK,Kazakhstan,2010,0,6,-6,-6.0,15.0
KZK,Kazakhstan,2011,0,6,-6,-6.0,16.0
KZK,Kazakhstan,2012,0,6,-6,-6.0,17.0
KZK,Kazakhstan,2013,0,6,-6,-6.0,18.0
KZK,Kazakhstan,2014,0,6,-6,-6.0,19.0
KZK,Kazakhstan,2015,0,6,-6,-6.0,20.0
KZK,Kazakhstan,2016,0,6,-6,-6.0,21.0
KZK,Kazakhstan,2017,0,6,-6,-6.0,22.0
KZK,Kazakhstan,2018,0,6,-6,-6.0,23.0
LAO,Laos,1953,4,0,4,4.0,0.0
LAO,Laos,1954,4,0,4,4.0,1.0
LAO,Laos,1955,4,0,4,4.0,2.0
LAO,Laos,1956,4,0,4,4.0,3.0
LAO,Laos,1957,4,0,4,4.0,4.0
LAO,Laos,1958,6,1,5,5.0,5.0
LAO,Laos,1959,1,5,-4,-4.0,0.0
LAO,Laos,1960,1,5,-4,-4.0,1.0
LAO,Laos,1961,-77,-77,-77,0.0,0.0
LAO,Laos,1962,-77,-77,-77,0.0,0.0
LAO,Laos,1963,-77,-77,-77,0.0,0.0
LAO,Laos,1964,-77,-77,-77,0.0,0.0
LAO,Laos,1965,-77,-77,-77,0.0,0.0
LAO,Laos,1966,-77,-77,-77,0.0,0.0
LAO,Laos,1967,-77,-77,-77,0.0,0.0
LAO,Laos,1968,-77,-77,-77,0.0,0.0
LAO,Laos,1969,-77,-77,-77,0.0,0.0
LAO,Laos,1970,-77,-77,-77,0.0,0.0
LAO,Laos,1971,-77,-77,-77,0.0,0.0
LAO,Laos,1972,-77,-77,-77,0.0,0.0
LAO,Laos,1973,-77,-77,-77,0.0,0.0
LAO,Laos,1974,-88,-88,-88,-3.0,0.0
LAO,Laos,1975,0,7,-7,-7.0,0.0
LAO,Laos,1976,0,7,-7,-7.0,1.0
LAO,Laos,1977,0,7,-7,-7.0,2.0
LAO,Laos,1978,0,7,-7,-7.0,3.0
LAO,Laos,1979,0,7,-7,-7.0,4.0
LAO,Laos,1980,0,7,-7,-7.0,5.0
LAO,Laos,1981,0,7,-7,-7.0,6.0
LAO,Laos,1982,0,7,-7,-7.0,7.0
LAO,Laos,1983,0,7,-7,-7.0,8.0
LAO,Laos,1984,0,7,-7,-7.0,9.0
LAO,Laos,1985,0,7,-7,-7.0,10.0
LAO,Laos,1986,0,7,-7,-7.0,11.0
LAO,Laos,1987,0,7,-7,-7.0,12.0
LAO,Laos,1988,0,7,-7,-7.0,13.0
LAO,Laos,1989,0,7,-7,-7.0,14.0
LAO,Laos,1990,0,7,-7,-7.0,15.0
LAO,Laos,1991,0,7,-7,-7.0,16.0
LAO,Laos,1992,0,7,-7,-7.0,17.0
LAO,Laos,1993,0,7,-7,-7.0,18.0
LAO,Laos,1994,0,7,-7,-7.0,19.0
LAO,Laos,1995,0,7,-7,-7.0,20.0
LAO,Laos,1996,0,7,-7,-7.0,21.0
LAO,Laos,1997,0,7,-7,-7.0,22.0
LAO,Laos,1998,0,7,-7,-7.0,23.0
LAO,Laos,1999,0,7,-7,-7.0,24.0
LAO,Laos,2000,0,7,-7,-7.0,25.0
LAO,Laos,2001,0,7,-7,-7.0,26.0
LAO,Laos,2002,0,7,-7,-7.0,27.0
LAO,Laos,2003,0,7,-7,-7.0,28.0
LAO,Laos,2004,0,7,-7,-7.0,29.0
LAO,Laos,2005,0,7,-7,-7.0,30.0
LAO,Laos,2006,0,7,-7,-7.0,31.0
LAO,Laos,2007,0,7,-7,-7.0,32.0
LAO,Laos,2008,0,7,-7,-7.0,33.0
LAO,Laos,2009,0,7,-7,-7.0,34.0
LAO,Laos,2010,0,7,-7,-7.0,35.0
LAO,Laos,2011,0,7,-7,-7.0,36.0
LAO,Laos,2012,0,7,-7,-7.0,37.0
LAO,Laos,2013,0,7,-7,-7.0,38.0
LAO,Laos,2014,0,7,-7,-7.0,39.0
LAO,Laos,2015,0,7,-7,-7.0,40.0
LAO,Laos,2016,0,7,-7,-7.0,41.0
LAO,Laos,2017,0,7,-7,-7.0,42.0
LAO,Laos,2018,0,7,-7,-7.0,43.0
LAT,Latvia,1920,7,0,7,7.0,0.0
LAT,Latvia,1921,7,0,7,7.0,1.0
LAT,Latvia,1922,7,0,7,7.0,2.0
LAT,Latvia,1923,7,0,7,7.0,3.0
LAT,Latvia,1924,7,0,7,7.0,4.0
LAT,Latvia,1925,7,0,7,7.0,5.0
LAT,Latvia,1926,7,0,7,7.0,6.0
LAT,Latvia,1927,7,0,7,7.0,7.0
LAT,Latvia,1928,7,0,7,7.0,8.0
LAT,Latvia,1929,8,1,7,7.0,9.0
LAT,Latvia,1930,8,1,7,7.0,10.0
LAT,Latvia,1931,8,1,7,7.0,11.0
LAT,Latvia,1932,8,1,7,7.0,12.0
LAT,Latvia,1933,8,1,7,7.0,13.0
LAT,Latvia,1934,0,9,-9,-9.0,0.0
LAT,Latvia,1935,0,9,-9,-9.0,1.0
LAT,Latvia,1936,0,9,-9,-9.0,2.0
LAT,Latvia,1937,0,9,-9,-9.0,3.0
LAT,Latvia,1938,0,9,-9,-9.0,4.0
LAT,Latvia,1939,0,9,-9,-9.0,5.0
LAT,Latvia,1940,0,9,-9,-9.0,6.0
LAT,Latvia,1991,8,0,8,8.0,0.0
LAT,Latvia,1992,8,0,8,8.0,1.0
LAT,Latvia,1993,8,0,8,8.0,2.0
LAT,Latvia,1994,8,0,8,8.0,3.0
LAT,Latvia,1995,8,0,8,8.0,4.0
LAT,Latvia,1996,8,0,8,8.0,5.0
LAT,Latvia,1997,8,0,8,8.0,6.0
LAT,Latvia,1998,8,0,8,8.0,7.0
LAT,Latvia,1999,8,0,8,8.0,8.0
LAT,Latvia,2000,8,0,8,8.0,9.0
LAT,Latvia,2001,8,0,8,8.0,10.0
LAT,Latvia,2002,8,0,8,8.0,11.0
LAT,Latvia,2003,8,0,8,8.0,12.0
LAT,Latvia,2004,8,0,8,8.0,13.0
LAT,Latvia,2005,8,0,8,8.0,14.0
LAT,Latvia,2006,8,0,8,8.0,15.0
LAT,Latvia,2007,8,0,8,8.0,16.0
LAT,Latvia,2008,8,0,8,8.0,17.0
LAT,Latvia,2009,8,0,8,8.0,18.0
LAT,Latvia,2010,8,0,8,8.0,19.0
LAT,Latvia,2011,8,0,8,8.0,20.0
LAT,Latvia,2012,8,0,8,8.0,21.0
LAT,Latvia,2013,8,0,8,8.0,22.0
LAT,Latvia,2014,8,0,8,8.0,23.0
LAT,Latvia,2015,8,0,8,8.0,24.0
LAT,Latvia,2016,8,0,8,8.0,25.0
LAT,Latvia,2017,8,0,8,8.0,26.0
LAT,Latvia,2018,8,0,8,8.0,27.0
LBR,Liberia,1847,7,3,4,4.0,0.0
LBR,Liberia,1848,7,3,4,4.0,1.0
LBR,Liberia,1849,7,3,4,4.0,2.0
LBR,Liberia,1850,7,3,4,4.0,3.0
LBR,Liberia,1851,7,3,4,4.0,4.0
LBR,Liberia,1852,7,3,4,4.0,5.0
LBR,Liberia,1853,7,3,4,4.0,6.0
LBR,Liberia,1854,7,3,4,4.0,7.0
LBR,Liberia,1855,7,3,4,4.0,8.0
LBR,Liberia,1856,7,3,4,4.0,9.0
LBR,Liberia,1857,7,3,4,4.0,10.0
LBR,Liberia,1858,7,3,4,4.0,11.0
LBR,Liberia,1859,7,3,4,4.0,12.0
LBR,Liberia,1860,7,3,4,4.0,13.0
LBR,Liberia,1861,7,3,4,4.0,14.0
LBR,Liberia,1862,7,3,4,4.0,15.0
LBR,Liberia,1863,7,3,4,4.0,16.0
LBR,Liberia,1864,7,3,4,4.0,17.0
LBR,Liberia,1865,7,3,4,4.0,18.0
LBR,Liberia,1866,7,3,4,4.0,19.0
LBR,Liberia,1867,7,3,4,4.0,20.0
LBR,Liberia,1868,7,3,4,4.0,21.0
LBR,Liberia,1869,7,3,4,4.0,22.0
LBR,Liberia,1870,7,3,4,4.0,23.0
LBR,Liberia,1871,7,3,4,4.0,24.0
LBR,Liberia,1872,7,3,4,4.0,25.0
LBR,Liberia,1873,7,3,4,4.0,26.0
LBR,Liberia,1874,7,3,4,4.0,27.0
LBR,Liberia,1875,7,3,4,4.0,28.0
LBR,Liberia,1876,7,3,4,4.0,29.0
LBR,Liberia,1877,7,3,4,4.0,30.0
LBR,Liberia,1878,7,3,4,4.0,31.0
LBR,Liberia,1879,7,3,4,4.0,32.0
LBR,Liberia,1880,7,3,4,4.0,33.0
LBR,Liberia,1881,7,3,4,4.0,34.0
LBR,Liberia,1882,7,3,4,4.0,35.0
LBR,Liberia,1883,7,3,4,4.0,36.0
LBR,Liberia,1884,2,5,-3,-3.0,0.0
LBR,Liberia,1885,2,5,-3,-3.0,1.0
LBR,Liberia,1886,2,5,-3,-3.0,2.0
LBR,Liberia,1887,2,5,-3,-3.0,3.0
LBR,Liberia,1888,2,5,-3,-3.0,4.0
LBR,Liberia,1889,2,5,-3,-3.0,5.0
LBR,Liberia,1890,1,5,-4,-4.0,6.0
LBR,Liberia,1891,1,5,-4,-4.0,7.0
LBR,Liberia,1892,1,5,-4,-4.0,8.0
LBR,Liberia,1893,1,5,-4,-4.0,9.0
LBR,Liberia,1894,1,5,-4,-4.0,10.0
LBR,Liberia,1895,1,5,-4,-4.0,11.0
LBR,Liberia,1896,1,5,-4,-4.0,12.0
LBR,Liberia,1897,1,5,-4,-4.0,13.0
LBR,Liberia,1898,1,5,-4,-4.0,14.0
LBR,Liberia,1899,1,5,-4,-4.0,15.0
LBR,Liberia,1900,1,5,-4,-4.0,16.0
LBR,Liberia,1901,1,5,-4,-4.0,17.0
LBR,Liberia,1902,1,5,-4,-4.0,18.0
LBR,Liberia,1903,1,5,-4,-4.0,19.0
LBR,Liberia,1904,1,5,-4,-4.0,20.0
LBR,Liberia,1905,1,5,-4,-4.0,21.0
LBR,Liberia,1906,1,5,-4,-4.0,22.0
LBR,Liberia,1907,1,5,-4,-4.0,23.0
LBR,Liberia,1908,1,5,-4,-4.0,24.0
LBR,Liberia,1909,0,6,-6,-6.0,25.0
LBR,Liberia,1910,0,6,-6,-6.0,26.0
LBR,Liberia,1911,0,6,-6,-6.0,27.0
LBR,Liberia,1912,0,6,-6,-6.0,28.0
LBR,Liberia,1913,0,6,-6,-6.0,29.0
LBR,Liberia,1914,0,6,-6,-6.0,30.0
LBR,Liberia,1915,0,6,-6,-6.0,31.0
LBR,Liberia,1916,0,6,-6,-6.0,32.0
LBR,Liberia,1917,0,6,-6,-6.0,33.0
LBR,Liberia,1918,0,6,-6,-6.0,34.0
LBR,Liberia,1919,0,6,-6,-6.0,35.0
LBR,Liberia,1920,0,6,-6,-6.0,36.0
LBR,Liberia,1921,0,6,-6,-6.0,37.0
LBR,Liberia,1922,0,6,-6,-6.0,38.0
LBR,Liberia,1923,0,6,-6,-6.0,39.0
LBR,Liberia,1924,0,6,-6,-6.0,40.0
LBR,Liberia,1925,0,6,-6,-6.0,41.0
LBR,Liberia,1926,0,6,-6,-6.0,42.0
LBR,Liberia,1927,0,6,-6,-6.0,43.0
LBR,Liberia,1928,0,6,-6,-6.0,44.0
LBR,Liberia,1929,0,6,-6,-6.0,45.0
LBR,Liberia,1930,0,6,-6,-6.0,46.0
LBR,Liberia,1931,0,6,-6,-6.0,47.0
LBR,Liberia,1932,0,6,-6,-6.0,48.0
LBR,Liberia,1933,0,6,-6,-6.0,49.0
LBR,Liberia,1934,0,6,-6,-6.0,50.0
LBR,Liberia,1935,0,6,-6,-6.0,51.0
LBR,Liberia,1936,0,6,-6,-6.0,52.0
LBR,Liberia,1937,0,6,-6,-6.0,53.0
LBR,Liberia,1938,0,6,-6,-6.0,54.0
LBR,Liberia,1939,0,6,-6,-6.0,55.0
LBR,Liberia,1940,0,6,-6,-6.0,56.0
LBR,Liberia,1941,0,6,-6,-6.0,57.0
LBR,Liberia,1942,0,6,-6,-6.0,58.0
LBR,Liberia,1943,0,6,-6,-6.0,59.0
LBR,Liberia,1944,0,6,-6,-6.0,60.0
LBR,Liberia,1945,0,6,-6,-6.0,61.0
LBR,Liberia,1946,0,6,-6,-6.0,62.0
LBR,Liberia,1947,0,6,-6,-6.0,63.0
LBR,Liberia,1948,0,6,-6,-6.0,64.0
LBR,Liberia,1949,0,6,-6,-6.0,65.0
LBR,Liberia,1950,0,6,-6,-6.0,66.0
LBR,Liberia,1951,0,6,-6,-6.0,67.0
LBR,Liberia,1952,0,6,-6,-6.0,68.0
LBR,Liberia,1953,0,6,-6,-6.0,69.0
LBR,Liberia,1954,0,6,-6,-6.0,70.0
LBR,Liberia,1955,0,6,-6,-6.0,71.0
LBR,Liberia,1956,0,6,-6,-6.0,72.0
LBR,Liberia,1957,0,6,-6,-6.0,73.0
LBR,Liberia,1958,0,6,-6,-6.0,74.0
LBR,Liberia,1959,0,6,-6,-6.0,75.0
LBR,Liberia,1960,0,6,-6,-6.0,76.0
LBR,Liberia,1961,0,6,-6,-6.0,77.0
LBR,Liberia,1962,0,6,-6,-6.0,78.0
LBR,Liberia,1963,0,6,-6,-6.0,79.0
LBR,Liberia,1964,0,6,-6,-6.0,80.0
LBR,Liberia,1965,0,6,-6,-6.0,81.0
LBR,Liberia,1966,0,6,-6,-6.0,82.0
LBR,Liberia,1967,0,6,-6,-6.0,83.0
LBR,Liberia,1968,0,6,-6,-6.0,84.0
LBR,Liberia,1969,0,6,-6,-6.0,85.0
LBR,Liberia,1970,0,6,-6,-6.0,86.0
LBR,Liberia,1971,0,6,-6,-6.0,87.0
LBR,Liberia,1972,0,6,-6,-6.0,88.0
LBR,Liberia,1973,0,6,-6,-6.0,89.0
LBR,Liberia,1974,0,6,-6,-6.0,90.0
LBR,Liberia,1975,0,6,-6,-6.0,91.0
LBR,Liberia,1976,0,6,-6,-6.0,92.0
LBR,Liberia,1977,0,6,-6,-6.0,93.0
LBR,Liberia,1978,0,6,-6,-6.0,94.0
LBR,Liberia,1979,0,6,-6,-6.0,95.0
LBR,Liberia,1980,0,7,-7,-7.0,96.0
LBR,Liberia,1981,0,7,-7,-7.0,97.0
LBR,Liberia,1982,0,7,-7,-7.0,98.0
LBR,Liberia,1983,0,7,-7,-7.0,99.0
LBR,Liberia,1984,0,6,-6,-6.0,100.0
LBR,Liberia,1985,0,6,-6,-6.0,101.0
LBR,Liberia,1986,0,6,-6,-6.0,102.0
LBR,Liberia,1987,0,6,-6,-6.0,103.0
LBR,Liberia,1988,0,6,-6,-6.0,104.0
LBR,Liberia,1989,0,6,-6,-6.0,105.0
LBR,Liberia,1990,-77,-77,-77,0.0,0.0
LBR,Liberia,1991,-77,-77,-77,0.0,0.0
LBR,Liberia,1992,-77,-77,-77,0.0,0.0
LBR,Liberia,1993,-77,-77,-77,0.0,0.0
LBR,Liberia,1994,-77,-77,-77,0.0,0.0
LBR,Liberia,1995,-77,-77,-77,0.0,0.0
LBR,Liberia,1996,-88,-88,-88,0.0,0.0
LBR,Liberia,1997,3,3,0,0.0,0.0
LBR,Liberia,1998,3,3,0,0.0,1.0
LBR,Liberia,1999,3,3,0,0.0,2.0
LBR,Liberia,2000,3,3,0,0.0,3.0
LBR,Liberia,2001,3,3,0,0.0,4.0
LBR,Liberia,2002,3,3,0,0.0,5.0
LBR,Liberia,2003,-88,-88,-88,1.0,0.0
LBR,Liberia,2004,-88,-88,-88,3.0,0.0
LBR,Liberia,2005,-88,-88,-88,5.0,0.0
LBR,Liberia,2006,7,1,6,6.0,0.0
LBR,Liberia,2007,7,1,6,6.0,1.0
LBR,Liberia,2008,7,1,6,6.0,2.0
LBR,Liberia,2009,7,1,6,6.0,3.0
LBR,Liberia,2010,7,1,6,6.0,4.0
LBR,Liberia,2011,7,1,6,6.0,5.0
LBR,Liberia,2012,7,1,6,6.0,6.0
LBR,Liberia,2013,7,1,6,6.0,7.0
LBR,Liberia,2014,7,1,6,6.0,8.0
LBR,Liberia,2015,7,1,6,6.0,9.0
LBR,Liberia,2016,7,1,6,6.0,10.0
LBR,Liberia,2017,7,1,6,6.0,11.0
LBR,Liberia,2018,8,1,7,7.0,12.0
LEB,Lebanon,1943,3,2,1,1.0,0.0
LEB,Lebanon,1944,3,2,1,1.0,1.0
LEB,Lebanon,1945,3,2,1,1.0,2.0
LEB,Lebanon,1946,3,2,1,1.0,3.0
LEB,Lebanon,1947,3,2,1,1.0,4.0
LEB,Lebanon,1948,3,2,1,1.0,5.0
LEB,Lebanon,1949,3,2,1,1.0,6.0
LEB,Lebanon,1950,3,2,1,1.0,7.0
LEB,Lebanon,1951,3,2,1,1.0,8.0
LEB,Lebanon,1952,3,2,1,1.0,9.0
LEB,Lebanon,1953,3,2,1,1.0,10.0
LEB,Lebanon,1954,3,2,1,1.0,11.0
LEB,Lebanon,1955,3,2,1,1.0,12.0
LEB,Lebanon,1956,3,2,1,1.0,13.0
LEB,Lebanon,1957,3,2,1,1.0,14.0
LEB,Lebanon,1958,3,2,1,1.0,15.0
LEB,Lebanon,1959,3,2,1,1.0,16.0
LEB,Lebanon,1960,3,2,1,1.0,17.0
LEB,Lebanon,1961,3,2,1,1.0,18.0
LEB,Lebanon,1962,3,2,1,1.0,19.0
LEB,Lebanon,1963,3,2,1,1.0,20.0
LEB,Lebanon,1964,3,2,1,1.0,21.0
LEB,Lebanon,1965,3,2,1,1.0,22.0
LEB,Lebanon,1966,3,2,1,1.0,23.0
LEB,Lebanon,1967,3,2,1,1.0,24.0
LEB,Lebanon,1968,3,2,1,1.0,25.0
LEB,Lebanon,1969,3,2,1,1.0,26.0
LEB,Lebanon,1970,4,1,3,3.0,27.0
LEB,Lebanon,1971,4,1,3,3.0,28.0
LEB,Lebanon,1972,4,1,3,3.0,29.0
LEB,Lebanon,1973,4,1,3,3.0,30.0
LEB,Lebanon,1974,4,1,3,3.0,31.0
LEB,Lebanon,1975,-77,-77,-77,0.0,0.0
LEB,Lebanon,1976,-77,-77,-77,0.0,0.0
LEB,Lebanon,1977,-77,-77,-77,0.0,0.0
LEB,Lebanon,1978,-77,-77,-77,0.0,0.0
LEB,Lebanon,1979,-77,-77,-77,0.0,0.0
LEB,Lebanon,1980,-77,-77,-77,0.0,0.0
LEB,Lebanon,1981,-77,-77,-77,0.0,0.0
LEB,Lebanon,1982,-77,-77,-77,0.0,0.0
LEB,Lebanon,1983,-77,-77,-77,0.0,0.0
LEB,Lebanon,1984,-77,-77,-77,0.0,0.0
LEB,Lebanon,1985,-77,-77,-77,0.0,0.0
LEB,Lebanon,1986,-77,-77,-77,0.0,0.0
LEB,Lebanon,1987,-77,-77,-77,0.0,0.0
LEB,Lebanon,1988,-77,-77,-77,0.0,0.0
LEB,Lebanon,1989,-77,-77,-77,0.0,0.0
LEB,Lebanon,1990,-66,-66,-66,,0.0
LEB,Lebanon,1991,-66,-66,-66,,0.0
LEB,Lebanon,1992,-66,-66,-66,,0.0
LEB,Lebanon,1993,-66,-66,-66,,0.0
LEB,Lebanon,1994,-66,-66,-66,,0.0
LEB,Lebanon,1995,-66,-66,-66,,0.0
LEB,Lebanon,1996,-66,-66,-66,,0.0
LEB,Lebanon,1997,-66,-66,-66,,0.0
LEB,Lebanon,1998,-66,-66,-66,,0.0
LEB,Lebanon,1999,-66,-66,-66,,0.0
LEB,Lebanon,2000,-66,-66,-66,,0.0
LEB,Lebanon,2001,-66,-66,-66,,0.0
LEB,Lebanon,2002,-66,-66,-66,,0.0
LEB,Lebanon,2003,-66,-66,-66,,0.0
LEB,Lebanon,2004,-66,-66,-66,,0.0
LEB,Lebanon,2005,6,0,6,6.0,0.0
LEB,Lebanon,2006,6,0,6,6.0,1.0
LEB,Lebanon,2007,6,0,6,6.0,2.0
LEB,Lebanon,2008,6,0,6,6.0,3.0
LEB,Lebanon,2009,6,0,6,6.0,4.0
LEB,Lebanon,2010,6,0,6,6.0,5.0
LEB,Lebanon,2011,6,0,6,6.0,6.0
LEB,Lebanon,2012,6,0,6,6.0,7.0
LEB,Lebanon,2013,6,0,6,6.0,8.0
LEB,Lebanon,2014,6,0,6,6.0,9.0
LEB,Lebanon,2015,6,0,6,6.0,10.0
LEB,Lebanon,2016,6,0,6,6.0,11.0
LEB,Lebanon,2017,6,0,6,6.0,12.0
LEB,Lebanon,2018,6,0,6,6.0,13.0
LES,Lesotho,1966,5,0,5,5.0,0.0
LES,Lesotho,1967,5,0,5,5.0,1.0
LES,Lesotho,1968,5,0,5,5.0,2.0
LES,Lesotho,1969,5,0,5,5.0,3.0
LES,Lesotho,1970,0,5,-5,-5.0,0.0
LES,Lesotho,1971,0,5,-5,-5.0,1.0
LES,Lesotho,1972,0,5,-5,-5.0,2.0
LES,Lesotho,1973,0,7,-7,-7.0,3.0
LES,Lesotho,1974,0,7,-7,-7.0,4.0
LES,Lesotho,1975,0,7,-7,-7.0,5.0
LES,Lesotho,1976,0,7,-7,-7.0,6.0
LES,Lesotho,1977,0,7,-7,-7.0,7.0
LES,Lesotho,1978,0,7,-7,-7.0,8.0
LES,Lesotho,1979,0,7,-7,-7.0,9.0
LES,Lesotho,1980,0,7,-7,-7.0,10.0
LES,Lesotho,1981,0,7,-7,-7.0,11.0
LES,Lesotho,1982,0,7,-7,-7.0,12.0
LES,Lesotho,1983,0,7,-7,-7.0,13.0
LES,Lesotho,1984,0,7,-7,-7.0,14.0
LES,Lesotho,1985,0,7,-7,-7.0,15.0
LES,Lesotho,1986,0,10,-10,-10.0,0.0
LES,Lesotho,1987,0,10,-10,-10.0,1.0
LES,Lesotho,1988,0,10,-10,-10.0,2.0
LES,Lesotho,1989,0,10,-10,-10.0,3.0
LES,Lesotho,1990,0,7,-7,-7.0,0.0
LES,Lesotho,1991,0,4,-4,-4.0,0.0
LES,Lesotho,1992,0,4,-4,-4.0,0.0
LES,Lesotho,1993,5,0,5,5.0,0.0
LES,Lesotho,1994,5,0,5,5.0,1.0
LES,Lesotho,1995,5,0,5,5.0,2.0
LES,Lesotho,1996,5,0,5,5.0,3.0
LES,Lesotho,1997,5,0,5,5.0,4.0
LES,Lesotho,1998,7,1,6,6.0,5.0
LES,Lesotho,1999,7,1,6,6.0,6.0
LES,Lesotho,2000,7,1,6,6.0,7.0
LES,Lesotho,2001,7,1,6,6.0,8.0
LES,Lesotho,2002,8,0,8,8.0,9.0
LES,Lesotho,2003,8,0,8,8.0,10.0
LES,Lesotho,2004,8,0,8,8.0,11.0
LES,Lesotho,2005,8,0,8,8.0,12.0
LES,Lesotho,2006,8,0,8,8.0,13.0
LES,Lesotho,2007,8,0,8,8.0,14.0
LES,Lesotho,2008,8,0,8,8.0,15.0
LES,Lesotho,2009,8,0,8,8.0,16.0
LES,Lesotho,2010,8,0,8,8.0,17.0
LES,Lesotho,2011,8,0,8,8.0,18.0
LES,Lesotho,2012,9,1,8,8.0,19.0
LES,Lesotho,2013,9,1,8,8.0,20.0
LES,Lesotho,2014,9,1,8,8.0,21.0
LES,Lesotho,2015,9,1,8,8.0,22.0
LES,Lesotho,2016,9,1,8,8.0,23.0
LES,Lesotho,2017,9,1,8,8.0,24.0
LES,Lesotho,2018,9,1,8,8.0,25.0
LIB,Libya,1951,0,7,-7,-7.0,0.0
LIB,Libya,1952,0,7,-7,-7.0,1.0
LIB,Libya,1953,0,7,-7,-7.0,2.0
LIB,Libya,1954,0,7,-7,-7.0,3.0
LIB,Libya,1955,0,7,-7,-7.0,4.0
LIB,Libya,1956,0,7,-7,-7.0,5.0
LIB,Libya,1957,0,7,-7,-7.0,6.0
LIB,Libya,1958,0,7,-7,-7.0,7.0
LIB,Libya,1959,0,7,-7,-7.0,8.0
LIB,Libya,1960,0,7,-7,-7.0,9.0
LIB,Libya,1961,0,7,-7,-7.0,10.0
LIB,Libya,1962,0,7,-7,-7.0,11.0
LIB,Libya,1963,0,7,-7,-7.0,12.0
LIB,Libya,1964,0,7,-7,-7.0,13.0
LIB,Libya,1965,0,7,-7,-7.0,14.0
LIB,Libya,1966,0,7,-7,-7.0,15.0
LIB,Libya,1967,0,7,-7,-7.0,16.0
LIB,Libya,1968,0,7,-7,-7.0,17.0
LIB,Libya,1969,0,7,-7,-7.0,18.0
LIB,Libya,1970,0,7,-7,-7.0,19.0
LIB,Libya,1971,0,7,-7,-7.0,20.0
LIB,Libya,1972,0,7,-7,-7.0,21.0
LIB,Libya,1973,0,7,-7,-7.0,22.0
LIB,Libya,1974,0,7,-7,-7.0,23.0
LIB,Libya,1975,0,7,-7,-7.0,24.0
LIB,Libya,1976,0,7,-7,-7.0,25.0
LIB,Libya,1977,0,7,-7,-7.0,26.0
LIB,Libya,1978,0,7,-7,-7.0,27.0
LIB,Libya,1979,0,7,-7,-7.0,28.0
LIB,Libya,1980,0,7,-7,-7.0,29.0
LIB,Libya,1981,0,7,-7,-7.0,30.0
LIB,Libya,1982,0,7,-7,-7.0,31.0
LIB,Libya,1983,0,7,-7,-7.0,32.0
LIB,Libya,1984,0,7,-7,-7.0,33.0
LIB,Libya,1985,0,7,-7,-7.0,34.0
LIB,Libya,1986,0,7,-7,-7.0,35.0
LIB,Libya,1987,0,7,-7,-7.0,36.0
LIB,Libya,1988,0,7,-7,-7.0,37.0
LIB,Libya,1989,0,7,-7,-7.0,38.0
LIB,Libya,1990,0,7,-7,-7.0,39.0
LIB,Libya,1991,0,7,-7,-7.0,40.0
LIB,Libya,1992,0,7,-7,-7.0,41.0
LIB,Libya,1993,0,7,-7,-7.0,42.0
LIB,Libya,1994,0,7,-7,-7.0,43.0
LIB,Libya,1995,0,7,-7,-7.0,44.0
LIB,Libya,1996,0,7,-7,-7.0,45.0
LIB,Libya,1997,0,7,-7,-7.0,46.0
LIB,Libya,1998,0,7,-7,-7.0,47.0
LIB,Libya,1999,0,7,-7,-7.0,48.0
LIB,Libya,2000,0,7,-7,-7.0,49.0
LIB,Libya,2001,0,7,-7,-7.0,50.0
LIB,Libya,2002,0,7,-7,-7.0,51.0
LIB,Libya,2003,0,7,-7,-7.0,52.0
LIB,Libya,2004,0,7,-7,-7.0,53.0
LIB,Libya,2005,0,7,-7,-7.0,54.0
LIB,Libya,2006,0,7,-7,-7.0,55.0
LIB,Libya,2007,0,7,-7,-7.0,56.0
LIB,Libya,2008,0,7,-7,-7.0,57.0
LIB,Libya,2009,0,7,-7,-7.0,58.0
LIB,Libya,2010,0,7,-7,-7.0,59.0
LIB,Libya,2011,-77,-77,-77,0.0,0.0
LIB,Libya,2012,-77,-77,-77,0.0,0.0
LIB,Libya,2013,-77,-77,-77,0.0,0.0
LIB,Libya,2014,-77,-77,-77,0.0,0.0
LIB,Libya,2015,-77,-77,-77,0.0,0.0
LIB,Libya,2016,-77,-77,-77,0.0,0.0
LIB,Libya,2017,-77,-77,-77,0.0,0.0
LIB,Libya,2018,-77,-77,-77,0.0,0.0
LIT,Lithuania,1918,7,3,4,4.0,0.0
LIT,Lithuania,1919,7,3,4,4.0,1.0
LIT,Lithuania,1920,7,3,4,4.0,2.0
LIT,Lithuania,1921,7,3,4,4.0,3.0
LIT,Lithuania,1922,7,3,4,4.0,4.0
LIT,Lithuania,1923,7,3,4,4.0,5.0
LIT,Lithuania,1924,7,3,4,4.0,6.0
LIT,Lithuania,1925,7,3,4,4.0,7.0
LIT,Lithuania,1926,-88,-88,-88,0.0,0.0
LIT,Lithuania,1927,-88,-88,-88,-4.0,0.0
LIT,Lithuania,1928,0,8,-8,-8.0,0.0
LIT,Lithuania,1929,0,8,-8,-8.0,1.0
LIT,Lithuania,1930,0,8,-8,-8.0,2.0
LIT,Lithuania,1931,0,8,-8,-8.0,3.0
LIT,Lithuania,1932,0,8,-8,-8.0,4.0
LIT,Lithuania,1933,0,8,-8,-8.0,5.0
LIT,Lithuania,1934,0,8,-8,-8.0,6.0
LIT,Lithuania,1935,0,9,-9,-9.0,7.0
LIT,Lithuania,1936,0,9,-9,-9.0,8.0
LIT,Lithuania,1937,0,9,-9,-9.0,9.0
LIT,Lithuania,1938,0,9,-9,-9.0,10.0
LIT,Lithuania,1939,0,9,-9,-9.0,11.0
LIT,Lithuania,1940,0,9,-9,-9.0,12.0
LIT,Lithuania,1991,10,0,10,10.0,0.0
LIT,Lithuania,1992,10,0,10,10.0,1.0
LIT,Lithuania,1993,10,0,10,10.0,2.0
LIT,Lithuania,1994,10,0,10,10.0,3.0
LIT,Lithuania,1995,10,0,10,10.0,4.0
LIT,Lithuania,1996,10,0,10,10.0,5.0
LIT,Lithuania,1997,10,0,10,10.0,6.0
LIT,Lithuania,1998,10,0,10,10.0,7.0
LIT,Lithuania,1999,10,0,10,10.0,8.0
LIT,Lithuania,2000,10,0,10,10.0,9.0
LIT,Lithuania,2001,10,0,10,10.0,10.0
LIT,Lithuania,2002,10,0,10,10.0,11.0
LIT,Lithuania,2003,10,0,10,10.0,12.0
LIT,Lithuania,2004,10,0,10,10.0,13.0
LIT,Lithuania,2005,10,0,10,10.0,14.0
LIT,Lithuania,2006,10,0,10,10.0,15.0
LIT,Lithuania,2007,10,0,10,10.0,16.0
LIT,Lithuania,2008,10,0,10,10.0,17.0
LIT,Lithuania,2009,10,0,10,10.0,18.0
LIT,Lithuania,2010,10,0,10,10.0,19.0
LIT,Lithuania,2011,10,0,10,10.0,20.0
LIT,Lithuania,2012,10,0,10,10.0,21.0
LIT,Lithuania,2013,10,0,10,10.0,22.0
LIT,Lithuania,2014,10,0,10,10.0,23.0
LIT,Lithuania,2015,10,0,10,10.0,24.0
LIT,Lithuania,2016,10,0,10,10.0,25.0
LIT,Lithuania,2017,10,0,10,10.0,26.0
LIT,Lithuania,2018,10,0,10,10.0,27.0
LUX,Luxembourg,1867,2,5,-3,-3.0,0.0
LUX,Luxembourg,1868,2,5,-3,-3.0,1.0
LUX,Luxembourg,1869,2,5,-3,-3.0,2.0
LUX,Luxembourg,1870,2,5,-3,-3.0,3.0
LUX,Luxembourg,1871,2,5,-3,-3.0,4.0
LUX,Luxembourg,1872,2,5,-3,-3.0,5.0
LUX,Luxembourg,1873,2,5,-3,-3.0,6.0
LUX,Luxembourg,1874,2,5,-3,-3.0,7.0
LUX,Luxembourg,1875,2,5,-3,-3.0,8.0
LUX,Luxembourg,1876,2,5,-3,-3.0,9.0
LUX,Luxembourg,1877,2,5,-3,-3.0,10.0
LUX,Luxembourg,1878,2,5,-3,-3.0,11.0
LUX,Luxembourg,1879,2,5,-3,-3.0,12.0
LUX,Luxembourg,1880,4,2,2,2.0,0.0
LUX,Luxembourg,1881,4,2,2,2.0,1.0
LUX,Luxembourg,1882,4,2,2,2.0,2.0
LUX,Luxembourg,1883,4,2,2,2.0,3.0
LUX,Luxembourg,1884,4,2,2,2.0,4.0
LUX,Luxembourg,1885,4,2,2,2.0,5.0
LUX,Luxembourg,1886,4,2,2,2.0,6.0
LUX,Luxembourg,1887,4,2,2,2.0,7.0
LUX,Luxembourg,1888,4,2,2,2.0,8.0
LUX,Luxembourg,1889,4,2,2,2.0,9.0
LUX,Luxembourg,1890,7,0,7,7.0,0.0
LUX,Luxembourg,1891,7,0,7,7.0,1.0
LUX,Luxembourg,1892,7,0,7,7.0,2.0
LUX,Luxembourg,1893,7,0,7,7.0,3.0
LUX,Luxembourg,1894,7,0,7,7.0,4.0
LUX,Luxembourg,1895,7,0,7,7.0,5.0
LUX,Luxembourg,1896,7,0,7,7.0,6.0
LUX,Luxembourg,1897,7,0,7,7.0,7.0
LUX,Luxembourg,1898,7,0,7,7.0,8.0
LUX,Luxembourg,1899,7,0,7,7.0,9.0
LUX,Luxembourg,1900,7,0,7,7.0,10.0
LUX,Luxembourg,1901,7,0,7,7.0,11.0
LUX,Luxembourg,1902,7,0,7,7.0,12.0
LUX,Luxembourg,1903,7,0,7,7.0,13.0
LUX,Luxembourg,1904,7,0,7,7.0,14.0
LUX,Luxembourg,1905,7,0,7,7.0,15.0
LUX,Luxembourg,1906,7,0,7,7.0,16.0
LUX,Luxembourg,1907,7,0,7,7.0,17.0
LUX,Luxembourg,1908,7,0,7,7.0,18.0
LUX,Luxembourg,1909,7,0,7,7.0,19.0
LUX,Luxembourg,1910,7,0,7,7.0,20.0
LUX,Luxembourg,1911,7,0,7,7.0,21.0
LUX,Luxembourg,1912,7,0,7,7.0,22.0
LUX,Luxembourg,1913,7,0,7,7.0,23.0
LUX,Luxembourg,1914,7,0,7,7.0,24.0
LUX,Luxembourg,1915,7,0,7,7.0,25.0
LUX,Luxembourg,1916,7,0,7,7.0,26.0
LUX,Luxembourg,1917,7,0,7,7.0,27.0
LUX,Luxembourg,1918,7,0,7,7.0,28.0
LUX,Luxembourg,1919,7,0,7,7.0,29.0
LUX,Luxembourg,1920,10,0,10,10.0,0.0
LUX,Luxembourg,1921,10,0,10,10.0,1.0
LUX,Luxembourg,1922,10,0,10,10.0,2.0
LUX,Luxembourg,1923,10,0,10,10.0,3.0
LUX,Luxembourg,1924,10,0,10,10.0,4.0
LUX,Luxembourg,1925,10,0,10,10.0,5.0
LUX,Luxembourg,1926,10,0,10,10.0,6.0
LUX,Luxembourg,1927,10,0,10,10.0,7.0
LUX,Luxembourg,1928,10,0,10,10.0,8.0
LUX,Luxembourg,1929,10,0,10,10.0,9.0
LUX,Luxembourg,1930,10,0,10,10.0,10.0
LUX,Luxembourg,1931,10,0,10,10.0,11.0
LUX,Luxembourg,1932,10,0,10,10.0,12.0
LUX,Luxembourg,1933,10,0,10,10.0,13.0
LUX,Luxembourg,1934,10,0,10,10.0,14.0
LUX,Luxembourg,1935,10,0,10,10.0,15.0
LUX,Luxembourg,1936,10,0,10,10.0,16.0
LUX,Luxembourg,1937,10,0,10,10.0,17.0
LUX,Luxembourg,1938,10,0,10,10.0,18.0
LUX,Luxembourg,1939,10,0,10,10.0,19.0
LUX,Luxembourg,1940,-66,-66,-66,,0.0
LUX,Luxembourg,1941,-66,-66,-66,,0.0
LUX,Luxembourg,1942,-66,-66,-66,,0.0
LUX,Luxembourg,1943,-66,-66,-66,,0.0
LUX,Luxembourg,1944,-66,-66,-66,,0.0
LUX,Luxembourg,1945,10,0,10,10.0,0.0
LUX,Luxembourg,1946,10,0,10,10.0,1.0
LUX,Luxembourg,1947,10,0,10,10.0,2.0
LUX,Luxembourg,1948,10,0,10,10.0,3.0
LUX,Luxembourg,1949,10,0,10,10.0,4.0
LUX,Luxembourg,1950,10,0,10,10.0,5.0
LUX,Luxembourg,1951,10,0,10,10.0,6.0
LUX,Luxembourg,1952,10,0,10,10.0,7.0
LUX,Luxembourg,1953,10,0,10,10.0,8.0
LUX,Luxembourg,1954,10,0,10,10.0,9.0
LUX,Luxembourg,1955,10,0,10,10.0,10.0
LUX,Luxembourg,1956,10,0,10,10.0,11.0
LUX,Luxembourg,1957,10,0,10,10.0,12.0
LUX,Luxembourg,1958,10,0,10,10.0,13.0
LUX,Luxembourg,1959,10,0,10,10.0,14.0
LUX,Luxembourg,1960,10,0,10,10.0,15.0
LUX,Luxembourg,1961,10,0,10,10.0,16.0
LUX,Luxembourg,1962,10,0,10,10.0,17.0
LUX,Luxembourg,1963,10,0,10,10.0,18.0
LUX,Luxembourg,1964,10,0,10,10.0,19.0
LUX,Luxembourg,1965,10,0,10,10.0,20.0
LUX,Luxembourg,1966,10,0,10,10.0,21.0
LUX,Luxembourg,1967,10,0,10,10.0,22.0
LUX,Luxembourg,1968,10,0,10,10.0,23.0
LUX,Luxembourg,1969,10,0,10,10.0,24.0
LUX,Luxembourg,1970,10,0,10,10.0,25.0
LUX,Luxembourg,1971,10,0,10,10.0,26.0
LUX,Luxembourg,1972,10,0,10,10.0,27.0
LUX,Luxembourg,1973,10,0,10,10.0,28.0
LUX,Luxembourg,1974,10,0,10,10.0,29.0
LUX,Luxembourg,1975,10,0,10,10.0,30.0
LUX,Luxembourg,1976,10,0,10,10.0,31.0
LUX,Luxembourg,1977,10,0,10,10.0,32.0
LUX,Luxembourg,1978,10,0,10,10.0,33.0
LUX,Luxembourg,1979,10,0,10,10.0,34.0
LUX,Luxembourg,1980,10,0,10,10.0,35.0
LUX,Luxembourg,1981,10,0,10,10.0,36.0
LUX,Luxembourg,1982,10,0,10,10.0,37.0
LUX,Luxembourg,1983,10,0,10,10.0,38.0
LUX,Luxembourg,1984,10,0,10,10.0,39.0
LUX,Luxembourg,1985,10,0,10,10.0,40.0
LUX,Luxembourg,1986,10,0,10,10.0,41.0
LUX,Luxembourg,1987,10,0,10,10.0,42.0
LUX,Luxembourg,1988,10,0,10,10.0,43.0
LUX,Luxembourg,1989,10,0,10,10.0,44.0
LUX,Luxembourg,1990,10,0,10,10.0,45.0
LUX,Luxembourg,1991,10,0,10,10.0,46.0
LUX,Luxembourg,1992,10,0,10,10.0,47.0
LUX,Luxembourg,1993,10,0,10,10.0,48.0
LUX,Luxembourg,1994,10,0,10,10.0,49.0
LUX,Luxembourg,1995,10,0,10,10.0,50.0
LUX,Luxembourg,1996,10,0,10,10.0,51.0
LUX,Luxembourg,1997,10,0,10,10.0,52.0
LUX,Luxembourg,1998,10,0,10,10.0,53.0
LUX,Luxembourg,1999,10,0,10,10.0,54.0
LUX,Luxembourg,2000,10,0,10,10.0,55.0
LUX,Luxembourg,2001,10,0,10,10.0,56.0
LUX,Luxembourg,2002,10,0,10,10.0,57.0
LUX,Luxembourg,2003,10,0,10,10.0,58.0
LUX,Luxembourg,2004,10,0,10,10.0,59.0
LUX,Luxembourg,2005,10,0,10,10.0,60.0
LUX,Luxembourg,2006,10,0,10,10.0,61.0
LUX,Luxembourg,2007,10,0,10,10.0,62.0
LUX,Luxembourg,2008,10,0,10,10.0,63.0
LUX,Luxembourg,2009,10,0,10,10.0,64.0
LUX,Luxembourg,2010,10,0,10,10.0,65.0
LUX,Luxembourg,2011,10,0,10,10.0,66.0
LUX,Luxembourg,2012,10,0,10,10.0,67.0
LUX,Luxembourg,2013,10,0,10,10.0,68.0
LUX,Luxembourg,2014,10,0,10,10.0,69.0
LUX,Luxembourg,2015,10,0,10,10.0,70.0
LUX,Luxembourg,2016,10,0,10,10.0,71.0
LUX,Luxembourg,2017,10,0,10,10.0,72.0
LUX,Luxembourg,2018,10,0,10,10.0,73.0
MAA,Mauritania,1960,2,6,-4,-4.0,0.0
MAA,Mauritania,1961,2,6,-4,-4.0,1.0
MAA,Mauritania,1962,0,7,-7,-7.0,0.0
MAA,Mauritania,1963,0,7,-7,-7.0,1.0
MAA,Mauritania,1964,0,7,-7,-7.0,2.0
MAA,Mauritania,1965,0,7,-7,-7.0,3.0
MAA,Mauritania,1966,0,7,-7,-7.0,4.0
MAA,Mauritania,1967,0,7,-7,-7.0,5.0
MAA,Mauritania,1968,0,7,-7,-7.0,6.0
MAA,Mauritania,1969,0,7,-7,-7.0,7.0
MAA,Mauritania,1970,0,7,-7,-7.0,8.0
MAA,Mauritania,1971,0,7,-7,-7.0,9.0
MAA,Mauritania,1972,0,7,-7,-7.0,10.0
MAA,Mauritania,1973,0,7,-7,-7.0,11.0
MAA,Mauritania,1974,0,7,-7,-7.0,12.0
MAA,Mauritania,1975,0,7,-7,-7.0,13.0
MAA,Mauritania,1976,0,7,-7,-7.0,14.0
MAA,Mauritania,1977,0,7,-7,-7.0,15.0
MAA,Mauritania,1978,0,7,-7,-7.0,16.0
MAA,Mauritania,1979,0,7,-7,-7.0,17.0
MAA,Mauritania,1980,0,7,-7,-7.0,18.0
MAA,Mauritania,1981,0,7,-7,-7.0,19.0
MAA,Mauritania,1982,0,7,-7,-7.0,20.0
MAA,Mauritania,1983,0,7,-7,-7.0,21.0
MAA,Mauritania,1984,0,7,-7,-7.0,22.0
MAA,Mauritania,1985,0,7,-7,-7.0,23.0
MAA,Mauritania,1986,0,7,-7,-7.0,24.0
MAA,Mauritania,1987,0,7,-7,-7.0,25.0
MAA,Mauritania,1988,0,7,-7,-7.0,26.0
MAA,Mauritania,1989,0,7,-7,-7.0,27.0
MAA,Mauritania,1990,0,7,-7,-7.0,28.0
MAA,Mauritania,1991,0,6,-6,-6.0,29.0
MAA,Mauritania,1992,0,6,-6,-6.0,30.0
MAA,Mauritania,1993,0,6,-6,-6.0,31.0
MAA,Mauritania,1994,0,6,-6,-6.0,32.0
MAA,Mauritania,1995,0,6,-6,-6.0,33.0
MAA,Mauritania,1996,0,6,-6,-6.0,34.0
MAA,Mauritania,1997,0,6,-6,-6.0,35.0
MAA,Mauritania,1998,0,6,-6,-6.0,36.0
MAA,Mauritania,1999,0,6,-6,-6.0,37.0
MAA,Mauritania,2000,0,6,-6,-6.0,38.0
MAA,Mauritania,2001,0,6,-6,-6.0,39.0
MAA,Mauritania,2002,0,6,-6,-6.0,40.0
MAA,Mauritania,2003,0,6,-6,-6.0,41.0
MAA,Mauritania,2004,0,6,-6,-6.0,42.0
MAA,Mauritania,2005,0,5,-5,-5.0,0.0
MAA,Mauritania,2006,0,3,-3,-3.0,0.0
MAA,Mauritania,2007,4,0,4,4.0,0.0
MAA,Mauritania,2008,0,5,-5,-5.0,0.0
MAA,Mauritania,2009,0,2,-2,-2.0,0.0
MAA,Mauritania,2010,0,2,-2,-2.0,1.0
MAA,Mauritania,2011,0,2,-2,-2.0,2.0
MAA,Mauritania,2012,0,2,-2,-2.0,3.0
MAA,Mauritania,2013,0,2,-2,-2.0,4.0
MAA,Mauritania,2014,0,2,-2,-2.0,5.0
MAA,Mauritania,2015,0,2,-2,-2.0,6.0
MAA,Mauritania,2016,0,2,-2,-2.0,7.0
MAA,Mauritania,2017,0,2,-2,-2.0,8.0
MAA,Mauritania,2018,0,2,-2,-2.0,9.0
MAC,Macedonia,1991,6,0,6,6.0,0.0
MAC,Macedonia,1992,6,0,6,6.0,1.0
MAC,Macedonia,1993,6,0,6,6.0,2.0
MAC,Macedonia,1994,6,0,6,6.0,3.0
MAC,Macedonia,1995,6,0,6,6.0,4.0
MAC,Macedonia,1996,6,0,6,6.0,5.0
MAC,Macedonia,1997,6,0,6,6.0,6.0
MAC,Macedonia,1998,6,0,6,6.0,7.0
MAC,Macedonia,1999,6,0,6,6.0,8.0
MAC,Macedonia,2000,6,0,6,6.0,9.0
MAC,Macedonia,2001,6,0,6,6.0,10.0
MAC,Macedonia,2002,9,0,9,9.0,0.0
MAC,Macedonia,2003,9,0,9,9.0,1.0
MAC,Macedonia,2004,9,0,9,9.0,2.0
MAC,Macedonia,2005,9,0,9,9.0,3.0
MAC,Macedonia,2006,9,0,9,9.0,4.0
MAC,Macedonia,2007,9,0,9,9.0,5.0
MAC,Macedonia,2008,9,0,9,9.0,6.0
MAC,Macedonia,2009,9,0,9,9.0,7.0
MAC,Macedonia,2010,9,0,9,9.0,8.0
MAC,Macedonia,2011,9,0,9,9.0,9.0
MAC,Macedonia,2012,9,0,9,9.0,10.0
MAC,Macedonia,2013,9,0,9,9.0,11.0
MAC,Macedonia,2014,9,0,9,9.0,12.0
MAC,Macedonia,2015,9,0,9,9.0,13.0
MAC,Macedonia,2016,9,0,9,9.0,14.0
MAC,Macedonia,2017,9,0,9,9.0,15.0
MAC,Macedonia,2018,9,0,9,9.0,16.0
MAG,Madagascar,1960,2,1,1,1.0,0.0
MAG,Madagascar,1961,2,1,1,1.0,1.0
MAG,Madagascar,1962,2,1,1,1.0,2.0
MAG,Madagascar,1963,2,1,1,1.0,3.0
MAG,Madagascar,1964,2,1,1,1.0,4.0
MAG,Madagascar,1965,2,1,1,1.0,5.0
MAG,Madagascar,1966,2,1,1,1.0,6.0
MAG,Madagascar,1967,2,1,1,1.0,7.0
MAG,Madagascar,1968,2,1,1,1.0,8.0
MAG,Madagascar,1969,2,1,1,1.0,9.0
MAG,Madagascar,1970,2,1,1,1.0,10.0
MAG,Madagascar,1971,2,1,1,1.0,11.0
MAG,Madagascar,1972,1,4,-3,-3.0,0.0
MAG,Madagascar,1973,1,4,-3,-3.0,1.0
MAG,Madagascar,1974,1,4,-3,-3.0,2.0
MAG,Madagascar,1975,0,6,-6,-6.0,0.0
MAG,Madagascar,1976,0,6,-6,-6.0,1.0
MAG,Madagascar,1977,0,6,-6,-6.0,2.0
MAG,Madagascar,1978,0,6,-6,-6.0,3.0
MAG,Madagascar,1979,0,6,-6,-6.0,4.0
MAG,Madagascar,1980,0,6,-6,-6.0,5.0
MAG,Madagascar,1981,0,6,-6,-6.0,6.0
MAG,Madagascar,1982,0,6,-6,-6.0,7.0
MAG,Madagascar,1983,0,6,-6,-6.0,8.0
MAG,Madagascar,1984,0,6,-6,-6.0,9.0
MAG,Madagascar,1985,0,6,-6,-6.0,10.0
MAG,Madagascar,1986,0,6,-6,-6.0,11.0
MAG,Madagascar,1987,0,6,-6,-6.0,12.0
MAG,Madagascar,1988,0,6,-6,-6.0,13.0
MAG,Madagascar,1989,0,6,-6,-6.0,14.0
MAG,Madagascar,1990,0,6,-6,-6.0,15.0
MAG,Madagascar,1991,-88,-88,-88,1.0,0.0
MAG,Madagascar,1992,9,0,9,9.0,0.0
MAG,Madagascar,1993,9,0,9,9.0,1.0
MAG,Madagascar,1994,9,0,9,9.0,2.0
MAG,Madagascar,1995,9,0,9,9.0,3.0
MAG,Madagascar,1996,9,0,9,9.0,4.0
MAG,Madagascar,1997,9,0,9,9.0,5.0
MAG,Madagascar,1998,7,0,7,7.0,6.0
MAG,Madagascar,1999,7,0,7,7.0,7.0
MAG,Madagascar,2000,7,0,7,7.0,8.0
MAG,Madagascar,2001,7,0,7,7.0,9.0
MAG,Madagascar,2002,7,0,7,7.0,10.0
MAG,Madagascar,2003,7,0,7,7.0,11.0
MAG,Madagascar,2004,7,0,7,7.0,12.0
MAG,Madagascar,2005,7,0,7,7.0,13.0
MAG,Madagascar,2006,7,0,7,7.0,14.0
MAG,Madagascar,2007,7,0,7,7.0,15.0
MAG,Madagascar,2008,7,0,7,7.0,16.0
MAG,Madagascar,2009,3,3,0,0.0,0.0
MAG,Madagascar,2010,3,3,0,0.0,1.0
MAG,Madagascar,2011,4,1,3,3.0,0.0
MAG,Madagascar,2012,4,1,3,3.0,0.0
MAG,Madagascar,2013,4,1,3,3.0,0.0
MAG,Madagascar,2014,6,0,6,6.0,0.0
MAG,Madagascar,2015,6,0,6,6.0,1.0
MAG,Madagascar,2016,6,0,6,6.0,2.0
MAG,Madagascar,2017,6,0,6,6.0,3.0
MAG,Madagascar,2018,6,0,6,6.0,4.0
MAL,Malaysia,1957,7,0,7,7.0,0.0
MAL,Malaysia,1958,7,0,7,7.0,1.0
MAL,Malaysia,1959,7,0,7,7.0,2.0
MAL,Malaysia,1960,7,0,7,7.0,3.0
MAL,Malaysia,1961,7,0,7,7.0,4.0
MAL,Malaysia,1962,7,0,7,7.0,5.0
MAL,Malaysia,1963,7,0,7,7.0,6.0
MAL,Malaysia,1964,7,0,7,7.0,7.0
MAL,Malaysia,1965,7,0,7,7.0,8.0
MAL,Malaysia,1966,7,0,7,7.0,9.0
MAL,Malaysia,1967,7,0,7,7.0,10.0
MAL,Malaysia,1968,7,0,7,7.0,11.0
MAL,Malaysia,1969,3,2,1,1.0,0.0
MAL,Malaysia,1970,3,2,1,1.0,1.0
MAL,Malaysia,1971,5,1,4,4.0,0.0
MAL,Malaysia,1972,5,1,4,4.0,1.0
MAL,Malaysia,1973,5,1,4,4.0,2.0
MAL,Malaysia,1974,5,1,4,4.0,3.0
MAL,Malaysia,1975,5,1,4,4.0,4.0
MAL,Malaysia,1976,5,1,4,4.0,5.0
MAL,Malaysia,1977,5,1,4,4.0,6.0
MAL,Malaysia,1978,5,1,4,4.0,7.0
MAL,Malaysia,1979,5,1,4,4.0,8.0
MAL,Malaysia,1980,5,1,4,4.0,9.0
MAL,Malaysia,1981,5,1,4,4.0,10.0
MAL,Malaysia,1982,5,1,4,4.0,11.0
MAL,Malaysia,1983,5,1,4,4.0,12.0
MAL,Malaysia,1984,5,1,4,4.0,13.0
MAL,Malaysia,1985,5,1,4,4.0,14.0
MAL,Malaysia,1986,5,1,4,4.0,15.0
MAL,Malaysia,1987,5,1,4,4.0,16.0
MAL,Malaysia,1988,5,1,4,4.0,17.0
MAL,Malaysia,1989,5,1,4,4.0,18.0
MAL,Malaysia,1990,5,1,4,4.0,19.0
MAL,Malaysia,1991,5,1,4,4.0,20.0
MAL,Malaysia,1992,5,1,4,4.0,21.0
MAL,Malaysia,1993,5,1,4,4.0,22.0
MAL,Malaysia,1994,5,1,4,4.0,23.0
MAL,Malaysia,1995,5,1,4,4.0,24.0
MAL,Malaysia,1996,4,1,3,3.0,25.0
MAL,Malaysia,1997,4,1,3,3.0,26.0
MAL,Malaysia,1998,4,1,3,3.0,27.0
MAL,Malaysia,1999,4,1,3,3.0,28.0
MAL,Malaysia,2000,4,1,3,3.0,29.0
MAL,Malaysia,2001,4,1,3,3.0,30.0
MAL,Malaysia,2002,4,1,3,3.0,31.0
MAL,Malaysia,2003,4,1,3,3.0,32.0
MAL,Malaysia,2004,4,1,3,3.0,33.0
MAL,Malaysia,2005,4,1,3,3.0,34.0
MAL,Malaysia,2006,4,1,3,3.0,35.0
MAL,Malaysia,2007,4,1,3,3.0,36.0
MAL,Malaysia,2008,6,0,6,6.0,0.0
MAL,Malaysia,2009,6,0,6,6.0,1.0
MAL,Malaysia,2010,6,0,6,6.0,2.0
MAL,Malaysia,2011,6,0,6,6.0,3.0
MAL,Malaysia,2012,6,0,6,6.0,4.0
MAL,Malaysia,2013,6,0,6,6.0,5.0
MAL,Malaysia,2014,6,1,5,5.0,6.0
MAL,Malaysia,2015,6,1,5,5.0,7.0
MAL,Malaysia,2016,6,1,5,5.0,8.0
MAL,Malaysia,2017,6,1,5,5.0,9.0
MAL,Malaysia,2018,7,0,7,7.0,10.0
MAS,Mauritius,1968,9,0,9,9.0,0.0
MAS,Mauritius,1969,9,0,9,9.0,1.0
MAS,Mauritius,1970,9,0,9,9.0,2.0
MAS,Mauritius,1971,9,0,9,9.0,3.0
MAS,Mauritius,1972,9,0,9,9.0,4.0
MAS,Mauritius,1973,9,0,9,9.0,5.0
MAS,Mauritius,1974,9,0,9,9.0,6.0
MAS,Mauritius,1975,9,0,9,9.0,7.0
MAS,Mauritius,1976,9,0,9,9.0,8.0
MAS,Mauritius,1977,9,0,9,9.0,9.0
MAS,Mauritius,1978,9,0,9,9.0,10.0
MAS,Mauritius,1979,9,0,9,9.0,11.0
MAS,Mauritius,1980,9,0,9,9.0,12.0
MAS,Mauritius,1981,9,0,9,9.0,13.0
MAS,Mauritius,1982,10,0,10,10.0,14.0
MAS,Mauritius,1983,10,0,10,10.0,15.0
MAS,Mauritius,1984,10,0,10,10.0,16.0
MAS,Mauritius,1985,10,0,10,10.0,17.0
MAS,Mauritius,1986,10,0,10,10.0,18.0
MAS,Mauritius,1987,10,0,10,10.0,19.0
MAS,Mauritius,1988,10,0,10,10.0,20.0
MAS,Mauritius,1989,10,0,10,10.0,21.0
MAS,Mauritius,1990,10,0,10,10.0,22.0
MAS,Mauritius,1991,10,0,10,10.0,23.0
MAS,Mauritius,1992,10,0,10,10.0,24.0
MAS,Mauritius,1993,10,0,10,10.0,25.0
MAS,Mauritius,1994,10,0,10,10.0,26.0
MAS,Mauritius,1995,10,0,10,10.0,27.0
MAS,Mauritius,1996,10,0,10,10.0,28.0
MAS,Mauritius,1997,10,0,10,10.0,29.0
MAS,Mauritius,1998,10,0,10,10.0,30.0
MAS,Mauritius,1999,10,0,10,10.0,31.0
MAS,Mauritius,2000,10,0,10,10.0,32.0
MAS,Mauritius,2001,10,0,10,10.0,33.0
MAS,Mauritius,2002,10,0,10,10.0,34.0
MAS,Mauritius,2003,10,0,10,10.0,35.0
MAS,Mauritius,2004,10,0,10,10.0,36.0
MAS,Mauritius,2005,10,0,10,10.0,37.0
MAS,Mauritius,2006,10,0,10,10.0,38.0
MAS,Mauritius,2007,10,0,10,10.0,39.0
MAS,Mauritius,2008,10,0,10,10.0,40.0
MAS,Mauritius,2009,10,0,10,10.0,41.0
MAS,Mauritius,2010,10,0,10,10.0,42.0
MAS,Mauritius,2011,10,0,10,10.0,43.0
MAS,Mauritius,2012,10,0,10,10.0,44.0
MAS,Mauritius,2013,10,0,10,10.0,45.0
MAS,Mauritius,2014,10,0,10,10.0,46.0
MAS,Mauritius,2015,10,0,10,10.0,47.0
MAS,Mauritius,2016,10,0,10,10.0,48.0
MAS,Mauritius,2017,10,0,10,10.0,49.0
MAS,Mauritius,2018,10,0,10,10.0,50.0
MAW,Malawi,1964,0,9,-9,-9.0,0.0
MAW,Malawi,1965,0,9,-9,-9.0,1.0
MAW,Malawi,1966,0,9,-9,-9.0,2.0
MAW,Malawi,1967,0,9,-9,-9.0,3.0
MAW,Malawi,1968,0,9,-9,-9.0,4.0
MAW,Malawi,1969,0,9,-9,-9.0,5.0
MAW,Malawi,1970,0,9,-9,-9.0,6.0
MAW,Malawi,1971,0,9,-9,-9.0,7.0
MAW,Malawi,1972,0,9,-9,-9.0,8.0
MAW,Malawi,1973,0,9,-9,-9.0,9.0
MAW,Malawi,1974,0,9,-9,-9.0,10.0
MAW,Malawi,1975,0,9,-9,-9.0,11.0
MAW,Malawi,1976,0,9,-9,-9.0,12.0
MAW,Malawi,1977,0,9,-9,-9.0,13.0
MAW,Malawi,1978,0,9,-9,-9.0,14.0
MAW,Malawi,1979,0,9,-9,-9.0,15.0
MAW,Malawi,1980,0,9,-9,-9.0,16.0
MAW,Malawi,1981,0,9,-9,-9.0,17.0
MAW,Malawi,1982,0,9,-9,-9.0,18.0
MAW,Malawi,1983,0,9,-9,-9.0,19.0
MAW,Malawi,1984,0,9,-9,-9.0,20.0
MAW,Malawi,1985,0,9,-9,-9.0,21.0
MAW,Malawi,1986,0,9,-9,-9.0,22.0
MAW,Malawi,1987,0,9,-9,-9.0,23.0
MAW,Malawi,1988,0,9,-9,-9.0,24.0
MAW,Malawi,1989,0,9,-9,-9.0,25.0
MAW,Malawi,1990,0,9,-9,-9.0,26.0
MAW,Malawi,1991,0,9,-9,-9.0,27.0
MAW,Malawi,1992,0,9,-9,-9.0,28.0
MAW,Malawi,1993,0,6,-6,-6.0,0.0
MAW,Malawi,1994,6,0,6,6.0,0.0
MAW,Malawi,1995,6,0,6,6.0,1.0
MAW,Malawi,1996,6,0,6,6.0,2.0
MAW,Malawi,1997,6,0,6,6.0,3.0
MAW,Malawi,1998,6,0,6,6.0,4.0
MAW,Malawi,1999,6,0,6,6.0,5.0
MAW,Malawi,2000,6,0,6,6.0,6.0
MAW,Malawi,2001,5,1,4,4.0,7.0
MAW,Malawi,2002,5,1,4,4.0,8.0
MAW,Malawi,2003,6,1,5,5.0,9.0
MAW,Malawi,2004,7,1,6,6.0,10.0
MAW,Malawi,2005,6,0,6,6.0,11.0
MAW,Malawi,2006,6,0,6,6.0,12.0
MAW,Malawi,2007,6,0,6,6.0,13.0
MAW,Malawi,2008,6,0,6,6.0,14.0
MAW,Malawi,2009,6,0,6,6.0,15.0
MAW,Malawi,2010,6,0,6,6.0,16.0
MAW,Malawi,2011,6,0,6,6.0,17.0
MAW,Malawi,2012,6,0,6,6.0,18.0
MAW,Malawi,2013,6,0,6,6.0,19.0
MAW,Malawi,2014,6,0,6,6.0,20.0
MAW,Malawi,2015,6,0,6,6.0,21.0
MAW,Malawi,2016,6,0,6,6.0,22.0
MAW,Malawi,2017,6,0,6,6.0,23.0
MAW,Malawi,2018,6,0,6,6.0,24.0
MEX,Mexico,1822,1,2,-1,-1.0,0.0
MEX,Mexico,1823,1,2,-1,-1.0,1.0
MEX,Mexico,1824,1,2,-1,-1.0,2.0
MEX,Mexico,1825,1,2,-1,-1.0,3.0
MEX,Mexico,1826,1,2,-1,-1.0,4.0
MEX,Mexico,1827,1,2,-1,-1.0,5.0
MEX,Mexico,1828,1,2,-1,-1.0,6.0
MEX,Mexico,1829,1,2,-1,-1.0,7.0
MEX,Mexico,1830,1,2,-1,-1.0,8.0
MEX,Mexico,1831,1,2,-1,-1.0,9.0
MEX,Mexico,1832,1,2,-1,-1.0,10.0
MEX,Mexico,1833,1,2,-1,-1.0,11.0
MEX,Mexico,1834,-88,-88,-88,-2.0,0.0
MEX,Mexico,1835,1,4,-3,-3.0,0.0
MEX,Mexico,1836,1,4,-3,-3.0,1.0
MEX,Mexico,1837,1,4,-3,-3.0,2.0
MEX,Mexico,1838,1,4,-3,-3.0,3.0
MEX,Mexico,1839,1,4,-3,-3.0,4.0
MEX,Mexico,1840,1,4,-3,-3.0,5.0
MEX,Mexico,1841,1,4,-3,-3.0,6.0
MEX,Mexico,1842,1,4,-3,-3.0,7.0
MEX,Mexico,1843,1,4,-3,-3.0,8.0
MEX,Mexico,1844,1,4,-3,-3.0,9.0
MEX,Mexico,1845,1,4,-3,-3.0,10.0
MEX,Mexico,1846,-66,-66,-66,,0.0
MEX,Mexico,1847,-66,-66,-66,,0.0
MEX,Mexico,1848,1,4,-3,-3.0,0.0
MEX,Mexico,1849,1,4,-3,-3.0,0.0
MEX,Mexico,1850,1,4,-3,-3.0,1.0
MEX,Mexico,1851,1,4,-3,-3.0,2.0
MEX,Mexico,1852,1,4,-3,-3.0,3.0
MEX,Mexico,1853,1,4,-3,-3.0,4.0
MEX,Mexico,1854,1,4,-3,-3.0,5.0
MEX,Mexico,1855,1,4,-3,-3.0,6.0
MEX,Mexico,1856,1,4,-3,-3.0,7.0
MEX,Mexico,1857,1,4,-3,-3.0,8.0
MEX,Mexico,1858,1,4,-3,-3.0,9.0
MEX,Mexico,1859,1,4,-3,-3.0,10.0
MEX,Mexico,1860,1,4,-3,-3.0,11.0
MEX,Mexico,1861,1,4,-3,-3.0,12.0
MEX,Mexico,1862,1,4,-3,-3.0,13.0
MEX,Mexico,1863,-66,-66,-66,,0.0
MEX,Mexico,1864,1,4,-3,-3.0,0.0
MEX,Mexico,1865,1,4,-3,-3.0,1.0
MEX,Mexico,1866,1,4,-3,-3.0,2.0
MEX,Mexico,1867,1,6,-5,-5.0,3.0
MEX,Mexico,1868,1,6,-5,-5.0,4.0
MEX,Mexico,1869,1,6,-5,-5.0,5.0
MEX,Mexico,1870,1,6,-5,-5.0,6.0
MEX,Mexico,1871,1,6,-5,-5.0,7.0
MEX,Mexico,1872,1,6,-5,-5.0,8.0
MEX,Mexico,1873,1,6,-5,-5.0,9.0
MEX,Mexico,1874,1,6,-5,-5.0,10.0
MEX,Mexico,1875,1,6,-5,-5.0,11.0
MEX,Mexico,1876,-88,-88,-88,-6.0,0.0
MEX,Mexico,1877,-88,-88,-88,-7.0,0.0
MEX,Mexico,1878,-88,-88,-88,-8.0,0.0
MEX,Mexico,1879,-88,-88,-88,-9.0,0.0
MEX,Mexico,1880,0,9,-9,-9.0,0.0
MEX,Mexico,1881,0,9,-9,-9.0,1.0
MEX,Mexico,1882,0,9,-9,-9.0,2.0
MEX,Mexico,1883,0,9,-9,-9.0,3.0
MEX,Mexico,1884,0,9,-9,-9.0,4.0
MEX,Mexico,1885,0,9,-9,-9.0,5.0
MEX,Mexico,1886,0,9,-9,-9.0,6.0
MEX,Mexico,1887,0,9,-9,-9.0,7.0
MEX,Mexico,1888,0,9,-9,-9.0,8.0
MEX,Mexico,1889,0,9,-9,-9.0,9.0
MEX,Mexico,1890,0,9,-9,-9.0,10.0
MEX,Mexico,1891,0,9,-9,-9.0,11.0
MEX,Mexico,1892,0,9,-9,-9.0,12.0
MEX,Mexico,1893,0,9,-9,-9.0,13.0
MEX,Mexico,1894,0,9,-9,-9.0,14.0
MEX,Mexico,1895,0,9,-9,-9.0,15.0
MEX,Mexico,1896,0,9,-9,-9.0,16.0
MEX,Mexico,1897,0,9,-9,-9.0,17.0
MEX,Mexico,1898,0,9,-9,-9.0,18.0
MEX,Mexico,1899,0,9,-9,-9.0,19.0
MEX,Mexico,1900,0,9,-9,-9.0,20.0
MEX,Mexico,1901,0,9,-9,-9.0,21.0
MEX,Mexico,1902,0,9,-9,-9.0,22.0
MEX,Mexico,1903,0,9,-9,-9.0,23.0
MEX,Mexico,1904,0,9,-9,-9.0,24.0
MEX,Mexico,1905,0,9,-9,-9.0,25.0
MEX,Mexico,1906,0,9,-9,-9.0,26.0
MEX,Mexico,1907,0,9,-9,-9.0,27.0
MEX,Mexico,1908,0,9,-9,-9.0,28.0
MEX,Mexico,1909,0,9,-9,-9.0,29.0
MEX,Mexico,1910,0,9,-9,-9.0,30.0
MEX,Mexico,1911,-77,-77,-77,0.0,0.0
MEX,Mexico,1912,-77,-77,-77,0.0,0.0
MEX,Mexico,1913,-77,-77,-77,0.0,0.0
MEX,Mexico,1914,-77,-77,-77,0.0,0.0
MEX,Mexico,1915,-77,-77,-77,0.0,0.0
MEX,Mexico,1916,-77,-77,-77,0.0,0.0
MEX,Mexico,1917,1,2,-1,-1.0,0.0
MEX,Mexico,1918,1,2,-1,-1.0,1.0
MEX,Mexico,1919,1,2,-1,-1.0,2.0
MEX,Mexico,1920,1,2,-1,-1.0,3.0
MEX,Mexico,1921,1,2,-1,-1.0,4.0
MEX,Mexico,1922,1,2,-1,-1.0,5.0
MEX,Mexico,1923,1,2,-1,-1.0,6.0
MEX,Mexico,1924,1,4,-3,-3.0,7.0
MEX,Mexico,1925,1,4,-3,-3.0,8.0
MEX,Mexico,1926,1,4,-3,-3.0,9.0
MEX,Mexico,1927,1,4,-3,-3.0,10.0
MEX,Mexico,1928,1,4,-3,-3.0,11.0
MEX,Mexico,1929,1,4,-3,-3.0,12.0
MEX,Mexico,1930,0,6,-6,-6.0,0.0
MEX,Mexico,1931,0,6,-6,-6.0,1.0
MEX,Mexico,1932,0,6,-6,-6.0,2.0
MEX,Mexico,1933,0,6,-6,-6.0,3.0
MEX,Mexico,1934,0,6,-6,-6.0,4.0
MEX,Mexico,1935,0,6,-6,-6.0,5.0
MEX,Mexico,1936,0,6,-6,-6.0,6.0
MEX,Mexico,1937,0,6,-6,-6.0,7.0
MEX,Mexico,1938,0,6,-6,-6.0,8.0
MEX,Mexico,1939,0,6,-6,-6.0,9.0
MEX,Mexico,1940,0,6,-6,-6.0,10.0
MEX,Mexico,1941,0,6,-6,-6.0,11.0
MEX,Mexico,1942,0,6,-6,-6.0,12.0
MEX,Mexico,1943,0,6,-6,-6.0,13.0
MEX,Mexico,1944,0,6,-6,-6.0,14.0
MEX,Mexico,1945,0,6,-6,-6.0,15.0
MEX,Mexico,1946,0,6,-6,-6.0,16.0
MEX,Mexico,1947,0,6,-6,-6.0,17.0
MEX,Mexico,1948,0,6,-6,-6.0,18.0
MEX,Mexico,1949,0,6,-6,-6.0,19.0
MEX,Mexico,1950,0,6,-6,-6.0,20.0
MEX,Mexico,1951,0,6,-6,-6.0,21.0
MEX,Mexico,1952,0,6,-6,-6.0,22.0
MEX,Mexico,1953,0,6,-6,-6.0,23.0
MEX,Mexico,1954,0,6,-6,-6.0,24.0
MEX,Mexico,1955,0,6,-6,-6.0,25.0
MEX,Mexico,1956,0,6,-6,-6.0,26.0
MEX,Mexico,1957,0,6,-6,-6.0,27.0
MEX,Mexico,1958,0,6,-6,-6.0,28.0
MEX,Mexico,1959,0,6,-6,-6.0,29.0
MEX,Mexico,1960,0,6,-6,-6.0,30.0
MEX,Mexico,1961,0,6,-6,-6.0,31.0
MEX,Mexico,1962,0,6,-6,-6.0,32.0
MEX,Mexico,1963,0,6,-6,-6.0,33.0
MEX,Mexico,1964,0,6,-6,-6.0,34.0
MEX,Mexico,1965,0,6,-6,-6.0,35.0
MEX,Mexico,1966,0,6,-6,-6.0,36.0
MEX,Mexico,1967,0,6,-6,-6.0,37.0
MEX,Mexico,1968,0,6,-6,-6.0,38.0
MEX,Mexico,1969,0,6,-6,-6.0,39.0
MEX,Mexico,1970,0,6,-6,-6.0,40.0
MEX,Mexico,1971,0,6,-6,-6.0,41.0
MEX,Mexico,1972,0,6,-6,-6.0,42.0
MEX,Mexico,1973,0,6,-6,-6.0,43.0
MEX,Mexico,1974,0,6,-6,-6.0,44.0
MEX,Mexico,1975,0,6,-6,-6.0,45.0
MEX,Mexico,1976,0,6,-6,-6.0,46.0
MEX,Mexico,1977,1,4,-3,-3.0,0.0
MEX,Mexico,1978,1,4,-3,-3.0,1.0
MEX,Mexico,1979,1,4,-3,-3.0,2.0
MEX,Mexico,1980,1,4,-3,-3.0,3.0
MEX,Mexico,1981,1,4,-3,-3.0,4.0
MEX,Mexico,1982,1,4,-3,-3.0,5.0
MEX,Mexico,1983,1,4,-3,-3.0,6.0
MEX,Mexico,1984,1,4,-3,-3.0,7.0
MEX,Mexico,1985,1,4,-3,-3.0,8.0
MEX,Mexico,1986,1,4,-3,-3.0,9.0
MEX,Mexico,1987,1,4,-3,-3.0,10.0
MEX,Mexico,1988,2,2,0,0.0,0.0
MEX,Mexico,1989,2,2,0,0.0,1.0
MEX,Mexico,1990,2,2,0,0.0,2.0
MEX,Mexico,1991,2,2,0,0.0,3.0
MEX,Mexico,1992,2,2,0,0.0,4.0
MEX,Mexico,1993,2,2,0,0.0,5.0
MEX,Mexico,1994,4,0,4,4.0,0.0
MEX,Mexico,1995,4,0,4,4.0,0.0
MEX,Mexico,1996,4,0,4,4.0,0.0
MEX,Mexico,1997,6,0,6,6.0,0.0
MEX,Mexico,1998,6,0,6,6.0,1.0
MEX,Mexico,1999,6,0,6,6.0,2.0
MEX,Mexico,2000,8,0,8,8.0,3.0
MEX,Mexico,2001,8,0,8,8.0,4.0
MEX,Mexico,2002,8,0,8,8.0,5.0
MEX,Mexico,2003,8,0,8,8.0,6.0
MEX,Mexico,2004,8,0,8,8.0,7.0
MEX,Mexico,2005,8,0,8,8.0,8.0
MEX,Mexico,2006,8,0,8,8.0,9.0
MEX,Mexico,2007,8,0,8,8.0,10.0
MEX,Mexico,2008,8,0,8,8.0,11.0
MEX,Mexico,2009,8,0,8,8.0,12.0
MEX,Mexico,2010,8,0,8,8.0,13.0
MEX,Mexico,2011,8,0,8,8.0,14.0
MEX,Mexico,2012,8,0,8,8.0,15.0
MEX,Mexico,2013,8,0,8,8.0,16.0
MEX,Mexico,2014,8,0,8,8.0,17.0
MEX,Mexico,2015,8,0,8,8.0,18.0
MEX,Mexico,2016,8,0,8,8.0,19.0
MEX,Mexico,2017,8,0,8,8.0,20.0
MEX,Mexico,2018,8,0,8,8.0,21.0
MLD,Moldova,1991,5,0,5,5.0,0.0
MLD,Moldova,1992,5,0,5,5.0,1.0
MLD,Moldova,1993,5,0,5,5.0,2.0
MLD,Moldova,1994,7,0,7,7.0,3.0
MLD,Moldova,1995,7,0,7,7.0,4.0
MLD,Moldova,1996,7,0,7,7.0,5.0
MLD,Moldova,1997,7,0,7,7.0,6.0
MLD,Moldova,1998,7,0,7,7.0,7.0
MLD,Moldova,1999,7,0,7,7.0,8.0
MLD,Moldova,2000,7,0,7,7.0,9.0
MLD,Moldova,2001,8,0,8,8.0,10.0
MLD,Moldova,2002,8,0,8,8.0,11.0
MLD,Moldova,2003,8,0,8,8.0,12.0
MLD,Moldova,2004,8,0,8,8.0,13.0
MLD,Moldova,2005,9,0,9,9.0,14.0
MLD,Moldova,2006,9,0,9,9.0,15.0
MLD,Moldova,2007,9,0,9,9.0,16.0
MLD,Moldova,2008,9,0,9,9.0,17.0
MLD,Moldova,2009,9,0,9,9.0,18.0
MLD,Moldova,2010,9,0,9,9.0,19.0
MLD,Moldova,2011,9,0,9,9.0,20.0
MLD,Moldova,2012,9,0,9,9.0,21.0
MLD,Moldova,2013,9,0,9,9.0,22.0
MLD,Moldova,2014,9,0,9,9.0,23.0
MLD,Moldova,2015,9,0,9,9.0,24.0
MLD,Moldova,2016,9,0,9,9.0,25.0
MLD,Moldova,2017,9,0,9,9.0,26.0
MLD,Moldova,2018,9,0,9,9.0,27.0
MLI,Mali,1960,0,7,-7,-7.0,0.0
MLI,Mali,1961,0,7,-7,-7.0,1.0
MLI,Mali,1962,0,7,-7,-7.0,2.0
MLI,Mali,1963,0,7,-7,-7.0,3.0
MLI,Mali,1964,0,7,-7,-7.0,4.0
MLI,Mali,1965,0,7,-7,-7.0,5.0
MLI,Mali,1966,0,7,-7,-7.0,6.0
MLI,Mali,1967,0,7,-7,-7.0,7.0
MLI,Mali,1968,0,7,-7,-7.0,8.0
MLI,Mali,1969,0,7,-7,-7.0,9.0
MLI,Mali,1970,0,7,-7,-7.0,10.0
MLI,Mali,1971,0,7,-7,-7.0,11.0
MLI,Mali,1972,0,7,-7,-7.0,12.0
MLI,Mali,1973,0,7,-7,-7.0,13.0
MLI,Mali,1974,0,7,-7,-7.0,14.0
MLI,Mali,1975,0,7,-7,-7.0,15.0
MLI,Mali,1976,0,7,-7,-7.0,16.0
MLI,Mali,1977,0,7,-7,-7.0,17.0
MLI,Mali,1978,0,7,-7,-7.0,18.0
MLI,Mali,1979,0,7,-7,-7.0,19.0
MLI,Mali,1980,0,7,-7,-7.0,20.0
MLI,Mali,1981,0,7,-7,-7.0,21.0
MLI,Mali,1982,0,7,-7,-7.0,22.0
MLI,Mali,1983,0,7,-7,-7.0,23.0
MLI,Mali,1984,0,7,-7,-7.0,24.0
MLI,Mali,1985,0,7,-7,-7.0,25.0
MLI,Mali,1986,0,7,-7,-7.0,26.0
MLI,Mali,1987,0,7,-7,-7.0,27.0
MLI,Mali,1988,0,7,-7,-7.0,28.0
MLI,Mali,1989,0,7,-7,-7.0,29.0
MLI,Mali,1990,0,7,-7,-7.0,30.0
MLI,Mali,1991,-88,-88,-88,-1.0,0.0
MLI,Mali,1992,4,0,4,4.0,0.0
MLI,Mali,1993,4,0,4,4.0,1.0
MLI,Mali,1994,4,0,4,4.0,2.0
MLI,Mali,1995,4,0,4,4.0,3.0
MLI,Mali,1996,4,0,4,4.0,4.0
MLI,Mali,1997,5,0,5,5.0,5.0
MLI,Mali,1998,5,0,5,5.0,6.0
MLI,Mali,1999,5,0,5,5.0,7.0
MLI,Mali,2000,5,0,5,5.0,8.0
MLI,Mali,2001,5,0,5,5.0,9.0
MLI,Mali,2002,6,1,5,5.0,10.0
MLI,Mali,2003,6,1,5,5.0,11.0
MLI,Mali,2004,6,1,5,5.0,12.0
MLI,Mali,2005,7,0,7,7.0,13.0
MLI,Mali,2006,7,0,7,7.0,14.0
MLI,Mali,2007,7,0,7,7.0,15.0
MLI,Mali,2008,7,0,7,7.0,16.0
MLI,Mali,2009,7,0,7,7.0,17.0
MLI,Mali,2010,7,0,7,7.0,18.0
MLI,Mali,2011,7,0,7,7.0,19.0
MLI,Mali,2012,-77,-77,-77,0.0,0.0
MLI,Mali,2013,6,1,5,5.0,0.0
MLI,Mali,2014,6,1,5,5.0,1.0
MLI,Mali,2015,6,1,5,5.0,2.0
MLI,Mali,2016,6,1,5,5.0,3.0
MLI,Mali,2017,6,1,5,5.0,4.0
MLI,Mali,2018,6,1,5,5.0,5.0
MNT,Montenegro,2006,9,0,9,9.0,0.0
MNT,Montenegro,2007,9,0,9,9.0,1.0
MNT,Montenegro,2008,9,0,9,9.0,2.0
MNT,Montenegro,2009,9,0,9,9.0,3.0
MNT,Montenegro,2010,9,0,9,9.0,4.0
MNT,Montenegro,2011,9,0,9,9.0,5.0
MNT,Montenegro,2012,9,0,9,9.0,6.0
MNT,Montenegro,2013,9,0,9,9.0,7.0
MNT,Montenegro,2014,9,0,9,9.0,8.0
MNT,Montenegro,2015,9,0,9,9.0,9.0
MNT,Montenegro,2016,9,0,9,9.0,10.0
MNT,Montenegro,2017,9,0,9,9.0,11.0
MNT,Montenegro,2018,9,0,9,9.0,12.0
MOD,Modena,1815,0,10,-10,-10.0,0.0
MOD,Modena,1816,0,10,-10,-10.0,1.0
MOD,Modena,1817,0,10,-10,-10.0,2.0
MOD,Modena,1818,0,10,-10,-10.0,3.0
MOD,Modena,1819,0,10,-10,-10.0,4.0
MOD,Modena,1820,0,10,-10,-10.0,5.0
MOD,Modena,1821,0,10,-10,-10.0,6.0
MOD,Modena,1822,0,10,-10,-10.0,7.0
MOD,Modena,1823,0,10,-10,-10.0,8.0
MOD,Modena,1824,0,10,-10,-10.0,9.0
MOD,Modena,1825,0,10,-10,-10.0,10.0
MOD,Modena,1826,0,10,-10,-10.0,11.0
MOD,Modena,1827,0,10,-10,-10.0,12.0
MOD,Modena,1828,0,10,-10,-10.0,13.0
MOD,Modena,1829,0,10,-10,-10.0,14.0
MOD,Modena,1830,0,10,-10,-10.0,15.0
MOD,Modena,1831,0,10,-10,-10.0,16.0
MOD,Modena,1832,0,10,-10,-10.0,17.0
MOD,Modena,1833,0,10,-10,-10.0,18.0
MOD,Modena,1834,0,10,-10,-10.0,19.0
MOD,Modena,1835,0,10,-10,-10.0,20.0
MOD,Modena,1836,0,10,-10,-10.0,21.0
MOD,Modena,1837,0,10,-10,-10.0,22.0
MOD,Modena,1838,0,10,-10,-10.0,23.0
MOD,Modena,1839,0,10,-10,-10.0,24.0
MOD,Modena,1840,0,10,-10,-10.0,25.0
MOD,Modena,1841,0,10,-10,-10.0,26.0
MOD,Modena,1842,0,10,-10,-10.0,27.0
MOD,Modena,1843,0,10,-10,-10.0,28.0
MOD,Modena,1844,0,10,-10,-10.0,29.0
MOD,Modena,1845,0,10,-10,-10.0,30.0
MOD,Modena,1846,0,10,-10,-10.0,31.0
MOD,Modena,1847,0,10,-10,-10.0,32.0
MOD,Modena,1848,0,10,-10,-10.0,33.0
MOD,Modena,1849,0,10,-10,-10.0,34.0
MOD,Modena,1850,0,10,-10,-10.0,35.0
MOD,Modena,1851,0,10,-10,-10.0,36.0
MOD,Modena,1852,0,10,-10,-10.0,37.0
MOD,Modena,1853,0,10,-10,-10.0,38.0
MOD,Modena,1854,0,10,-10,-10.0,39.0
MOD,Modena,1855,0,10,-10,-10.0,40.0
MOD,Modena,1856,0,10,-10,-10.0,41.0
MOD,Modena,1857,0,10,-10,-10.0,42.0
MOD,Modena,1858,0,10,-10,-10.0,43.0
MOD,Modena,1859,0,10,-10,-10.0,44.0
MOD,Modena,1860,0,10,-10,-10.0,45.0
MON,Mongolia,1924,0,7,-7,-7.0,0.0
MON,Mongolia,1925,0,7,-7,-7.0,1.0
MON,Mongolia,1926,0,7,-7,-7.0,2.0
MON,Mongolia,1927,0,7,-7,-7.0,3.0
MON,Mongolia,1928,0,7,-7,-7.0,4.0
MON,Mongolia,1929,0,7,-7,-7.0,5.0
MON,Mongolia,1930,0,7,-7,-7.0,6.0
MON,Mongolia,1931,0,7,-7,-7.0,7.0
MON,Mongolia,1932,0,7,-7,-7.0,8.0
MON,Mongolia,1933,0,7,-7,-7.0,9.0
MON,Mongolia,1934,0,9,-9,-9.0,10.0
MON,Mongolia,1935,0,9,-9,-9.0,11.0
MON,Mongolia,1936,0,9,-9,-9.0,12.0
MON,Mongolia,1937,0,9,-9,-9.0,13.0
MON,Mongolia,1938,0,9,-9,-9.0,14.0
MON,Mongolia,1939,0,9,-9,-9.0,15.0
MON,Mongolia,1940,0,9,-9,-9.0,16.0
MON,Mongolia,1941,0,9,-9,-9.0,17.0
MON,Mongolia,1942,0,9,-9,-9.0,18.0
MON,Mongolia,1943,0,9,-9,-9.0,19.0
MON,Mongolia,1944,0,9,-9,-9.0,20.0
MON,Mongolia,1945,0,9,-9,-9.0,21.0
MON,Mongolia,1946,0,9,-9,-9.0,22.0
MON,Mongolia,1947,0,9,-9,-9.0,23.0
MON,Mongolia,1948,0,9,-9,-9.0,24.0
MON,Mongolia,1949,0,9,-9,-9.0,25.0
MON,Mongolia,1950,0,9,-9,-9.0,26.0
MON,Mongolia,1951,0,9,-9,-9.0,27.0
MON,Mongolia,1952,0,7,-7,-7.0,28.0
MON,Mongolia,1953,0,7,-7,-7.0,29.0
MON,Mongolia,1954,0,7,-7,-7.0,30.0
MON,Mongolia,1955,0,7,-7,-7.0,31.0
MON,Mongolia,1956,0,7,-7,-7.0,32.0
MON,Mongolia,1957,0,7,-7,-7.0,33.0
MON,Mongolia,1958,0,7,-7,-7.0,34.0
MON,Mongolia,1959,0,7,-7,-7.0,35.0
MON,Mongolia,1960,0,7,-7,-7.0,36.0
MON,Mongolia,1961,0,7,-7,-7.0,37.0
MON,Mongolia,1962,0,7,-7,-7.0,38.0
MON,Mongolia,1963,0,7,-7,-7.0,39.0
MON,Mongolia,1964,0,7,-7,-7.0,40.0
MON,Mongolia,1965,0,7,-7,-7.0,41.0
MON,Mongolia,1966,0,7,-7,-7.0,42.0
MON,Mongolia,1967,0,7,-7,-7.0,43.0
MON,Mongolia,1968,0,7,-7,-7.0,44.0
MON,Mongolia,1969,0,7,-7,-7.0,45.0
MON,Mongolia,1970,0,7,-7,-7.0,46.0
MON,Mongolia,1971,0,7,-7,-7.0,47.0
MON,Mongolia,1972,0,7,-7,-7.0,48.0
MON,Mongolia,1973,0,7,-7,-7.0,49.0
MON,Mongolia,1974,0,7,-7,-7.0,50.0
MON,Mongolia,1975,0,7,-7,-7.0,51.0
MON,Mongolia,1976,0,7,-7,-7.0,52.0
MON,Mongolia,1977,0,7,-7,-7.0,53.0
MON,Mongolia,1978,0,7,-7,-7.0,54.0
MON,Mongolia,1979,0,7,-7,-7.0,55.0
MON,Mongolia,1980,0,7,-7,-7.0,56.0
MON,Mongolia,1981,0,7,-7,-7.0,57.0
MON,Mongolia,1982,0,7,-7,-7.0,58.0
MON,Mongolia,1983,0,7,-7,-7.0,59.0
MON,Mongolia,1984,0,7,-7,-7.0,60.0
MON,Mongolia,1985,0,7,-7,-7.0,61.0
MON,Mongolia,1986,0,7,-7,-7.0,62.0
MON,Mongolia,1987,0,7,-7,-7.0,63.0
MON,Mongolia,1988,0,7,-7,-7.0,64.0
MON,Mongolia,1989,0,7,-7,-7.0,65.0
MON,Mongolia,1990,4,2,2,2.0,0.0
MON,Mongolia,1991,4,2,2,2.0,0.0
MON,Mongolia,1992,9,0,9,9.0,0.0
MON,Mongolia,1993,9,0,9,9.0,1.0
MON,Mongolia,1994,9,0,9,9.0,2.0
MON,Mongolia,1995,9,0,9,9.0,3.0
MON,Mongolia,1996,10,0,10,10.0,4.0
MON,Mongolia,1997,10,0,10,10.0,5.0
MON,Mongolia,1998,10,0,10,10.0,6.0
MON,Mongolia,1999,10,0,10,10.0,7.0
MON,Mongolia,2000,10,0,10,10.0,8.0
MON,Mongolia,2001,10,0,10,10.0,9.0
MON,Mongolia,2002,10,0,10,10.0,10.0
MON,Mongolia,2003,10,0,10,10.0,11.0
MON,Mongolia,2004,10,0,10,10.0,12.0
MON,Mongolia,2005,10,0,10,10.0,13.0
MON,Mongolia,2006,10,0,10,10.0,14.0
MON,Mongolia,2007,10,0,10,10.0,15.0
MON,Mongolia,2008,10,0,10,10.0,16.0
MON,Mongolia,2009,10,0,10,10.0,17.0
MON,Mongolia,2010,10,0,10,10.0,18.0
MON,Mongolia,2011,10,0,10,10.0,19.0
MON,Mongolia,2012,10,0,10,10.0,20.0
MON,Mongolia,2013,10,0,10,10.0,21.0
MON,Mongolia,2014,10,0,10,10.0,22.0
MON,Mongolia,2015,10,0,10,10.0,23.0
MON,Mongolia,2016,10,0,10,10.0,24.0
MON,Mongolia,2017,10,0,10,10.0,25.0
MON,Mongolia,2018,10,0,10,10.0,26.0
MOR,Morocco,1800,1,7,-6,-6.0,
MOR,Morocco,1801,1,7,-6,-6.0,
MOR,Morocco,1802,1,7,-6,-6.0,
MOR,Morocco,1803,1,7,-6,-6.0,
MOR,Morocco,1804,1,7,-6,-6.0,
MOR,Morocco,1805,1,7,-6,-6.0,
MOR,Morocco,1806,1,7,-6,-6.0,
MOR,Morocco,1807,1,7,-6,-6.0,
MOR,Morocco,1808,1,7,-6,-6.0,
MOR,Morocco,1809,1,7,-6,-6.0,
MOR,Morocco,1810,1,7,-6,-6.0,
MOR,Morocco,1811,1,7,-6,-6.0,
MOR,Morocco,1812,1,7,-6,-6.0,
MOR,Morocco,1813,1,7,-6,-6.0,
MOR,Morocco,1814,1,7,-6,-6.0,
MOR,Morocco,1815,1,7,-6,-6.0,
MOR,Morocco,1816,1,7,-6,-6.0,
MOR,Morocco,1817,1,7,-6,-6.0,
MOR,Morocco,1818,1,7,-6,-6.0,
MOR,Morocco,1819,1,7,-6,-6.0,
MOR,Morocco,1820,1,7,-6,-6.0,
MOR,Morocco,1821,1,7,-6,-6.0,
MOR,Morocco,1822,1,7,-6,-6.0,
MOR,Morocco,1823,1,7,-6,-6.0,
MOR,Morocco,1824,1,7,-6,-6.0,
MOR,Morocco,1825,1,7,-6,-6.0,
MOR,Morocco,1826,1,7,-6,-6.0,
MOR,Morocco,1827,1,7,-6,-6.0,
MOR,Morocco,1828,1,7,-6,-6.0,
MOR,Morocco,1829,1,7,-6,-6.0,
MOR,Morocco,1830,1,7,-6,-6.0,
MOR,Morocco,1831,1,7,-6,-6.0,
MOR,Morocco,1832,1,7,-6,-6.0,
MOR,Morocco,1833,1,7,-6,-6.0,
MOR,Morocco,1834,1,7,-6,-6.0,
MOR,Morocco,1835,1,7,-6,-6.0,
MOR,Morocco,1836,1,7,-6,-6.0,
MOR,Morocco,1837,1,7,-6,-6.0,
MOR,Morocco,1838,1,7,-6,-6.0,
MOR,Morocco,1839,1,7,-6,-6.0,
MOR,Morocco,1840,1,7,-6,-6.0,
MOR,Morocco,1841,1,7,-6,-6.0,
MOR,Morocco,1842,1,7,-6,-6.0,
MOR,Morocco,1843,1,7,-6,-6.0,
MOR,Morocco,1844,1,7,-6,-6.0,
MOR,Morocco,1845,1,7,-6,-6.0,
MOR,Morocco,1846,1,7,-6,-6.0,
MOR,Morocco,1847,1,7,-6,-6.0,
MOR,Morocco,1848,1,7,-6,-6.0,
MOR,Morocco,1849,1,7,-6,-6.0,
MOR,Morocco,1850,1,7,-6,-6.0,
MOR,Morocco,1851,1,7,-6,-6.0,
MOR,Morocco,1852,1,7,-6,-6.0,
MOR,Morocco,1853,1,7,-6,-6.0,
MOR,Morocco,1854,1,7,-6,-6.0,
MOR,Morocco,1855,1,7,-6,-6.0,
MOR,Morocco,1856,1,7,-6,-6.0,
MOR,Morocco,1857,1,7,-6,-6.0,
MOR,Morocco,1858,1,7,-6,-6.0,
MOR,Morocco,1859,1,7,-6,-6.0,
MOR,Morocco,1860,1,7,-6,-6.0,
MOR,Morocco,1861,1,7,-6,-6.0,
MOR,Morocco,1862,1,7,-6,-6.0,
MOR,Morocco,1863,1,7,-6,-6.0,
MOR,Morocco,1864,1,7,-6,-6.0,
MOR,Morocco,1865,1,7,-6,-6.0,
MOR,Morocco,1866,1,7,-6,-6.0,
MOR,Morocco,1867,1,7,-6,-6.0,
MOR,Morocco,1868,1,7,-6,-6.0,
MOR,Morocco,1869,1,7,-6,-6.0,
MOR,Morocco,1870,1,7,-6,-6.0,
MOR,Morocco,1871,1,7,-6,-6.0,
MOR,Morocco,1872,1,7,-6,-6.0,
MOR,Morocco,1873,1,7,-6,-6.0,
MOR,Morocco,1874,1,7,-6,-6.0,
MOR,Morocco,1875,1,7,-6,-6.0,
MOR,Morocco,1876,1,7,-6,-6.0,
MOR,Morocco,1877,1,7,-6,-6.0,
MOR,Morocco,1878,1,7,-6,-6.0,
MOR,Morocco,1879,1,7,-6,-6.0,
MOR,Morocco,1880,1,7,-6,-6.0,
MOR,Morocco,1881,1,7,-6,-6.0,
MOR,Morocco,1882,1,7,-6,-6.0,
MOR,Morocco,1883,1,7,-6,-6.0,
MOR,Morocco,1884,1,7,-6,-6.0,
MOR,Morocco,1885,1,7,-6,-6.0,
MOR,Morocco,1886,1,7,-6,-6.0,
MOR,Morocco,1887,1,7,-6,-6.0,
MOR,Morocco,1888,1,7,-6,-6.0,
MOR,Morocco,1889,1,7,-6,-6.0,
MOR,Morocco,1890,1,7,-6,-6.0,
MOR,Morocco,1891,1,7,-6,-6.0,
MOR,Morocco,1892,1,7,-6,-6.0,
MOR,Morocco,1893,1,7,-6,-6.0,
MOR,Morocco,1894,1,7,-6,-6.0,
MOR,Morocco,1895,1,7,-6,-6.0,
MOR,Morocco,1896,1,7,-6,-6.0,
MOR,Morocco,1897,1,7,-6,-6.0,
MOR,Morocco,1898,1,7,-6,-6.0,
MOR,Morocco,1899,1,7,-6,-6.0,
MOR,Morocco,1900,1,7,-6,-6.0,
MOR,Morocco,1901,1,7,-6,-6.0,
MOR,Morocco,1902,1,7,-6,-6.0,
MOR,Morocco,1903,1,7,-6,-6.0,
MOR,Morocco,1904,1,7,-6,-6.0,
MOR,Morocco,1905,1,7,-6,-6.0,
MOR,Morocco,1906,1,7,-6,-6.0,
MOR,Morocco,1907,1,7,-6,-6.0,
MOR,Morocco,1908,1,7,-6,-6.0,
MOR,Morocco,1909,1,7,-6,-6.0,
MOR,Morocco,1910,1,7,-6,-6.0,
MOR,Morocco,1911,1,7,-6,-6.0,
MOR,Morocco,1912,1,7,-6,-6.0,
MOR,Morocco,1956,1,6,-5,-5.0,0.0
MOR,Morocco,1957,1,6,-5,-5.0,1.0
MOR,Morocco,1958,1,6,-5,-5.0,2.0
MOR,Morocco,1959,1,6,-5,-5.0,3.0
MOR,Morocco,1960,1,6,-5,-5.0,4.0
MOR,Morocco,1961,-88,-88,-88,-4.0,0.0
MOR,Morocco,1962,-88,-88,-88,-4.0,0.0
MOR,Morocco,1963,1,4,-3,-3.0,0.0
MOR,Morocco,1964,1,4,-3,-3.0,1.0
MOR,Morocco,1965,0,9,-9,-9.0,0.0
MOR,Morocco,1966,0,9,-9,-9.0,1.0
MOR,Morocco,1967,0,9,-9,-9.0,2.0
MOR,Morocco,1968,0,9,-9,-9.0,3.0
MOR,Morocco,1969,0,9,-9,-9.0,4.0
MOR,Morocco,1970,0,9,-9,-9.0,5.0
MOR,Morocco,1971,0,9,-9,-9.0,6.0
MOR,Morocco,1972,0,9,-9,-9.0,7.0
MOR,Morocco,1973,0,9,-9,-9.0,8.0
MOR,Morocco,1974,0,9,-9,-9.0,9.0
MOR,Morocco,1975,0,9,-9,-9.0,10.0
MOR,Morocco,1976,0,9,-9,-9.0,11.0
MOR,Morocco,1977,0,8,-8,-8.0,12.0
MOR,Morocco,1978,0,8,-8,-8.0,13.0
MOR,Morocco,1979,0,8,-8,-8.0,14.0
MOR,Morocco,1980,0,8,-8,-8.0,15.0
MOR,Morocco,1981,0,8,-8,-8.0,16.0
MOR,Morocco,1982,0,8,-8,-8.0,17.0
MOR,Morocco,1983,0,8,-8,-8.0,18.0
MOR,Morocco,1984,0,8,-8,-8.0,19.0
MOR,Morocco,1985,0,8,-8,-8.0,20.0
MOR,Morocco,1986,0,8,-8,-8.0,21.0
MOR,Morocco,1987,0,8,-8,-8.0,22.0
MOR,Morocco,1988,0,8,-8,-8.0,23.0
MOR,Morocco,1989,0,8,-8,-8.0,24.0
MOR,Morocco,1990,0,8,-8,-8.0,25.0
MOR,Morocco,1991,0,8,-8,-8.0,26.0
MOR,Morocco,1992,0,7,-7,-7.0,27.0
MOR,Morocco,1993,0,7,-7,-7.0,28.0
MOR,Morocco,1994,0,7,-7,-7.0,29.0
MOR,Morocco,1995,0,7,-7,-7.0,30.0
MOR,Morocco,1996,0,7,-7,-7.0,31.0
MOR,Morocco,1997,0,7,-7,-7.0,32.0
MOR,Morocco,1998,0,6,-6,-6.0,33.0
MOR,Morocco,1999,0,6,-6,-6.0,34.0
MOR,Morocco,2000,0,6,-6,-6.0,35.0
MOR,Morocco,2001,0,6,-6,-6.0,36.0
MOR,Morocco,2002,0,6,-6,-6.0,37.0
MOR,Morocco,2003,0,6,-6,-6.0,38.0
MOR,Morocco,2004,0,6,-6,-6.0,39.0
MOR,Morocco,2005,0,6,-6,-6.0,40.0
MOR,Morocco,2006,0,6,-6,-6.0,41.0
MOR,Morocco,2007,0,6,-6,-6.0,42.0
MOR,Morocco,2008,0,6,-6,-6.0,43.0
MOR,Morocco,2009,0,6,-6,-6.0,44.0
MOR,Morocco,2010,0,6,-6,-6.0,45.0
MOR,Morocco,2011,1,5,-4,-4.0,46.0
MOR,Morocco,2012,1,5,-4,-4.0,47.0
MOR,Morocco,2013,1,5,-4,-4.0,48.0
MOR,Morocco,2014,1,5,-4,-4.0,49.0
MOR,Morocco,2015,1,5,-4,-4.0,50.0
MOR,Morocco,2016,1,5,-4,-4.0,51.0
MOR,Morocco,2017,1,5,-4,-4.0,52.0
MOR,Morocco,2018,1,5,-4,-4.0,53.0
MYA,Myanmar (Burma),1948,7,1,6,6.0,0.0
MYA,Myanmar (Burma),1949,7,1,6,6.0,1.0
MYA,Myanmar (Burma),1950,7,1,6,6.0,2.0
MYA,Myanmar (Burma),1951,7,1,6,6.0,3.0
MYA,Myanmar (Burma),1952,7,1,6,6.0,4.0
MYA,Myanmar (Burma),1953,7,1,6,6.0,5.0
MYA,Myanmar (Burma),1954,7,1,6,6.0,6.0
MYA,Myanmar (Burma),1955,7,1,6,6.0,7.0
MYA,Myanmar (Burma),1956,7,1,6,6.0,8.0
MYA,Myanmar (Burma),1957,7,1,6,6.0,9.0
MYA,Myanmar (Burma),1958,2,1,1,1.0,0.0
MYA,Myanmar (Burma),1959,2,1,1,1.0,1.0
MYA,Myanmar (Burma),1960,6,1,5,5.0,0.0
MYA,Myanmar (Burma),1961,6,1,5,5.0,1.0
MYA,Myanmar (Burma),1962,0,6,-6,-6.0,0.0
MYA,Myanmar (Burma),1963,0,6,-6,-6.0,0.0
MYA,Myanmar (Burma),1964,0,7,-7,-7.0,0.0
MYA,Myanmar (Burma),1965,0,7,-7,-7.0,1.0
MYA,Myanmar (Burma),1966,0,7,-7,-7.0,2.0
MYA,Myanmar (Burma),1967,0,7,-7,-7.0,3.0
MYA,Myanmar (Burma),1968,0,7,-7,-7.0,4.0
MYA,Myanmar (Burma),1969,0,7,-7,-7.0,5.0
MYA,Myanmar (Burma),1970,0,7,-7,-7.0,6.0
MYA,Myanmar (Burma),1971,0,7,-7,-7.0,7.0
MYA,Myanmar (Burma),1972,0,7,-7,-7.0,8.0
MYA,Myanmar (Burma),1973,0,7,-7,-7.0,9.0
MYA,Myanmar (Burma),1974,0,9,-9,-9.0,10.0
MYA,Myanmar (Burma),1975,0,9,-9,-9.0,11.0
MYA,Myanmar (Burma),1976,0,9,-9,-9.0,12.0
MYA,Myanmar (Burma),1977,0,9,-9,-9.0,13.0
MYA,Myanmar (Burma),1978,0,9,-9,-9.0,14.0
MYA,Myanmar (Burma),1979,0,9,-9,-9.0,15.0
MYA,Myanmar (Burma),1980,0,9,-9,-9.0,16.0
MYA,Myanmar (Burma),1981,0,9,-9,-9.0,17.0
MYA,Myanmar (Burma),1982,0,9,-9,-9.0,18.0
MYA,Myanmar (Burma),1983,0,9,-9,-9.0,19.0
MYA,Myanmar (Burma),1984,0,9,-9,-9.0,20.0
MYA,Myanmar (Burma),1985,0,9,-9,-9.0,21.0
MYA,Myanmar (Burma),1986,0,9,-9,-9.0,22.0
MYA,Myanmar (Burma),1987,0,9,-9,-9.0,23.0
MYA,Myanmar (Burma),1988,0,4,-4,-4.0,0.0
MYA,Myanmar (Burma),1989,0,4,-4,-4.0,1.0
MYA,Myanmar (Burma),1990,0,5,-5,-5.0,0.0
MYA,Myanmar (Burma),1991,0,5,-5,-5.0,1.0
MYA,Myanmar (Burma),1992,0,5,-5,-5.0,2.0
MYA,Myanmar (Burma),1993,0,5,-5,-5.0,3.0
MYA,Myanmar (Burma),1994,0,5,-5,-5.0,4.0
MYA,Myanmar (Burma),1995,0,5,-5,-5.0,5.0
MYA,Myanmar (Burma),1996,0,5,-5,-5.0,6.0
MYA,Myanmar (Burma),1997,0,5,-5,-5.0,7.0
MYA,Myanmar (Burma),1998,0,5,-5,-5.0,8.0
MYA,Myanmar (Burma),1999,0,5,-5,-5.0,9.0
MYA,Myanmar (Burma),2000,0,5,-5,-5.0,10.0
MYA,Myanmar (Burma),2001,0,5,-5,-5.0,11.0
MYA,Myanmar (Burma),2002,0,5,-5,-5.0,12.0
MYA,Myanmar (Burma),2003,0,5,-5,-5.0,13.0
MYA,Myanmar (Burma),2004,0,6,-6,-6.0,14.0
MYA,Myanmar (Burma),2005,0,6,-6,-6.0,15.0
MYA,Myanmar (Burma),2006,0,6,-6,-6.0,16.0
MYA,Myanmar (Burma),2007,0,6,-6,-6.0,17.0
MYA,Myanmar (Burma),2008,0,6,-6,-6.0,18.0
MYA,Myanmar (Burma),2009,0,6,-6,-6.0,19.0
MYA,Myanmar (Burma),2010,0,6,-6,-6.0,20.0
MYA,Myanmar (Burma),2011,0,3,-3,-3.0,0.0
MYA,Myanmar (Burma),2012,0,3,-3,-3.0,1.0
MYA,Myanmar (Burma),2013,0,3,-3,-3.0,2.0
MYA,Myanmar (Burma),2014,0,3,-3,-3.0,3.0
MYA,Myanmar (Burma),2015,-88,-88,-88,2.0,0.0
MYA,Myanmar (Burma),2016,8,0,8,8.0,0.0
MYA,Myanmar (Burma),2017,8,0,8,8.0,1.0
MYA,Myanmar (Burma),2018,8,0,8,8.0,2.0
MZM,Mozambique,1975,0,8,-8,-8.0,0.0
MZM,Mozambique,1976,0,8,-8,-8.0,1.0
MZM,Mozambique,1977,0,8,-8,-8.0,2.0
MZM,Mozambique,1978,0,8,-8,-8.0,3.0
MZM,Mozambique,1979,0,8,-8,-8.0,4.0
MZM,Mozambique,1980,0,8,-8,-8.0,5.0
MZM,Mozambique,1981,0,8,-8,-8.0,6.0
MZM,Mozambique,1982,0,8,-8,-8.0,7.0
MZM,Mozambique,1983,0,8,-8,-8.0,8.0
MZM,Mozambique,1984,0,8,-8,-8.0,9.0
MZM,Mozambique,1985,0,8,-8,-8.0,10.0
MZM,Mozambique,1986,0,7,-7,-7.0,11.0
MZM,Mozambique,1987,0,7,-7,-7.0,12.0
MZM,Mozambique,1988,0,7,-7,-7.0,13.0
MZM,Mozambique,1989,0,7,-7,-7.0,14.0
MZM,Mozambique,1990,0,7,-7,-7.0,15.0
MZM,Mozambique,1991,0,6,-6,-6.0,16.0
MZM,Mozambique,1992,0,6,-6,-6.0,17.0
MZM,Mozambique,1993,0,6,-6,-6.0,18.0
MZM,Mozambique,1994,5,0,5,5.0,0.0
MZM,Mozambique,1995,5,0,5,5.0,1.0
MZM,Mozambique,1996,5,0,5,5.0,2.0
MZM,Mozambique,1997,5,0,5,5.0,3.0
MZM,Mozambique,1998,5,0,5,5.0,4.0
MZM,Mozambique,1999,5,0,5,5.0,5.0
MZM,Mozambique,2000,5,0,5,5.0,6.0
MZM,Mozambique,2001,5,0,5,5.0,7.0
MZM,Mozambique,2002,5,0,5,5.0,8.0
MZM,Mozambique,2003,5,0,5,5.0,9.0
MZM,Mozambique,2004,5,0,5,5.0,10.0
MZM,Mozambique,2005,5,0,5,5.0,11.0
MZM,Mozambique,2006,5,0,5,5.0,12.0
MZM,Mozambique,2007,5,0,5,5.0,13.0
MZM,Mozambique,2008,5,0,5,5.0,14.0
MZM,Mozambique,2009,5,0,5,5.0,15.0
MZM,Mozambique,2010,5,0,5,5.0,16.0
MZM,Mozambique,2011,5,0,5,5.0,17.0
MZM,Mozambique,2012,5,0,5,5.0,18.0
MZM,Mozambique,2013,6,1,5,5.0,19.0
MZM,Mozambique,2014,6,1,5,5.0,20.0
MZM,Mozambique,2015,6,1,5,5.0,21.0
MZM,Mozambique,2016,6,1,5,5.0,22.0
MZM,Mozambique,2017,6,1,5,5.0,23.0
MZM,Mozambique,2018,6,1,5,5.0,24.0
NAM,Namibia,1990,6,0,6,6.0,0.0
NAM,Namibia,1991,6,0,6,6.0,1.0
NAM,Namibia,1992,6,0,6,6.0,2.0
NAM,Namibia,1993,6,0,6,6.0,3.0
NAM,Namibia,1994,6,0,6,6.0,4.0
NAM,Namibia,1995,6,0,6,6.0,5.0
NAM,Namibia,1996,6,0,6,6.0,6.0
NAM,Namibia,1997,6,0,6,6.0,7.0
NAM,Namibia,1998,6,0,6,6.0,8.0
NAM,Namibia,1999,6,0,6,6.0,9.0
NAM,Namibia,2000,6,0,6,6.0,10.0
NAM,Namibia,2001,6,0,6,6.0,11.0
NAM,Namibia,2002,6,0,6,6.0,12.0
NAM,Namibia,2003,6,0,6,6.0,13.0
NAM,Namibia,2004,6,0,6,6.0,14.0
NAM,Namibia,2005,6,0,6,6.0,15.0
NAM,Namibia,2006,6,0,6,6.0,16.0
NAM,Namibia,2007,6,0,6,6.0,17.0
NAM,Namibia,2008,6,0,6,6.0,18.0
NAM,Namibia,2009,6,0,6,6.0,19.0
NAM,Namibia,2010,6,0,6,6.0,20.0
NAM,Namibia,2011,6,0,6,6.0,21.0
NAM,Namibia,2012,6,0,6,6.0,22.0
NAM,Namibia,2013,6,0,6,6.0,23.0
NAM,Namibia,2014,6,0,6,6.0,24.0
NAM,Namibia,2015,6,0,6,6.0,25.0
NAM,Namibia,2016,6,0,6,6.0,26.0
NAM,Namibia,2017,6,0,6,6.0,27.0
NAM,Namibia,2018,6,0,6,6.0,28.0
NEP,Nepal,1800,1,7,-6,-6.0,
NEP,Nepal,1801,1,7,-6,-6.0,
NEP,Nepal,1802,1,7,-6,-6.0,
NEP,Nepal,1803,1,7,-6,-6.0,
NEP,Nepal,1804,1,7,-6,-6.0,
NEP,Nepal,1805,1,7,-6,-6.0,
NEP,Nepal,1806,1,7,-6,-6.0,
NEP,Nepal,1807,1,7,-6,-6.0,
NEP,Nepal,1808,1,7,-6,-6.0,
NEP,Nepal,1809,1,7,-6,-6.0,
NEP,Nepal,1810,1,7,-6,-6.0,
NEP,Nepal,1811,1,7,-6,-6.0,
NEP,Nepal,1812,1,7,-6,-6.0,
NEP,Nepal,1813,1,7,-6,-6.0,
NEP,Nepal,1814,1,7,-6,-6.0,
NEP,Nepal,1815,1,7,-6,-6.0,
NEP,Nepal,1816,1,7,-6,-6.0,
NEP,Nepal,1817,1,7,-6,-6.0,
NEP,Nepal,1818,1,7,-6,-6.0,
NEP,Nepal,1819,1,7,-6,-6.0,
NEP,Nepal,1820,1,7,-6,-6.0,
NEP,Nepal,1821,1,7,-6,-6.0,
NEP,Nepal,1822,1,7,-6,-6.0,
NEP,Nepal,1823,1,7,-6,-6.0,
NEP,Nepal,1824,1,7,-6,-6.0,
NEP,Nepal,1825,1,7,-6,-6.0,
NEP,Nepal,1826,1,7,-6,-6.0,
NEP,Nepal,1827,1,7,-6,-6.0,
NEP,Nepal,1828,1,7,-6,-6.0,
NEP,Nepal,1829,1,7,-6,-6.0,
NEP,Nepal,1830,1,7,-6,-6.0,
NEP,Nepal,1831,1,7,-6,-6.0,
NEP,Nepal,1832,1,7,-6,-6.0,
NEP,Nepal,1833,1,7,-6,-6.0,
NEP,Nepal,1834,1,7,-6,-6.0,
NEP,Nepal,1835,1,7,-6,-6.0,
NEP,Nepal,1836,1,7,-6,-6.0,
NEP,Nepal,1837,1,7,-6,-6.0,
NEP,Nepal,1838,1,7,-6,-6.0,
NEP,Nepal,1839,1,7,-6,-6.0,
NEP,Nepal,1840,1,7,-6,-6.0,
NEP,Nepal,1841,1,7,-6,-6.0,
NEP,Nepal,1842,1,7,-6,-6.0,
NEP,Nepal,1843,1,7,-6,-6.0,
NEP,Nepal,1844,1,7,-6,-6.0,
NEP,Nepal,1845,1,7,-6,-6.0,
NEP,Nepal,1846,1,4,-3,-3.0,0.0
NEP,Nepal,1847,1,4,-3,-3.0,1.0
NEP,Nepal,1848,1,4,-3,-3.0,2.0
NEP,Nepal,1849,1,4,-3,-3.0,3.0
NEP,Nepal,1850,1,4,-3,-3.0,4.0
NEP,Nepal,1851,1,4,-3,-3.0,5.0
NEP,Nepal,1852,1,4,-3,-3.0,6.0
NEP,Nepal,1853,1,4,-3,-3.0,7.0
NEP,Nepal,1854,1,4,-3,-3.0,8.0
NEP,Nepal,1855,1,4,-3,-3.0,9.0
NEP,Nepal,1856,1,4,-3,-3.0,10.0
NEP,Nepal,1857,1,4,-3,-3.0,11.0
NEP,Nepal,1858,1,4,-3,-3.0,12.0
NEP,Nepal,1859,1,4,-3,-3.0,13.0
NEP,Nepal,1860,1,4,-3,-3.0,14.0
NEP,Nepal,1861,1,4,-3,-3.0,15.0
NEP,Nepal,1862,1,4,-3,-3.0,16.0
NEP,Nepal,1863,1,4,-3,-3.0,17.0
NEP,Nepal,1864,1,4,-3,-3.0,18.0
NEP,Nepal,1865,1,4,-3,-3.0,19.0
NEP,Nepal,1866,1,4,-3,-3.0,20.0
NEP,Nepal,1867,1,4,-3,-3.0,21.0
NEP,Nepal,1868,1,4,-3,-3.0,22.0
NEP,Nepal,1869,1,4,-3,-3.0,23.0
NEP,Nepal,1870,1,4,-3,-3.0,24.0
NEP,Nepal,1871,1,4,-3,-3.0,25.0
NEP,Nepal,1872,1,4,-3,-3.0,26.0
NEP,Nepal,1873,1,4,-3,-3.0,27.0
NEP,Nepal,1874,1,4,-3,-3.0,28.0
NEP,Nepal,1875,1,4,-3,-3.0,29.0
NEP,Nepal,1876,1,4,-3,-3.0,30.0
NEP,Nepal,1877,1,4,-3,-3.0,31.0
NEP,Nepal,1878,1,4,-3,-3.0,32.0
NEP,Nepal,1879,1,4,-3,-3.0,33.0
NEP,Nepal,1880,1,4,-3,-3.0,34.0
NEP,Nepal,1881,1,4,-3,-3.0,35.0
NEP,Nepal,1882,1,4,-3,-3.0,36.0
NEP,Nepal,1883,1,4,-3,-3.0,37.0
NEP,Nepal,1884,1,4,-3,-3.0,38.0
NEP,Nepal,1885,1,4,-3,-3.0,39.0
NEP,Nepal,1886,1,4,-3,-3.0,40.0
NEP,Nepal,1887,1,4,-3,-3.0,41.0
NEP,Nepal,1888,1,4,-3,-3.0,42.0
NEP,Nepal,1889,1,4,-3,-3.0,43.0
NEP,Nepal,1890,1,4,-3,-3.0,44.0
NEP,Nepal,1891,1,4,-3,-3.0,45.0
NEP,Nepal,1892,1,4,-3,-3.0,46.0
NEP,Nepal,1893,1,4,-3,-3.0,47.0
NEP,Nepal,1894,1,4,-3,-3.0,48.0
NEP,Nepal,1895,1,4,-3,-3.0,49.0
NEP,Nepal,1896,1,4,-3,-3.0,50.0
NEP,Nepal,1897,1,4,-3,-3.0,51.0
NEP,Nepal,1898,1,4,-3,-3.0,52.0
NEP,Nepal,1899,1,4,-3,-3.0,53.0
NEP,Nepal,1900,1,4,-3,-3.0,54.0
NEP,Nepal,1901,1,4,-3,-3.0,55.0
NEP,Nepal,1902,1,4,-3,-3.0,56.0
NEP,Nepal,1903,1,4,-3,-3.0,57.0
NEP,Nepal,1904,1,4,-3,-3.0,58.0
NEP,Nepal,1905,1,4,-3,-3.0,59.0
NEP,Nepal,1906,1,4,-3,-3.0,60.0
NEP,Nepal,1907,1,4,-3,-3.0,61.0
NEP,Nepal,1908,1,4,-3,-3.0,62.0
NEP,Nepal,1909,1,4,-3,-3.0,63.0
NEP,Nepal,1910,1,4,-3,-3.0,64.0
NEP,Nepal,1911,1,4,-3,-3.0,65.0
NEP,Nepal,1912,1,4,-3,-3.0,66.0
NEP,Nepal,1913,1,4,-3,-3.0,67.0
NEP,Nepal,1914,1,4,-3,-3.0,68.0
NEP,Nepal,1915,1,4,-3,-3.0,69.0
NEP,Nepal,1916,1,4,-3,-3.0,70.0
NEP,Nepal,1917,1,4,-3,-3.0,71.0
NEP,Nepal,1918,1,4,-3,-3.0,72.0
NEP,Nepal,1919,1,4,-3,-3.0,73.0
NEP,Nepal,1920,1,4,-3,-3.0,74.0
NEP,Nepal,1921,1,4,-3,-3.0,75.0
NEP,Nepal,1922,1,4,-3,-3.0,76.0
NEP,Nepal,1923,1,4,-3,-3.0,77.0
NEP,Nepal,1924,1,4,-3,-3.0,78.0
NEP,Nepal,1925,1,4,-3,-3.0,79.0
NEP,Nepal,1926,1,4,-3,-3.0,80.0
NEP,Nepal,1927,1,4,-3,-3.0,81.0
NEP,Nepal,1928,1,4,-3,-3.0,82.0
NEP,Nepal,1929,1,4,-3,-3.0,83.0
NEP,Nepal,1930,1,4,-3,-3.0,84.0
NEP,Nepal,1931,1,4,-3,-3.0,85.0
NEP,Nepal,1932,1,4,-3,-3.0,86.0
NEP,Nepal,1933,1,4,-3,-3.0,87.0
NEP,Nepal,1934,1,4,-3,-3.0,88.0
NEP,Nepal,1935,1,4,-3,-3.0,89.0
NEP,Nepal,1936,1,4,-3,-3.0,90.0
NEP,Nepal,1937,1,4,-3,-3.0,91.0
NEP,Nepal,1938,1,4,-3,-3.0,92.0
NEP,Nepal,1939,1,4,-3,-3.0,93.0
NEP,Nepal,1940,1,4,-3,-3.0,94.0
NEP,Nepal,1941,1,4,-3,-3.0,95.0
NEP,Nepal,1942,1,4,-3,-3.0,96.0
NEP,Nepal,1943,1,4,-3,-3.0,97.0
NEP,Nepal,1944,1,4,-3,-3.0,98.0
NEP,Nepal,1945,1,4,-3,-3.0,99.0
NEP,Nepal,1946,1,4,-3,-3.0,100.0
NEP,Nepal,1947,0,5,-5,-5.0,101.0
NEP,Nepal,1948,0,5,-5,-5.0,102.0
NEP,Nepal,1949,0,5,-5,-5.0,103.0
NEP,Nepal,1950,0,5,-5,-5.0,104.0
NEP,Nepal,1951,0,7,-7,-7.0,105.0
NEP,Nepal,1952,0,7,-7,-7.0,106.0
NEP,Nepal,1953,0,7,-7,-7.0,107.0
NEP,Nepal,1954,0,7,-7,-7.0,108.0
NEP,Nepal,1955,0,7,-7,-7.0,109.0
NEP,Nepal,1956,0,7,-7,-7.0,110.0
NEP,Nepal,1957,-88,-88,-88,-4.0,0.0
NEP,Nepal,1958,-88,-88,-88,-1.0,0.0
NEP,Nepal,1959,4,2,2,2.0,0.0
NEP,Nepal,1960,0,10,-10,-10.0,0.0
NEP,Nepal,1961,0,10,-10,-10.0,1.0
NEP,Nepal,1962,0,9,-9,-9.0,2.0
NEP,Nepal,1963,0,9,-9,-9.0,3.0
NEP,Nepal,1964,0,9,-9,-9.0,4.0
NEP,Nepal,1965,0,9,-9,-9.0,5.0
NEP,Nepal,1966,0,9,-9,-9.0,6.0
NEP,Nepal,1967,0,9,-9,-9.0,7.0
NEP,Nepal,1968,0,9,-9,-9.0,8.0
NEP,Nepal,1969,0,9,-9,-9.0,9.0
NEP,Nepal,1970,0,9,-9,-9.0,10.0
NEP,Nepal,1971,0,9,-9,-9.0,11.0
NEP,Nepal,1972,0,9,-9,-9.0,12.0
NEP,Nepal,1973,0,9,-9,-9.0,13.0
NEP,Nepal,1974,0,9,-9,-9.0,14.0
NEP,Nepal,1975,0,9,-9,-9.0,15.0
NEP,Nepal,1976,0,9,-9,-9.0,16.0
NEP,Nepal,1977,0,9,-9,-9.0,17.0
NEP,Nepal,1978,0,9,-9,-9.0,18.0
NEP,Nepal,1979,0,9,-9,-9.0,19.0
NEP,Nepal,1980,0,9,-9,-9.0,20.0
NEP,Nepal,1981,2,4,-2,-2.0,0.0
NEP,Nepal,1982,2,4,-2,-2.0,1.0
NEP,Nepal,1983,2,4,-2,-2.0,2.0
NEP,Nepal,1984,2,4,-2,-2.0,3.0
NEP,Nepal,1985,2,4,-2,-2.0,4.0
NEP,Nepal,1986,2,4,-2,-2.0,5.0
NEP,Nepal,1987,2,4,-2,-2.0,6.0
NEP,Nepal,1988,2,4,-2,-2.0,7.0
NEP,Nepal,1989,2,4,-2,-2.0,8.0
NEP,Nepal,1990,5,0,5,5.0,0.0
NEP,Nepal,1991,5,0,5,5.0,1.0
NEP,Nepal,1992,5,0,5,5.0,2.0
NEP,Nepal,1993,5,0,5,5.0,3.0
NEP,Nepal,1994,5,0,5,5.0,4.0
NEP,Nepal,1995,5,0,5,5.0,5.0
NEP,Nepal,1996,5,0,5,5.0,6.0
NEP,Nepal,1997,5,0,5,5.0,7.0
NEP,Nepal,1998,5,0,5,5.0,8.0
NEP,Nepal,1999,7,1,6,6.0,9.0
NEP,Nepal,2000,7,1,6,6.0,10.0
NEP,Nepal,2001,7,1,6,6.0,11.0
NEP,Nepal,2002,1,7,-6,-6.0,0.0
NEP,Nepal,2003,1,7,-6,-6.0,1.0
NEP,Nepal,2004,1,7,-6,-6.0,2.0
NEP,Nepal,2005,1,7,-6,-6.0,3.0
NEP,Nepal,2006,7,1,6,6.0,0.0
NEP,Nepal,2007,7,1,6,6.0,1.0
NEP,Nepal,2008,7,1,6,6.0,2.0
NEP,Nepal,2009,6,0,6,6.0,3.0
NEP,Nepal,2010,6,0,6,6.0,4.0
NEP,Nepal,2011,6,0,6,6.0,5.0
NEP,Nepal,2012,6,0,6,6.0,6.0
NEP,Nepal,2013,6,0,6,6.0,7.0
NEP,Nepal,2014,6,0,6,6.0,8.0
NEP,Nepal,2015,6,0,6,6.0,9.0
NEP,Nepal,2016,6,0,6,6.0,10.0
NEP,Nepal,2017,6,0,6,6.0,11.0
NEP,Nepal,2018,8,1,7,7.0,12.0
NEW,New Zealand,1857,10,0,10,10.0,0.0
NEW,New Zealand,1858,10,0,10,10.0,1.0
NEW,New Zealand,1859,10,0,10,10.0,2.0
NEW,New Zealand,1860,10,0,10,10.0,3.0
NEW,New Zealand,1861,10,0,10,10.0,4.0
NEW,New Zealand,1862,10,0,10,10.0,5.0
NEW,New Zealand,1863,10,0,10,10.0,6.0
NEW,New Zealand,1864,10,0,10,10.0,7.0
NEW,New Zealand,1865,10,0,10,10.0,8.0
NEW,New Zealand,1866,10,0,10,10.0,9.0
NEW,New Zealand,1867,10,0,10,10.0,10.0
NEW,New Zealand,1868,10,0,10,10.0,11.0
NEW,New Zealand,1869,10,0,10,10.0,12.0
NEW,New Zealand,1870,10,0,10,10.0,13.0
NEW,New Zealand,1871,10,0,10,10.0,14.0
NEW,New Zealand,1872,10,0,10,10.0,15.0
NEW,New Zealand,1873,10,0,10,10.0,16.0
NEW,New Zealand,1874,10,0,10,10.0,17.0
NEW,New Zealand,1875,10,0,10,10.0,18.0
NEW,New Zealand,1876,7,3,4,4.0,0.0
NEW,New Zealand,1877,9,0,9,9.0,0.0
NEW,New Zealand,1878,9,0,9,9.0,1.0
NEW,New Zealand,1879,9,0,9,9.0,2.0
NEW,New Zealand,1880,9,0,9,9.0,3.0
NEW,New Zealand,1881,9,0,9,9.0,4.0
NEW,New Zealand,1882,9,0,9,9.0,5.0
NEW,New Zealand,1883,9,0,9,9.0,6.0
NEW,New Zealand,1884,9,0,9,9.0,7.0
NEW,New Zealand,1885,9,0,9,9.0,8.0
NEW,New Zealand,1886,9,0,9,9.0,9.0
NEW,New Zealand,1887,9,0,9,9.0,10.0
NEW,New Zealand,1888,9,0,9,9.0,11.0
NEW,New Zealand,1889,9,0,9,9.0,12.0
NEW,New Zealand,1890,9,0,9,9.0,13.0
NEW,New Zealand,1891,9,0,9,9.0,14.0
NEW,New Zealand,1892,9,0,9,9.0,15.0
NEW,New Zealand,1893,10,0,10,10.0,16.0
NEW,New Zealand,1894,10,0,10,10.0,17.0
NEW,New Zealand,1895,10,0,10,10.0,18.0
NEW,New Zealand,1896,10,0,10,10.0,19.0
NEW,New Zealand,1897,10,0,10,10.0,20.0
NEW,New Zealand,1898,10,0,10,10.0,21.0
NEW,New Zealand,1899,10,0,10,10.0,22.0
NEW,New Zealand,1900,10,0,10,10.0,23.0
NEW,New Zealand,1901,10,0,10,10.0,24.0
NEW,New Zealand,1902,10,0,10,10.0,25.0
NEW,New Zealand,1903,10,0,10,10.0,26.0
NEW,New Zealand,1904,10,0,10,10.0,27.0
NEW,New Zealand,1905,10,0,10,10.0,28.0
NEW,New Zealand,1906,10,0,10,10.0,29.0
NEW,New Zealand,1907,10,0,10,10.0,30.0
NEW,New Zealand,1908,10,0,10,10.0,31.0
NEW,New Zealand,1909,10,0,10,10.0,32.0
NEW,New Zealand,1910,10,0,10,10.0,33.0
NEW,New Zealand,1911,10,0,10,10.0,34.0
NEW,New Zealand,1912,10,0,10,10.0,35.0
NEW,New Zealand,1913,10,0,10,10.0,36.0
NEW,New Zealand,1914,10,0,10,10.0,37.0
NEW,New Zealand,1915,10,0,10,10.0,38.0
NEW,New Zealand,1916,10,0,10,10.0,39.0
NEW,New Zealand,1917,10,0,10,10.0,40.0
NEW,New Zealand,1918,10,0,10,10.0,41.0
NEW,New Zealand,1919,10,0,10,10.0,42.0
NEW,New Zealand,1920,10,0,10,10.0,43.0
NEW,New Zealand,1921,10,0,10,10.0,44.0
NEW,New Zealand,1922,10,0,10,10.0,45.0
NEW,New Zealand,1923,10,0,10,10.0,46.0
NEW,New Zealand,1924,10,0,10,10.0,47.0
NEW,New Zealand,1925,10,0,10,10.0,48.0
NEW,New Zealand,1926,10,0,10,10.0,49.0
NEW,New Zealand,1927,10,0,10,10.0,50.0
NEW,New Zealand,1928,10,0,10,10.0,51.0
NEW,New Zealand,1929,10,0,10,10.0,52.0
NEW,New Zealand,1930,10,0,10,10.0,53.0
NEW,New Zealand,1931,10,0,10,10.0,54.0
NEW,New Zealand,1932,10,0,10,10.0,55.0
NEW,New Zealand,1933,10,0,10,10.0,56.0
NEW,New Zealand,1934,10,0,10,10.0,57.0
NEW,New Zealand,1935,10,0,10,10.0,58.0
NEW,New Zealand,1936,10,0,10,10.0,59.0
NEW,New Zealand,1937,10,0,10,10.0,60.0
NEW,New Zealand,1938,10,0,10,10.0,61.0
NEW,New Zealand,1939,10,0,10,10.0,62.0
NEW,New Zealand,1940,10,0,10,10.0,63.0
NEW,New Zealand,1941,10,0,10,10.0,64.0
NEW,New Zealand,1942,10,0,10,10.0,65.0
NEW,New Zealand,1943,10,0,10,10.0,66.0
NEW,New Zealand,1944,10,0,10,10.0,67.0
NEW,New Zealand,1945,10,0,10,10.0,68.0
NEW,New Zealand,1946,10,0,10,10.0,69.0
NEW,New Zealand,1947,10,0,10,10.0,70.0
NEW,New Zealand,1948,10,0,10,10.0,71.0
NEW,New Zealand,1949,10,0,10,10.0,72.0
NEW,New Zealand,1950,10,0,10,10.0,73.0
NEW,New Zealand,1951,10,0,10,10.0,74.0
NEW,New Zealand,1952,10,0,10,10.0,75.0
NEW,New Zealand,1953,10,0,10,10.0,76.0
NEW,New Zealand,1954,10,0,10,10.0,77.0
NEW,New Zealand,1955,10,0,10,10.0,78.0
NEW,New Zealand,1956,10,0,10,10.0,79.0
NEW,New Zealand,1957,10,0,10,10.0,80.0
NEW,New Zealand,1958,10,0,10,10.0,81.0
NEW,New Zealand,1959,10,0,10,10.0,82.0
NEW,New Zealand,1960,10,0,10,10.0,83.0
NEW,New Zealand,1961,10,0,10,10.0,84.0
NEW,New Zealand,1962,10,0,10,10.0,85.0
NEW,New Zealand,1963,10,0,10,10.0,86.0
NEW,New Zealand,1964,10,0,10,10.0,87.0
NEW,New Zealand,1965,10,0,10,10.0,88.0
NEW,New Zealand,1966,10,0,10,10.0,89.0
NEW,New Zealand,1967,10,0,10,10.0,90.0
NEW,New Zealand,1968,10,0,10,10.0,91.0
NEW,New Zealand,1969,10,0,10,10.0,92.0
NEW,New Zealand,1970,10,0,10,10.0,93.0
NEW,New Zealand,1971,10,0,10,10.0,94.0
NEW,New Zealand,1972,10,0,10,10.0,95.0
NEW,New Zealand,1973,10,0,10,10.0,96.0
NEW,New Zealand,1974,10,0,10,10.0,97.0
NEW,New Zealand,1975,10,0,10,10.0,98.0
NEW,New Zealand,1976,10,0,10,10.0,99.0
NEW,New Zealand,1977,10,0,10,10.0,100.0
NEW,New Zealand,1978,10,0,10,10.0,101.0
NEW,New Zealand,1979,10,0,10,10.0,102.0
NEW,New Zealand,1980,10,0,10,10.0,103.0
NEW,New Zealand,1981,10,0,10,10.0,104.0
NEW,New Zealand,1982,10,0,10,10.0,105.0
NEW,New Zealand,1983,10,0,10,10.0,106.0
NEW,New Zealand,1984,10,0,10,10.0,107.0
NEW,New Zealand,1985,10,0,10,10.0,108.0
NEW,New Zealand,1986,10,0,10,10.0,109.0
NEW,New Zealand,1987,10,0,10,10.0,110.0
NEW,New Zealand,1988,10,0,10,10.0,111.0
NEW,New Zealand,1989,10,0,10,10.0,112.0
NEW,New Zealand,1990,10,0,10,10.0,113.0
NEW,New Zealand,1991,10,0,10,10.0,114.0
NEW,New Zealand,1992,10,0,10,10.0,115.0
NEW,New Zealand,1993,10,0,10,10.0,116.0
NEW,New Zealand,1994,10,0,10,10.0,117.0
NEW,New Zealand,1995,10,0,10,10.0,118.0
NEW,New Zealand,1996,10,0,10,10.0,119.0
NEW,New Zealand,1997,10,0,10,10.0,120.0
NEW,New Zealand,1998,10,0,10,10.0,121.0
NEW,New Zealand,1999,10,0,10,10.0,122.0
NEW,New Zealand,2000,10,0,10,10.0,123.0
NEW,New Zealand,2001,10,0,10,10.0,124.0
NEW,New Zealand,2002,10,0,10,10.0,125.0
NEW,New Zealand,2003,10,0,10,10.0,126.0
NEW,New Zealand,2004,10,0,10,10.0,127.0
NEW,New Zealand,2005,10,0,10,10.0,128.0
NEW,New Zealand,2006,10,0,10,10.0,129.0
NEW,New Zealand,2007,10,0,10,10.0,130.0
NEW,New Zealand,2008,10,0,10,10.0,131.0
NEW,New Zealand,2009,10,0,10,10.0,132.0
NEW,New Zealand,2010,10,0,10,10.0,133.0
NEW,New Zealand,2011,10,0,10,10.0,134.0
NEW,New Zealand,2012,10,0,10,10.0,135.0
NEW,New Zealand,2013,10,0,10,10.0,136.0
NEW,New Zealand,2014,10,0,10,10.0,137.0
NEW,New Zealand,2015,10,0,10,10.0,138.0
NEW,New Zealand,2016,10,0,10,10.0,139.0
NEW,New Zealand,2017,10,0,10,10.0,140.0
NEW,New Zealand,2018,10,0,10,10.0,141.0
NIC,Nicaragua,1838,1,6,-5,-5.0,0.0
NIC,Nicaragua,1839,1,6,-5,-5.0,1.0
NIC,Nicaragua,1840,1,6,-5,-5.0,2.0
NIC,Nicaragua,1841,1,6,-5,-5.0,3.0
NIC,Nicaragua,1842,1,6,-5,-5.0,4.0
NIC,Nicaragua,1843,1,6,-5,-5.0,5.0
NIC,Nicaragua,1844,1,6,-5,-5.0,6.0
NIC,Nicaragua,1845,1,6,-5,-5.0,7.0
NIC,Nicaragua,1846,1,6,-5,-5.0,8.0
NIC,Nicaragua,1847,1,6,-5,-5.0,9.0
NIC,Nicaragua,1848,1,6,-5,-5.0,10.0
NIC,Nicaragua,1849,1,6,-5,-5.0,11.0
NIC,Nicaragua,1850,1,6,-5,-5.0,12.0
NIC,Nicaragua,1851,1,6,-5,-5.0,13.0
NIC,Nicaragua,1852,1,6,-5,-5.0,14.0
NIC,Nicaragua,1853,1,6,-5,-5.0,15.0
NIC,Nicaragua,1854,1,6,-5,-5.0,16.0
NIC,Nicaragua,1855,1,6,-5,-5.0,17.0
NIC,Nicaragua,1856,1,6,-5,-5.0,18.0
NIC,Nicaragua,1857,1,6,-5,-5.0,19.0
NIC,Nicaragua,1858,1,6,-5,-5.0,20.0
NIC,Nicaragua,1859,1,6,-5,-5.0,21.0
NIC,Nicaragua,1860,1,6,-5,-5.0,22.0
NIC,Nicaragua,1861,1,6,-5,-5.0,23.0
NIC,Nicaragua,1862,1,6,-5,-5.0,24.0
NIC,Nicaragua,1863,1,6,-5,-5.0,25.0
NIC,Nicaragua,1864,1,6,-5,-5.0,26.0
NIC,Nicaragua,1865,1,6,-5,-5.0,27.0
NIC,Nicaragua,1866,1,6,-5,-5.0,28.0
NIC,Nicaragua,1867,1,6,-5,-5.0,29.0
NIC,Nicaragua,1868,1,6,-5,-5.0,30.0
NIC,Nicaragua,1869,1,6,-5,-5.0,31.0
NIC,Nicaragua,1870,1,6,-5,-5.0,32.0
NIC,Nicaragua,1871,1,6,-5,-5.0,33.0
NIC,Nicaragua,1872,1,6,-5,-5.0,34.0
NIC,Nicaragua,1873,1,6,-5,-5.0,35.0
NIC,Nicaragua,1874,1,6,-5,-5.0,36.0
NIC,Nicaragua,1875,1,6,-5,-5.0,37.0
NIC,Nicaragua,1876,1,6,-5,-5.0,38.0
NIC,Nicaragua,1877,1,6,-5,-5.0,39.0
NIC,Nicaragua,1878,1,6,-5,-5.0,40.0
NIC,Nicaragua,1879,1,6,-5,-5.0,41.0
NIC,Nicaragua,1880,1,6,-5,-5.0,42.0
NIC,Nicaragua,1881,1,6,-5,-5.0,43.0
NIC,Nicaragua,1882,1,6,-5,-5.0,44.0
NIC,Nicaragua,1883,1,6,-5,-5.0,45.0
NIC,Nicaragua,1884,1,6,-5,-5.0,46.0
NIC,Nicaragua,1885,1,6,-5,-5.0,47.0
NIC,Nicaragua,1886,1,6,-5,-5.0,48.0
NIC,Nicaragua,1887,1,6,-5,-5.0,49.0
NIC,Nicaragua,1888,1,6,-5,-5.0,50.0
NIC,Nicaragua,1889,1,6,-5,-5.0,51.0
NIC,Nicaragua,1890,1,6,-5,-5.0,52.0
NIC,Nicaragua,1891,1,6,-5,-5.0,53.0
NIC,Nicaragua,1892,1,6,-5,-5.0,54.0
NIC,Nicaragua,1893,1,6,-5,-5.0,55.0
NIC,Nicaragua,1894,1,6,-5,-5.0,56.0
NIC,Nicaragua,1895,1,6,-5,-5.0,57.0
NIC,Nicaragua,1896,1,6,-5,-5.0,58.0
NIC,Nicaragua,1897,1,6,-5,-5.0,59.0
NIC,Nicaragua,1898,1,6,-5,-5.0,60.0
NIC,Nicaragua,1899,1,6,-5,-5.0,61.0
NIC,Nicaragua,1900,1,6,-5,-5.0,62.0
NIC,Nicaragua,1901,1,6,-5,-5.0,63.0
NIC,Nicaragua,1902,1,6,-5,-5.0,64.0
NIC,Nicaragua,1903,1,6,-5,-5.0,65.0
NIC,Nicaragua,1904,1,6,-5,-5.0,66.0
NIC,Nicaragua,1905,1,6,-5,-5.0,67.0
NIC,Nicaragua,1906,1,6,-5,-5.0,68.0
NIC,Nicaragua,1907,1,6,-5,-5.0,69.0
NIC,Nicaragua,1908,1,6,-5,-5.0,70.0
NIC,Nicaragua,1909,1,4,-3,-3.0,71.0
NIC,Nicaragua,1910,1,4,-3,-3.0,72.0
NIC,Nicaragua,1911,1,4,-3,-3.0,73.0
NIC,Nicaragua,1912,1,4,-3,-3.0,74.0
NIC,Nicaragua,1913,1,4,-3,-3.0,75.0
NIC,Nicaragua,1914,1,4,-3,-3.0,76.0
NIC,Nicaragua,1915,1,4,-3,-3.0,77.0
NIC,Nicaragua,1916,1,4,-3,-3.0,78.0
NIC,Nicaragua,1917,1,4,-3,-3.0,79.0
NIC,Nicaragua,1918,1,4,-3,-3.0,80.0
NIC,Nicaragua,1919,1,4,-3,-3.0,81.0
NIC,Nicaragua,1920,1,4,-3,-3.0,82.0
NIC,Nicaragua,1921,1,4,-3,-3.0,83.0
NIC,Nicaragua,1922,1,4,-3,-3.0,84.0
NIC,Nicaragua,1923,1,4,-3,-3.0,85.0
NIC,Nicaragua,1924,1,4,-3,-3.0,86.0
NIC,Nicaragua,1925,1,4,-3,-3.0,87.0
NIC,Nicaragua,1926,-66,-66,-66,,0.0
NIC,Nicaragua,1927,-66,-66,-66,,0.0
NIC,Nicaragua,1928,1,4,-3,-3.0,0.0
NIC,Nicaragua,1929,1,4,-3,-3.0,0.0
NIC,Nicaragua,1930,1,4,-3,-3.0,1.0
NIC,Nicaragua,1931,1,4,-3,-3.0,2.0
NIC,Nicaragua,1932,1,4,-3,-3.0,3.0
NIC,Nicaragua,1933,1,4,-3,-3.0,4.0
NIC,Nicaragua,1934,1,4,-3,-3.0,5.0
NIC,Nicaragua,1935,1,4,-3,-3.0,6.0
NIC,Nicaragua,1936,0,8,-8,-8.0,0.0
NIC,Nicaragua,1937,0,8,-8,-8.0,1.0
NIC,Nicaragua,1938,0,8,-8,-8.0,2.0
NIC,Nicaragua,1939,0,8,-8,-8.0,3.0
NIC,Nicaragua,1940,0,8,-8,-8.0,4.0
NIC,Nicaragua,1941,0,8,-8,-8.0,5.0
NIC,Nicaragua,1942,0,8,-8,-8.0,6.0
NIC,Nicaragua,1943,0,8,-8,-8.0,7.0
NIC,Nicaragua,1944,0,8,-8,-8.0,8.0
NIC,Nicaragua,1945,0,8,-8,-8.0,9.0
NIC,Nicaragua,1946,0,8,-8,-8.0,10.0
NIC,Nicaragua,1947,0,8,-8,-8.0,11.0
NIC,Nicaragua,1948,0,8,-8,-8.0,12.0
NIC,Nicaragua,1949,0,8,-8,-8.0,13.0
NIC,Nicaragua,1950,0,8,-8,-8.0,14.0
NIC,Nicaragua,1951,0,8,-8,-8.0,15.0
NIC,Nicaragua,1952,0,8,-8,-8.0,16.0
NIC,Nicaragua,1953,0,8,-8,-8.0,17.0
NIC,Nicaragua,1954,0,8,-8,-8.0,18.0
NIC,Nicaragua,1955,0,8,-8,-8.0,19.0
NIC,Nicaragua,1956,0,8,-8,-8.0,20.0
NIC,Nicaragua,1957,0,8,-8,-8.0,21.0
NIC,Nicaragua,1958,0,8,-8,-8.0,22.0
NIC,Nicaragua,1959,0,8,-8,-8.0,23.0
NIC,Nicaragua,1960,0,8,-8,-8.0,24.0
NIC,Nicaragua,1961,0,8,-8,-8.0,25.0
NIC,Nicaragua,1962,0,8,-8,-8.0,26.0
NIC,Nicaragua,1963,0,8,-8,-8.0,27.0
NIC,Nicaragua,1964,0,8,-8,-8.0,28.0
NIC,Nicaragua,1965,0,8,-8,-8.0,29.0
NIC,Nicaragua,1966,0,8,-8,-8.0,30.0
NIC,Nicaragua,1967,0,8,-8,-8.0,31.0
NIC,Nicaragua,1968,0,8,-8,-8.0,32.0
NIC,Nicaragua,1969,0,8,-8,-8.0,33.0
NIC,Nicaragua,1970,0,8,-8,-8.0,34.0
NIC,Nicaragua,1971,0,8,-8,-8.0,35.0
NIC,Nicaragua,1972,0,8,-8,-8.0,36.0
NIC,Nicaragua,1973,0,8,-8,-8.0,37.0
NIC,Nicaragua,1974,0,8,-8,-8.0,38.0
NIC,Nicaragua,1975,0,8,-8,-8.0,39.0
NIC,Nicaragua,1976,0,8,-8,-8.0,40.0
NIC,Nicaragua,1977,0,8,-8,-8.0,41.0
NIC,Nicaragua,1978,0,8,-8,-8.0,42.0
NIC,Nicaragua,1979,0,3,-3,-3.0,0.0
NIC,Nicaragua,1980,0,3,-3,-3.0,1.0
NIC,Nicaragua,1981,0,5,-5,-5.0,2.0
NIC,Nicaragua,1982,0,5,-5,-5.0,3.0
NIC,Nicaragua,1983,0,5,-5,-5.0,4.0
NIC,Nicaragua,1984,1,2,-1,-1.0,0.0
NIC,Nicaragua,1985,1,2,-1,-1.0,1.0
NIC,Nicaragua,1986,1,2,-1,-1.0,2.0
NIC,Nicaragua,1987,1,2,-1,-1.0,3.0
NIC,Nicaragua,1988,1,2,-1,-1.0,4.0
NIC,Nicaragua,1989,1,2,-1,-1.0,5.0
NIC,Nicaragua,1990,6,0,6,6.0,0.0
NIC,Nicaragua,1991,6,0,6,6.0,1.0
NIC,Nicaragua,1992,6,0,6,6.0,2.0
NIC,Nicaragua,1993,6,0,6,6.0,3.0
NIC,Nicaragua,1994,6,0,6,6.0,4.0
NIC,Nicaragua,1995,8,0,8,8.0,5.0
NIC,Nicaragua,1996,8,0,8,8.0,6.0
NIC,Nicaragua,1997,8,0,8,8.0,7.0
NIC,Nicaragua,1998,8,0,8,8.0,8.0
NIC,Nicaragua,1999,8,0,8,8.0,9.0
NIC,Nicaragua,2000,8,0,8,8.0,10.0
NIC,Nicaragua,2001,8,0,8,8.0,11.0
NIC,Nicaragua,2002,8,0,8,8.0,12.0
NIC,Nicaragua,2003,8,0,8,8.0,13.0
NIC,Nicaragua,2004,8,0,8,8.0,14.0
NIC,Nicaragua,2005,8,0,8,8.0,15.0
NIC,Nicaragua,2006,8,0,8,8.0,16.0
NIC,Nicaragua,2007,9,0,9,9.0,17.0
NIC,Nicaragua,2008,9,0,9,9.0,18.0
NIC,Nicaragua,2009,9,0,9,9.0,19.0
NIC,Nicaragua,2010,9,0,9,9.0,20.0
NIC,Nicaragua,2011,9,0,9,9.0,21.0
NIC,Nicaragua,2012,9,0,9,9.0,22.0
NIC,Nicaragua,2013,9,0,9,9.0,23.0
NIC,Nicaragua,2014,9,0,9,9.0,24.0
NIC,Nicaragua,2015,9,0,9,9.0,25.0
NIC,Nicaragua,2016,7,1,6,6.0,0.0
NIC,Nicaragua,2017,7,1,6,6.0,1.0
NIC,Nicaragua,2018,7,1,6,6.0,2.0
NIG,Nigeria,1960,8,0,8,8.0,0.0
NIG,Nigeria,1961,8,0,8,8.0,1.0
NIG,Nigeria,1962,8,0,8,8.0,2.0
NIG,Nigeria,1963,8,0,8,8.0,3.0
NIG,Nigeria,1964,8,1,7,7.0,0.0
NIG,Nigeria,1965,8,1,7,7.0,0.0
NIG,Nigeria,1966,0,7,-7,-7.0,0.0
NIG,Nigeria,1967,0,7,-7,-7.0,1.0
NIG,Nigeria,1968,0,7,-7,-7.0,2.0
NIG,Nigeria,1969,0,7,-7,-7.0,3.0
NIG,Nigeria,1970,0,7,-7,-7.0,4.0
NIG,Nigeria,1971,0,7,-7,-7.0,5.0
NIG,Nigeria,1972,0,7,-7,-7.0,6.0
NIG,Nigeria,1973,0,7,-7,-7.0,7.0
NIG,Nigeria,1974,0,7,-7,-7.0,8.0
NIG,Nigeria,1975,0,7,-7,-7.0,9.0
NIG,Nigeria,1976,0,7,-7,-7.0,10.0
NIG,Nigeria,1977,0,7,-7,-7.0,11.0
NIG,Nigeria,1978,-88,-88,-88,0.0,0.0
NIG,Nigeria,1979,8,1,7,7.0,0.0
NIG,Nigeria,1980,8,1,7,7.0,1.0
NIG,Nigeria,1981,8,1,7,7.0,2.0
NIG,Nigeria,1982,8,1,7,7.0,3.0
NIG,Nigeria,1983,8,1,7,7.0,4.0
NIG,Nigeria,1984,0,7,-7,-7.0,0.0
NIG,Nigeria,1985,0,7,-7,-7.0,1.0
NIG,Nigeria,1986,0,7,-7,-7.0,2.0
NIG,Nigeria,1987,0,7,-7,-7.0,3.0
NIG,Nigeria,1988,0,7,-7,-7.0,4.0
NIG,Nigeria,1989,0,5,-5,-5.0,5.0
NIG,Nigeria,1990,0,5,-5,-5.0,6.0
NIG,Nigeria,1991,0,5,-5,-5.0,7.0
NIG,Nigeria,1992,0,5,-5,-5.0,8.0
NIG,Nigeria,1993,0,7,-7,-7.0,9.0
NIG,Nigeria,1994,0,7,-7,-7.0,10.0
NIG,Nigeria,1995,0,6,-6,-6.0,11.0
NIG,Nigeria,1996,0,6,-6,-6.0,12.0
NIG,Nigeria,1997,0,6,-6,-6.0,13.0
NIG,Nigeria,1998,-88,-88,-88,-1.0,0.0
NIG,Nigeria,1999,4,0,4,4.0,0.0
NIG,Nigeria,2000,4,0,4,4.0,1.0
NIG,Nigeria,2001,4,0,4,4.0,2.0
NIG,Nigeria,2002,4,0,4,4.0,3.0
NIG,Nigeria,2003,4,0,4,4.0,4.0
NIG,Nigeria,2004,4,0,4,4.0,5.0
NIG,Nigeria,2005,4,0,4,4.0,6.0
NIG,Nigeria,2006,4,0,4,4.0,7.0
NIG,Nigeria,2007,4,0,4,4.0,8.0
NIG,Nigeria,2008,4,0,4,4.0,9.0
NIG,Nigeria,2009,4,0,4,4.0,10.0
NIG,Nigeria,2010,4,0,4,4.0,11.0
NIG,Nigeria,2011,4,0,4,4.0,12.0
NIG,Nigeria,2012,4,0,4,4.0,13.0
NIG,Nigeria,2013,4,0,4,4.0,14.0
NIG,Nigeria,2014,4,0,4,4.0,15.0
NIG,Nigeria,2015,8,1,7,7.0,0.0
NIG,Nigeria,2016,8,1,7,7.0,1.0
NIG,Nigeria,2017,8,1,7,7.0,2.0
NIG,Nigeria,2018,8,1,7,7.0,3.0
NIR,Niger,1960,0,3,-3,-3.0,0.0
NIR,Niger,1961,0,3,-3,-3.0,1.0
NIR,Niger,1962,0,3,-3,-3.0,2.0
NIR,Niger,1963,0,3,-3,-3.0,3.0
NIR,Niger,1964,0,3,-3,-3.0,4.0
NIR,Niger,1965,0,3,-3,-3.0,5.0
NIR,Niger,1966,0,3,-3,-3.0,6.0
NIR,Niger,1967,0,3,-3,-3.0,7.0
NIR,Niger,1968,0,3,-3,-3.0,8.0
NIR,Niger,1969,0,3,-3,-3.0,9.0
NIR,Niger,1970,0,3,-3,-3.0,10.0
NIR,Niger,1971,0,3,-3,-3.0,11.0
NIR,Niger,1972,0,3,-3,-3.0,12.0
NIR,Niger,1973,0,3,-3,-3.0,13.0
NIR,Niger,1974,0,7,-7,-7.0,0.0
NIR,Niger,1975,0,7,-7,-7.0,1.0
NIR,Niger,1976,0,7,-7,-7.0,2.0
NIR,Niger,1977,0,7,-7,-7.0,3.0
NIR,Niger,1978,0,7,-7,-7.0,4.0
NIR,Niger,1979,0,7,-7,-7.0,5.0
NIR,Niger,1980,0,7,-7,-7.0,6.0
NIR,Niger,1981,0,7,-7,-7.0,7.0
NIR,Niger,1982,0,7,-7,-7.0,8.0
NIR,Niger,1983,0,7,-7,-7.0,9.0
NIR,Niger,1984,0,7,-7,-7.0,10.0
NIR,Niger,1985,0,7,-7,-7.0,11.0
NIR,Niger,1986,0,7,-7,-7.0,12.0
NIR,Niger,1987,0,6,-6,-6.0,13.0
NIR,Niger,1988,0,6,-6,-6.0,14.0
NIR,Niger,1989,0,6,-6,-6.0,15.0
NIR,Niger,1990,0,4,-4,-4.0,0.0
NIR,Niger,1991,-88,-88,-88,-1.0,0.0
NIR,Niger,1992,-88,-88,-88,3.0,0.0
NIR,Niger,1993,6,0,6,6.0,0.0
NIR,Niger,1994,6,0,6,6.0,1.0
NIR,Niger,1995,6,0,6,6.0,2.0
NIR,Niger,1996,1,4,-3,-3.0,0.0
NIR,Niger,1997,1,4,-3,-3.0,1.0
NIR,Niger,1998,1,4,-3,-3.0,2.0
NIR,Niger,1999,6,1,5,5.0,0.0
NIR,Niger,2000,6,1,5,5.0,1.0
NIR,Niger,2001,6,1,5,5.0,2.0
NIR,Niger,2002,6,1,5,5.0,3.0
NIR,Niger,2003,6,1,5,5.0,4.0
NIR,Niger,2004,7,1,6,6.0,5.0
NIR,Niger,2005,7,1,6,6.0,6.0
NIR,Niger,2006,7,1,6,6.0,7.0
NIR,Niger,2007,7,1,6,6.0,8.0
NIR,Niger,2008,7,1,6,6.0,9.0
NIR,Niger,2009,0,3,-3,-3.0,0.0
NIR,Niger,2010,4,1,3,3.0,0.0
NIR,Niger,2011,7,1,6,6.0,0.0
NIR,Niger,2012,7,1,6,6.0,1.0
NIR,Niger,2013,7,1,6,6.0,2.0
NIR,Niger,2014,7,1,6,6.0,3.0
NIR,Niger,2015,7,1,6,6.0,4.0
NIR,Niger,2016,6,1,5,5.0,5.0
NIR,Niger,2017,6,1,5,5.0,6.0
NIR,Niger,2018,6,1,5,5.0,7.0
NOR,Norway,1814,0,7,-7,-7.0,0.0
NOR,Norway,1815,0,7,-7,-7.0,1.0
NOR,Norway,1816,0,7,-7,-7.0,2.0
NOR,Norway,1817,0,7,-7,-7.0,3.0
NOR,Norway,1818,0,7,-7,-7.0,4.0
NOR,Norway,1819,0,7,-7,-7.0,5.0
NOR,Norway,1820,0,7,-7,-7.0,6.0
NOR,Norway,1821,0,7,-7,-7.0,7.0
NOR,Norway,1822,0,7,-7,-7.0,8.0
NOR,Norway,1823,0,7,-7,-7.0,9.0
NOR,Norway,1824,0,7,-7,-7.0,10.0
NOR,Norway,1825,0,7,-7,-7.0,11.0
NOR,Norway,1826,0,7,-7,-7.0,12.0
NOR,Norway,1827,0,7,-7,-7.0,13.0
NOR,Norway,1828,0,7,-7,-7.0,14.0
NOR,Norway,1829,0,7,-7,-7.0,15.0
NOR,Norway,1830,0,7,-7,-7.0,16.0
NOR,Norway,1831,0,7,-7,-7.0,17.0
NOR,Norway,1832,0,7,-7,-7.0,18.0
NOR,Norway,1833,0,7,-7,-7.0,19.0
NOR,Norway,1834,0,7,-7,-7.0,20.0
NOR,Norway,1835,0,7,-7,-7.0,21.0
NOR,Norway,1836,0,7,-7,-7.0,22.0
NOR,Norway,1837,0,7,-7,-7.0,23.0
NOR,Norway,1838,0,7,-7,-7.0,24.0
NOR,Norway,1839,0,7,-7,-7.0,25.0
NOR,Norway,1840,0,7,-7,-7.0,26.0
NOR,Norway,1841,0,7,-7,-7.0,27.0
NOR,Norway,1842,0,7,-7,-7.0,28.0
NOR,Norway,1843,0,7,-7,-7.0,29.0
NOR,Norway,1844,0,7,-7,-7.0,30.0
NOR,Norway,1845,0,7,-7,-7.0,31.0
NOR,Norway,1846,0,7,-7,-7.0,32.0
NOR,Norway,1847,0,7,-7,-7.0,33.0
NOR,Norway,1848,0,7,-7,-7.0,34.0
NOR,Norway,1849,0,7,-7,-7.0,35.0
NOR,Norway,1850,0,7,-7,-7.0,36.0
NOR,Norway,1851,0,7,-7,-7.0,37.0
NOR,Norway,1852,0,7,-7,-7.0,38.0
NOR,Norway,1853,0,7,-7,-7.0,39.0
NOR,Norway,1854,0,7,-7,-7.0,40.0
NOR,Norway,1855,0,7,-7,-7.0,41.0
NOR,Norway,1856,0,7,-7,-7.0,42.0
NOR,Norway,1857,0,7,-7,-7.0,43.0
NOR,Norway,1858,0,7,-7,-7.0,44.0
NOR,Norway,1859,0,7,-7,-7.0,45.0
NOR,Norway,1860,0,7,-7,-7.0,46.0
NOR,Norway,1861,0,7,-7,-7.0,47.0
NOR,Norway,1862,0,7,-7,-7.0,48.0
NOR,Norway,1863,0,7,-7,-7.0,49.0
NOR,Norway,1864,0,7,-7,-7.0,50.0
NOR,Norway,1865,0,7,-7,-7.0,51.0
NOR,Norway,1866,0,7,-7,-7.0,52.0
NOR,Norway,1867,0,7,-7,-7.0,53.0
NOR,Norway,1868,0,7,-7,-7.0,54.0
NOR,Norway,1869,0,7,-7,-7.0,55.0
NOR,Norway,1870,0,7,-7,-7.0,56.0
NOR,Norway,1871,0,7,-7,-7.0,57.0
NOR,Norway,1872,0,7,-7,-7.0,58.0
NOR,Norway,1873,2,6,-4,-4.0,0.0
NOR,Norway,1874,2,6,-4,-4.0,1.0
NOR,Norway,1875,2,6,-4,-4.0,2.0
NOR,Norway,1876,2,6,-4,-4.0,3.0
NOR,Norway,1877,2,6,-4,-4.0,4.0
NOR,Norway,1878,2,6,-4,-4.0,5.0
NOR,Norway,1879,2,6,-4,-4.0,6.0
NOR,Norway,1880,2,6,-4,-4.0,7.0
NOR,Norway,1881,2,6,-4,-4.0,8.0
NOR,Norway,1882,2,6,-4,-4.0,9.0
NOR,Norway,1883,2,6,-4,-4.0,10.0
NOR,Norway,1884,4,6,-2,-2.0,11.0
NOR,Norway,1885,4,6,-2,-2.0,12.0
NOR,Norway,1886,4,6,-2,-2.0,13.0
NOR,Norway,1887,4,6,-2,-2.0,14.0
NOR,Norway,1888,4,6,-2,-2.0,15.0
NOR,Norway,1889,4,6,-2,-2.0,16.0
NOR,Norway,1890,4,6,-2,-2.0,17.0
NOR,Norway,1891,4,6,-2,-2.0,18.0
NOR,Norway,1892,4,6,-2,-2.0,19.0
NOR,Norway,1893,4,6,-2,-2.0,20.0
NOR,Norway,1894,4,6,-2,-2.0,21.0
NOR,Norway,1895,4,6,-2,-2.0,22.0
NOR,Norway,1896,4,6,-2,-2.0,23.0
NOR,Norway,1897,4,6,-2,-2.0,24.0
NOR,Norway,1898,10,0,10,10.0,0.0
NOR,Norway,1899,10,0,10,10.0,1.0
NOR,Norway,1900,10,0,10,10.0,2.0
NOR,Norway,1901,10,0,10,10.0,3.0
NOR,Norway,1902,10,0,10,10.0,4.0
NOR,Norway,1903,10,0,10,10.0,5.0
NOR,Norway,1904,10,0,10,10.0,6.0
NOR,Norway,1905,10,0,10,10.0,7.0
NOR,Norway,1906,10,0,10,10.0,8.0
NOR,Norway,1907,10,0,10,10.0,9.0
NOR,Norway,1908,10,0,10,10.0,10.0
NOR,Norway,1909,10,0,10,10.0,11.0
NOR,Norway,1910,10,0,10,10.0,12.0
NOR,Norway,1911,10,0,10,10.0,13.0
NOR,Norway,1912,10,0,10,10.0,14.0
NOR,Norway,1913,10,0,10,10.0,15.0
NOR,Norway,1914,10,0,10,10.0,16.0
NOR,Norway,1915,10,0,10,10.0,17.0
NOR,Norway,1916,10,0,10,10.0,18.0
NOR,Norway,1917,10,0,10,10.0,19.0
NOR,Norway,1918,10,0,10,10.0,20.0
NOR,Norway,1919,10,0,10,10.0,21.0
NOR,Norway,1920,10,0,10,10.0,22.0
NOR,Norway,1921,10,0,10,10.0,23.0
NOR,Norway,1922,10,0,10,10.0,24.0
NOR,Norway,1923,10,0,10,10.0,25.0
NOR,Norway,1924,10,0,10,10.0,26.0
NOR,Norway,1925,10,0,10,10.0,27.0
NOR,Norway,1926,10,0,10,10.0,28.0
NOR,Norway,1927,10,0,10,10.0,29.0
NOR,Norway,1928,10,0,10,10.0,30.0
NOR,Norway,1929,10,0,10,10.0,31.0
NOR,Norway,1930,10,0,10,10.0,32.0
NOR,Norway,1931,10,0,10,10.0,33.0
NOR,Norway,1932,10,0,10,10.0,34.0
NOR,Norway,1933,10,0,10,10.0,35.0
NOR,Norway,1934,10,0,10,10.0,36.0
NOR,Norway,1935,10,0,10,10.0,37.0
NOR,Norway,1936,10,0,10,10.0,38.0
NOR,Norway,1937,10,0,10,10.0,39.0
NOR,Norway,1938,10,0,10,10.0,40.0
NOR,Norway,1939,10,0,10,10.0,41.0
NOR,Norway,1940,-66,-66,-66,,0.0
NOR,Norway,1941,-66,-66,-66,,0.0
NOR,Norway,1942,-66,-66,-66,,0.0
NOR,Norway,1943,-66,-66,-66,,0.0
NOR,Norway,1944,-66,-66,-66,,0.0
NOR,Norway,1945,10,0,10,10.0,0.0
NOR,Norway,1946,10,0,10,10.0,1.0
NOR,Norway,1947,10,0,10,10.0,2.0
NOR,Norway,1948,10,0,10,10.0,3.0
NOR,Norway,1949,10,0,10,10.0,4.0
NOR,Norway,1950,10,0,10,10.0,5.0
NOR,Norway,1951,10,0,10,10.0,6.0
NOR,Norway,1952,10,0,10,10.0,7.0
NOR,Norway,1953,10,0,10,10.0,8.0
NOR,Norway,1954,10,0,10,10.0,9.0
NOR,Norway,1955,10,0,10,10.0,10.0
NOR,Norway,1956,10,0,10,10.0,11.0
NOR,Norway,1957,10,0,10,10.0,12.0
NOR,Norway,1958,10,0,10,10.0,13.0
NOR,Norway,1959,10,0,10,10.0,14.0
NOR,Norway,1960,10,0,10,10.0,15.0
NOR,Norway,1961,10,0,10,10.0,16.0
NOR,Norway,1962,10,0,10,10.0,17.0
NOR,Norway,1963,10,0,10,10.0,18.0
NOR,Norway,1964,10,0,10,10.0,19.0
NOR,Norway,1965,10,0,10,10.0,20.0
NOR,Norway,1966,10,0,10,10.0,21.0
NOR,Norway,1967,10,0,10,10.0,22.0
NOR,Norway,1968,10,0,10,10.0,23.0
NOR,Norway,1969,10,0,10,10.0,24.0
NOR,Norway,1970,10,0,10,10.0,25.0
NOR,Norway,1971,10,0,10,10.0,26.0
NOR,Norway,1972,10,0,10,10.0,27.0
NOR,Norway,1973,10,0,10,10.0,28.0
NOR,Norway,1974,10,0,10,10.0,29.0
NOR,Norway,1975,10,0,10,10.0,30.0
NOR,Norway,1976,10,0,10,10.0,31.0
NOR,Norway,1977,10,0,10,10.0,32.0
NOR,Norway,1978,10,0,10,10.0,33.0
NOR,Norway,1979,10,0,10,10.0,34.0
NOR,Norway,1980,10,0,10,10.0,35.0
NOR,Norway,1981,10,0,10,10.0,36.0
NOR,Norway,1982,10,0,10,10.0,37.0
NOR,Norway,1983,10,0,10,10.0,38.0
NOR,Norway,1984,10,0,10,10.0,39.0
NOR,Norway,1985,10,0,10,10.0,40.0
NOR,Norway,1986,10,0,10,10.0,41.0
NOR,Norway,1987,10,0,10,10.0,42.0
NOR,Norway,1988,10,0,10,10.0,43.0
NOR,Norway,1989,10,0,10,10.0,44.0
NOR,Norway,1990,10,0,10,10.0,45.0
NOR,Norway,1991,10,0,10,10.0,46.0
NOR,Norway,1992,10,0,10,10.0,47.0
NOR,Norway,1993,10,0,10,10.0,48.0
NOR,Norway,1994,10,0,10,10.0,49.0
NOR,Norway,1995,10,0,10,10.0,50.0
NOR,Norway,1996,10,0,10,10.0,51.0
NOR,Norway,1997,10,0,10,10.0,52.0
NOR,Norway,1998,10,0,10,10.0,53.0
NOR,Norway,1999,10,0,10,10.0,54.0
NOR,Norway,2000,10,0,10,10.0,55.0
NOR,Norway,2001,10,0,10,10.0,56.0
NOR,Norway,2002,10,0,10,10.0,57.0
NOR,Norway,2003,10,0,10,10.0,58.0
NOR,Norway,2004,10,0,10,10.0,59.0
NOR,Norway,2005,10,0,10,10.0,60.0
NOR,Norway,2006,10,0,10,10.0,61.0
NOR,Norway,2007,10,0,10,10.0,62.0
NOR,Norway,2008,10,0,10,10.0,63.0
NOR,Norway,2009,10,0,10,10.0,64.0
NOR,Norway,2010,10,0,10,10.0,65.0
NOR,Norway,2011,10,0,10,10.0,66.0
NOR,Norway,2012,10,0,10,10.0,67.0
NOR,Norway,2013,10,0,10,10.0,68.0
NOR,Norway,2014,10,0,10,10.0,69.0
NOR,Norway,2015,10,0,10,10.0,70.0
NOR,Norway,2016,10,0,10,10.0,71.0
NOR,Norway,2017,10,0,10,10.0,72.0
NOR,Norway,2018,10,0,10,10.0,73.0
NTH,Netherlands,1815,1,7,-6,-6.0,0.0
NTH,Netherlands,1816,1,7,-6,-6.0,1.0
NTH,Netherlands,1817,1,7,-6,-6.0,2.0
NTH,Netherlands,1818,1,7,-6,-6.0,3.0
NTH,Netherlands,1819,1,7,-6,-6.0,4.0
NTH,Netherlands,1820,1,7,-6,-6.0,5.0
NTH,Netherlands,1821,1,7,-6,-6.0,6.0
NTH,Netherlands,1822,1,7,-6,-6.0,7.0
NTH,Netherlands,1823,1,7,-6,-6.0,8.0
NTH,Netherlands,1824,1,7,-6,-6.0,9.0
NTH,Netherlands,1825,1,7,-6,-6.0,10.0
NTH,Netherlands,1826,1,7,-6,-6.0,11.0
NTH,Netherlands,1827,1,7,-6,-6.0,12.0
NTH,Netherlands,1828,1,7,-6,-6.0,13.0
NTH,Netherlands,1829,1,7,-6,-6.0,14.0
NTH,Netherlands,1830,1,7,-6,-6.0,15.0
NTH,Netherlands,1831,1,7,-6,-6.0,16.0
NTH,Netherlands,1832,1,7,-6,-6.0,17.0
NTH,Netherlands,1833,1,7,-6,-6.0,18.0
NTH,Netherlands,1834,1,7,-6,-6.0,19.0
NTH,Netherlands,1835,1,7,-6,-6.0,20.0
NTH,Netherlands,1836,1,7,-6,-6.0,21.0
NTH,Netherlands,1837,1,7,-6,-6.0,22.0
NTH,Netherlands,1838,1,7,-6,-6.0,23.0
NTH,Netherlands,1839,1,7,-6,-6.0,24.0
NTH,Netherlands,1840,0,7,-7,-7.0,25.0
NTH,Netherlands,1841,0,7,-7,-7.0,26.0
NTH,Netherlands,1842,0,7,-7,-7.0,27.0
NTH,Netherlands,1843,0,7,-7,-7.0,28.0
NTH,Netherlands,1844,0,7,-7,-7.0,29.0
NTH,Netherlands,1845,0,7,-7,-7.0,30.0
NTH,Netherlands,1846,0,7,-7,-7.0,31.0
NTH,Netherlands,1847,0,7,-7,-7.0,32.0
NTH,Netherlands,1848,2,6,-4,-4.0,0.0
NTH,Netherlands,1849,3,6,-3,-3.0,0.0
NTH,Netherlands,1850,3,6,-3,-3.0,1.0
NTH,Netherlands,1851,3,6,-3,-3.0,2.0
NTH,Netherlands,1852,3,6,-3,-3.0,3.0
NTH,Netherlands,1853,3,6,-3,-3.0,4.0
NTH,Netherlands,1854,3,6,-3,-3.0,5.0
NTH,Netherlands,1855,3,6,-3,-3.0,6.0
NTH,Netherlands,1856,3,6,-3,-3.0,7.0
NTH,Netherlands,1857,3,6,-3,-3.0,8.0
NTH,Netherlands,1858,3,6,-3,-3.0,9.0
NTH,Netherlands,1859,3,6,-3,-3.0,10.0
NTH,Netherlands,1860,3,6,-3,-3.0,11.0
NTH,Netherlands,1861,3,6,-3,-3.0,12.0
NTH,Netherlands,1862,3,6,-3,-3.0,13.0
NTH,Netherlands,1863,3,6,-3,-3.0,14.0
NTH,Netherlands,1864,3,6,-3,-3.0,15.0
NTH,Netherlands,1865,3,6,-3,-3.0,16.0
NTH,Netherlands,1866,3,6,-3,-3.0,17.0
NTH,Netherlands,1867,3,6,-3,-3.0,18.0
NTH,Netherlands,1868,3,6,-3,-3.0,19.0
NTH,Netherlands,1869,3,6,-3,-3.0,20.0
NTH,Netherlands,1870,3,6,-3,-3.0,21.0
NTH,Netherlands,1871,3,6,-3,-3.0,22.0
NTH,Netherlands,1872,3,6,-3,-3.0,23.0
NTH,Netherlands,1873,3,6,-3,-3.0,24.0
NTH,Netherlands,1874,3,6,-3,-3.0,25.0
NTH,Netherlands,1875,3,6,-3,-3.0,26.0
NTH,Netherlands,1876,3,6,-3,-3.0,27.0
NTH,Netherlands,1877,3,6,-3,-3.0,28.0
NTH,Netherlands,1878,3,6,-3,-3.0,29.0
NTH,Netherlands,1879,3,6,-3,-3.0,30.0
NTH,Netherlands,1880,3,6,-3,-3.0,31.0
NTH,Netherlands,1881,3,6,-3,-3.0,32.0
NTH,Netherlands,1882,3,6,-3,-3.0,33.0
NTH,Netherlands,1883,3,6,-3,-3.0,34.0
NTH,Netherlands,1884,3,6,-3,-3.0,35.0
NTH,Netherlands,1885,3,6,-3,-3.0,36.0
NTH,Netherlands,1886,3,6,-3,-3.0,37.0
NTH,Netherlands,1887,3,6,-3,-3.0,38.0
NTH,Netherlands,1888,3,6,-3,-3.0,39.0
NTH,Netherlands,1889,4,6,-2,-2.0,40.0
NTH,Netherlands,1890,4,6,-2,-2.0,41.0
NTH,Netherlands,1891,4,6,-2,-2.0,42.0
NTH,Netherlands,1892,4,6,-2,-2.0,43.0
NTH,Netherlands,1893,4,6,-2,-2.0,44.0
NTH,Netherlands,1894,4,6,-2,-2.0,45.0
NTH,Netherlands,1895,4,6,-2,-2.0,46.0
NTH,Netherlands,1896,4,6,-2,-2.0,47.0
NTH,Netherlands,1897,4,6,-2,-2.0,48.0
NTH,Netherlands,1898,4,6,-2,-2.0,49.0
NTH,Netherlands,1899,4,6,-2,-2.0,50.0
NTH,Netherlands,1900,4,6,-2,-2.0,51.0
NTH,Netherlands,1901,4,6,-2,-2.0,52.0
NTH,Netherlands,1902,4,6,-2,-2.0,53.0
NTH,Netherlands,1903,4,6,-2,-2.0,54.0
NTH,Netherlands,1904,4,6,-2,-2.0,55.0
NTH,Netherlands,1905,4,6,-2,-2.0,56.0
NTH,Netherlands,1906,4,6,-2,-2.0,57.0
NTH,Netherlands,1907,4,6,-2,-2.0,58.0
NTH,Netherlands,1908,4,6,-2,-2.0,59.0
NTH,Netherlands,1909,4,6,-2,-2.0,60.0
NTH,Netherlands,1910,4,6,-2,-2.0,61.0
NTH,Netherlands,1911,4,6,-2,-2.0,62.0
NTH,Netherlands,1912,4,6,-2,-2.0,63.0
NTH,Netherlands,1913,4,6,-2,-2.0,64.0
NTH,Netherlands,1914,4,6,-2,-2.0,65.0
NTH,Netherlands,1915,4,6,-2,-2.0,66.0
NTH,Netherlands,1916,4,6,-2,-2.0,67.0
NTH,Netherlands,1917,10,0,10,10.0,0.0
NTH,Netherlands,1918,10,0,10,10.0,1.0
NTH,Netherlands,1919,10,0,10,10.0,2.0
NTH,Netherlands,1920,10,0,10,10.0,3.0
NTH,Netherlands,1921,10,0,10,10.0,4.0
NTH,Netherlands,1922,10,0,10,10.0,5.0
NTH,Netherlands,1923,10,0,10,10.0,6.0
NTH,Netherlands,1924,10,0,10,10.0,7.0
NTH,Netherlands,1925,10,0,10,10.0,8.0
NTH,Netherlands,1926,10,0,10,10.0,9.0
NTH,Netherlands,1927,10,0,10,10.0,10.0
NTH,Netherlands,1928,10,0,10,10.0,11.0
NTH,Netherlands,1929,10,0,10,10.0,12.0
NTH,Netherlands,1930,10,0,10,10.0,13.0
NTH,Netherlands,1931,10,0,10,10.0,14.0
NTH,Netherlands,1932,10,0,10,10.0,15.0
NTH,Netherlands,1933,10,0,10,10.0,16.0
NTH,Netherlands,1934,10,0,10,10.0,17.0
NTH,Netherlands,1935,10,0,10,10.0,18.0
NTH,Netherlands,1936,10,0,10,10.0,19.0
NTH,Netherlands,1937,10,0,10,10.0,20.0
NTH,Netherlands,1938,10,0,10,10.0,21.0
NTH,Netherlands,1939,10,0,10,10.0,22.0
NTH,Netherlands,1940,-66,-66,-66,,0.0
NTH,Netherlands,1941,-66,-66,-66,,0.0
NTH,Netherlands,1942,-66,-66,-66,,0.0
NTH,Netherlands,1943,-66,-66,-66,,0.0
NTH,Netherlands,1944,-66,-66,-66,,0.0
NTH,Netherlands,1945,10,0,10,10.0,0.0
NTH,Netherlands,1946,10,0,10,10.0,1.0
NTH,Netherlands,1947,10,0,10,10.0,2.0
NTH,Netherlands,1948,10,0,10,10.0,3.0
NTH,Netherlands,1949,10,0,10,10.0,4.0
NTH,Netherlands,1950,10,0,10,10.0,5.0
NTH,Netherlands,1951,10,0,10,10.0,6.0
NTH,Netherlands,1952,10,0,10,10.0,7.0
NTH,Netherlands,1953,10,0,10,10.0,8.0
NTH,Netherlands,1954,10,0,10,10.0,9.0
NTH,Netherlands,1955,10,0,10,10.0,10.0
NTH,Netherlands,1956,10,0,10,10.0,11.0
NTH,Netherlands,1957,10,0,10,10.0,12.0
NTH,Netherlands,1958,10,0,10,10.0,13.0
NTH,Netherlands,1959,10,0,10,10.0,14.0
NTH,Netherlands,1960,10,0,10,10.0,15.0
NTH,Netherlands,1961,10,0,10,10.0,16.0
NTH,Netherlands,1962,10,0,10,10.0,17.0
NTH,Netherlands,1963,10,0,10,10.0,18.0
NTH,Netherlands,1964,10,0,10,10.0,19.0
NTH,Netherlands,1965,10,0,10,10.0,20.0
NTH,Netherlands,1966,10,0,10,10.0,21.0
NTH,Netherlands,1967,10,0,10,10.0,22.0
NTH,Netherlands,1968,10,0,10,10.0,23.0
NTH,Netherlands,1969,10,0,10,10.0,24.0
NTH,Netherlands,1970,10,0,10,10.0,25.0
NTH,Netherlands,1971,10,0,10,10.0,26.0
NTH,Netherlands,1972,10,0,10,10.0,27.0
NTH,Netherlands,1973,10,0,10,10.0,28.0
NTH,Netherlands,1974,10,0,10,10.0,29.0
NTH,Netherlands,1975,10,0,10,10.0,30.0
NTH,Netherlands,1976,10,0,10,10.0,31.0
NTH,Netherlands,1977,10,0,10,10.0,32.0
NTH,Netherlands,1978,10,0,10,10.0,33.0
NTH,Netherlands,1979,10,0,10,10.0,34.0
NTH,Netherlands,1980,10,0,10,10.0,35.0
NTH,Netherlands,1981,10,0,10,10.0,36.0
NTH,Netherlands,1982,10,0,10,10.0,37.0
NTH,Netherlands,1983,10,0,10,10.0,38.0
NTH,Netherlands,1984,10,0,10,10.0,39.0
NTH,Netherlands,1985,10,0,10,10.0,40.0
NTH,Netherlands,1986,10,0,10,10.0,41.0
NTH,Netherlands,1987,10,0,10,10.0,42.0
NTH,Netherlands,1988,10,0,10,10.0,43.0
NTH,Netherlands,1989,10,0,10,10.0,44.0
NTH,Netherlands,1990,10,0,10,10.0,45.0
NTH,Netherlands,1991,10,0,10,10.0,46.0
NTH,Netherlands,1992,10,0,10,10.0,47.0
NTH,Netherlands,1993,10,0,10,10.0,48.0
NTH,Netherlands,1994,10,0,10,10.0,49.0
NTH,Netherlands,1995,10,0,10,10.0,50.0
NTH,Netherlands,1996,10,0,10,10.0,51.0
NTH,Netherlands,1997,10,0,10,10.0,52.0
NTH,Netherlands,1998,10,0,10,10.0,53.0
NTH,Netherlands,1999,10,0,10,10.0,54.0
NTH,Netherlands,2000,10,0,10,10.0,55.0
NTH,Netherlands,2001,10,0,10,10.0,56.0
NTH,Netherlands,2002,10,0,10,10.0,57.0
NTH,Netherlands,2003,10,0,10,10.0,58.0
NTH,Netherlands,2004,10,0,10,10.0,59.0
NTH,Netherlands,2005,10,0,10,10.0,60.0
NTH,Netherlands,2006,10,0,10,10.0,61.0
NTH,Netherlands,2007,10,0,10,10.0,62.0
NTH,Netherlands,2008,10,0,10,10.0,63.0
NTH,Netherlands,2009,10,0,10,10.0,64.0
NTH,Netherlands,2010,10,0,10,10.0,65.0
NTH,Netherlands,2011,10,0,10,10.0,66.0
NTH,Netherlands,2012,10,0,10,10.0,67.0
NTH,Netherlands,2013,10,0,10,10.0,68.0
NTH,Netherlands,2014,10,0,10,10.0,69.0
NTH,Netherlands,2015,10,0,10,10.0,70.0
NTH,Netherlands,2016,10,0,10,10.0,71.0
NTH,Netherlands,2017,10,0,10,10.0,72.0
NTH,Netherlands,2018,10,0,10,10.0,73.0
OFS,Orange Free State,1854,7,3,4,4.0,0.0
OFS,Orange Free State,1855,7,3,4,4.0,1.0
OFS,Orange Free State,1856,7,3,4,4.0,2.0
OFS,Orange Free State,1857,7,3,4,4.0,3.0
OFS,Orange Free State,1858,7,3,4,4.0,4.0
OFS,Orange Free State,1859,7,3,4,4.0,5.0
OFS,Orange Free State,1860,7,3,4,4.0,6.0
OFS,Orange Free State,1861,7,3,4,4.0,7.0
OFS,Orange Free State,1862,7,3,4,4.0,8.0
OFS,Orange Free State,1863,7,3,4,4.0,9.0
OFS,Orange Free State,1864,7,3,4,4.0,10.0
OFS,Orange Free State,1865,7,3,4,4.0,11.0
OFS,Orange Free State,1866,7,3,4,4.0,12.0
OFS,Orange Free State,1867,7,3,4,4.0,13.0
OFS,Orange Free State,1868,7,3,4,4.0,14.0
OFS,Orange Free State,1869,7,3,4,4.0,15.0
OFS,Orange Free State,1870,7,3,4,4.0,16.0
OFS,Orange Free State,1871,7,3,4,4.0,17.0
OFS,Orange Free State,1872,7,3,4,4.0,18.0
OFS,Orange Free State,1873,7,3,4,4.0,19.0
OFS,Orange Free State,1874,7,3,4,4.0,20.0
OFS,Orange Free State,1875,7,3,4,4.0,21.0
OFS,Orange Free State,1876,7,3,4,4.0,22.0
OFS,Orange Free State,1877,7,3,4,4.0,23.0
OFS,Orange Free State,1878,7,3,4,4.0,24.0
OFS,Orange Free State,1879,7,3,4,4.0,25.0
OFS,Orange Free State,1880,7,3,4,4.0,26.0
OFS,Orange Free State,1881,7,3,4,4.0,27.0
OFS,Orange Free State,1882,7,3,4,4.0,28.0
OFS,Orange Free State,1883,7,3,4,4.0,29.0
OFS,Orange Free State,1884,7,3,4,4.0,30.0
OFS,Orange Free State,1885,7,3,4,4.0,31.0
OFS,Orange Free State,1886,7,3,4,4.0,32.0
OFS,Orange Free State,1887,7,3,4,4.0,33.0
OFS,Orange Free State,1888,7,3,4,4.0,34.0
OFS,Orange Free State,1889,7,3,4,4.0,35.0
OFS,Orange Free State,1890,7,3,4,4.0,36.0
OFS,Orange Free State,1891,7,3,4,4.0,37.0
OFS,Orange Free State,1892,7,3,4,4.0,38.0
OFS,Orange Free State,1893,7,3,4,4.0,39.0
OFS,Orange Free State,1894,7,3,4,4.0,40.0
OFS,Orange Free State,1895,7,3,4,4.0,41.0
OFS,Orange Free State,1896,7,3,4,4.0,42.0
OFS,Orange Free State,1897,7,3,4,4.0,43.0
OFS,Orange Free State,1898,7,3,4,4.0,44.0
OFS,Orange Free State,1899,7,3,4,4.0,45.0
OFS,Orange Free State,1900,7,3,4,4.0,46.0
OFS,Orange Free State,1901,7,3,4,4.0,47.0
OFS,Orange Free State,1902,7,3,4,4.0,48.0
OMA,Oman,1800,0,6,-6,-6.0,
OMA,Oman,1801,0,6,-6,-6.0,
OMA,Oman,1802,0,6,-6,-6.0,
OMA,Oman,1803,0,6,-6,-6.0,
OMA,Oman,1804,0,6,-6,-6.0,
OMA,Oman,1805,0,6,-6,-6.0,
OMA,Oman,1806,0,6,-6,-6.0,
OMA,Oman,1807,0,6,-6,-6.0,
OMA,Oman,1808,0,6,-6,-6.0,
OMA,Oman,1809,0,6,-6,-6.0,
OMA,Oman,1810,0,6,-6,-6.0,
OMA,Oman,1811,0,6,-6,-6.0,
OMA,Oman,1812,0,6,-6,-6.0,
OMA,Oman,1813,0,6,-6,-6.0,
OMA,Oman,1814,0,6,-6,-6.0,
OMA,Oman,1815,0,6,-6,-6.0,
OMA,Oman,1816,0,6,-6,-6.0,
OMA,Oman,1817,0,6,-6,-6.0,
OMA,Oman,1818,0,6,-6,-6.0,
OMA,Oman,1819,0,6,-6,-6.0,
OMA,Oman,1820,0,6,-6,-6.0,
OMA,Oman,1821,0,6,-6,-6.0,
OMA,Oman,1822,0,6,-6,-6.0,
OMA,Oman,1823,0,6,-6,-6.0,
OMA,Oman,1824,0,6,-6,-6.0,
OMA,Oman,1825,0,6,-6,-6.0,
OMA,Oman,1826,0,6,-6,-6.0,
OMA,Oman,1827,0,6,-6,-6.0,
OMA,Oman,1828,0,6,-6,-6.0,
OMA,Oman,1829,0,6,-6,-6.0,
OMA,Oman,1830,0,6,-6,-6.0,
OMA,Oman,1831,0,6,-6,-6.0,
OMA,Oman,1832,0,6,-6,-6.0,
OMA,Oman,1833,0,6,-6,-6.0,
OMA,Oman,1834,0,6,-6,-6.0,
OMA,Oman,1835,0,6,-6,-6.0,
OMA,Oman,1836,0,6,-6,-6.0,
OMA,Oman,1837,0,6,-6,-6.0,
OMA,Oman,1838,0,6,-6,-6.0,
OMA,Oman,1839,0,6,-6,-6.0,
OMA,Oman,1840,0,6,-6,-6.0,
OMA,Oman,1841,0,6,-6,-6.0,
OMA,Oman,1842,0,6,-6,-6.0,
OMA,Oman,1843,0,6,-6,-6.0,
OMA,Oman,1844,0,6,-6,-6.0,
OMA,Oman,1845,0,6,-6,-6.0,
OMA,Oman,1846,0,6,-6,-6.0,
OMA,Oman,1847,0,6,-6,-6.0,
OMA,Oman,1848,0,6,-6,-6.0,
OMA,Oman,1849,0,6,-6,-6.0,
OMA,Oman,1850,0,6,-6,-6.0,
OMA,Oman,1851,0,6,-6,-6.0,
OMA,Oman,1852,0,6,-6,-6.0,
OMA,Oman,1853,0,6,-6,-6.0,
OMA,Oman,1854,0,6,-6,-6.0,
OMA,Oman,1855,0,6,-6,-6.0,
OMA,Oman,1856,0,6,-6,-6.0,
OMA,Oman,1857,0,6,-6,-6.0,
OMA,Oman,1858,0,6,-6,-6.0,
OMA,Oman,1859,0,6,-6,-6.0,
OMA,Oman,1860,0,6,-6,-6.0,
OMA,Oman,1861,0,6,-6,-6.0,
OMA,Oman,1862,0,6,-6,-6.0,
OMA,Oman,1863,0,6,-6,-6.0,
OMA,Oman,1864,0,6,-6,-6.0,
OMA,Oman,1865,0,6,-6,-6.0,
OMA,Oman,1866,0,6,-6,-6.0,
OMA,Oman,1867,0,6,-6,-6.0,
OMA,Oman,1868,0,6,-6,-6.0,
OMA,Oman,1869,0,6,-6,-6.0,
OMA,Oman,1870,0,6,-6,-6.0,
OMA,Oman,1871,0,6,-6,-6.0,
OMA,Oman,1872,0,6,-6,-6.0,
OMA,Oman,1873,0,6,-6,-6.0,
OMA,Oman,1874,0,6,-6,-6.0,
OMA,Oman,1875,0,6,-6,-6.0,
OMA,Oman,1876,0,6,-6,-6.0,
OMA,Oman,1877,0,6,-6,-6.0,
OMA,Oman,1878,0,6,-6,-6.0,
OMA,Oman,1879,0,6,-6,-6.0,
OMA,Oman,1880,0,6,-6,-6.0,
OMA,Oman,1881,0,6,-6,-6.0,
OMA,Oman,1882,0,6,-6,-6.0,
OMA,Oman,1883,0,6,-6,-6.0,
OMA,Oman,1884,0,6,-6,-6.0,
OMA,Oman,1885,0,6,-6,-6.0,
OMA,Oman,1886,0,6,-6,-6.0,
OMA,Oman,1887,0,6,-6,-6.0,
OMA,Oman,1888,0,6,-6,-6.0,
OMA,Oman,1889,0,6,-6,-6.0,
OMA,Oman,1890,0,6,-6,-6.0,
OMA,Oman,1891,0,6,-6,-6.0,
OMA,Oman,1892,0,6,-6,-6.0,
OMA,Oman,1893,0,6,-6,-6.0,
OMA,Oman,1894,0,6,-6,-6.0,
OMA,Oman,1895,0,6,-6,-6.0,
OMA,Oman,1896,0,6,-6,-6.0,
OMA,Oman,1897,0,6,-6,-6.0,
OMA,Oman,1898,0,6,-6,-6.0,
OMA,Oman,1899,0,6,-6,-6.0,
OMA,Oman,1900,0,6,-6,-6.0,
OMA,Oman,1901,0,6,-6,-6.0,
OMA,Oman,1902,0,6,-6,-6.0,
OMA,Oman,1903,0,6,-6,-6.0,
OMA,Oman,1904,0,6,-6,-6.0,
OMA,Oman,1905,0,6,-6,-6.0,
OMA,Oman,1906,0,6,-6,-6.0,
OMA,Oman,1907,0,6,-6,-6.0,
OMA,Oman,1908,0,6,-6,-6.0,
OMA,Oman,1909,0,6,-6,-6.0,
OMA,Oman,1910,0,6,-6,-6.0,
OMA,Oman,1911,0,6,-6,-6.0,
OMA,Oman,1912,0,6,-6,-6.0,
OMA,Oman,1913,0,6,-6,-6.0,
OMA,Oman,1914,0,6,-6,-6.0,
OMA,Oman,1915,0,6,-6,-6.0,
OMA,Oman,1916,0,6,-6,-6.0,
OMA,Oman,1917,0,6,-6,-6.0,
OMA,Oman,1918,0,6,-6,-6.0,
OMA,Oman,1919,0,6,-6,-6.0,
OMA,Oman,1920,0,6,-6,-6.0,
OMA,Oman,1921,0,6,-6,-6.0,
OMA,Oman,1922,0,6,-6,-6.0,
OMA,Oman,1923,0,6,-6,-6.0,
OMA,Oman,1924,0,6,-6,-6.0,
OMA,Oman,1925,0,6,-6,-6.0,
OMA,Oman,1926,0,6,-6,-6.0,
OMA,Oman,1927,0,6,-6,-6.0,
OMA,Oman,1928,0,6,-6,-6.0,
OMA,Oman,1929,0,6,-6,-6.0,
OMA,Oman,1930,0,6,-6,-6.0,
OMA,Oman,1931,0,6,-6,-6.0,
OMA,Oman,1932,0,6,-6,-6.0,
OMA,Oman,1933,0,6,-6,-6.0,
OMA,Oman,1934,0,6,-6,-6.0,
OMA,Oman,1935,0,6,-6,-6.0,
OMA,Oman,1936,0,6,-6,-6.0,
OMA,Oman,1937,0,6,-6,-6.0,
OMA,Oman,1938,0,6,-6,-6.0,
OMA,Oman,1939,0,6,-6,-6.0,
OMA,Oman,1940,0,6,-6,-6.0,
OMA,Oman,1941,0,6,-6,-6.0,
OMA,Oman,1942,0,6,-6,-6.0,
OMA,Oman,1943,0,6,-6,-6.0,
OMA,Oman,1944,0,6,-6,-6.0,
OMA,Oman,1945,0,6,-6,-6.0,
OMA,Oman,1946,0,6,-6,-6.0,
OMA,Oman,1947,0,6,-6,-6.0,
OMA,Oman,1948,0,6,-6,-6.0,
OMA,Oman,1949,0,6,-6,-6.0,
OMA,Oman,1950,0,6,-6,-6.0,
OMA,Oman,1951,0,6,-6,-6.0,
OMA,Oman,1952,0,6,-6,-6.0,
OMA,Oman,1953,0,6,-6,-6.0,
OMA,Oman,1954,0,6,-6,-6.0,
OMA,Oman,1955,0,6,-6,-6.0,
OMA,Oman,1956,0,6,-6,-6.0,
OMA,Oman,1957,0,10,-10,-10.0,0.0
OMA,Oman,1958,0,10,-10,-10.0,1.0
OMA,Oman,1959,0,10,-10,-10.0,2.0
OMA,Oman,1960,0,10,-10,-10.0,3.0
OMA,Oman,1961,0,10,-10,-10.0,4.0
OMA,Oman,1962,0,10,-10,-10.0,5.0
OMA,Oman,1963,0,10,-10,-10.0,6.0
OMA,Oman,1964,0,10,-10,-10.0,7.0
OMA,Oman,1965,0,10,-10,-10.0,8.0
OMA,Oman,1966,0,10,-10,-10.0,9.0
OMA,Oman,1967,0,10,-10,-10.0,10.0
OMA,Oman,1968,0,10,-10,-10.0,11.0
OMA,Oman,1969,0,10,-10,-10.0,12.0
OMA,Oman,1970,0,10,-10,-10.0,13.0
OMA,Oman,1971,0,10,-10,-10.0,14.0
OMA,Oman,1972,0,10,-10,-10.0,15.0
OMA,Oman,1973,0,10,-10,-10.0,16.0
OMA,Oman,1974,0,10,-10,-10.0,17.0
OMA,Oman,1975,0,10,-10,-10.0,18.0
OMA,Oman,1976,0,10,-10,-10.0,19.0
OMA,Oman,1977,0,10,-10,-10.0,20.0
OMA,Oman,1978,0,10,-10,-10.0,21.0
OMA,Oman,1979,0,10,-10,-10.0,22.0
OMA,Oman,1980,0,10,-10,-10.0,23.0
OMA,Oman,1981,0,10,-10,-10.0,24.0
OMA,Oman,1982,0,10,-10,-10.0,25.0
OMA,Oman,1983,0,10,-10,-10.0,26.0
OMA,Oman,1984,0,10,-10,-10.0,27.0
OMA,Oman,1985,0,10,-10,-10.0,28.0
OMA,Oman,1986,0,10,-10,-10.0,29.0
OMA,Oman,1987,0,10,-10,-10.0,30.0
OMA,Oman,1988,0,10,-10,-10.0,31.0
OMA,Oman,1989,0,10,-10,-10.0,32.0
OMA,Oman,1990,0,10,-10,-10.0,33.0
OMA,Oman,1991,0,9,-9,-9.0,34.0
OMA,Oman,1992,0,9,-9,-9.0,35.0
OMA,Oman,1993,0,9,-9,-9.0,36.0
OMA,Oman,1994,0,9,-9,-9.0,37.0
OMA,Oman,1995,0,9,-9,-9.0,38.0
OMA,Oman,1996,0,9,-9,-9.0,39.0
OMA,Oman,1997,0,9,-9,-9.0,40.0
OMA,Oman,1998,0,9,-9,-9.0,41.0
OMA,Oman,1999,0,9,-9,-9.0,42.0
OMA,Oman,2000,0,9,-9,-9.0,43.0
OMA,Oman,2001,0,9,-9,-9.0,44.0
OMA,Oman,2002,0,8,-8,-8.0,45.0
OMA,Oman,2003,0,8,-8,-8.0,46.0
OMA,Oman,2004,0,8,-8,-8.0,47.0
OMA,Oman,2005,0,8,-8,-8.0,48.0
OMA,Oman,2006,0,8,-8,-8.0,49.0
OMA,Oman,2007,0,8,-8,-8.0,50.0
OMA,Oman,2008,0,8,-8,-8.0,51.0
OMA,Oman,2009,0,8,-8,-8.0,52.0
OMA,Oman,2010,0,8,-8,-8.0,53.0
OMA,Oman,2011,0,8,-8,-8.0,54.0
OMA,Oman,2012,0,8,-8,-8.0,55.0
OMA,Oman,2013,0,8,-8,-8.0,56.0
OMA,Oman,2014,0,8,-8,-8.0,57.0
OMA,Oman,2015,0,8,-8,-8.0,58.0
OMA,Oman,2016,0,8,-8,-8.0,59.0
OMA,Oman,2017,0,8,-8,-8.0,60.0
OMA,Oman,2018,0,8,-8,-8.0,61.0
PAK,Pakistan,1972,-88,-88,-88,4.0,0.0
PAK,Pakistan,1973,8,0,8,8.0,0.0
PAK,Pakistan,1974,8,0,8,8.0,1.0
PAK,Pakistan,1975,8,0,8,8.0,2.0
PAK,Pakistan,1976,8,0,8,8.0,3.0
PAK,Pakistan,1977,0,7,-7,-7.0,0.0
PAK,Pakistan,1978,0,7,-7,-7.0,1.0
PAK,Pakistan,1979,0,7,-7,-7.0,2.0
PAK,Pakistan,1980,0,7,-7,-7.0,3.0
PAK,Pakistan,1981,0,7,-7,-7.0,4.0
PAK,Pakistan,1982,0,7,-7,-7.0,5.0
PAK,Pakistan,1983,0,7,-7,-7.0,6.0
PAK,Pakistan,1984,0,7,-7,-7.0,7.0
PAK,Pakistan,1985,0,4,-4,-4.0,0.0
PAK,Pakistan,1986,0,4,-4,-4.0,1.0
PAK,Pakistan,1987,0,4,-4,-4.0,2.0
PAK,Pakistan,1988,8,0,8,8.0,0.0
PAK,Pakistan,1989,8,0,8,8.0,1.0
PAK,Pakistan,1990,8,0,8,8.0,2.0
PAK,Pakistan,1991,8,0,8,8.0,3.0
PAK,Pakistan,1992,8,0,8,8.0,4.0
PAK,Pakistan,1993,8,0,8,8.0,5.0
PAK,Pakistan,1994,8,0,8,8.0,6.0
PAK,Pakistan,1995,8,0,8,8.0,7.0
PAK,Pakistan,1996,8,0,8,8.0,8.0
PAK,Pakistan,1997,7,0,7,7.0,9.0
PAK,Pakistan,1998,7,0,7,7.0,10.0
PAK,Pakistan,1999,0,6,-6,-6.0,0.0
PAK,Pakistan,2000,0,6,-6,-6.0,1.0
PAK,Pakistan,2001,0,6,-6,-6.0,2.0
PAK,Pakistan,2002,0,5,-5,-5.0,3.0
PAK,Pakistan,2003,0,5,-5,-5.0,4.0
PAK,Pakistan,2004,0,5,-5,-5.0,5.0
PAK,Pakistan,2005,0,5,-5,-5.0,6.0
PAK,Pakistan,2006,0,5,-5,-5.0,7.0
PAK,Pakistan,2007,2,0,2,2.0,0.0
PAK,Pakistan,2008,5,0,5,5.0,0.0
PAK,Pakistan,2009,5,0,5,5.0,1.0
PAK,Pakistan,2010,6,0,6,6.0,2.0
PAK,Pakistan,2011,6,0,6,6.0,3.0
PAK,Pakistan,2012,6,0,6,6.0,4.0
PAK,Pakistan,2013,7,0,7,7.0,5.0
PAK,Pakistan,2014,7,0,7,7.0,6.0
PAK,Pakistan,2015,7,0,7,7.0,7.0
PAK,Pakistan,2016,7,0,7,7.0,8.0
PAK,Pakistan,2017,7,0,7,7.0,9.0
PAK,Pakistan,2018,7,0,7,7.0,10.0
PAN,Panama,1903,0,3,-3,-3.0,0.0
PAN,Panama,1904,0,3,-3,-3.0,1.0
PAN,Panama,1905,0,3,-3,-3.0,2.0
PAN,Panama,1906,0,3,-3,-3.0,3.0
PAN,Panama,1907,0,3,-3,-3.0,4.0
PAN,Panama,1908,0,3,-3,-3.0,5.0
PAN,Panama,1909,0,3,-3,-3.0,6.0
PAN,Panama,1910,0,3,-3,-3.0,7.0
PAN,Panama,1911,0,3,-3,-3.0,8.0
PAN,Panama,1912,0,3,-3,-3.0,9.0
PAN,Panama,1913,0,3,-3,-3.0,10.0
PAN,Panama,1914,0,3,-3,-3.0,11.0
PAN,Panama,1915,0,3,-3,-3.0,12.0
PAN,Panama,1916,0,3,-3,-3.0,13.0
PAN,Panama,1917,0,3,-3,-3.0,14.0
PAN,Panama,1918,0,3,-3,-3.0,15.0
PAN,Panama,1919,0,3,-3,-3.0,16.0
PAN,Panama,1920,0,3,-3,-3.0,17.0
PAN,Panama,1921,0,3,-3,-3.0,18.0
PAN,Panama,1922,0,3,-3,-3.0,19.0
PAN,Panama,1923,0,3,-3,-3.0,20.0
PAN,Panama,1924,0,3,-3,-3.0,21.0
PAN,Panama,1925,0,3,-3,-3.0,22.0
PAN,Panama,1926,0,3,-3,-3.0,23.0
PAN,Panama,1927,0,3,-3,-3.0,24.0
PAN,Panama,1928,0,3,-3,-3.0,25.0
PAN,Panama,1929,0,3,-3,-3.0,26.0
PAN,Panama,1930,0,3,-3,-3.0,27.0
PAN,Panama,1931,0,3,-3,-3.0,28.0
PAN,Panama,1932,0,3,-3,-3.0,29.0
PAN,Panama,1933,0,3,-3,-3.0,30.0
PAN,Panama,1934,0,3,-3,-3.0,31.0
PAN,Panama,1935,0,3,-3,-3.0,32.0
PAN,Panama,1936,0,3,-3,-3.0,33.0
PAN,Panama,1937,0,3,-3,-3.0,34.0
PAN,Panama,1938,0,3,-3,-3.0,35.0
PAN,Panama,1939,0,3,-3,-3.0,36.0
PAN,Panama,1940,0,3,-3,-3.0,37.0
PAN,Panama,1941,0,3,-3,-3.0,38.0
PAN,Panama,1942,0,3,-3,-3.0,39.0
PAN,Panama,1943,0,3,-3,-3.0,40.0
PAN,Panama,1944,0,3,-3,-3.0,41.0
PAN,Panama,1945,0,3,-3,-3.0,42.0
PAN,Panama,1946,0,3,-3,-3.0,43.0
PAN,Panama,1947,0,3,-3,-3.0,44.0
PAN,Panama,1948,0,3,-3,-3.0,45.0
PAN,Panama,1949,1,2,-1,-1.0,46.0
PAN,Panama,1950,1,2,-1,-1.0,47.0
PAN,Panama,1951,1,2,-1,-1.0,48.0
PAN,Panama,1952,1,2,-1,-1.0,49.0
PAN,Panama,1953,1,2,-1,-1.0,50.0
PAN,Panama,1954,1,2,-1,-1.0,51.0
PAN,Panama,1955,5,1,4,4.0,0.0
PAN,Panama,1956,5,1,4,4.0,1.0
PAN,Panama,1957,5,1,4,4.0,2.0
PAN,Panama,1958,5,1,4,4.0,3.0
PAN,Panama,1959,5,1,4,4.0,4.0
PAN,Panama,1960,5,1,4,4.0,5.0
PAN,Panama,1961,5,1,4,4.0,6.0
PAN,Panama,1962,5,1,4,4.0,7.0
PAN,Panama,1963,5,1,4,4.0,8.0
PAN,Panama,1964,5,1,4,4.0,9.0
PAN,Panama,1965,5,1,4,4.0,10.0
PAN,Panama,1966,5,1,4,4.0,11.0
PAN,Panama,1967,5,1,4,4.0,12.0
PAN,Panama,1968,0,7,-7,-7.0,0.0
PAN,Panama,1969,0,7,-7,-7.0,1.0
PAN,Panama,1970,0,7,-7,-7.0,2.0
PAN,Panama,1971,0,7,-7,-7.0,3.0
PAN,Panama,1972,0,7,-7,-7.0,4.0
PAN,Panama,1973,0,7,-7,-7.0,5.0
PAN,Panama,1974,0,7,-7,-7.0,6.0
PAN,Panama,1975,0,7,-7,-7.0,7.0
PAN,Panama,1976,0,7,-7,-7.0,8.0
PAN,Panama,1977,0,7,-7,-7.0,9.0
PAN,Panama,1978,0,6,-6,-6.0,10.0
PAN,Panama,1979,0,6,-6,-6.0,11.0
PAN,Panama,1980,0,6,-6,-6.0,12.0
PAN,Panama,1981,0,6,-6,-6.0,13.0
PAN,Panama,1982,0,5,-5,-5.0,14.0
PAN,Panama,1983,0,5,-5,-5.0,15.0
PAN,Panama,1984,0,6,-6,-6.0,16.0
PAN,Panama,1985,0,6,-6,-6.0,17.0
PAN,Panama,1986,0,6,-6,-6.0,18.0
PAN,Panama,1987,0,8,-8,-8.0,19.0
PAN,Panama,1988,0,8,-8,-8.0,20.0
PAN,Panama,1989,8,0,8,8.0,0.0
PAN,Panama,1990,8,0,8,8.0,1.0
PAN,Panama,1991,8,0,8,8.0,2.0
PAN,Panama,1992,8,0,8,8.0,3.0
PAN,Panama,1993,8,0,8,8.0,4.0
PAN,Panama,1994,9,0,9,9.0,5.0
PAN,Panama,1995,9,0,9,9.0,6.0
PAN,Panama,1996,9,0,9,9.0,7.0
PAN,Panama,1997,9,0,9,9.0,8.0
PAN,Panama,1998,9,0,9,9.0,9.0
PAN,Panama,1999,9,0,9,9.0,10.0
PAN,Panama,2000,9,0,9,9.0,11.0
PAN,Panama,2001,9,0,9,9.0,12.0
PAN,Panama,2002,9,0,9,9.0,13.0
PAN,Panama,2003,9,0,9,9.0,14.0
PAN,Panama,2004,9,0,9,9.0,15.0
PAN,Panama,2005,9,0,9,9.0,16.0
PAN,Panama,2006,9,0,9,9.0,17.0
PAN,Panama,2007,9,0,9,9.0,18.0
PAN,Panama,2008,9,0,9,9.0,19.0
PAN,Panama,2009,9,0,9,9.0,20.0
PAN,Panama,2010,9,0,9,9.0,21.0
PAN,Panama,2011,9,0,9,9.0,22.0
PAN,Panama,2012,9,0,9,9.0,23.0
PAN,Panama,2013,9,0,9,9.0,24.0
PAN,Panama,2014,9,0,9,9.0,25.0
PAN,Panama,2015,9,0,9,9.0,26.0
PAN,Panama,2016,9,0,9,9.0,27.0
PAN,Panama,2017,9,0,9,9.0,28.0
PAN,Panama,2018,9,0,9,9.0,29.0
PAP,Papal States,1815,0,9,-9,-9.0,0.0
PAP,Papal States,1816,0,9,-9,-9.0,1.0
PAP,Papal States,1817,0,9,-9,-9.0,2.0
PAP,Papal States,1818,0,9,-9,-9.0,3.0
PAP,Papal States,1819,0,9,-9,-9.0,4.0
PAP,Papal States,1820,0,9,-9,-9.0,5.0
PAP,Papal States,1821,0,9,-9,-9.0,6.0
PAP,Papal States,1822,0,9,-9,-9.0,7.0
PAP,Papal States,1823,0,9,-9,-9.0,8.0
PAP,Papal States,1824,0,9,-9,-9.0,9.0
PAP,Papal States,1825,0,9,-9,-9.0,10.0
PAP,Papal States,1826,0,9,-9,-9.0,11.0
PAP,Papal States,1827,0,9,-9,-9.0,12.0
PAP,Papal States,1828,0,9,-9,-9.0,13.0
PAP,Papal States,1829,0,9,-9,-9.0,14.0
PAP,Papal States,1830,0,9,-9,-9.0,15.0
PAP,Papal States,1831,0,9,-9,-9.0,16.0
PAP,Papal States,1832,0,9,-9,-9.0,17.0
PAP,Papal States,1833,0,9,-9,-9.0,18.0
PAP,Papal States,1834,0,9,-9,-9.0,19.0
PAP,Papal States,1835,0,9,-9,-9.0,20.0
PAP,Papal States,1836,0,9,-9,-9.0,21.0
PAP,Papal States,1837,0,9,-9,-9.0,22.0
PAP,Papal States,1838,0,9,-9,-9.0,23.0
PAP,Papal States,1839,0,9,-9,-9.0,24.0
PAP,Papal States,1840,0,9,-9,-9.0,25.0
PAP,Papal States,1841,0,9,-9,-9.0,26.0
PAP,Papal States,1842,0,9,-9,-9.0,27.0
PAP,Papal States,1843,0,9,-9,-9.0,28.0
PAP,Papal States,1844,0,9,-9,-9.0,29.0
PAP,Papal States,1845,0,9,-9,-9.0,30.0
PAP,Papal States,1846,0,9,-9,-9.0,31.0
PAP,Papal States,1847,0,9,-9,-9.0,32.0
PAP,Papal States,1848,-88,-88,-88,-9.0,0.0
PAP,Papal States,1849,-88,-88,-88,-9.0,0.0
PAP,Papal States,1850,0,9,-9,-9.0,0.0
PAP,Papal States,1851,0,9,-9,-9.0,0.0
PAP,Papal States,1852,0,9,-9,-9.0,1.0
PAP,Papal States,1853,0,9,-9,-9.0,2.0
PAP,Papal States,1854,0,9,-9,-9.0,3.0
PAP,Papal States,1855,0,9,-9,-9.0,4.0
PAP,Papal States,1856,0,9,-9,-9.0,5.0
PAP,Papal States,1857,0,9,-9,-9.0,6.0
PAP,Papal States,1858,0,9,-9,-9.0,7.0
PAP,Papal States,1859,0,9,-9,-9.0,8.0
PAP,Papal States,1860,0,9,-9,-9.0,9.0
PAP,Papal States,1861,0,9,-9,-9.0,10.0
PAP,Papal States,1862,0,9,-9,-9.0,11.0
PAP,Papal States,1863,0,9,-9,-9.0,12.0
PAP,Papal States,1864,0,9,-9,-9.0,13.0
PAP,Papal States,1865,0,9,-9,-9.0,14.0
PAP,Papal States,1866,0,9,-9,-9.0,15.0
PAP,Papal States,1867,0,9,-9,-9.0,16.0
PAP,Papal States,1868,0,9,-9,-9.0,17.0
PAP,Papal States,1869,0,9,-9,-9.0,18.0
PAP,Papal States,1870,0,9,-9,-9.0,20.0
PAR,Paraguay,1811,0,9,-9,-9.0,0.0
PAR,Paraguay,1812,0,9,-9,-9.0,1.0
PAR,Paraguay,1813,0,9,-9,-9.0,2.0
PAR,Paraguay,1814,0,9,-9,-9.0,3.0
PAR,Paraguay,1815,0,9,-9,-9.0,4.0
PAR,Paraguay,1816,0,9,-9,-9.0,5.0
PAR,Paraguay,1817,0,9,-9,-9.0,6.0
PAR,Paraguay,1818,0,9,-9,-9.0,7.0
PAR,Paraguay,1819,0,9,-9,-9.0,8.0
PAR,Paraguay,1820,0,9,-9,-9.0,9.0
PAR,Paraguay,1821,0,9,-9,-9.0,10.0
PAR,Paraguay,1822,0,9,-9,-9.0,11.0
PAR,Paraguay,1823,0,9,-9,-9.0,12.0
PAR,Paraguay,1824,0,9,-9,-9.0,13.0
PAR,Paraguay,1825,0,9,-9,-9.0,14.0
PAR,Paraguay,1826,0,9,-9,-9.0,15.0
PAR,Paraguay,1827,0,9,-9,-9.0,16.0
PAR,Paraguay,1828,0,9,-9,-9.0,17.0
PAR,Paraguay,1829,0,9,-9,-9.0,18.0
PAR,Paraguay,1830,0,9,-9,-9.0,19.0
PAR,Paraguay,1831,0,9,-9,-9.0,20.0
PAR,Paraguay,1832,0,9,-9,-9.0,21.0
PAR,Paraguay,1833,0,9,-9,-9.0,22.0
PAR,Paraguay,1834,0,9,-9,-9.0,23.0
PAR,Paraguay,1835,0,9,-9,-9.0,24.0
PAR,Paraguay,1836,0,9,-9,-9.0,25.0
PAR,Paraguay,1837,0,9,-9,-9.0,26.0
PAR,Paraguay,1838,0,9,-9,-9.0,27.0
PAR,Paraguay,1839,0,9,-9,-9.0,28.0
PAR,Paraguay,1840,0,9,-9,-9.0,29.0
PAR,Paraguay,1841,0,9,-9,-9.0,30.0
PAR,Paraguay,1842,0,9,-9,-9.0,31.0
PAR,Paraguay,1843,0,9,-9,-9.0,32.0
PAR,Paraguay,1844,0,9,-9,-9.0,33.0
PAR,Paraguay,1845,0,9,-9,-9.0,34.0
PAR,Paraguay,1846,0,9,-9,-9.0,35.0
PAR,Paraguay,1847,0,9,-9,-9.0,36.0
PAR,Paraguay,1848,0,9,-9,-9.0,37.0
PAR,Paraguay,1849,0,9,-9,-9.0,38.0
PAR,Paraguay,1850,0,9,-9,-9.0,39.0
PAR,Paraguay,1851,0,9,-9,-9.0,40.0
PAR,Paraguay,1852,0,9,-9,-9.0,41.0
PAR,Paraguay,1853,0,9,-9,-9.0,42.0
PAR,Paraguay,1854,0,9,-9,-9.0,43.0
PAR,Paraguay,1855,0,9,-9,-9.0,44.0
PAR,Paraguay,1856,0,9,-9,-9.0,45.0
PAR,Paraguay,1857,0,9,-9,-9.0,46.0
PAR,Paraguay,1858,0,9,-9,-9.0,47.0
PAR,Paraguay,1859,0,9,-9,-9.0,48.0
PAR,Paraguay,1860,0,9,-9,-9.0,49.0
PAR,Paraguay,1861,0,9,-9,-9.0,50.0
PAR,Paraguay,1862,0,9,-9,-9.0,51.0
PAR,Paraguay,1863,0,9,-9,-9.0,52.0
PAR,Paraguay,1864,0,9,-9,-9.0,53.0
PAR,Paraguay,1865,0,9,-9,-9.0,54.0
PAR,Paraguay,1866,0,9,-9,-9.0,55.0
PAR,Paraguay,1867,0,9,-9,-9.0,56.0
PAR,Paraguay,1868,0,9,-9,-9.0,57.0
PAR,Paraguay,1869,-88,-88,-88,-6.0,0.0
PAR,Paraguay,1870,1,4,-3,-3.0,0.0
PAR,Paraguay,1871,1,4,-3,-3.0,1.0
PAR,Paraguay,1872,1,4,-3,-3.0,2.0
PAR,Paraguay,1873,1,4,-3,-3.0,3.0
PAR,Paraguay,1874,1,4,-3,-3.0,4.0
PAR,Paraguay,1875,1,4,-3,-3.0,5.0
PAR,Paraguay,1876,1,4,-3,-3.0,6.0
PAR,Paraguay,1877,1,5,-4,-4.0,7.0
PAR,Paraguay,1878,1,5,-4,-4.0,8.0
PAR,Paraguay,1879,1,5,-4,-4.0,9.0
PAR,Paraguay,1880,1,5,-4,-4.0,10.0
PAR,Paraguay,1881,1,5,-4,-4.0,11.0
PAR,Paraguay,1882,1,5,-4,-4.0,12.0
PAR,Paraguay,1883,1,5,-4,-4.0,13.0
PAR,Paraguay,1884,1,5,-4,-4.0,14.0
PAR,Paraguay,1885,1,5,-4,-4.0,15.0
PAR,Paraguay,1886,1,5,-4,-4.0,16.0
PAR,Paraguay,1887,1,5,-4,-4.0,17.0
PAR,Paraguay,1888,1,5,-4,-4.0,18.0
PAR,Paraguay,1889,1,5,-4,-4.0,19.0
PAR,Paraguay,1890,1,5,-4,-4.0,20.0
PAR,Paraguay,1891,1,5,-4,-4.0,21.0
PAR,Paraguay,1892,1,5,-4,-4.0,22.0
PAR,Paraguay,1893,1,5,-4,-4.0,23.0
PAR,Paraguay,1894,1,5,-4,-4.0,24.0
PAR,Paraguay,1895,1,5,-4,-4.0,25.0
PAR,Paraguay,1896,1,5,-4,-4.0,26.0
PAR,Paraguay,1897,1,5,-4,-4.0,27.0
PAR,Paraguay,1898,1,5,-4,-4.0,28.0
PAR,Paraguay,1899,1,5,-4,-4.0,29.0
PAR,Paraguay,1900,1,5,-4,-4.0,30.0
PAR,Paraguay,1901,1,5,-4,-4.0,31.0
PAR,Paraguay,1902,1,5,-4,-4.0,32.0
PAR,Paraguay,1903,1,5,-4,-4.0,33.0
PAR,Paraguay,1904,1,4,-3,-3.0,34.0
PAR,Paraguay,1905,1,4,-3,-3.0,35.0
PAR,Paraguay,1906,1,4,-3,-3.0,36.0
PAR,Paraguay,1907,1,4,-3,-3.0,37.0
PAR,Paraguay,1908,1,4,-3,-3.0,38.0
PAR,Paraguay,1909,1,4,-3,-3.0,39.0
PAR,Paraguay,1910,1,4,-3,-3.0,40.0
PAR,Paraguay,1911,1,4,-3,-3.0,41.0
PAR,Paraguay,1912,1,4,-3,-3.0,42.0
PAR,Paraguay,1913,1,4,-3,-3.0,43.0
PAR,Paraguay,1914,1,4,-3,-3.0,44.0
PAR,Paraguay,1915,1,4,-3,-3.0,45.0
PAR,Paraguay,1916,1,4,-3,-3.0,46.0
PAR,Paraguay,1917,1,4,-3,-3.0,47.0
PAR,Paraguay,1918,1,4,-3,-3.0,48.0
PAR,Paraguay,1919,1,4,-3,-3.0,49.0
PAR,Paraguay,1920,1,4,-3,-3.0,50.0
PAR,Paraguay,1921,1,4,-3,-3.0,51.0
PAR,Paraguay,1922,1,4,-3,-3.0,52.0
PAR,Paraguay,1923,1,4,-3,-3.0,53.0
PAR,Paraguay,1924,1,4,-3,-3.0,54.0
PAR,Paraguay,1925,1,4,-3,-3.0,55.0
PAR,Paraguay,1926,1,4,-3,-3.0,56.0
PAR,Paraguay,1927,1,4,-3,-3.0,57.0
PAR,Paraguay,1928,1,4,-3,-3.0,58.0
PAR,Paraguay,1929,1,4,-3,-3.0,59.0
PAR,Paraguay,1930,1,4,-3,-3.0,60.0
PAR,Paraguay,1931,1,4,-3,-3.0,61.0
PAR,Paraguay,1932,1,4,-3,-3.0,62.0
PAR,Paraguay,1933,1,4,-3,-3.0,63.0
PAR,Paraguay,1934,1,4,-3,-3.0,64.0
PAR,Paraguay,1935,1,4,-3,-3.0,65.0
PAR,Paraguay,1936,0,7,-7,-7.0,0.0
PAR,Paraguay,1937,4,2,2,2.0,0.0
PAR,Paraguay,1938,4,2,2,2.0,1.0
PAR,Paraguay,1939,4,2,2,2.0,2.0
PAR,Paraguay,1940,0,9,-9,-9.0,0.0
PAR,Paraguay,1941,0,9,-9,-9.0,1.0
PAR,Paraguay,1942,0,9,-9,-9.0,2.0
PAR,Paraguay,1943,0,9,-9,-9.0,3.0
PAR,Paraguay,1944,0,9,-9,-9.0,4.0
PAR,Paraguay,1945,0,9,-9,-9.0,5.0
PAR,Paraguay,1946,0,9,-9,-9.0,6.0
PAR,Paraguay,1947,1,6,-5,-5.0,0.0
PAR,Paraguay,1948,1,6,-5,-5.0,1.0
PAR,Paraguay,1949,1,6,-5,-5.0,2.0
PAR,Paraguay,1950,1,6,-5,-5.0,3.0
PAR,Paraguay,1951,1,6,-5,-5.0,4.0
PAR,Paraguay,1952,1,6,-5,-5.0,5.0
PAR,Paraguay,1953,1,6,-5,-5.0,6.0
PAR,Paraguay,1954,0,9,-9,-9.0,0.0
PAR,Paraguay,1955,0,9,-9,-9.0,1.0
PAR,Paraguay,1956,0,9,-9,-9.0,2.0
PAR,Paraguay,1957,0,9,-9,-9.0,3.0
PAR,Paraguay,1958,0,9,-9,-9.0,4.0
PAR,Paraguay,1959,0,9,-9,-9.0,5.0
PAR,Paraguay,1960,0,9,-9,-9.0,6.0
PAR,Paraguay,1961,0,9,-9,-9.0,7.0
PAR,Paraguay,1962,0,9,-9,-9.0,8.0
PAR,Paraguay,1963,0,9,-9,-9.0,9.0
PAR,Paraguay,1964,0,9,-9,-9.0,10.0
PAR,Paraguay,1965,0,9,-9,-9.0,11.0
PAR,Paraguay,1966,0,9,-9,-9.0,12.0
PAR,Paraguay,1967,0,8,-8,-8.0,13.0
PAR,Paraguay,1968,0,8,-8,-8.0,14.0
PAR,Paraguay,1969,0,8,-8,-8.0,15.0
PAR,Paraguay,1970,0,8,-8,-8.0,16.0
PAR,Paraguay,1971,0,8,-8,-8.0,17.0
PAR,Paraguay,1972,0,8,-8,-8.0,18.0
PAR,Paraguay,1973,0,8,-8,-8.0,19.0
PAR,Paraguay,1974,0,8,-8,-8.0,20.0
PAR,Paraguay,1975,0,8,-8,-8.0,21.0
PAR,Paraguay,1976,0,8,-8,-8.0,22.0
PAR,Paraguay,1977,0,8,-8,-8.0,23.0
PAR,Paraguay,1978,0,8,-8,-8.0,24.0
PAR,Paraguay,1979,0,8,-8,-8.0,25.0
PAR,Paraguay,1980,0,8,-8,-8.0,26.0
PAR,Paraguay,1981,0,8,-8,-8.0,27.0
PAR,Paraguay,1982,0,8,-8,-8.0,28.0
PAR,Paraguay,1983,0,8,-8,-8.0,29.0
PAR,Paraguay,1984,0,8,-8,-8.0,30.0
PAR,Paraguay,1985,0,8,-8,-8.0,31.0
PAR,Paraguay,1986,0,8,-8,-8.0,32.0
PAR,Paraguay,1987,0,8,-8,-8.0,33.0
PAR,Paraguay,1988,0,8,-8,-8.0,34.0
PAR,Paraguay,1989,3,1,2,2.0,0.0
PAR,Paraguay,1990,3,1,2,2.0,1.0
PAR,Paraguay,1991,3,1,2,2.0,2.0
PAR,Paraguay,1992,7,0,7,7.0,0.0
PAR,Paraguay,1993,7,0,7,7.0,1.0
PAR,Paraguay,1994,7,0,7,7.0,2.0
PAR,Paraguay,1995,7,0,7,7.0,3.0
PAR,Paraguay,1996,7,0,7,7.0,4.0
PAR,Paraguay,1997,7,0,7,7.0,5.0
PAR,Paraguay,1998,6,0,6,6.0,6.0
PAR,Paraguay,1999,7,0,7,7.0,7.0
PAR,Paraguay,2000,7,0,7,7.0,8.0
PAR,Paraguay,2001,7,0,7,7.0,9.0
PAR,Paraguay,2002,7,0,7,7.0,10.0
PAR,Paraguay,2003,8,0,8,8.0,11.0
PAR,Paraguay,2004,8,0,8,8.0,12.0
PAR,Paraguay,2005,8,0,8,8.0,13.0
PAR,Paraguay,2006,8,0,8,8.0,14.0
PAR,Paraguay,2007,8,0,8,8.0,15.0
PAR,Paraguay,2008,9,1,8,8.0,16.0
PAR,Paraguay,2009,9,1,8,8.0,17.0
PAR,Paraguay,2010,9,1,8,8.0,18.0
PAR,Paraguay,2011,9,1,8,8.0,19.0
PAR,Paraguay,2012,9,1,8,8.0,20.0
PAR,Paraguay,2013,9,0,9,9.0,21.0
PAR,Paraguay,2014,9,0,9,9.0,22.0
PAR,Paraguay,2015,9,0,9,9.0,23.0
PAR,Paraguay,2016,9,0,9,9.0,24.0
PAR,Paraguay,2017,9,0,9,9.0,25.0
PAR,Paraguay,2018,9,0,9,9.0,26.0
PER,Peru,1821,1,4,-3,-3.0,0.0
PER,Peru,1822,1,6,-5,-5.0,1.0
PER,Peru,1823,1,6,-5,-5.0,2.0
PER,Peru,1824,-88,-88,-88,-3.0,0.0
PER,Peru,1825,-88,-88,-88,-1.0,0.0
PER,Peru,1826,-88,-88,-88,1.0,0.0
PER,Peru,1827,-88,-88,-88,3.0,0.0
PER,Peru,1828,6,1,5,5.0,0.0
PER,Peru,1829,6,1,5,5.0,1.0
PER,Peru,1830,6,1,5,5.0,2.0
PER,Peru,1831,6,1,5,5.0,3.0
PER,Peru,1832,6,1,5,5.0,4.0
PER,Peru,1833,6,1,5,5.0,5.0
PER,Peru,1834,6,1,5,5.0,6.0
PER,Peru,1835,1,4,-3,-3.0,0.0
PER,Peru,1836,1,4,-3,-3.0,0.0
PER,Peru,1837,1,4,-3,-3.0,1.0
PER,Peru,1838,1,4,-3,-3.0,2.0
PER,Peru,1839,1,2,-1,-1.0,3.0
PER,Peru,1840,1,2,-1,-1.0,4.0
PER,Peru,1841,1,2,-1,-1.0,5.0
PER,Peru,1842,1,2,-1,-1.0,6.0
PER,Peru,1843,1,2,-1,-1.0,7.0
PER,Peru,1844,1,2,-1,-1.0,8.0
PER,Peru,1845,1,2,-1,-1.0,9.0
PER,Peru,1846,1,2,-1,-1.0,10.0
PER,Peru,1847,1,2,-1,-1.0,11.0
PER,Peru,1848,1,2,-1,-1.0,12.0
PER,Peru,1849,1,2,-1,-1.0,13.0
PER,Peru,1850,1,2,-1,-1.0,14.0
PER,Peru,1851,1,2,-1,-1.0,15.0
PER,Peru,1852,1,2,-1,-1.0,16.0
PER,Peru,1853,1,2,-1,-1.0,17.0
PER,Peru,1854,1,2,-1,-1.0,18.0
PER,Peru,1855,1,2,-1,-1.0,19.0
PER,Peru,1856,1,2,-1,-1.0,20.0
PER,Peru,1857,1,2,-1,-1.0,21.0
PER,Peru,1858,1,2,-1,-1.0,22.0
PER,Peru,1859,1,2,-1,-1.0,23.0
PER,Peru,1860,1,2,-1,-1.0,24.0
PER,Peru,1861,1,2,-1,-1.0,25.0
PER,Peru,1862,1,2,-1,-1.0,26.0
PER,Peru,1863,1,2,-1,-1.0,27.0
PER,Peru,1864,1,2,-1,-1.0,28.0
PER,Peru,1865,1,2,-1,-1.0,29.0
PER,Peru,1866,1,2,-1,-1.0,30.0
PER,Peru,1867,1,2,-1,-1.0,31.0
PER,Peru,1868,1,2,-1,-1.0,32.0
PER,Peru,1869,1,2,-1,-1.0,33.0
PER,Peru,1870,1,2,-1,-1.0,34.0
PER,Peru,1871,1,2,-1,-1.0,35.0
PER,Peru,1872,1,2,-1,-1.0,36.0
PER,Peru,1873,1,2,-1,-1.0,37.0
PER,Peru,1874,1,2,-1,-1.0,38.0
PER,Peru,1875,1,2,-1,-1.0,39.0
PER,Peru,1876,1,2,-1,-1.0,40.0
PER,Peru,1877,1,2,-1,-1.0,41.0
PER,Peru,1878,1,2,-1,-1.0,42.0
PER,Peru,1879,1,4,-3,-3.0,43.0
PER,Peru,1880,1,4,-3,-3.0,44.0
PER,Peru,1881,-66,-66,-66,,0.0
PER,Peru,1882,-66,-66,-66,,0.0
PER,Peru,1883,1,4,-3,-3.0,0.0
PER,Peru,1884,1,4,-3,-3.0,0.0
PER,Peru,1885,1,4,-3,-3.0,1.0
PER,Peru,1886,4,2,2,2.0,0.0
PER,Peru,1887,4,2,2,2.0,1.0
PER,Peru,1888,4,2,2,2.0,2.0
PER,Peru,1889,4,2,2,2.0,3.0
PER,Peru,1890,4,2,2,2.0,4.0
PER,Peru,1891,4,2,2,2.0,5.0
PER,Peru,1892,4,2,2,2.0,6.0
PER,Peru,1893,4,2,2,2.0,7.0
PER,Peru,1894,4,2,2,2.0,8.0
PER,Peru,1895,4,2,2,2.0,9.0
PER,Peru,1896,4,2,2,2.0,10.0
PER,Peru,1897,4,2,2,2.0,11.0
PER,Peru,1898,4,2,2,2.0,12.0
PER,Peru,1899,4,2,2,2.0,13.0
PER,Peru,1900,4,2,2,2.0,14.0
PER,Peru,1901,4,2,2,2.0,15.0
PER,Peru,1902,4,2,2,2.0,16.0
PER,Peru,1903,4,2,2,2.0,17.0
PER,Peru,1904,4,2,2,2.0,18.0
PER,Peru,1905,4,2,2,2.0,19.0
PER,Peru,1906,4,2,2,2.0,20.0
PER,Peru,1907,4,2,2,2.0,21.0
PER,Peru,1908,4,2,2,2.0,22.0
PER,Peru,1909,4,2,2,2.0,23.0
PER,Peru,1910,4,2,2,2.0,24.0
PER,Peru,1911,4,2,2,2.0,25.0
PER,Peru,1912,4,2,2,2.0,26.0
PER,Peru,1913,4,2,2,2.0,27.0
PER,Peru,1914,4,2,2,2.0,28.0
PER,Peru,1915,4,2,2,2.0,29.0
PER,Peru,1916,4,2,2,2.0,30.0
PER,Peru,1917,4,2,2,2.0,31.0
PER,Peru,1918,4,2,2,2.0,32.0
PER,Peru,1919,-88,-88,-88,-4.0,0.0
PER,Peru,1920,0,9,-9,-9.0,0.0
PER,Peru,1921,0,9,-9,-9.0,1.0
PER,Peru,1922,0,9,-9,-9.0,2.0
PER,Peru,1923,0,9,-9,-9.0,3.0
PER,Peru,1924,0,9,-9,-9.0,4.0
PER,Peru,1925,0,9,-9,-9.0,5.0
PER,Peru,1926,0,9,-9,-9.0,6.0
PER,Peru,1927,0,9,-9,-9.0,7.0
PER,Peru,1928,0,9,-9,-9.0,8.0
PER,Peru,1929,0,9,-9,-9.0,9.0
PER,Peru,1930,-88,-88,-88,-6.0,0.0
PER,Peru,1931,-88,-88,-88,-3.0,0.0
PER,Peru,1932,-88,-88,-88,0.0,0.0
PER,Peru,1933,4,2,2,2.0,0.0
PER,Peru,1934,4,2,2,2.0,1.0
PER,Peru,1935,4,2,2,2.0,2.0
PER,Peru,1936,4,2,2,2.0,3.0
PER,Peru,1937,4,2,2,2.0,4.0
PER,Peru,1938,4,2,2,2.0,5.0
PER,Peru,1939,4,2,2,2.0,6.0
PER,Peru,1940,4,2,2,2.0,7.0
PER,Peru,1941,4,2,2,2.0,8.0
PER,Peru,1942,4,2,2,2.0,9.0
PER,Peru,1943,4,2,2,2.0,10.0
PER,Peru,1944,4,2,2,2.0,11.0
PER,Peru,1945,4,2,2,2.0,12.0
PER,Peru,1946,4,2,2,2.0,13.0
PER,Peru,1947,4,2,2,2.0,14.0
PER,Peru,1948,0,6,-6,-6.0,0.0
PER,Peru,1949,0,6,-6,-6.0,1.0
PER,Peru,1950,1,3,-2,-2.0,0.0
PER,Peru,1951,1,3,-2,-2.0,1.0
PER,Peru,1952,1,3,-2,-2.0,2.0
PER,Peru,1953,1,3,-2,-2.0,3.0
PER,Peru,1954,1,3,-2,-2.0,4.0
PER,Peru,1955,1,3,-2,-2.0,5.0
PER,Peru,1956,5,0,5,5.0,0.0
PER,Peru,1957,5,0,5,5.0,1.0
PER,Peru,1958,5,0,5,5.0,2.0
PER,Peru,1959,5,0,5,5.0,3.0
PER,Peru,1960,5,0,5,5.0,4.0
PER,Peru,1961,5,0,5,5.0,5.0
PER,Peru,1962,0,6,-6,-6.0,0.0
PER,Peru,1963,6,1,5,5.0,0.0
PER,Peru,1964,6,1,5,5.0,1.0
PER,Peru,1965,6,1,5,5.0,2.0
PER,Peru,1966,6,1,5,5.0,3.0
PER,Peru,1967,6,1,5,5.0,4.0
PER,Peru,1968,0,7,-7,-7.0,0.0
PER,Peru,1969,0,7,-7,-7.0,1.0
PER,Peru,1970,0,7,-7,-7.0,2.0
PER,Peru,1971,0,7,-7,-7.0,3.0
PER,Peru,1972,0,7,-7,-7.0,4.0
PER,Peru,1973,0,7,-7,-7.0,5.0
PER,Peru,1974,0,7,-7,-7.0,6.0
PER,Peru,1975,0,7,-7,-7.0,7.0
PER,Peru,1976,0,7,-7,-7.0,8.0
PER,Peru,1977,0,7,-7,-7.0,9.0
PER,Peru,1978,-88,-88,-88,-2.0,0.0
PER,Peru,1979,-88,-88,-88,3.0,0.0
PER,Peru,1980,7,0,7,7.0,0.0
PER,Peru,1981,7,0,7,7.0,1.0
PER,Peru,1982,7,0,7,7.0,2.0
PER,Peru,1983,7,0,7,7.0,3.0
PER,Peru,1984,7,0,7,7.0,4.0
PER,Peru,1985,7,0,7,7.0,5.0
PER,Peru,1986,7,0,7,7.0,6.0
PER,Peru,1987,7,0,7,7.0,7.0
PER,Peru,1988,7,0,7,7.0,8.0
PER,Peru,1989,7,0,7,7.0,9.0
PER,Peru,1990,8,0,8,8.0,10.0
PER,Peru,1991,8,0,8,8.0,11.0
PER,Peru,1992,0,4,-4,-4.0,0.0
PER,Peru,1993,1,2,-1,-1.0,0.0
PER,Peru,1994,1,2,-1,-1.0,1.0
PER,Peru,1995,1,2,-1,-1.0,2.0
PER,Peru,1996,1,2,-1,-1.0,3.0
PER,Peru,1997,1,2,-1,-1.0,4.0
PER,Peru,1998,1,2,-1,-1.0,5.0
PER,Peru,1999,1,2,-1,-1.0,6.0
PER,Peru,2000,-88,-88,-88,4.0,0.0
PER,Peru,2001,9,0,9,9.0,0.0
PER,Peru,2002,9,0,9,9.0,1.0
PER,Peru,2003,9,0,9,9.0,2.0
PER,Peru,2004,9,0,9,9.0,3.0
PER,Peru,2005,9,0,9,9.0,4.0
PER,Peru,2006,9,0,9,9.0,5.0
PER,Peru,2007,9,0,9,9.0,6.0
PER,Peru,2008,9,0,9,9.0,7.0
PER,Peru,2009,9,0,9,9.0,8.0
PER,Peru,2010,9,0,9,9.0,9.0
PER,Peru,2011,9,0,9,9.0,10.0
PER,Peru,2012,9,0,9,9.0,11.0
PER,Peru,2013,9,0,9,9.0,12.0
PER,Peru,2014,9,0,9,9.0,13.0
PER,Peru,2015,9,0,9,9.0,14.0
PER,Peru,2016,9,0,9,9.0,15.0
PER,Peru,2017,9,0,9,9.0,16.0
PER,Peru,2018,9,0,9,9.0,17.0
PHI,Philippines,1935,6,1,5,5.0,0.0
PHI,Philippines,1936,6,1,5,5.0,1.0
PHI,Philippines,1937,6,1,5,5.0,2.0
PHI,Philippines,1938,6,1,5,5.0,3.0
PHI,Philippines,1939,6,1,5,5.0,4.0
PHI,Philippines,1940,6,1,5,5.0,5.0
PHI,Philippines,1941,-66,-66,-66,,0.0
PHI,Philippines,1942,-66,-66,-66,,0.0
PHI,Philippines,1943,-66,-66,-66,,0.0
PHI,Philippines,1944,4,2,2,2.0,0.0
PHI,Philippines,1945,4,2,2,2.0,1.0
PHI,Philippines,1946,4,2,2,2.0,2.0
PHI,Philippines,1947,4,2,2,2.0,3.0
PHI,Philippines,1948,4,2,2,2.0,4.0
PHI,Philippines,1949,4,2,2,2.0,5.0
PHI,Philippines,1950,6,1,5,5.0,0.0
PHI,Philippines,1951,6,1,5,5.0,1.0
PHI,Philippines,1952,6,1,5,5.0,2.0
PHI,Philippines,1953,6,1,5,5.0,3.0
PHI,Philippines,1954,6,1,5,5.0,4.0
PHI,Philippines,1955,6,1,5,5.0,5.0
PHI,Philippines,1956,6,1,5,5.0,6.0
PHI,Philippines,1957,6,1,5,5.0,7.0
PHI,Philippines,1958,6,1,5,5.0,8.0
PHI,Philippines,1959,6,1,5,5.0,9.0
PHI,Philippines,1960,6,1,5,5.0,10.0
PHI,Philippines,1961,6,1,5,5.0,11.0
PHI,Philippines,1962,6,1,5,5.0,12.0
PHI,Philippines,1963,6,1,5,5.0,13.0
PHI,Philippines,1964,6,1,5,5.0,14.0
PHI,Philippines,1965,6,1,5,5.0,15.0
PHI,Philippines,1966,6,1,5,5.0,16.0
PHI,Philippines,1967,6,1,5,5.0,17.0
PHI,Philippines,1968,6,1,5,5.0,18.0
PHI,Philippines,1969,4,2,2,2.0,0.0
PHI,Philippines,1970,4,2,2,2.0,0.0
PHI,Philippines,1971,4,2,2,2.0,0.0
PHI,Philippines,1972,0,9,-9,-9.0,0.0
PHI,Philippines,1973,0,9,-9,-9.0,1.0
PHI,Philippines,1974,0,9,-9,-9.0,2.0
PHI,Philippines,1975,0,9,-9,-9.0,3.0
PHI,Philippines,1976,0,9,-9,-9.0,4.0
PHI,Philippines,1977,0,9,-9,-9.0,5.0
PHI,Philippines,1978,0,9,-9,-9.0,6.0
PHI,Philippines,1979,0,9,-9,-9.0,7.0
PHI,Philippines,1980,0,9,-9,-9.0,8.0
PHI,Philippines,1981,0,8,-8,-8.0,0.0
PHI,Philippines,1982,0,7,-7,-7.0,0.0
PHI,Philippines,1983,0,6,-6,-6.0,0.0
PHI,Philippines,1984,0,6,-6,-6.0,1.0
PHI,Philippines,1985,0,6,-6,-6.0,2.0
PHI,Philippines,1986,-88,-88,-88,1.0,0.0
PHI,Philippines,1987,8,0,8,8.0,0.0
PHI,Philippines,1988,8,0,8,8.0,1.0
PHI,Philippines,1989,8,0,8,8.0,2.0
PHI,Philippines,1990,8,0,8,8.0,3.0
PHI,Philippines,1991,8,0,8,8.0,4.0
PHI,Philippines,1992,8,0,8,8.0,5.0
PHI,Philippines,1993,8,0,8,8.0,6.0
PHI,Philippines,1994,8,0,8,8.0,7.0
PHI,Philippines,1995,8,0,8,8.0,8.0
PHI,Philippines,1996,8,0,8,8.0,9.0
PHI,Philippines,1997,8,0,8,8.0,10.0
PHI,Philippines,1998,8,0,8,8.0,11.0
PHI,Philippines,1999,8,0,8,8.0,12.0
PHI,Philippines,2000,8,0,8,8.0,13.0
PHI,Philippines,2001,8,0,8,8.0,14.0
PHI,Philippines,2002,8,0,8,8.0,15.0
PHI,Philippines,2003,8,0,8,8.0,16.0
PHI,Philippines,2004,8,0,8,8.0,17.0
PHI,Philippines,2005,8,0,8,8.0,18.0
PHI,Philippines,2006,8,0,8,8.0,19.0
PHI,Philippines,2007,8,0,8,8.0,20.0
PHI,Philippines,2008,8,0,8,8.0,21.0
PHI,Philippines,2009,8,0,8,8.0,22.0
PHI,Philippines,2010,8,0,8,8.0,23.0
PHI,Philippines,2011,8,0,8,8.0,24.0
PHI,Philippines,2012,8,0,8,8.0,25.0
PHI,Philippines,2013,8,0,8,8.0,26.0
PHI,Philippines,2014,8,0,8,8.0,27.0
PHI,Philippines,2015,8,0,8,8.0,28.0
PHI,Philippines,2016,8,0,8,8.0,29.0
PHI,Philippines,2017,8,0,8,8.0,30.0
PHI,Philippines,2018,8,0,8,8.0,31.0
PKS,Pakistan,1947,1,5,-4,-4.0,0.0
PKS,Pakistan,1948,3,1,2,2.0,0.0
PKS,Pakistan,1949,4,0,4,4.0,0.0
PKS,Pakistan,1950,4,0,4,4.0,0.0
PKS,Pakistan,1951,5,0,5,5.0,0.0
PKS,Pakistan,1952,5,0,5,5.0,1.0
PKS,Pakistan,1953,5,0,5,5.0,2.0
PKS,Pakistan,1954,5,0,5,5.0,3.0
PKS,Pakistan,1955,5,0,5,5.0,4.0
PKS,Pakistan,1956,8,0,8,8.0,0.0
PKS,Pakistan,1957,8,0,8,8.0,1.0
PKS,Pakistan,1958,0,7,-7,-7.0,0.0
PKS,Pakistan,1959,0,7,-7,-7.0,1.0
PKS,Pakistan,1960,0,7,-7,-7.0,2.0
PKS,Pakistan,1961,0,7,-7,-7.0,3.0
PKS,Pakistan,1962,3,2,1,1.0,0.0
PKS,Pakistan,1963,3,2,1,1.0,1.0
PKS,Pakistan,1964,3,2,1,1.0,2.0
PKS,Pakistan,1965,3,2,1,1.0,3.0
PKS,Pakistan,1966,3,2,1,1.0,4.0
PKS,Pakistan,1967,3,2,1,1.0,5.0
PKS,Pakistan,1968,3,2,1,1.0,6.0
PKS,Pakistan,1969,-88,-88,-88,1.0,0.0
PKS,Pakistan,1970,-88,-88,-88,0.0,0.0
PKS,Pakistan,1971,-77,-77,-77,0.0,0.0
PMA,Parma,1815,0,10,-10,-10.0,0.0
PMA,Parma,1816,0,10,-10,-10.0,1.0
PMA,Parma,1817,0,10,-10,-10.0,2.0
PMA,Parma,1818,0,10,-10,-10.0,3.0
PMA,Parma,1819,0,10,-10,-10.0,4.0
PMA,Parma,1820,0,10,-10,-10.0,5.0
PMA,Parma,1821,0,10,-10,-10.0,6.0
PMA,Parma,1822,0,10,-10,-10.0,7.0
PMA,Parma,1823,0,10,-10,-10.0,8.0
PMA,Parma,1824,0,10,-10,-10.0,9.0
PMA,Parma,1825,0,10,-10,-10.0,10.0
PMA,Parma,1826,0,10,-10,-10.0,11.0
PMA,Parma,1827,0,10,-10,-10.0,12.0
PMA,Parma,1828,0,10,-10,-10.0,13.0
PMA,Parma,1829,0,10,-10,-10.0,14.0
PMA,Parma,1830,0,10,-10,-10.0,15.0
PMA,Parma,1831,0,10,-10,-10.0,16.0
PMA,Parma,1832,0,10,-10,-10.0,17.0
PMA,Parma,1833,0,10,-10,-10.0,18.0
PMA,Parma,1834,0,10,-10,-10.0,19.0
PMA,Parma,1835,0,10,-10,-10.0,20.0
PMA,Parma,1836,0,10,-10,-10.0,21.0
PMA,Parma,1837,0,10,-10,-10.0,22.0
PMA,Parma,1838,0,10,-10,-10.0,23.0
PMA,Parma,1839,0,10,-10,-10.0,24.0
PMA,Parma,1840,0,10,-10,-10.0,25.0
PMA,Parma,1841,0,10,-10,-10.0,26.0
PMA,Parma,1842,0,10,-10,-10.0,27.0
PMA,Parma,1843,0,10,-10,-10.0,28.0
PMA,Parma,1844,0,10,-10,-10.0,29.0
PMA,Parma,1845,0,10,-10,-10.0,30.0
PMA,Parma,1846,0,10,-10,-10.0,31.0
PMA,Parma,1847,0,10,-10,-10.0,32.0
PMA,Parma,1848,0,10,-10,-10.0,33.0
PMA,Parma,1849,0,10,-10,-10.0,34.0
PMA,Parma,1850,0,10,-10,-10.0,35.0
PMA,Parma,1851,0,10,-10,-10.0,36.0
PMA,Parma,1852,0,10,-10,-10.0,37.0
PMA,Parma,1853,0,10,-10,-10.0,38.0
PMA,Parma,1854,0,10,-10,-10.0,39.0
PMA,Parma,1855,0,10,-10,-10.0,40.0
PMA,Parma,1856,0,10,-10,-10.0,41.0
PMA,Parma,1857,0,10,-10,-10.0,42.0
PMA,Parma,1858,0,10,-10,-10.0,43.0
PMA,Parma,1859,0,10,-10,-10.0,44.0
PMA,Parma,1860,0,10,-10,-10.0,45.0
PNG,Papua New Guinea,1975,4,0,4,4.0,0.0
PNG,Papua New Guinea,1976,4,0,4,4.0,1.0
PNG,Papua New Guinea,1977,4,0,4,4.0,2.0
PNG,Papua New Guinea,1978,4,0,4,4.0,3.0
PNG,Papua New Guinea,1979,4,0,4,4.0,4.0
PNG,Papua New Guinea,1980,4,0,4,4.0,5.0
PNG,Papua New Guinea,1981,4,0,4,4.0,6.0
PNG,Papua New Guinea,1982,4,0,4,4.0,7.0
PNG,Papua New Guinea,1983,4,0,4,4.0,8.0
PNG,Papua New Guinea,1984,4,0,4,4.0,9.0
PNG,Papua New Guinea,1985,4,0,4,4.0,10.0
PNG,Papua New Guinea,1986,4,0,4,4.0,11.0
PNG,Papua New Guinea,1987,4,0,4,4.0,12.0
PNG,Papua New Guinea,1988,4,0,4,4.0,13.0
PNG,Papua New Guinea,1989,4,0,4,4.0,14.0
PNG,Papua New Guinea,1990,4,0,4,4.0,15.0
PNG,Papua New Guinea,1991,4,0,4,4.0,16.0
PNG,Papua New Guinea,1992,4,0,4,4.0,17.0
PNG,Papua New Guinea,1993,4,0,4,4.0,18.0
PNG,Papua New Guinea,1994,4,0,4,4.0,19.0
PNG,Papua New Guinea,1995,4,0,4,4.0,20.0
PNG,Papua New Guinea,1996,4,0,4,4.0,21.0
PNG,Papua New Guinea,1997,4,0,4,4.0,22.0
PNG,Papua New Guinea,1998,4,0,4,4.0,23.0
PNG,Papua New Guinea,1999,4,0,4,4.0,24.0
PNG,Papua New Guinea,2000,4,0,4,4.0,25.0
PNG,Papua New Guinea,2001,4,0,4,4.0,26.0
PNG,Papua New Guinea,2002,4,0,4,4.0,27.0
PNG,Papua New Guinea,2003,4,0,4,4.0,28.0
PNG,Papua New Guinea,2004,4,0,4,4.0,29.0
PNG,Papua New Guinea,2005,4,0,4,4.0,30.0
PNG,Papua New Guinea,2006,4,0,4,4.0,31.0
PNG,Papua New Guinea,2007,4,0,4,4.0,32.0
PNG,Papua New Guinea,2008,4,0,4,4.0,33.0
PNG,Papua New Guinea,2009,4,0,4,4.0,34.0
PNG,Papua New Guinea,2010,4,0,4,4.0,35.0
PNG,Papua New Guinea,2011,4,0,4,4.0,36.0
PNG,Papua New Guinea,2012,5,0,5,5.0,37.0
PNG,Papua New Guinea,2013,5,0,5,5.0,38.0
PNG,Papua New Guinea,2014,5,0,5,5.0,39.0
PNG,Papua New Guinea,2015,5,0,5,5.0,40.0
PNG,Papua New Guinea,2016,5,0,5,5.0,41.0
PNG,Papua New Guinea,2017,5,0,5,5.0,42.0
PNG,Papua New Guinea,2018,5,0,5,5.0,43.0
POL,Poland,1918,8,0,8,8.0,0.0
POL,Poland,1919,8,0,8,8.0,1.0
POL,Poland,1920,8,0,8,8.0,2.0
POL,Poland,1921,8,0,8,8.0,3.0
POL,Poland,1922,8,0,8,8.0,4.0
POL,Poland,1923,8,0,8,8.0,5.0
POL,Poland,1924,8,0,8,8.0,6.0
POL,Poland,1925,8,0,8,8.0,7.0
POL,Poland,1926,2,5,-3,-3.0,0.0
POL,Poland,1927,2,5,-3,-3.0,1.0
POL,Poland,1928,2,5,-3,-3.0,2.0
POL,Poland,1929,2,5,-3,-3.0,3.0
POL,Poland,1930,2,5,-3,-3.0,4.0
POL,Poland,1931,2,5,-3,-3.0,5.0
POL,Poland,1932,2,5,-3,-3.0,6.0
POL,Poland,1933,2,5,-3,-3.0,7.0
POL,Poland,1934,2,5,-3,-3.0,8.0
POL,Poland,1935,0,6,-6,-6.0,0.0
POL,Poland,1936,0,6,-6,-6.0,1.0
POL,Poland,1937,0,6,-6,-6.0,2.0
POL,Poland,1938,0,6,-6,-6.0,3.0
POL,Poland,1939,-77,-77,-77,0.0,0.0
POL,Poland,1940,-77,-77,-77,0.0,0.0
POL,Poland,1941,-77,-77,-77,0.0,0.0
POL,Poland,1942,-77,-77,-77,0.0,0.0
POL,Poland,1943,-77,-77,-77,0.0,0.0
POL,Poland,1944,-77,-77,-77,0.0,0.0
POL,Poland,1945,-88,-88,-88,-2.0,0.0
POL,Poland,1946,-88,-88,-88,-5.0,0.0
POL,Poland,1947,0,7,-7,-7.0,0.0
POL,Poland,1948,0,7,-7,-7.0,1.0
POL,Poland,1949,0,7,-7,-7.0,2.0
POL,Poland,1950,0,7,-7,-7.0,3.0
POL,Poland,1951,0,7,-7,-7.0,4.0
POL,Poland,1952,0,7,-7,-7.0,5.0
POL,Poland,1953,0,7,-7,-7.0,6.0
POL,Poland,1954,0,7,-7,-7.0,7.0
POL,Poland,1955,0,7,-7,-7.0,8.0
POL,Poland,1956,0,7,-7,-7.0,9.0
POL,Poland,1957,0,7,-7,-7.0,10.0
POL,Poland,1958,0,7,-7,-7.0,11.0
POL,Poland,1959,0,7,-7,-7.0,12.0
POL,Poland,1960,0,7,-7,-7.0,13.0
POL,Poland,1961,0,7,-7,-7.0,14.0
POL,Poland,1962,0,7,-7,-7.0,15.0
POL,Poland,1963,0,7,-7,-7.0,16.0
POL,Poland,1964,0,7,-7,-7.0,17.0
POL,Poland,1965,0,7,-7,-7.0,18.0
POL,Poland,1966,0,7,-7,-7.0,19.0
POL,Poland,1967,0,7,-7,-7.0,20.0
POL,Poland,1968,0,7,-7,-7.0,21.0
POL,Poland,1969,0,7,-7,-7.0,22.0
POL,Poland,1970,0,7,-7,-7.0,23.0
POL,Poland,1971,0,7,-7,-7.0,24.0
POL,Poland,1972,0,7,-7,-7.0,25.0
POL,Poland,1973,0,7,-7,-7.0,26.0
POL,Poland,1974,0,7,-7,-7.0,27.0
POL,Poland,1975,0,7,-7,-7.0,28.0
POL,Poland,1976,0,7,-7,-7.0,29.0
POL,Poland,1977,0,7,-7,-7.0,30.0
POL,Poland,1978,0,7,-7,-7.0,31.0
POL,Poland,1979,0,7,-7,-7.0,32.0
POL,Poland,1980,0,6,-6,-6.0,33.0
POL,Poland,1981,0,8,-8,-8.0,34.0
POL,Poland,1982,0,8,-8,-8.0,35.0
POL,Poland,1983,0,7,-7,-7.0,36.0
POL,Poland,1984,0,7,-7,-7.0,37.0
POL,Poland,1985,0,7,-7,-7.0,38.0
POL,Poland,1986,0,7,-7,-7.0,39.0
POL,Poland,1987,0,6,-6,-6.0,40.0
POL,Poland,1988,0,6,-6,-6.0,41.0
POL,Poland,1989,5,0,5,5.0,0.0
POL,Poland,1990,5,0,5,5.0,0.0
POL,Poland,1991,8,0,8,8.0,0.0
POL,Poland,1992,8,0,8,8.0,1.0
POL,Poland,1993,8,0,8,8.0,2.0
POL,Poland,1994,8,0,8,8.0,3.0
POL,Poland,1995,9,0,9,9.0,4.0
POL,Poland,1996,9,0,9,9.0,5.0
POL,Poland,1997,9,0,9,9.0,6.0
POL,Poland,1998,9,0,9,9.0,7.0
POL,Poland,1999,9,0,9,9.0,8.0
POL,Poland,2000,9,0,9,9.0,9.0
POL,Poland,2001,9,0,9,9.0,10.0
POL,Poland,2002,10,0,10,10.0,11.0
POL,Poland,2003,10,0,10,10.0,12.0
POL,Poland,2004,10,0,10,10.0,13.0
POL,Poland,2005,10,0,10,10.0,14.0
POL,Poland,2006,10,0,10,10.0,15.0
POL,Poland,2007,10,0,10,10.0,16.0
POL,Poland,2008,10,0,10,10.0,17.0
POL,Poland,2009,10,0,10,10.0,18.0
POL,Poland,2010,10,0,10,10.0,19.0
POL,Poland,2011,10,0,10,10.0,20.0
POL,Poland,2012,10,0,10,10.0,21.0
POL,Poland,2013,10,0,10,10.0,22.0
POL,Poland,2014,10,0,10,10.0,23.0
POL,Poland,2015,10,0,10,10.0,24.0
POL,Poland,2016,10,0,10,10.0,25.0
POL,Poland,2017,10,0,10,10.0,26.0
POL,Poland,2018,10,0,10,10.0,27.0
POR,Portugal,1800,0,10,-10,-10.0,
POR,Portugal,1801,-66,-66,-66,,0.0
POR,Portugal,1802,0,10,-10,-10.0,0.0
POR,Portugal,1803,0,10,-10,-10.0,0.0
POR,Portugal,1804,0,10,-10,-10.0,1.0
POR,Portugal,1805,0,10,-10,-10.0,2.0
POR,Portugal,1806,0,10,-10,-10.0,3.0
POR,Portugal,1807,-66,-66,-66,,0.0
POR,Portugal,1808,-66,-66,-66,,0.0
POR,Portugal,1809,-66,-66,-66,,0.0
POR,Portugal,1810,-66,-66,-66,,0.0
POR,Portugal,1811,-66,-66,-66,,0.0
POR,Portugal,1812,-66,-66,-66,,0.0
POR,Portugal,1813,-66,-66,-66,,0.0
POR,Portugal,1814,-66,-66,-66,,0.0
POR,Portugal,1815,-66,-66,-66,,0.0
POR,Portugal,1816,-66,-66,-66,,0.0
POR,Portugal,1817,-66,-66,-66,,0.0
POR,Portugal,1818,-66,-66,-66,,0.0
POR,Portugal,1819,-66,-66,-66,,0.0
POR,Portugal,1820,-88,-88,-88,-3.0,0.0
POR,Portugal,1821,-88,-88,-88,-3.0,0.0
POR,Portugal,1822,-88,-88,-88,-3.0,0.0
POR,Portugal,1823,1,4,-3,-3.0,0.0
POR,Portugal,1824,1,4,-3,-3.0,1.0
POR,Portugal,1825,1,4,-3,-3.0,2.0
POR,Portugal,1826,1,4,-3,-3.0,3.0
POR,Portugal,1827,1,4,-3,-3.0,4.0
POR,Portugal,1828,1,4,-3,-3.0,5.0
POR,Portugal,1829,1,4,-3,-3.0,6.0
POR,Portugal,1830,1,4,-3,-3.0,7.0
POR,Portugal,1831,1,4,-3,-3.0,8.0
POR,Portugal,1832,1,4,-3,-3.0,9.0
POR,Portugal,1833,-88,-88,-88,-4.0,0.0
POR,Portugal,1834,1,5,-4,-4.0,0.0
POR,Portugal,1835,1,5,-4,-4.0,1.0
POR,Portugal,1836,5,4,1,1.0,0.0
POR,Portugal,1837,5,4,1,1.0,1.0
POR,Portugal,1838,5,4,1,1.0,2.0
POR,Portugal,1839,5,4,1,1.0,3.0
POR,Portugal,1840,5,4,1,1.0,4.0
POR,Portugal,1841,5,4,1,1.0,5.0
POR,Portugal,1842,1,5,-4,-4.0,0.0
POR,Portugal,1843,1,5,-4,-4.0,1.0
POR,Portugal,1844,1,5,-4,-4.0,2.0
POR,Portugal,1845,1,5,-4,-4.0,3.0
POR,Portugal,1846,1,5,-4,-4.0,4.0
POR,Portugal,1847,1,5,-4,-4.0,5.0
POR,Portugal,1848,1,5,-4,-4.0,6.0
POR,Portugal,1849,1,5,-4,-4.0,7.0
POR,Portugal,1850,1,5,-4,-4.0,8.0
POR,Portugal,1851,1,5,-4,-4.0,9.0
POR,Portugal,1852,1,5,-4,-4.0,10.0
POR,Portugal,1853,1,5,-4,-4.0,11.0
POR,Portugal,1854,1,5,-4,-4.0,12.0
POR,Portugal,1855,0,6,-6,-6.0,13.0
POR,Portugal,1856,0,6,-6,-6.0,14.0
POR,Portugal,1857,0,6,-6,-6.0,15.0
POR,Portugal,1858,0,6,-6,-6.0,16.0
POR,Portugal,1859,0,6,-6,-6.0,17.0
POR,Portugal,1860,0,7,-7,-7.0,18.0
POR,Portugal,1861,0,7,-7,-7.0,19.0
POR,Portugal,1862,0,7,-7,-7.0,20.0
POR,Portugal,1863,0,7,-7,-7.0,21.0
POR,Portugal,1864,0,7,-7,-7.0,22.0
POR,Portugal,1865,0,7,-7,-7.0,23.0
POR,Portugal,1866,0,7,-7,-7.0,24.0
POR,Portugal,1867,0,7,-7,-7.0,25.0
POR,Portugal,1868,0,7,-7,-7.0,26.0
POR,Portugal,1869,0,7,-7,-7.0,27.0
POR,Portugal,1870,0,7,-7,-7.0,28.0
POR,Portugal,1871,0,7,-7,-7.0,29.0
POR,Portugal,1872,0,7,-7,-7.0,30.0
POR,Portugal,1873,0,7,-7,-7.0,31.0
POR,Portugal,1874,0,7,-7,-7.0,32.0
POR,Portugal,1875,0,7,-7,-7.0,33.0
POR,Portugal,1876,0,7,-7,-7.0,34.0
POR,Portugal,1877,0,7,-7,-7.0,35.0
POR,Portugal,1878,0,7,-7,-7.0,36.0
POR,Portugal,1879,0,7,-7,-7.0,37.0
POR,Portugal,1880,1,6,-5,-5.0,38.0
POR,Portugal,1881,1,6,-5,-5.0,39.0
POR,Portugal,1882,1,6,-5,-5.0,40.0
POR,Portugal,1883,1,6,-5,-5.0,41.0
POR,Portugal,1884,1,6,-5,-5.0,42.0
POR,Portugal,1885,1,6,-5,-5.0,43.0
POR,Portugal,1886,1,6,-5,-5.0,44.0
POR,Portugal,1887,1,6,-5,-5.0,45.0
POR,Portugal,1888,1,6,-5,-5.0,46.0
POR,Portugal,1889,1,6,-5,-5.0,47.0
POR,Portugal,1890,2,6,-4,-4.0,48.0
POR,Portugal,1891,2,6,-4,-4.0,49.0
POR,Portugal,1892,2,6,-4,-4.0,50.0
POR,Portugal,1893,2,6,-4,-4.0,51.0
POR,Portugal,1894,2,6,-4,-4.0,52.0
POR,Portugal,1895,2,6,-4,-4.0,53.0
POR,Portugal,1896,2,6,-4,-4.0,54.0
POR,Portugal,1897,2,6,-4,-4.0,55.0
POR,Portugal,1898,2,6,-4,-4.0,56.0
POR,Portugal,1899,2,6,-4,-4.0,57.0
POR,Portugal,1900,2,5,-3,-3.0,58.0
POR,Portugal,1901,2,5,-3,-3.0,59.0
POR,Portugal,1902,2,5,-3,-3.0,60.0
POR,Portugal,1903,2,5,-3,-3.0,61.0
POR,Portugal,1904,2,5,-3,-3.0,62.0
POR,Portugal,1905,2,5,-3,-3.0,63.0
POR,Portugal,1906,3,4,-1,-1.0,64.0
POR,Portugal,1907,0,9,-9,-9.0,0.0
POR,Portugal,1908,5,3,2,2.0,0.0
POR,Portugal,1909,5,3,2,2.0,0.0
POR,Portugal,1910,-88,-88,-88,5.0,0.0
POR,Portugal,1911,8,1,7,7.0,0.0
POR,Portugal,1912,8,1,7,7.0,1.0
POR,Portugal,1913,8,1,7,7.0,2.0
POR,Portugal,1914,8,1,7,7.0,3.0
POR,Portugal,1915,8,1,7,7.0,4.0
POR,Portugal,1916,8,1,7,7.0,5.0
POR,Portugal,1917,8,1,7,7.0,6.0
POR,Portugal,1918,8,1,7,7.0,7.0
POR,Portugal,1919,8,1,7,7.0,8.0
POR,Portugal,1920,8,1,7,7.0,9.0
POR,Portugal,1921,8,1,7,7.0,10.0
POR,Portugal,1922,8,1,7,7.0,11.0
POR,Portugal,1923,8,1,7,7.0,12.0
POR,Portugal,1924,8,1,7,7.0,13.0
POR,Portugal,1925,8,1,7,7.0,14.0
POR,Portugal,1926,-88,-88,-88,4.0,0.0
POR,Portugal,1927,-88,-88,-88,1.0,0.0
POR,Portugal,1928,-88,-88,-88,-3.0,0.0
POR,Portugal,1929,-88,-88,-88,-6.0,0.0
POR,Portugal,1930,0,9,-9,-9.0,0.0
POR,Portugal,1931,0,9,-9,-9.0,1.0
POR,Portugal,1932,0,9,-9,-9.0,2.0
POR,Portugal,1933,0,9,-9,-9.0,3.0
POR,Portugal,1934,0,9,-9,-9.0,4.0
POR,Portugal,1935,0,9,-9,-9.0,5.0
POR,Portugal,1936,0,9,-9,-9.0,6.0
POR,Portugal,1937,0,9,-9,-9.0,7.0
POR,Portugal,1938,0,9,-9,-9.0,8.0
POR,Portugal,1939,0,9,-9,-9.0,9.0
POR,Portugal,1940,0,9,-9,-9.0,10.0
POR,Portugal,1941,0,9,-9,-9.0,11.0
POR,Portugal,1942,0,9,-9,-9.0,12.0
POR,Portugal,1943,0,9,-9,-9.0,13.0
POR,Portugal,1944,0,9,-9,-9.0,14.0
POR,Portugal,1945,0,9,-9,-9.0,15.0
POR,Portugal,1946,0,9,-9,-9.0,16.0
POR,Portugal,1947,0,9,-9,-9.0,17.0
POR,Portugal,1948,0,9,-9,-9.0,18.0
POR,Portugal,1949,0,9,-9,-9.0,19.0
POR,Portugal,1950,0,9,-9,-9.0,20.0
POR,Portugal,1951,0,9,-9,-9.0,21.0
POR,Portugal,1952,0,9,-9,-9.0,22.0
POR,Portugal,1953,0,9,-9,-9.0,23.0
POR,Portugal,1954,0,9,-9,-9.0,24.0
POR,Portugal,1955,0,9,-9,-9.0,25.0
POR,Portugal,1956,0,9,-9,-9.0,26.0
POR,Portugal,1957,0,9,-9,-9.0,27.0
POR,Portugal,1958,0,9,-9,-9.0,28.0
POR,Portugal,1959,0,9,-9,-9.0,29.0
POR,Portugal,1960,0,9,-9,-9.0,30.0
POR,Portugal,1961,0,9,-9,-9.0,31.0
POR,Portugal,1962,0,9,-9,-9.0,32.0
POR,Portugal,1963,0,9,-9,-9.0,33.0
POR,Portugal,1964,0,9,-9,-9.0,34.0
POR,Portugal,1965,0,9,-9,-9.0,35.0
POR,Portugal,1966,0,9,-9,-9.0,36.0
POR,Portugal,1967,0,9,-9,-9.0,37.0
POR,Portugal,1968,0,9,-9,-9.0,38.0
POR,Portugal,1969,0,9,-9,-9.0,39.0
POR,Portugal,1970,0,9,-9,-9.0,40.0
POR,Portugal,1971,0,9,-9,-9.0,41.0
POR,Portugal,1972,0,9,-9,-9.0,42.0
POR,Portugal,1973,0,9,-9,-9.0,43.0
POR,Portugal,1974,-88,-88,-88,-3.0,0.0
POR,Portugal,1975,-88,-88,-88,3.0,0.0
POR,Portugal,1976,9,0,9,9.0,0.0
POR,Portugal,1977,9,0,9,9.0,1.0
POR,Portugal,1978,9,0,9,9.0,2.0
POR,Portugal,1979,9,0,9,9.0,3.0
POR,Portugal,1980,9,0,9,9.0,4.0
POR,Portugal,1981,9,0,9,9.0,5.0
POR,Portugal,1982,10,0,10,10.0,6.0
POR,Portugal,1983,10,0,10,10.0,7.0
POR,Portugal,1984,10,0,10,10.0,8.0
POR,Portugal,1985,10,0,10,10.0,9.0
POR,Portugal,1986,10,0,10,10.0,10.0
POR,Portugal,1987,10,0,10,10.0,11.0
POR,Portugal,1988,10,0,10,10.0,12.0
POR,Portugal,1989,10,0,10,10.0,13.0
POR,Portugal,1990,10,0,10,10.0,14.0
POR,Portugal,1991,10,0,10,10.0,15.0
POR,Portugal,1992,10,0,10,10.0,16.0
POR,Portugal,1993,10,0,10,10.0,17.0
POR,Portugal,1994,10,0,10,10.0,18.0
POR,Portugal,1995,10,0,10,10.0,19.0
POR,Portugal,1996,10,0,10,10.0,20.0
POR,Portugal,1997,10,0,10,10.0,21.0
POR,Portugal,1998,10,0,10,10.0,22.0
POR,Portugal,1999,10,0,10,10.0,23.0
POR,Portugal,2000,10,0,10,10.0,24.0
POR,Portugal,2001,10,0,10,10.0,25.0
POR,Portugal,2002,10,0,10,10.0,26.0
POR,Portugal,2003,10,0,10,10.0,27.0
POR,Portugal,2004,10,0,10,10.0,28.0
POR,Portugal,2005,10,0,10,10.0,29.0
POR,Portugal,2006,10,0,10,10.0,30.0
POR,Portugal,2007,10,0,10,10.0,31.0
POR,Portugal,2008,10,0,10,10.0,32.0
POR,Portugal,2009,10,0,10,10.0,33.0
POR,Portugal,2010,10,0,10,10.0,34.0
POR,Portugal,2011,10,0,10,10.0,35.0
POR,Portugal,2012,10,0,10,10.0,36.0
POR,Portugal,2013,10,0,10,10.0,37.0
POR,Portugal,2014,10,0,10,10.0,38.0
POR,Portugal,2015,10,0,10,10.0,39.0
POR,Portugal,2016,10,0,10,10.0,40.0
POR,Portugal,2017,10,0,10,10.0,41.0
POR,Portugal,2018,10,0,10,10.0,42.0
PRK,Korea North,1948,0,7,-7,-7.0,0.0
PRK,Korea North,1949,0,7,-7,-7.0,1.0
PRK,Korea North,1950,0,7,-7,-7.0,2.0
PRK,Korea North,1951,0,7,-7,-7.0,3.0
PRK,Korea North,1952,0,7,-7,-7.0,4.0
PRK,Korea North,1953,0,7,-7,-7.0,5.0
PRK,Korea North,1954,0,7,-7,-7.0,6.0
PRK,Korea North,1955,0,7,-7,-7.0,7.0
PRK,Korea North,1956,0,8,-8,-8.0,8.0
PRK,Korea North,1957,0,8,-8,-8.0,9.0
PRK,Korea North,1958,0,8,-8,-8.0,10.0
PRK,Korea North,1959,0,8,-8,-8.0,11.0
PRK,Korea North,1960,0,8,-8,-8.0,12.0
PRK,Korea North,1961,0,8,-8,-8.0,13.0
PRK,Korea North,1962,0,8,-8,-8.0,14.0
PRK,Korea North,1963,0,8,-8,-8.0,15.0
PRK,Korea North,1964,0,8,-8,-8.0,16.0
PRK,Korea North,1965,0,8,-8,-8.0,17.0
PRK,Korea North,1966,0,9,-9,-9.0,18.0
PRK,Korea North,1967,0,9,-9,-9.0,19.0
PRK,Korea North,1968,0,9,-9,-9.0,20.0
PRK,Korea North,1969,0,9,-9,-9.0,21.0
PRK,Korea North,1970,0,9,-9,-9.0,22.0
PRK,Korea North,1971,0,9,-9,-9.0,23.0
PRK,Korea North,1972,0,9,-9,-9.0,24.0
PRK,Korea North,1973,0,9,-9,-9.0,25.0
PRK,Korea North,1974,0,9,-9,-9.0,26.0
PRK,Korea North,1975,0,9,-9,-9.0,27.0
PRK,Korea North,1976,0,9,-9,-9.0,28.0
PRK,Korea North,1977,0,9,-9,-9.0,29.0
PRK,Korea North,1978,0,9,-9,-9.0,30.0
PRK,Korea North,1979,0,9,-9,-9.0,31.0
PRK,Korea North,1980,0,9,-9,-9.0,32.0
PRK,Korea North,1981,0,9,-9,-9.0,33.0
PRK,Korea North,1982,0,9,-9,-9.0,34.0
PRK,Korea North,1983,0,9,-9,-9.0,35.0
PRK,Korea North,1984,0,9,-9,-9.0,36.0
PRK,Korea North,1985,0,9,-9,-9.0,37.0
PRK,Korea North,1986,0,9,-9,-9.0,38.0
PRK,Korea North,1987,0,9,-9,-9.0,39.0
PRK,Korea North,1988,0,9,-9,-9.0,40.0
PRK,Korea North,1989,0,9,-9,-9.0,41.0
PRK,Korea North,1990,0,9,-9,-9.0,42.0
PRK,Korea North,1991,0,9,-9,-9.0,43.0
PRK,Korea North,1992,0,9,-9,-9.0,44.0
PRK,Korea North,1993,0,9,-9,-9.0,45.0
PRK,Korea North,1994,0,10,-10,-10.0,46.0
PRK,Korea North,1995,0,10,-10,-10.0,47.0
PRK,Korea North,1996,0,10,-10,-10.0,48.0
PRK,Korea North,1997,0,10,-10,-10.0,49.0
PRK,Korea North,1998,0,10,-10,-10.0,50.0
PRK,Korea North,1999,0,10,-10,-10.0,51.0
PRK,Korea North,2000,0,10,-10,-10.0,52.0
PRK,Korea North,2001,0,10,-10,-10.0,53.0
PRK,Korea North,2002,0,10,-10,-10.0,54.0
PRK,Korea North,2003,0,10,-10,-10.0,55.0
PRK,Korea North,2004,0,10,-10,-10.0,56.0
PRK,Korea North,2005,0,10,-10,-10.0,57.0
PRK,Korea North,2006,0,10,-10,-10.0,58.0
PRK,Korea North,2007,0,10,-10,-10.0,59.0
PRK,Korea North,2008,0,10,-10,-10.0,60.0
PRK,Korea North,2009,0,10,-10,-10.0,61.0
PRK,Korea North,2010,0,10,-10,-10.0,62.0
PRK,Korea North,2011,0,10,-10,-10.0,63.0
PRK,Korea North,2012,0,10,-10,-10.0,64.0
PRK,Korea North,2013,0,10,-10,-10.0,65.0
PRK,Korea North,2014,0,10,-10,-10.0,66.0
PRK,Korea North,2015,0,10,-10,-10.0,67.0
PRK,Korea North,2016,0,10,-10,-10.0,68.0
PRK,Korea North,2017,0,10,-10,-10.0,69.0
PRK,Korea North,2018,0,10,-10,-10.0,70.0
QAT,Qatar,1971,0,10,-10,-10.0,0.0
QAT,Qatar,1972,0,10,-10,-10.0,1.0
QAT,Qatar,1973,0,10,-10,-10.0,2.0
QAT,Qatar,1974,0,10,-10,-10.0,3.0
QAT,Qatar,1975,0,10,-10,-10.0,4.0
QAT,Qatar,1976,0,10,-10,-10.0,5.0
QAT,Qatar,1977,0,10,-10,-10.0,6.0
QAT,Qatar,1978,0,10,-10,-10.0,7.0
QAT,Qatar,1979,0,10,-10,-10.0,8.0
QAT,Qatar,1980,0,10,-10,-10.0,9.0
QAT,Qatar,1981,0,10,-10,-10.0,10.0
QAT,Qatar,1982,0,10,-10,-10.0,11.0
QAT,Qatar,1983,0,10,-10,-10.0,12.0
QAT,Qatar,1984,0,10,-10,-10.0,13.0
QAT,Qatar,1985,0,10,-10,-10.0,14.0
QAT,Qatar,1986,0,10,-10,-10.0,15.0
QAT,Qatar,1987,0,10,-10,-10.0,16.0
QAT,Qatar,1988,0,10,-10,-10.0,17.0
QAT,Qatar,1989,0,10,-10,-10.0,18.0
QAT,Qatar,1990,0,10,-10,-10.0,19.0
QAT,Qatar,1991,0,10,-10,-10.0,20.0
QAT,Qatar,1992,0,10,-10,-10.0,21.0
QAT,Qatar,1993,0,10,-10,-10.0,22.0
QAT,Qatar,1994,0,10,-10,-10.0,23.0
QAT,Qatar,1995,0,10,-10,-10.0,24.0
QAT,Qatar,1996,0,10,-10,-10.0,25.0
QAT,Qatar,1997,0,10,-10,-10.0,26.0
QAT,Qatar,1998,0,10,-10,-10.0,27.0
QAT,Qatar,1999,0,10,-10,-10.0,28.0
QAT,Qatar,2000,0,10,-10,-10.0,29.0
QAT,Qatar,2001,0,10,-10,-10.0,30.0
QAT,Qatar,2002,0,10,-10,-10.0,31.0
QAT,Qatar,2003,0,10,-10,-10.0,32.0
QAT,Qatar,2004,0,10,-10,-10.0,33.0
QAT,Qatar,2005,0,10,-10,-10.0,34.0
QAT,Qatar,2006,0,10,-10,-10.0,35.0
QAT,Qatar,2007,0,10,-10,-10.0,36.0
QAT,Qatar,2008,0,10,-10,-10.0,37.0
QAT,Qatar,2009,0,10,-10,-10.0,38.0
QAT,Qatar,2010,0,10,-10,-10.0,39.0
QAT,Qatar,2011,0,10,-10,-10.0,40.0
QAT,Qatar,2012,0,10,-10,-10.0,41.0
QAT,Qatar,2013,0,10,-10,-10.0,42.0
QAT,Qatar,2014,0,10,-10,-10.0,43.0
QAT,Qatar,2015,0,10,-10,-10.0,44.0
QAT,Qatar,2016,0,10,-10,-10.0,45.0
QAT,Qatar,2017,0,10,-10,-10.0,46.0
QAT,Qatar,2018,0,10,-10,-10.0,47.0
ROK,Korea South,1948,1,4,-3,-3.0,0.0
ROK,Korea South,1949,1,4,-3,-3.0,1.0
ROK,Korea South,1950,1,4,-3,-3.0,2.0
ROK,Korea South,1951,1,4,-3,-3.0,3.0
ROK,Korea South,1952,1,5,-4,-4.0,4.0
ROK,Korea South,1953,1,5,-4,-4.0,5.0
ROK,Korea South,1954,1,5,-4,-4.0,6.0
ROK,Korea South,1955,1,5,-4,-4.0,7.0
ROK,Korea South,1956,1,5,-4,-4.0,8.0
ROK,Korea South,1957,1,5,-4,-4.0,9.0
ROK,Korea South,1958,1,5,-4,-4.0,10.0
ROK,Korea South,1959,1,5,-4,-4.0,11.0
ROK,Korea South,1960,8,0,8,8.0,0.0
ROK,Korea South,1961,0,7,-7,-7.0,0.0
ROK,Korea South,1962,0,7,-7,-7.0,1.0
ROK,Korea South,1963,4,1,3,3.0,0.0
ROK,Korea South,1964,4,1,3,3.0,1.0
ROK,Korea South,1965,4,1,3,3.0,2.0
ROK,Korea South,1966,4,1,3,3.0,3.0
ROK,Korea South,1967,4,1,3,3.0,4.0
ROK,Korea South,1968,4,1,3,3.0,5.0
ROK,Korea South,1969,4,1,3,3.0,6.0
ROK,Korea South,1970,4,1,3,3.0,7.0
ROK,Korea South,1971,4,1,3,3.0,8.0
ROK,Korea South,1972,0,9,-9,-9.0,0.0
ROK,Korea South,1973,0,8,-8,-8.0,1.0
ROK,Korea South,1974,0,8,-8,-8.0,2.0
ROK,Korea South,1975,0,8,-8,-8.0,3.0
ROK,Korea South,1976,0,8,-8,-8.0,4.0
ROK,Korea South,1977,0,8,-8,-8.0,5.0
ROK,Korea South,1978,0,8,-8,-8.0,6.0
ROK,Korea South,1979,0,8,-8,-8.0,7.0
ROK,Korea South,1980,0,8,-8,-8.0,8.0
ROK,Korea South,1981,0,5,-5,-5.0,0.0
ROK,Korea South,1982,0,5,-5,-5.0,1.0
ROK,Korea South,1983,0,5,-5,-5.0,2.0
ROK,Korea South,1984,0,5,-5,-5.0,3.0
ROK,Korea South,1985,0,5,-5,-5.0,4.0
ROK,Korea South,1986,0,5,-5,-5.0,5.0
ROK,Korea South,1987,-88,-88,-88,1.0,0.0
ROK,Korea South,1988,7,1,6,6.0,0.0
ROK,Korea South,1989,7,1,6,6.0,1.0
ROK,Korea South,1990,7,1,6,6.0,2.0
ROK,Korea South,1991,7,1,6,6.0,3.0
ROK,Korea South,1992,7,1,6,6.0,4.0
ROK,Korea South,1993,7,1,6,6.0,5.0
ROK,Korea South,1994,7,1,6,6.0,6.0
ROK,Korea South,1995,7,1,6,6.0,7.0
ROK,Korea South,1996,7,1,6,6.0,8.0
ROK,Korea South,1997,7,1,6,6.0,9.0
ROK,Korea South,1998,8,0,8,8.0,10.0
ROK,Korea South,1999,8,0,8,8.0,11.0
ROK,Korea South,2000,8,0,8,8.0,12.0
ROK,Korea South,2001,8,0,8,8.0,13.0
ROK,Korea South,2002,8,0,8,8.0,14.0
ROK,Korea South,2003,8,0,8,8.0,15.0
ROK,Korea South,2004,8,0,8,8.0,16.0
ROK,Korea South,2005,8,0,8,8.0,17.0
ROK,Korea South,2006,8,0,8,8.0,18.0
ROK,Korea South,2007,8,0,8,8.0,19.0
ROK,Korea South,2008,8,0,8,8.0,20.0
ROK,Korea South,2009,8,0,8,8.0,21.0
ROK,Korea South,2010,8,0,8,8.0,22.0
ROK,Korea South,2011,8,0,8,8.0,23.0
ROK,Korea South,2012,8,0,8,8.0,24.0
ROK,Korea South,2013,8,0,8,8.0,25.0
ROK,Korea South,2014,8,0,8,8.0,26.0
ROK,Korea South,2015,8,0,8,8.0,27.0
ROK,Korea South,2016,8,0,8,8.0,28.0
ROK,Korea South,2017,8,0,8,8.0,29.0
ROK,Korea South,2018,8,0,8,8.0,30.0
RUM,Romania,1859,3,3,0,0.0,0.0
RUM,Romania,1860,3,3,0,0.0,1.0
RUM,Romania,1861,3,3,0,0.0,2.0
RUM,Romania,1862,3,3,0,0.0,3.0
RUM,Romania,1863,3,3,0,0.0,4.0
RUM,Romania,1864,1,3,-2,-2.0,0.0
RUM,Romania,1865,1,3,-2,-2.0,0.0
RUM,Romania,1866,0,7,-7,-7.0,0.0
RUM,Romania,1867,0,7,-7,-7.0,1.0
RUM,Romania,1868,0,7,-7,-7.0,2.0
RUM,Romania,1869,0,7,-7,-7.0,3.0
RUM,Romania,1870,0,7,-7,-7.0,4.0
RUM,Romania,1871,0,7,-7,-7.0,5.0
RUM,Romania,1872,0,7,-7,-7.0,6.0
RUM,Romania,1873,0,7,-7,-7.0,7.0
RUM,Romania,1874,0,7,-7,-7.0,8.0
RUM,Romania,1875,0,7,-7,-7.0,9.0
RUM,Romania,1876,0,7,-7,-7.0,10.0
RUM,Romania,1877,0,7,-7,-7.0,11.0
RUM,Romania,1878,0,7,-7,-7.0,12.0
RUM,Romania,1879,0,7,-7,-7.0,13.0
RUM,Romania,1880,0,7,-7,-7.0,14.0
RUM,Romania,1881,0,7,-7,-7.0,15.0
RUM,Romania,1882,0,7,-7,-7.0,16.0
RUM,Romania,1883,0,7,-7,-7.0,17.0
RUM,Romania,1884,0,7,-7,-7.0,18.0
RUM,Romania,1885,0,7,-7,-7.0,19.0
RUM,Romania,1886,0,7,-7,-7.0,20.0
RUM,Romania,1887,0,7,-7,-7.0,21.0
RUM,Romania,1888,0,7,-7,-7.0,22.0
RUM,Romania,1889,0,7,-7,-7.0,23.0
RUM,Romania,1890,0,7,-7,-7.0,24.0
RUM,Romania,1891,0,7,-7,-7.0,25.0
RUM,Romania,1892,0,7,-7,-7.0,26.0
RUM,Romania,1893,0,7,-7,-7.0,27.0
RUM,Romania,1894,0,7,-7,-7.0,28.0
RUM,Romania,1895,0,7,-7,-7.0,29.0
RUM,Romania,1896,0,7,-7,-7.0,30.0
RUM,Romania,1897,0,7,-7,-7.0,31.0
RUM,Romania,1898,0,7,-7,-7.0,32.0
RUM,Romania,1899,0,7,-7,-7.0,33.0
RUM,Romania,1900,0,6,-6,-6.0,34.0
RUM,Romania,1901,0,6,-6,-6.0,35.0
RUM,Romania,1902,0,6,-6,-6.0,36.0
RUM,Romania,1903,0,6,-6,-6.0,37.0
RUM,Romania,1904,0,6,-6,-6.0,38.0
RUM,Romania,1905,0,6,-6,-6.0,39.0
RUM,Romania,1906,0,6,-6,-6.0,40.0
RUM,Romania,1907,0,6,-6,-6.0,41.0
RUM,Romania,1908,0,6,-6,-6.0,42.0
RUM,Romania,1909,0,6,-6,-6.0,43.0
RUM,Romania,1910,1,5,-4,-4.0,44.0
RUM,Romania,1911,1,5,-4,-4.0,45.0
RUM,Romania,1912,1,5,-4,-4.0,46.0
RUM,Romania,1913,1,5,-4,-4.0,47.0
RUM,Romania,1914,1,5,-4,-4.0,48.0
RUM,Romania,1915,1,5,-4,-4.0,49.0
RUM,Romania,1916,-66,-66,-66,,0.0
RUM,Romania,1917,1,5,-4,-4.0,0.0
RUM,Romania,1918,1,5,-4,-4.0,0.0
RUM,Romania,1919,1,5,-4,-4.0,1.0
RUM,Romania,1920,1,5,-4,-4.0,2.0
RUM,Romania,1921,1,5,-4,-4.0,3.0
RUM,Romania,1922,1,5,-4,-4.0,4.0
RUM,Romania,1923,1,5,-4,-4.0,5.0
RUM,Romania,1924,1,5,-4,-4.0,6.0
RUM,Romania,1925,1,5,-4,-4.0,7.0
RUM,Romania,1926,1,5,-4,-4.0,8.0
RUM,Romania,1927,1,5,-4,-4.0,9.0
RUM,Romania,1928,1,5,-4,-4.0,10.0
RUM,Romania,1929,1,5,-4,-4.0,11.0
RUM,Romania,1930,1,5,-4,-4.0,12.0
RUM,Romania,1931,1,5,-4,-4.0,13.0
RUM,Romania,1932,1,5,-4,-4.0,14.0
RUM,Romania,1933,1,5,-4,-4.0,15.0
RUM,Romania,1934,1,5,-4,-4.0,16.0
RUM,Romania,1935,1,5,-4,-4.0,17.0
RUM,Romania,1936,1,5,-4,-4.0,18.0
RUM,Romania,1937,1,5,-4,-4.0,19.0
RUM,Romania,1938,1,7,-6,-6.0,0.0
RUM,Romania,1939,1,7,-6,-6.0,0.0
RUM,Romania,1940,-88,-88,-88,-7.0,0.0
RUM,Romania,1941,0,7,-7,-7.0,0.0
RUM,Romania,1942,0,7,-7,-7.0,1.0
RUM,Romania,1943,0,7,-7,-7.0,2.0
RUM,Romania,1944,-88,-88,-88,-7.0,0.0
RUM,Romania,1945,-88,-88,-88,-7.0,0.0
RUM,Romania,1946,1,4,-3,-3.0,0.0
RUM,Romania,1947,0,7,-7,-7.0,0.0
RUM,Romania,1948,0,7,-7,-7.0,1.0
RUM,Romania,1949,0,7,-7,-7.0,2.0
RUM,Romania,1950,0,7,-7,-7.0,3.0
RUM,Romania,1951,0,7,-7,-7.0,4.0
RUM,Romania,1952,0,7,-7,-7.0,5.0
RUM,Romania,1953,0,7,-7,-7.0,6.0
RUM,Romania,1954,0,7,-7,-7.0,7.0
RUM,Romania,1955,0,7,-7,-7.0,8.0
RUM,Romania,1956,0,7,-7,-7.0,9.0
RUM,Romania,1957,0,7,-7,-7.0,10.0
RUM,Romania,1958,0,7,-7,-7.0,11.0
RUM,Romania,1959,0,7,-7,-7.0,12.0
RUM,Romania,1960,0,7,-7,-7.0,13.0
RUM,Romania,1961,0,7,-7,-7.0,14.0
RUM,Romania,1962,0,7,-7,-7.0,15.0
RUM,Romania,1963,0,7,-7,-7.0,16.0
RUM,Romania,1964,0,7,-7,-7.0,17.0
RUM,Romania,1965,0,7,-7,-7.0,18.0
RUM,Romania,1966,0,7,-7,-7.0,19.0
RUM,Romania,1967,0,7,-7,-7.0,20.0
RUM,Romania,1968,0,7,-7,-7.0,21.0
RUM,Romania,1969,0,7,-7,-7.0,22.0
RUM,Romania,1970,0,7,-7,-7.0,23.0
RUM,Romania,1971,0,7,-7,-7.0,24.0
RUM,Romania,1972,0,7,-7,-7.0,25.0
RUM,Romania,1973,0,7,-7,-7.0,26.0
RUM,Romania,1974,0,7,-7,-7.0,27.0
RUM,Romania,1975,0,7,-7,-7.0,28.0
RUM,Romania,1976,0,7,-7,-7.0,29.0
RUM,Romania,1977,0,8,-8,-8.0,30.0
RUM,Romania,1978,0,8,-8,-8.0,31.0
RUM,Romania,1979,0,8,-8,-8.0,32.0
RUM,Romania,1980,0,8,-8,-8.0,33.0
RUM,Romania,1981,0,8,-8,-8.0,34.0
RUM,Romania,1982,0,8,-8,-8.0,35.0
RUM,Romania,1983,0,8,-8,-8.0,36.0
RUM,Romania,1984,0,8,-8,-8.0,37.0
RUM,Romania,1985,0,8,-8,-8.0,38.0
RUM,Romania,1986,0,8,-8,-8.0,39.0
RUM,Romania,1987,0,8,-8,-8.0,40.0
RUM,Romania,1988,0,8,-8,-8.0,41.0
RUM,Romania,1989,-88,-88,-88,-1.0,0.0
RUM,Romania,1990,5,0,5,5.0,0.0
RUM,Romania,1991,5,0,5,5.0,1.0
RUM,Romania,1992,5,0,5,5.0,2.0
RUM,Romania,1993,5,0,5,5.0,3.0
RUM,Romania,1994,5,0,5,5.0,4.0
RUM,Romania,1995,5,0,5,5.0,5.0
RUM,Romania,1996,8,0,8,8.0,0.0
RUM,Romania,1997,8,0,8,8.0,1.0
RUM,Romania,1998,8,0,8,8.0,2.0
RUM,Romania,1999,8,0,8,8.0,3.0
RUM,Romania,2000,8,0,8,8.0,4.0
RUM,Romania,2001,8,0,8,8.0,5.0
RUM,Romania,2002,8,0,8,8.0,6.0
RUM,Romania,2003,8,0,8,8.0,7.0
RUM,Romania,2004,9,0,9,9.0,8.0
RUM,Romania,2005,9,0,9,9.0,9.0
RUM,Romania,2006,9,0,9,9.0,10.0
RUM,Romania,2007,9,0,9,9.0,11.0
RUM,Romania,2008,9,0,9,9.0,12.0
RUM,Romania,2009,9,0,9,9.0,13.0
RUM,Romania,2010,9,0,9,9.0,14.0
RUM,Romania,2011,9,0,9,9.0,15.0
RUM,Romania,2012,9,0,9,9.0,16.0
RUM,Romania,2013,9,0,9,9.0,17.0
RUM,Romania,2014,9,0,9,9.0,18.0
RUM,Romania,2015,9,0,9,9.0,19.0
RUM,Romania,2016,9,0,9,9.0,20.0
RUM,Romania,2017,9,0,9,9.0,21.0
RUM,Romania,2018,9,0,9,9.0,22.0
RUS,Russia,1800,0,10,-10,-10.0,
RUS,Russia,1801,0,10,-10,-10.0,
RUS,Russia,1802,0,10,-10,-10.0,
RUS,Russia,1803,0,10,-10,-10.0,
RUS,Russia,1804,0,10,-10,-10.0,
RUS,Russia,1805,0,10,-10,-10.0,
RUS,Russia,1806,0,10,-10,-10.0,
RUS,Russia,1807,0,10,-10,-10.0,
RUS,Russia,1808,0,10,-10,-10.0,
RUS,Russia,1809,0,10,-10,-10.0,
RUS,Russia,1810,0,10,-10,-10.0,
RUS,Russia,1811,0,10,-10,-10.0,
RUS,Russia,1812,0,10,-10,-10.0,0.0
RUS,Russia,1813,0,10,-10,-10.0,0.0
RUS,Russia,1814,0,10,-10,-10.0,1.0
RUS,Russia,1815,0,10,-10,-10.0,2.0
RUS,Russia,1816,0,10,-10,-10.0,3.0
RUS,Russia,1817,0,10,-10,-10.0,4.0
RUS,Russia,1818,0,10,-10,-10.0,5.0
RUS,Russia,1819,0,10,-10,-10.0,6.0
RUS,Russia,1820,0,10,-10,-10.0,7.0
RUS,Russia,1821,0,10,-10,-10.0,8.0
RUS,Russia,1822,0,10,-10,-10.0,9.0
RUS,Russia,1823,0,10,-10,-10.0,10.0
RUS,Russia,1824,0,10,-10,-10.0,11.0
RUS,Russia,1825,0,10,-10,-10.0,12.0
RUS,Russia,1826,0,10,-10,-10.0,13.0
RUS,Russia,1827,0,10,-10,-10.0,14.0
RUS,Russia,1828,0,10,-10,-10.0,15.0
RUS,Russia,1829,0,10,-10,-10.0,16.0
RUS,Russia,1830,0,10,-10,-10.0,17.0
RUS,Russia,1831,0,10,-10,-10.0,18.0
RUS,Russia,1832,0,10,-10,-10.0,19.0
RUS,Russia,1833,0,10,-10,-10.0,20.0
RUS,Russia,1834,0,10,-10,-10.0,21.0
RUS,Russia,1835,0,10,-10,-10.0,22.0
RUS,Russia,1836,0,10,-10,-10.0,23.0
RUS,Russia,1837,0,10,-10,-10.0,24.0
RUS,Russia,1838,0,10,-10,-10.0,25.0
RUS,Russia,1839,0,10,-10,-10.0,26.0
RUS,Russia,1840,0,10,-10,-10.0,27.0
RUS,Russia,1841,0,10,-10,-10.0,28.0
RUS,Russia,1842,0,10,-10,-10.0,29.0
RUS,Russia,1843,0,10,-10,-10.0,30.0
RUS,Russia,1844,0,10,-10,-10.0,31.0
RUS,Russia,1845,0,10,-10,-10.0,32.0
RUS,Russia,1846,0,10,-10,-10.0,33.0
RUS,Russia,1847,0,10,-10,-10.0,34.0
RUS,Russia,1848,0,10,-10,-10.0,35.0
RUS,Russia,1849,0,10,-10,-10.0,36.0
RUS,Russia,1850,0,10,-10,-10.0,37.0
RUS,Russia,1851,0,10,-10,-10.0,38.0
RUS,Russia,1852,0,10,-10,-10.0,39.0
RUS,Russia,1853,0,10,-10,-10.0,40.0
RUS,Russia,1854,0,10,-10,-10.0,41.0
RUS,Russia,1855,0,10,-10,-10.0,42.0
RUS,Russia,1856,0,10,-10,-10.0,43.0
RUS,Russia,1857,0,10,-10,-10.0,44.0
RUS,Russia,1858,0,10,-10,-10.0,45.0
RUS,Russia,1859,0,10,-10,-10.0,46.0
RUS,Russia,1860,0,10,-10,-10.0,47.0
RUS,Russia,1861,0,10,-10,-10.0,48.0
RUS,Russia,1862,0,10,-10,-10.0,49.0
RUS,Russia,1863,0,10,-10,-10.0,50.0
RUS,Russia,1864,0,10,-10,-10.0,51.0
RUS,Russia,1865,0,10,-10,-10.0,52.0
RUS,Russia,1866,0,10,-10,-10.0,53.0
RUS,Russia,1867,0,10,-10,-10.0,54.0
RUS,Russia,1868,0,10,-10,-10.0,55.0
RUS,Russia,1869,0,10,-10,-10.0,56.0
RUS,Russia,1870,0,10,-10,-10.0,57.0
RUS,Russia,1871,0,10,-10,-10.0,58.0
RUS,Russia,1872,0,10,-10,-10.0,59.0
RUS,Russia,1873,0,10,-10,-10.0,60.0
RUS,Russia,1874,0,10,-10,-10.0,61.0
RUS,Russia,1875,0,10,-10,-10.0,62.0
RUS,Russia,1876,0,10,-10,-10.0,63.0
RUS,Russia,1877,0,10,-10,-10.0,64.0
RUS,Russia,1878,0,10,-10,-10.0,65.0
RUS,Russia,1879,0,10,-10,-10.0,66.0
RUS,Russia,1880,0,10,-10,-10.0,67.0
RUS,Russia,1881,0,10,-10,-10.0,68.0
RUS,Russia,1882,0,10,-10,-10.0,69.0
RUS,Russia,1883,0,10,-10,-10.0,70.0
RUS,Russia,1884,0,10,-10,-10.0,71.0
RUS,Russia,1885,0,10,-10,-10.0,72.0
RUS,Russia,1886,0,10,-10,-10.0,73.0
RUS,Russia,1887,0,10,-10,-10.0,74.0
RUS,Russia,1888,0,10,-10,-10.0,75.0
RUS,Russia,1889,0,10,-10,-10.0,76.0
RUS,Russia,1890,0,10,-10,-10.0,77.0
RUS,Russia,1891,0,10,-10,-10.0,78.0
RUS,Russia,1892,0,10,-10,-10.0,79.0
RUS,Russia,1893,0,10,-10,-10.0,80.0
RUS,Russia,1894,0,10,-10,-10.0,81.0
RUS,Russia,1895,0,10,-10,-10.0,82.0
RUS,Russia,1896,0,10,-10,-10.0,83.0
RUS,Russia,1897,0,10,-10,-10.0,84.0
RUS,Russia,1898,0,10,-10,-10.0,85.0
RUS,Russia,1899,0,10,-10,-10.0,86.0
RUS,Russia,1900,0,10,-10,-10.0,87.0
RUS,Russia,1901,0,10,-10,-10.0,88.0
RUS,Russia,1902,0,10,-10,-10.0,89.0
RUS,Russia,1903,0,10,-10,-10.0,90.0
RUS,Russia,1904,0,10,-10,-10.0,91.0
RUS,Russia,1905,-88,-88,-88,-8.0,0.0
RUS,Russia,1906,1,7,-6,-6.0,0.0
RUS,Russia,1907,1,7,-6,-6.0,1.0
RUS,Russia,1908,1,7,-6,-6.0,2.0
RUS,Russia,1909,1,7,-6,-6.0,3.0
RUS,Russia,1910,1,7,-6,-6.0,4.0
RUS,Russia,1911,1,7,-6,-6.0,5.0
RUS,Russia,1912,1,7,-6,-6.0,6.0
RUS,Russia,1913,1,7,-6,-6.0,7.0
RUS,Russia,1914,1,7,-6,-6.0,8.0
RUS,Russia,1915,1,7,-6,-6.0,9.0
RUS,Russia,1916,1,7,-6,-6.0,10.0
RUS,Russia,1917,1,2,-1,-1.0,0.0
RUS,Russia,1918,1,2,-1,-1.0,1.0
RUS,Russia,1919,1,2,-1,-1.0,2.0
RUS,Russia,1920,1,2,-1,-1.0,3.0
RUS,Russia,1921,1,2,-1,-1.0,4.0
RUS,Russia,1922,1,2,-1,-1.0,0.0
RUS,Russia,1992,5,0,5,5.0,0.0
RUS,Russia,1993,4,1,3,3.0,1.0
RUS,Russia,1994,4,1,3,3.0,2.0
RUS,Russia,1995,4,1,3,3.0,3.0
RUS,Russia,1996,4,1,3,3.0,4.0
RUS,Russia,1997,4,1,3,3.0,5.0
RUS,Russia,1998,4,1,3,3.0,6.0
RUS,Russia,1999,4,1,3,3.0,7.0
RUS,Russia,2000,6,0,6,6.0,0.0
RUS,Russia,2001,6,0,6,6.0,1.0
RUS,Russia,2002,6,0,6,6.0,2.0
RUS,Russia,2003,6,0,6,6.0,3.0
RUS,Russia,2004,6,0,6,6.0,4.0
RUS,Russia,2005,6,0,6,6.0,5.0
RUS,Russia,2006,6,0,6,6.0,6.0
RUS,Russia,2007,5,1,4,4.0,7.0
RUS,Russia,2008,5,1,4,4.0,8.0
RUS,Russia,2009,5,1,4,4.0,9.0
RUS,Russia,2010,5,1,4,4.0,10.0
RUS,Russia,2011,5,1,4,4.0,11.0
RUS,Russia,2012,5,1,4,4.0,12.0
RUS,Russia,2013,5,1,4,4.0,13.0
RUS,Russia,2014,5,1,4,4.0,14.0
RUS,Russia,2015,5,1,4,4.0,15.0
RUS,Russia,2016,5,1,4,4.0,16.0
RUS,Russia,2017,5,1,4,4.0,17.0
RUS,Russia,2018,5,1,4,4.0,18.0
RVN,South Vietnam,1955,1,4,-3,-3.0,0.0
RVN,South Vietnam,1956,1,4,-3,-3.0,1.0
RVN,South Vietnam,1957,1,4,-3,-3.0,2.0
RVN,South Vietnam,1958,1,4,-3,-3.0,3.0
RVN,South Vietnam,1959,1,4,-3,-3.0,4.0
RVN,South Vietnam,1960,1,4,-3,-3.0,5.0
RVN,South Vietnam,1961,1,4,-3,-3.0,6.0
RVN,South Vietnam,1962,1,4,-3,-3.0,7.0
RVN,South Vietnam,1963,1,4,-3,-3.0,8.0
RVN,South Vietnam,1964,1,4,-3,-3.0,9.0
RVN,South Vietnam,1965,-66,-66,-66,,0.0
RVN,South Vietnam,1966,-66,-66,-66,,0.0
RVN,South Vietnam,1967,-66,-66,-66,,0.0
RVN,South Vietnam,1968,-66,-66,-66,,0.0
RVN,South Vietnam,1969,-66,-66,-66,,0.0
RVN,South Vietnam,1970,-66,-66,-66,,0.0
RVN,South Vietnam,1971,-66,-66,-66,,0.0
RVN,South Vietnam,1972,-66,-66,-66,,0.0
RVN,South Vietnam,1973,-77,-77,-77,0.0,0.0
RVN,South Vietnam,1974,-77,-77,-77,0.0,0.0
RVN,South Vietnam,1975,-77,-77,-77,0.0,0.0
RWA,Rwanda,1961,1,6,-5,-5.0,0.0
RWA,Rwanda,1962,1,6,-5,-5.0,1.0
RWA,Rwanda,1963,1,6,-5,-5.0,2.0
RWA,Rwanda,1964,1,6,-5,-5.0,3.0
RWA,Rwanda,1965,1,6,-5,-5.0,4.0
RWA,Rwanda,1966,1,6,-5,-5.0,5.0
RWA,Rwanda,1967,1,6,-5,-5.0,6.0
RWA,Rwanda,1968,1,6,-5,-5.0,7.0
RWA,Rwanda,1969,1,6,-5,-5.0,8.0
RWA,Rwanda,1970,1,6,-5,-5.0,9.0
RWA,Rwanda,1971,1,6,-5,-5.0,10.0
RWA,Rwanda,1972,1,6,-5,-5.0,11.0
RWA,Rwanda,1973,0,7,-7,-7.0,12.0
RWA,Rwanda,1974,0,7,-7,-7.0,13.0
RWA,Rwanda,1975,0,7,-7,-7.0,14.0
RWA,Rwanda,1976,0,7,-7,-7.0,15.0
RWA,Rwanda,1977,0,7,-7,-7.0,16.0
RWA,Rwanda,1978,0,7,-7,-7.0,17.0
RWA,Rwanda,1979,0,7,-7,-7.0,18.0
RWA,Rwanda,1980,0,7,-7,-7.0,19.0
RWA,Rwanda,1981,0,7,-7,-7.0,20.0
RWA,Rwanda,1982,0,7,-7,-7.0,21.0
RWA,Rwanda,1983,0,7,-7,-7.0,22.0
RWA,Rwanda,1984,0,7,-7,-7.0,23.0
RWA,Rwanda,1985,0,7,-7,-7.0,24.0
RWA,Rwanda,1986,0,7,-7,-7.0,25.0
RWA,Rwanda,1987,0,7,-7,-7.0,26.0
RWA,Rwanda,1988,0,7,-7,-7.0,27.0
RWA,Rwanda,1989,0,7,-7,-7.0,28.0
RWA,Rwanda,1990,0,7,-7,-7.0,29.0
RWA,Rwanda,1991,0,7,-7,-7.0,30.0
RWA,Rwanda,1992,0,7,-7,-7.0,31.0
RWA,Rwanda,1993,0,7,-7,-7.0,32.0
RWA,Rwanda,1994,0,6,-6,-6.0,0.0
RWA,Rwanda,1995,0,6,-6,-6.0,1.0
RWA,Rwanda,1996,0,6,-6,-6.0,2.0
RWA,Rwanda,1997,0,6,-6,-6.0,3.0
RWA,Rwanda,1998,0,6,-6,-6.0,4.0
RWA,Rwanda,1999,0,6,-6,-6.0,5.0
RWA,Rwanda,2000,0,4,-4,-4.0,6.0
RWA,Rwanda,2001,0,4,-4,-4.0,7.0
RWA,Rwanda,2002,0,4,-4,-4.0,8.0
RWA,Rwanda,2003,0,3,-3,-3.0,9.0
RWA,Rwanda,2004,0,3,-3,-3.0,10.0
RWA,Rwanda,2005,0,3,-3,-3.0,11.0
RWA,Rwanda,2006,0,3,-3,-3.0,12.0
RWA,Rwanda,2007,0,3,-3,-3.0,13.0
RWA,Rwanda,2008,0,3,-3,-3.0,14.0
RWA,Rwanda,2009,0,3,-3,-3.0,15.0
RWA,Rwanda,2010,0,4,-4,-4.0,16.0
RWA,Rwanda,2011,0,4,-4,-4.0,17.0
RWA,Rwanda,2012,0,4,-4,-4.0,18.0
RWA,Rwanda,2013,0,3,-3,-3.0,19.0
RWA,Rwanda,2014,0,3,-3,-3.0,20.0
RWA,Rwanda,2015,0,3,-3,-3.0,21.0
RWA,Rwanda,2016,0,3,-3,-3.0,22.0
RWA,Rwanda,2017,0,3,-3,-3.0,23.0
RWA,Rwanda,2018,0,3,-3,-3.0,24.0
SAF,South Africa,1910,7,3,4,4.0,0.0
SAF,South Africa,1911,7,3,4,4.0,1.0
SAF,South Africa,1912,7,3,4,4.0,2.0
SAF,South Africa,1913,7,3,4,4.0,3.0
SAF,South Africa,1914,7,3,4,4.0,4.0
SAF,South Africa,1915,7,3,4,4.0,5.0
SAF,South Africa,1916,7,3,4,4.0,6.0
SAF,South Africa,1917,7,3,4,4.0,7.0
SAF,South Africa,1918,7,3,4,4.0,8.0
SAF,South Africa,1919,7,3,4,4.0,9.0
SAF,South Africa,1920,7,3,4,4.0,10.0
SAF,South Africa,1921,7,3,4,4.0,11.0
SAF,South Africa,1922,7,3,4,4.0,12.0
SAF,South Africa,1923,7,3,4,4.0,13.0
SAF,South Africa,1924,7,3,4,4.0,14.0
SAF,South Africa,1925,7,3,4,4.0,15.0
SAF,South Africa,1926,7,3,4,4.0,16.0
SAF,South Africa,1927,7,3,4,4.0,17.0
SAF,South Africa,1928,7,3,4,4.0,18.0
SAF,South Africa,1929,7,3,4,4.0,19.0
SAF,South Africa,1930,7,3,4,4.0,20.0
SAF,South Africa,1931,7,3,4,4.0,21.0
SAF,South Africa,1932,7,3,4,4.0,22.0
SAF,South Africa,1933,7,3,4,4.0,23.0
SAF,South Africa,1934,7,3,4,4.0,24.0
SAF,South Africa,1935,7,3,4,4.0,25.0
SAF,South Africa,1936,7,3,4,4.0,26.0
SAF,South Africa,1937,7,3,4,4.0,27.0
SAF,South Africa,1938,7,3,4,4.0,28.0
SAF,South Africa,1939,7,3,4,4.0,29.0
SAF,South Africa,1940,7,3,4,4.0,30.0
SAF,South Africa,1941,7,3,4,4.0,31.0
SAF,South Africa,1942,7,3,4,4.0,32.0
SAF,South Africa,1943,7,3,4,4.0,33.0
SAF,South Africa,1944,7,3,4,4.0,34.0
SAF,South Africa,1945,7,3,4,4.0,35.0
SAF,South Africa,1946,7,3,4,4.0,36.0
SAF,South Africa,1947,7,3,4,4.0,37.0
SAF,South Africa,1948,7,3,4,4.0,38.0
SAF,South Africa,1949,7,3,4,4.0,39.0
SAF,South Africa,1950,7,3,4,4.0,40.0
SAF,South Africa,1951,7,3,4,4.0,41.0
SAF,South Africa,1952,7,3,4,4.0,42.0
SAF,South Africa,1953,7,3,4,4.0,43.0
SAF,South Africa,1954,7,3,4,4.0,44.0
SAF,South Africa,1955,7,3,4,4.0,45.0
SAF,South Africa,1956,7,3,4,4.0,46.0
SAF,South Africa,1957,7,3,4,4.0,47.0
SAF,South Africa,1958,7,3,4,4.0,48.0
SAF,South Africa,1959,7,3,4,4.0,49.0
SAF,South Africa,1960,7,3,4,4.0,50.0
SAF,South Africa,1961,7,3,4,4.0,51.0
SAF,South Africa,1962,7,3,4,4.0,52.0
SAF,South Africa,1963,7,3,4,4.0,53.0
SAF,South Africa,1964,7,3,4,4.0,54.0
SAF,South Africa,1965,7,3,4,4.0,55.0
SAF,South Africa,1966,7,3,4,4.0,56.0
SAF,South Africa,1967,7,3,4,4.0,57.0
SAF,South Africa,1968,7,3,4,4.0,58.0
SAF,South Africa,1969,7,3,4,4.0,59.0
SAF,South Africa,1970,7,3,4,4.0,60.0
SAF,South Africa,1971,7,3,4,4.0,61.0
SAF,South Africa,1972,7,3,4,4.0,62.0
SAF,South Africa,1973,7,3,4,4.0,63.0
SAF,South Africa,1974,7,3,4,4.0,64.0
SAF,South Africa,1975,7,3,4,4.0,65.0
SAF,South Africa,1976,7,3,4,4.0,66.0
SAF,South Africa,1977,7,3,4,4.0,67.0
SAF,South Africa,1978,7,3,4,4.0,68.0
SAF,South Africa,1979,7,3,4,4.0,69.0
SAF,South Africa,1980,7,3,4,4.0,70.0
SAF,South Africa,1981,7,3,4,4.0,71.0
SAF,South Africa,1982,7,3,4,4.0,72.0
SAF,South Africa,1983,7,3,4,4.0,73.0
SAF,South Africa,1984,7,3,4,4.0,74.0
SAF,South Africa,1985,7,3,4,4.0,75.0
SAF,South Africa,1986,7,3,4,4.0,76.0
SAF,South Africa,1987,7,3,4,4.0,77.0
SAF,South Africa,1988,7,3,4,4.0,78.0
SAF,South Africa,1989,7,3,4,4.0,79.0
SAF,South Africa,1990,7,2,5,5.0,80.0
SAF,South Africa,1991,7,2,5,5.0,81.0
SAF,South Africa,1992,-88,-88,-88,6.0,0.0
SAF,South Africa,1993,-88,-88,-88,8.0,0.0
SAF,South Africa,1994,9,0,9,9.0,0.0
SAF,South Africa,1995,9,0,9,9.0,1.0
SAF,South Africa,1996,9,0,9,9.0,2.0
SAF,South Africa,1997,9,0,9,9.0,3.0
SAF,South Africa,1998,9,0,9,9.0,4.0
SAF,South Africa,1999,9,0,9,9.0,5.0
SAF,South Africa,2000,9,0,9,9.0,6.0
SAF,South Africa,2001,9,0,9,9.0,7.0
SAF,South Africa,2002,9,0,9,9.0,8.0
SAF,South Africa,2003,9,0,9,9.0,9.0
SAF,South Africa,2004,9,0,9,9.0,10.0
SAF,South Africa,2005,9,0,9,9.0,11.0
SAF,South Africa,2006,9,0,9,9.0,12.0
SAF,South Africa,2007,9,0,9,9.0,13.0
SAF,South Africa,2008,9,0,9,9.0,14.0
SAF,South Africa,2009,9,0,9,9.0,15.0
SAF,South Africa,2010,9,0,9,9.0,16.0
SAF,South Africa,2011,9,0,9,9.0,17.0
SAF,South Africa,2012,9,0,9,9.0,18.0
SAF,South Africa,2013,9,0,9,9.0,19.0
SAF,South Africa,2014,9,0,9,9.0,20.0
SAF,South Africa,2015,9,0,9,9.0,21.0
SAF,South Africa,2016,9,0,9,9.0,22.0
SAF,South Africa,2017,9,0,9,9.0,23.0
SAF,South Africa,2018,9,0,9,9.0,24.0
SAL,El Salvador,1841,1,2,-1,-1.0,0.0
SAL,El Salvador,1842,1,2,-1,-1.0,1.0
SAL,El Salvador,1843,1,2,-1,-1.0,2.0
SAL,El Salvador,1844,1,2,-1,-1.0,3.0
SAL,El Salvador,1845,1,2,-1,-1.0,4.0
SAL,El Salvador,1846,1,2,-1,-1.0,5.0
SAL,El Salvador,1847,1,2,-1,-1.0,6.0
SAL,El Salvador,1848,1,2,-1,-1.0,7.0
SAL,El Salvador,1849,1,2,-1,-1.0,8.0
SAL,El Salvador,1850,1,2,-1,-1.0,9.0
SAL,El Salvador,1851,1,2,-1,-1.0,10.0
SAL,El Salvador,1852,1,2,-1,-1.0,11.0
SAL,El Salvador,1853,1,2,-1,-1.0,12.0
SAL,El Salvador,1854,1,2,-1,-1.0,13.0
SAL,El Salvador,1855,-66,-66,-66,,0.0
SAL,El Salvador,1856,-66,-66,-66,,0.0
SAL,El Salvador,1857,-66,-66,-66,,0.0
SAL,El Salvador,1858,1,2,-1,-1.0,0.0
SAL,El Salvador,1859,1,2,-1,-1.0,0.0
SAL,El Salvador,1860,1,2,-1,-1.0,1.0
SAL,El Salvador,1861,1,2,-1,-1.0,2.0
SAL,El Salvador,1862,1,2,-1,-1.0,3.0
SAL,El Salvador,1863,1,2,-1,-1.0,4.0
SAL,El Salvador,1864,1,2,-1,-1.0,5.0
SAL,El Salvador,1865,1,2,-1,-1.0,6.0
SAL,El Salvador,1866,1,2,-1,-1.0,7.0
SAL,El Salvador,1867,1,2,-1,-1.0,8.0
SAL,El Salvador,1868,1,2,-1,-1.0,9.0
SAL,El Salvador,1869,1,2,-1,-1.0,10.0
SAL,El Salvador,1870,1,2,-1,-1.0,11.0
SAL,El Salvador,1871,1,2,-1,-1.0,12.0
SAL,El Salvador,1872,1,2,-1,-1.0,13.0
SAL,El Salvador,1873,1,2,-1,-1.0,14.0
SAL,El Salvador,1874,1,2,-1,-1.0,15.0
SAL,El Salvador,1875,1,2,-1,-1.0,16.0
SAL,El Salvador,1876,1,2,-1,-1.0,17.0
SAL,El Salvador,1877,1,2,-1,-1.0,18.0
SAL,El Salvador,1878,1,2,-1,-1.0,19.0
SAL,El Salvador,1879,1,2,-1,-1.0,20.0
SAL,El Salvador,1880,1,2,-1,-1.0,21.0
SAL,El Salvador,1881,1,2,-1,-1.0,22.0
SAL,El Salvador,1882,1,2,-1,-1.0,23.0
SAL,El Salvador,1883,1,2,-1,-1.0,24.0
SAL,El Salvador,1884,1,2,-1,-1.0,25.0
SAL,El Salvador,1885,1,2,-1,-1.0,26.0
SAL,El Salvador,1886,1,2,-1,-1.0,27.0
SAL,El Salvador,1887,1,2,-1,-1.0,28.0
SAL,El Salvador,1888,1,2,-1,-1.0,29.0
SAL,El Salvador,1889,1,2,-1,-1.0,30.0
SAL,El Salvador,1890,1,2,-1,-1.0,31.0
SAL,El Salvador,1891,1,2,-1,-1.0,32.0
SAL,El Salvador,1892,1,2,-1,-1.0,33.0
SAL,El Salvador,1893,1,2,-1,-1.0,34.0
SAL,El Salvador,1894,1,2,-1,-1.0,35.0
SAL,El Salvador,1895,1,2,-1,-1.0,36.0
SAL,El Salvador,1896,1,2,-1,-1.0,37.0
SAL,El Salvador,1897,1,2,-1,-1.0,38.0
SAL,El Salvador,1898,1,2,-1,-1.0,39.0
SAL,El Salvador,1899,1,2,-1,-1.0,40.0
SAL,El Salvador,1900,1,2,-1,-1.0,41.0
SAL,El Salvador,1901,1,2,-1,-1.0,42.0
SAL,El Salvador,1902,1,2,-1,-1.0,43.0
SAL,El Salvador,1903,0,6,-6,-6.0,0.0
SAL,El Salvador,1904,0,6,-6,-6.0,1.0
SAL,El Salvador,1905,0,6,-6,-6.0,2.0
SAL,El Salvador,1906,0,6,-6,-6.0,3.0
SAL,El Salvador,1907,0,6,-6,-6.0,4.0
SAL,El Salvador,1908,0,6,-6,-6.0,5.0
SAL,El Salvador,1909,0,6,-6,-6.0,6.0
SAL,El Salvador,1910,0,6,-6,-6.0,7.0
SAL,El Salvador,1911,0,6,-6,-6.0,8.0
SAL,El Salvador,1912,0,6,-6,-6.0,9.0
SAL,El Salvador,1913,0,6,-6,-6.0,10.0
SAL,El Salvador,1914,0,6,-6,-6.0,11.0
SAL,El Salvador,1915,0,6,-6,-6.0,12.0
SAL,El Salvador,1916,0,6,-6,-6.0,13.0
SAL,El Salvador,1917,0,6,-6,-6.0,14.0
SAL,El Salvador,1918,0,6,-6,-6.0,15.0
SAL,El Salvador,1919,0,6,-6,-6.0,16.0
SAL,El Salvador,1920,0,6,-6,-6.0,17.0
SAL,El Salvador,1921,0,6,-6,-6.0,18.0
SAL,El Salvador,1922,0,6,-6,-6.0,19.0
SAL,El Salvador,1923,0,6,-6,-6.0,20.0
SAL,El Salvador,1924,0,6,-6,-6.0,21.0
SAL,El Salvador,1925,0,6,-6,-6.0,22.0
SAL,El Salvador,1926,0,6,-6,-6.0,23.0
SAL,El Salvador,1927,0,6,-6,-6.0,24.0
SAL,El Salvador,1928,0,6,-6,-6.0,25.0
SAL,El Salvador,1929,0,6,-6,-6.0,26.0
SAL,El Salvador,1930,0,6,-6,-6.0,27.0
SAL,El Salvador,1931,0,9,-9,-9.0,0.0
SAL,El Salvador,1932,0,9,-9,-9.0,1.0
SAL,El Salvador,1933,0,9,-9,-9.0,2.0
SAL,El Salvador,1934,0,9,-9,-9.0,3.0
SAL,El Salvador,1935,0,9,-9,-9.0,4.0
SAL,El Salvador,1936,0,9,-9,-9.0,5.0
SAL,El Salvador,1937,0,9,-9,-9.0,6.0
SAL,El Salvador,1938,0,9,-9,-9.0,7.0
SAL,El Salvador,1939,0,9,-9,-9.0,8.0
SAL,El Salvador,1940,0,9,-9,-9.0,9.0
SAL,El Salvador,1941,0,9,-9,-9.0,10.0
SAL,El Salvador,1942,0,9,-9,-9.0,11.0
SAL,El Salvador,1943,0,9,-9,-9.0,12.0
SAL,El Salvador,1944,0,8,-8,-8.0,13.0
SAL,El Salvador,1945,0,8,-8,-8.0,14.0
SAL,El Salvador,1946,0,8,-8,-8.0,15.0
SAL,El Salvador,1947,0,8,-8,-8.0,16.0
SAL,El Salvador,1948,-88,-88,-88,-7.0,0.0
SAL,El Salvador,1949,-88,-88,-88,-7.0,0.0
SAL,El Salvador,1950,0,6,-6,-6.0,0.0
SAL,El Salvador,1951,0,6,-6,-6.0,1.0
SAL,El Salvador,1952,0,6,-6,-6.0,2.0
SAL,El Salvador,1953,0,6,-6,-6.0,3.0
SAL,El Salvador,1954,0,6,-6,-6.0,4.0
SAL,El Salvador,1955,0,6,-6,-6.0,5.0
SAL,El Salvador,1956,0,6,-6,-6.0,6.0
SAL,El Salvador,1957,0,6,-6,-6.0,7.0
SAL,El Salvador,1958,0,6,-6,-6.0,8.0
SAL,El Salvador,1959,0,6,-6,-6.0,9.0
SAL,El Salvador,1960,1,1,0,0.0,0.0
SAL,El Salvador,1961,1,4,-3,-3.0,0.0
SAL,El Salvador,1962,1,4,-3,-3.0,1.0
SAL,El Salvador,1963,1,4,-3,-3.0,2.0
SAL,El Salvador,1964,1,4,-3,-3.0,3.0
SAL,El Salvador,1965,1,4,-3,-3.0,4.0
SAL,El Salvador,1966,1,4,-3,-3.0,5.0
SAL,El Salvador,1967,1,4,-3,-3.0,6.0
SAL,El Salvador,1968,1,4,-3,-3.0,7.0
SAL,El Salvador,1969,1,4,-3,-3.0,8.0
SAL,El Salvador,1970,1,4,-3,-3.0,9.0
SAL,El Salvador,1971,1,4,-3,-3.0,10.0
SAL,El Salvador,1972,1,4,-3,-3.0,11.0
SAL,El Salvador,1973,1,4,-3,-3.0,12.0
SAL,El Salvador,1974,1,4,-3,-3.0,13.0
SAL,El Salvador,1975,1,4,-3,-3.0,14.0
SAL,El Salvador,1976,1,4,-3,-3.0,15.0
SAL,El Salvador,1977,0,6,-6,-6.0,0.0
SAL,El Salvador,1978,0,6,-6,-6.0,1.0
SAL,El Salvador,1979,-77,-77,-77,0.0,0.0
SAL,El Salvador,1980,-77,-77,-77,0.0,0.0
SAL,El Salvador,1981,-77,-77,-77,0.0,0.0
SAL,El Salvador,1982,-77,-77,-77,0.0,0.0
SAL,El Salvador,1983,-77,-77,-77,0.0,0.0
SAL,El Salvador,1984,6,0,6,6.0,0.0
SAL,El Salvador,1985,6,0,6,6.0,1.0
SAL,El Salvador,1986,6,0,6,6.0,2.0
SAL,El Salvador,1987,6,0,6,6.0,3.0
SAL,El Salvador,1988,6,0,6,6.0,4.0
SAL,El Salvador,1989,6,0,6,6.0,5.0
SAL,El Salvador,1990,6,0,6,6.0,6.0
SAL,El Salvador,1991,6,0,6,6.0,7.0
SAL,El Salvador,1992,6,0,6,6.0,8.0
SAL,El Salvador,1993,6,0,6,6.0,9.0
SAL,El Salvador,1994,7,0,7,7.0,10.0
SAL,El Salvador,1995,7,0,7,7.0,11.0
SAL,El Salvador,1996,7,0,7,7.0,12.0
SAL,El Salvador,1997,7,0,7,7.0,13.0
SAL,El Salvador,1998,7,0,7,7.0,14.0
SAL,El Salvador,1999,7,0,7,7.0,15.0
SAL,El Salvador,2000,7,0,7,7.0,16.0
SAL,El Salvador,2001,7,0,7,7.0,17.0
SAL,El Salvador,2002,7,0,7,7.0,18.0
SAL,El Salvador,2003,7,0,7,7.0,19.0
SAL,El Salvador,2004,7,0,7,7.0,20.0
SAL,El Salvador,2005,7,0,7,7.0,21.0
SAL,El Salvador,2006,7,0,7,7.0,22.0
SAL,El Salvador,2007,7,0,7,7.0,23.0
SAL,El Salvador,2008,7,0,7,7.0,24.0
SAL,El Salvador,2009,8,0,8,8.0,25.0
SAL,El Salvador,2010,8,0,8,8.0,26.0
SAL,El Salvador,2011,8,0,8,8.0,27.0
SAL,El Salvador,2012,8,0,8,8.0,28.0
SAL,El Salvador,2013,8,0,8,8.0,29.0
SAL,El Salvador,2014,8,0,8,8.0,30.0
SAL,El Salvador,2015,8,0,8,8.0,31.0
SAL,El Salvador,2016,8,0,8,8.0,32.0
SAL,El Salvador,2017,8,0,8,8.0,33.0
SAL,El Salvador,2018,8,0,8,8.0,34.0
SAR,Sardinia,1815,0,10,-10,-10.0,0.0
SAR,Sardinia,1816,0,10,-10,-10.0,1.0
SAR,Sardinia,1817,0,10,-10,-10.0,2.0
SAR,Sardinia,1818,0,10,-10,-10.0,3.0
SAR,Sardinia,1819,0,10,-10,-10.0,4.0
SAR,Sardinia,1820,0,10,-10,-10.0,5.0
SAR,Sardinia,1821,0,10,-10,-10.0,6.0
SAR,Sardinia,1822,0,10,-10,-10.0,7.0
SAR,Sardinia,1823,0,10,-10,-10.0,8.0
SAR,Sardinia,1824,0,10,-10,-10.0,9.0
SAR,Sardinia,1825,0,10,-10,-10.0,10.0
SAR,Sardinia,1826,0,10,-10,-10.0,11.0
SAR,Sardinia,1827,0,10,-10,-10.0,12.0
SAR,Sardinia,1828,0,10,-10,-10.0,13.0
SAR,Sardinia,1829,0,10,-10,-10.0,14.0
SAR,Sardinia,1830,0,10,-10,-10.0,15.0
SAR,Sardinia,1831,0,10,-10,-10.0,16.0
SAR,Sardinia,1832,0,10,-10,-10.0,17.0
SAR,Sardinia,1833,0,10,-10,-10.0,18.0
SAR,Sardinia,1834,0,10,-10,-10.0,19.0
SAR,Sardinia,1835,0,10,-10,-10.0,20.0
SAR,Sardinia,1836,0,10,-10,-10.0,21.0
SAR,Sardinia,1837,0,10,-10,-10.0,22.0
SAR,Sardinia,1838,0,10,-10,-10.0,23.0
SAR,Sardinia,1839,0,10,-10,-10.0,24.0
SAR,Sardinia,1840,0,10,-10,-10.0,25.0
SAR,Sardinia,1841,0,10,-10,-10.0,26.0
SAR,Sardinia,1842,0,10,-10,-10.0,27.0
SAR,Sardinia,1843,0,10,-10,-10.0,28.0
SAR,Sardinia,1844,0,10,-10,-10.0,29.0
SAR,Sardinia,1845,0,10,-10,-10.0,30.0
SAR,Sardinia,1846,0,10,-10,-10.0,31.0
SAR,Sardinia,1847,0,10,-10,-10.0,32.0
SAR,Sardinia,1848,0,7,-7,-7.0,0.0
SAR,Sardinia,1849,0,7,-7,-7.0,1.0
SAR,Sardinia,1850,0,7,-7,-7.0,2.0
SAR,Sardinia,1851,0,7,-7,-7.0,3.0
SAR,Sardinia,1852,0,7,-7,-7.0,4.0
SAR,Sardinia,1853,0,7,-7,-7.0,5.0
SAR,Sardinia,1854,0,7,-7,-7.0,6.0
SAR,Sardinia,1855,0,7,-7,-7.0,7.0
SAR,Sardinia,1856,0,7,-7,-7.0,8.0
SAR,Sardinia,1857,0,7,-7,-7.0,9.0
SAR,Sardinia,1858,0,7,-7,-7.0,10.0
SAR,Sardinia,1859,0,7,-7,-7.0,11.0
SAR,Sardinia,1860,0,7,-7,-7.0,12.0
SAR,Sardinia,1861,0,7,-7,-7.0,13.0
SAU,Saudi Arabia,1926,0,10,-10,-10.0,0.0
SAU,Saudi Arabia,1927,0,10,-10,-10.0,1.0
SAU,Saudi Arabia,1928,0,10,-10,-10.0,2.0
SAU,Saudi Arabia,1929,0,10,-10,-10.0,3.0
SAU,Saudi Arabia,1930,0,10,-10,-10.0,4.0
SAU,Saudi Arabia,1931,0,10,-10,-10.0,5.0
SAU,Saudi Arabia,1932,0,10,-10,-10.0,6.0
SAU,Saudi Arabia,1933,0,10,-10,-10.0,7.0
SAU,Saudi Arabia,1934,0,10,-10,-10.0,8.0
SAU,Saudi Arabia,1935,0,10,-10,-10.0,9.0
SAU,Saudi Arabia,1936,0,10,-10,-10.0,10.0
SAU,Saudi Arabia,1937,0,10,-10,-10.0,11.0
SAU,Saudi Arabia,1938,0,10,-10,-10.0,12.0
SAU,Saudi Arabia,1939,0,10,-10,-10.0,13.0
SAU,Saudi Arabia,1940,0,10,-10,-10.0,14.0
SAU,Saudi Arabia,1941,0,10,-10,-10.0,15.0
SAU,Saudi Arabia,1942,0,10,-10,-10.0,16.0
SAU,Saudi Arabia,1943,0,10,-10,-10.0,17.0
SAU,Saudi Arabia,1944,0,10,-10,-10.0,18.0
SAU,Saudi Arabia,1945,0,10,-10,-10.0,19.0
SAU,Saudi Arabia,1946,0,10,-10,-10.0,20.0
SAU,Saudi Arabia,1947,0,10,-10,-10.0,21.0
SAU,Saudi Arabia,1948,0,10,-10,-10.0,22.0
SAU,Saudi Arabia,1949,0,10,-10,-10.0,23.0
SAU,Saudi Arabia,1950,0,10,-10,-10.0,24.0
SAU,Saudi Arabia,1951,0,10,-10,-10.0,25.0
SAU,Saudi Arabia,1952,0,10,-10,-10.0,26.0
SAU,Saudi Arabia,1953,0,10,-10,-10.0,27.0
SAU,Saudi Arabia,1954,0,10,-10,-10.0,28.0
SAU,Saudi Arabia,1955,0,10,-10,-10.0,29.0
SAU,Saudi Arabia,1956,0,10,-10,-10.0,30.0
SAU,Saudi Arabia,1957,0,10,-10,-10.0,31.0
SAU,Saudi Arabia,1958,0,10,-10,-10.0,32.0
SAU,Saudi Arabia,1959,0,10,-10,-10.0,33.0
SAU,Saudi Arabia,1960,0,10,-10,-10.0,34.0
SAU,Saudi Arabia,1961,0,10,-10,-10.0,35.0
SAU,Saudi Arabia,1962,0,10,-10,-10.0,36.0
SAU,Saudi Arabia,1963,0,10,-10,-10.0,37.0
SAU,Saudi Arabia,1964,0,10,-10,-10.0,38.0
SAU,Saudi Arabia,1965,0,10,-10,-10.0,39.0
SAU,Saudi Arabia,1966,0,10,-10,-10.0,40.0
SAU,Saudi Arabia,1967,0,10,-10,-10.0,41.0
SAU,Saudi Arabia,1968,0,10,-10,-10.0,42.0
SAU,Saudi Arabia,1969,0,10,-10,-10.0,43.0
SAU,Saudi Arabia,1970,0,10,-10,-10.0,44.0
SAU,Saudi Arabia,1971,0,10,-10,-10.0,45.0
SAU,Saudi Arabia,1972,0,10,-10,-10.0,46.0
SAU,Saudi Arabia,1973,0,10,-10,-10.0,47.0
SAU,Saudi Arabia,1974,0,10,-10,-10.0,48.0
SAU,Saudi Arabia,1975,0,10,-10,-10.0,49.0
SAU,Saudi Arabia,1976,0,10,-10,-10.0,50.0
SAU,Saudi Arabia,1977,0,10,-10,-10.0,51.0
SAU,Saudi Arabia,1978,0,10,-10,-10.0,52.0
SAU,Saudi Arabia,1979,0,10,-10,-10.0,53.0
SAU,Saudi Arabia,1980,0,10,-10,-10.0,54.0
SAU,Saudi Arabia,1981,0,10,-10,-10.0,55.0
SAU,Saudi Arabia,1982,0,10,-10,-10.0,56.0
SAU,Saudi Arabia,1983,0,10,-10,-10.0,57.0
SAU,Saudi Arabia,1984,0,10,-10,-10.0,58.0
SAU,Saudi Arabia,1985,0,10,-10,-10.0,59.0
SAU,Saudi Arabia,1986,0,10,-10,-10.0,60.0
SAU,Saudi Arabia,1987,0,10,-10,-10.0,61.0
SAU,Saudi Arabia,1988,0,10,-10,-10.0,62.0
SAU,Saudi Arabia,1989,0,10,-10,-10.0,63.0
SAU,Saudi Arabia,1990,0,10,-10,-10.0,64.0
SAU,Saudi Arabia,1991,0,10,-10,-10.0,65.0
SAU,Saudi Arabia,1992,0,10,-10,-10.0,66.0
SAU,Saudi Arabia,1993,0,10,-10,-10.0,67.0
SAU,Saudi Arabia,1994,0,10,-10,-10.0,68.0
SAU,Saudi Arabia,1995,0,10,-10,-10.0,69.0
SAU,Saudi Arabia,1996,0,10,-10,-10.0,70.0
SAU,Saudi Arabia,1997,0,10,-10,-10.0,71.0
SAU,Saudi Arabia,1998,0,10,-10,-10.0,72.0
SAU,Saudi Arabia,1999,0,10,-10,-10.0,73.0
SAU,Saudi Arabia,2000,0,10,-10,-10.0,74.0
SAU,Saudi Arabia,2001,0,10,-10,-10.0,75.0
SAU,Saudi Arabia,2002,0,10,-10,-10.0,76.0
SAU,Saudi Arabia,2003,0,10,-10,-10.0,77.0
SAU,Saudi Arabia,2004,0,10,-10,-10.0,78.0
SAU,Saudi Arabia,2005,0,10,-10,-10.0,79.0
SAU,Saudi Arabia,2006,0,10,-10,-10.0,80.0
SAU,Saudi Arabia,2007,0,10,-10,-10.0,81.0
SAU,Saudi Arabia,2008,0,10,-10,-10.0,82.0
SAU,Saudi Arabia,2009,0,10,-10,-10.0,83.0
SAU,Saudi Arabia,2010,0,10,-10,-10.0,84.0
SAU,Saudi Arabia,2011,0,10,-10,-10.0,85.0
SAU,Saudi Arabia,2012,0,10,-10,-10.0,86.0
SAU,Saudi Arabia,2013,0,10,-10,-10.0,87.0
SAU,Saudi Arabia,2014,0,10,-10,-10.0,88.0
SAU,Saudi Arabia,2015,0,10,-10,-10.0,89.0
SAU,Saudi Arabia,2016,0,10,-10,-10.0,90.0
SAU,Saudi Arabia,2017,0,10,-10,-10.0,91.0
SAU,Saudi Arabia,2018,0,10,-10,-10.0,92.0
SAX,Saxony,1806,0,10,-10,-10.0,0.0
SAX,Saxony,1807,0,10,-10,-10.0,1.0
SAX,Saxony,1808,0,10,-10,-10.0,2.0
SAX,Saxony,1809,0,10,-10,-10.0,3.0
SAX,Saxony,1810,0,10,-10,-10.0,4.0
SAX,Saxony,1811,0,10,-10,-10.0,5.0
SAX,Saxony,1812,0,10,-10,-10.0,6.0
SAX,Saxony,1813,-66,-66,-66,,0.0
SAX,Saxony,1814,-66,-66,-66,,0.0
SAX,Saxony,1815,0,10,-10,-10.0,0.0
SAX,Saxony,1816,0,10,-10,-10.0,0.0
SAX,Saxony,1817,0,10,-10,-10.0,1.0
SAX,Saxony,1818,0,10,-10,-10.0,2.0
SAX,Saxony,1819,0,10,-10,-10.0,3.0
SAX,Saxony,1820,0,10,-10,-10.0,4.0
SAX,Saxony,1821,0,10,-10,-10.0,5.0
SAX,Saxony,1822,0,10,-10,-10.0,6.0
SAX,Saxony,1823,0,10,-10,-10.0,7.0
SAX,Saxony,1824,0,10,-10,-10.0,8.0
SAX,Saxony,1825,0,10,-10,-10.0,9.0
SAX,Saxony,1826,0,10,-10,-10.0,10.0
SAX,Saxony,1827,0,10,-10,-10.0,11.0
SAX,Saxony,1828,0,10,-10,-10.0,12.0
SAX,Saxony,1829,0,10,-10,-10.0,13.0
SAX,Saxony,1830,0,10,-10,-10.0,14.0
SAX,Saxony,1831,0,7,-7,-7.0,0.0
SAX,Saxony,1832,0,7,-7,-7.0,1.0
SAX,Saxony,1833,0,7,-7,-7.0,2.0
SAX,Saxony,1834,0,7,-7,-7.0,3.0
SAX,Saxony,1835,0,7,-7,-7.0,4.0
SAX,Saxony,1836,0,7,-7,-7.0,5.0
SAX,Saxony,1837,0,7,-7,-7.0,6.0
SAX,Saxony,1838,0,7,-7,-7.0,7.0
SAX,Saxony,1839,0,7,-7,-7.0,8.0
SAX,Saxony,1840,0,8,-8,-8.0,9.0
SAX,Saxony,1841,0,8,-8,-8.0,10.0
SAX,Saxony,1842,0,8,-8,-8.0,11.0
SAX,Saxony,1843,0,8,-8,-8.0,12.0
SAX,Saxony,1844,0,8,-8,-8.0,13.0
SAX,Saxony,1845,0,9,-9,-9.0,14.0
SAX,Saxony,1846,0,9,-9,-9.0,15.0
SAX,Saxony,1847,0,9,-9,-9.0,16.0
SAX,Saxony,1848,-66,-66,-66,,0.0
SAX,Saxony,1849,0,7,-7,-7.0,0.0
SAX,Saxony,1850,0,7,-7,-7.0,1.0
SAX,Saxony,1851,0,7,-7,-7.0,2.0
SAX,Saxony,1852,0,7,-7,-7.0,3.0
SAX,Saxony,1853,0,7,-7,-7.0,4.0
SAX,Saxony,1854,0,7,-7,-7.0,5.0
SAX,Saxony,1855,0,7,-7,-7.0,6.0
SAX,Saxony,1856,0,7,-7,-7.0,7.0
SAX,Saxony,1857,0,7,-7,-7.0,8.0
SAX,Saxony,1858,0,7,-7,-7.0,9.0
SAX,Saxony,1859,0,7,-7,-7.0,10.0
SAX,Saxony,1860,0,7,-7,-7.0,11.0
SAX,Saxony,1861,0,7,-7,-7.0,12.0
SAX,Saxony,1862,0,7,-7,-7.0,13.0
SAX,Saxony,1863,0,7,-7,-7.0,14.0
SAX,Saxony,1864,0,7,-7,-7.0,15.0
SAX,Saxony,1865,0,7,-7,-7.0,16.0
SAX,Saxony,1866,0,7,-7,-7.0,17.0
SAX,Saxony,1867,0,7,-7,-7.0,18.0
SAX,Saxony,1868,0,7,-7,-7.0,19.0
SAX,Saxony,1869,0,7,-7,-7.0,20.0
SAX,Saxony,1870,0,7,-7,-7.0,21.0
SAX,Saxony,1871,0,7,-7,-7.0,22.0
SDN,Sudan-North,2011,0,4,-4,-4.0,0.0
SDN,Sudan-North,2012,0,4,-4,-4.0,1.0
SDN,Sudan-North,2013,0,4,-4,-4.0,2.0
SDN,Sudan-North,2014,0,4,-4,-4.0,3.0
SDN,Sudan-North,2015,0,4,-4,-4.0,4.0
SDN,Sudan-North,2016,0,4,-4,-4.0,5.0
SDN,Sudan-North,2017,0,4,-4,-4.0,6.0
SDN,Sudan-North,2018,0,4,-4,-4.0,7.0
SEN,Senegal,1960,3,4,-1,-1.0,0.0
SEN,Senegal,1961,3,4,-1,-1.0,1.0
SEN,Senegal,1962,-88,-88,-88,-4.0,0.0
SEN,Senegal,1963,0,7,-7,-7.0,0.0
SEN,Senegal,1964,0,7,-7,-7.0,1.0
SEN,Senegal,1965,0,7,-7,-7.0,2.0
SEN,Senegal,1966,0,7,-7,-7.0,3.0
SEN,Senegal,1967,0,7,-7,-7.0,4.0
SEN,Senegal,1968,0,7,-7,-7.0,5.0
SEN,Senegal,1969,0,7,-7,-7.0,6.0
SEN,Senegal,1970,0,7,-7,-7.0,7.0
SEN,Senegal,1971,0,7,-7,-7.0,8.0
SEN,Senegal,1972,0,7,-7,-7.0,9.0
SEN,Senegal,1973,0,7,-7,-7.0,10.0
SEN,Senegal,1974,0,6,-6,-6.0,11.0
SEN,Senegal,1975,0,6,-6,-6.0,12.0
SEN,Senegal,1976,0,6,-6,-6.0,13.0
SEN,Senegal,1977,0,6,-6,-6.0,14.0
SEN,Senegal,1978,2,4,-2,-2.0,0.0
SEN,Senegal,1979,2,4,-2,-2.0,1.0
SEN,Senegal,1980,2,4,-2,-2.0,2.0
SEN,Senegal,1981,2,3,-1,-1.0,3.0
SEN,Senegal,1982,2,3,-1,-1.0,4.0
SEN,Senegal,1983,2,3,-1,-1.0,5.0
SEN,Senegal,1984,2,3,-1,-1.0,6.0
SEN,Senegal,1985,2,3,-1,-1.0,7.0
SEN,Senegal,1986,2,3,-1,-1.0,8.0
SEN,Senegal,1987,2,3,-1,-1.0,9.0
SEN,Senegal,1988,2,3,-1,-1.0,10.0
SEN,Senegal,1989,2,3,-1,-1.0,11.0
SEN,Senegal,1990,2,3,-1,-1.0,12.0
SEN,Senegal,1991,2,3,-1,-1.0,13.0
SEN,Senegal,1992,2,3,-1,-1.0,14.0
SEN,Senegal,1993,2,3,-1,-1.0,15.0
SEN,Senegal,1994,2,3,-1,-1.0,16.0
SEN,Senegal,1995,2,3,-1,-1.0,17.0
SEN,Senegal,1996,2,3,-1,-1.0,18.0
SEN,Senegal,1997,2,3,-1,-1.0,19.0
SEN,Senegal,1998,2,3,-1,-1.0,20.0
SEN,Senegal,1999,2,3,-1,-1.0,21.0
SEN,Senegal,2000,8,0,8,8.0,0.0
SEN,Senegal,2001,8,0,8,8.0,1.0
SEN,Senegal,2002,8,0,8,8.0,2.0
SEN,Senegal,2003,8,0,8,8.0,3.0
SEN,Senegal,2004,8,0,8,8.0,4.0
SEN,Senegal,2005,8,0,8,8.0,5.0
SEN,Senegal,2006,8,0,8,8.0,6.0
SEN,Senegal,2007,7,0,7,7.0,7.0
SEN,Senegal,2008,7,0,7,7.0,8.0
SEN,Senegal,2009,7,0,7,7.0,9.0
SEN,Senegal,2010,7,0,7,7.0,10.0
SEN,Senegal,2011,7,0,7,7.0,11.0
SEN,Senegal,2012,7,0,7,7.0,12.0
SEN,Senegal,2013,7,0,7,7.0,13.0
SEN,Senegal,2014,7,0,7,7.0,14.0
SEN,Senegal,2015,7,0,7,7.0,15.0
SEN,Senegal,2016,7,0,7,7.0,16.0
SEN,Senegal,2017,7,0,7,7.0,17.0
SEN,Senegal,2018,7,0,7,7.0,18.0
SER,Serbia,1830,0,7,-7,-7.0,0.0
SER,Serbia,1831,0,7,-7,-7.0,1.0
SER,Serbia,1832,0,7,-7,-7.0,2.0
SER,Serbia,1833,0,7,-7,-7.0,3.0
SER,Serbia,1834,0,7,-7,-7.0,4.0
SER,Serbia,1835,0,7,-7,-7.0,5.0
SER,Serbia,1836,0,7,-7,-7.0,6.0
SER,Serbia,1837,0,7,-7,-7.0,7.0
SER,Serbia,1838,5,3,2,2.0,0.0
SER,Serbia,1839,5,3,2,2.0,1.0
SER,Serbia,1840,5,3,2,2.0,2.0
SER,Serbia,1841,5,3,2,2.0,3.0
SER,Serbia,1842,5,3,2,2.0,4.0
SER,Serbia,1843,5,3,2,2.0,5.0
SER,Serbia,1844,5,3,2,2.0,6.0
SER,Serbia,1845,5,3,2,2.0,7.0
SER,Serbia,1846,5,3,2,2.0,8.0
SER,Serbia,1847,5,3,2,2.0,9.0
SER,Serbia,1848,5,3,2,2.0,10.0
SER,Serbia,1849,5,3,2,2.0,11.0
SER,Serbia,1850,5,3,2,2.0,12.0
SER,Serbia,1851,5,3,2,2.0,13.0
SER,Serbia,1852,5,3,2,2.0,14.0
SER,Serbia,1853,5,3,2,2.0,15.0
SER,Serbia,1854,5,3,2,2.0,16.0
SER,Serbia,1855,5,3,2,2.0,17.0
SER,Serbia,1856,5,3,2,2.0,18.0
SER,Serbia,1857,5,3,2,2.0,19.0
SER,Serbia,1858,0,9,-9,-9.0,0.0
SER,Serbia,1859,0,9,-9,-9.0,1.0
SER,Serbia,1860,-88,-88,-88,-4.0,0.0
SER,Serbia,1861,3,3,0,0.0,0.0
SER,Serbia,1862,3,3,0,0.0,1.0
SER,Serbia,1863,3,3,0,0.0,2.0
SER,Serbia,1864,3,3,0,0.0,3.0
SER,Serbia,1865,3,3,0,0.0,4.0
SER,Serbia,1866,3,3,0,0.0,5.0
SER,Serbia,1867,3,3,0,0.0,6.0
SER,Serbia,1868,-88,-88,-88,-3.0,0.0
SER,Serbia,1869,1,6,-5,-5.0,0.0
SER,Serbia,1870,1,6,-5,-5.0,1.0
SER,Serbia,1871,1,6,-5,-5.0,2.0
SER,Serbia,1872,1,6,-5,-5.0,3.0
SER,Serbia,1873,1,6,-5,-5.0,4.0
SER,Serbia,1874,1,6,-5,-5.0,5.0
SER,Serbia,1875,1,6,-5,-5.0,6.0
SER,Serbia,1876,1,6,-5,-5.0,7.0
SER,Serbia,1877,1,6,-5,-5.0,8.0
SER,Serbia,1878,1,6,-5,-5.0,9.0
SER,Serbia,1879,1,6,-5,-5.0,10.0
SER,Serbia,1880,1,6,-5,-5.0,11.0
SER,Serbia,1881,1,6,-5,-5.0,12.0
SER,Serbia,1882,1,6,-5,-5.0,13.0
SER,Serbia,1883,1,6,-5,-5.0,14.0
SER,Serbia,1884,1,6,-5,-5.0,15.0
SER,Serbia,1885,1,6,-5,-5.0,16.0
SER,Serbia,1886,1,6,-5,-5.0,17.0
SER,Serbia,1887,1,6,-5,-5.0,18.0
SER,Serbia,1888,1,6,-5,-5.0,19.0
SER,Serbia,1889,1,6,-5,-5.0,20.0
SER,Serbia,1890,1,6,-5,-5.0,21.0
SER,Serbia,1891,1,6,-5,-5.0,22.0
SER,Serbia,1892,1,6,-5,-5.0,23.0
SER,Serbia,1893,1,6,-5,-5.0,24.0
SER,Serbia,1894,1,6,-5,-5.0,25.0
SER,Serbia,1895,1,6,-5,-5.0,26.0
SER,Serbia,1896,1,6,-5,-5.0,27.0
SER,Serbia,1897,1,6,-5,-5.0,28.0
SER,Serbia,1898,1,6,-5,-5.0,29.0
SER,Serbia,1899,1,6,-5,-5.0,30.0
SER,Serbia,1900,1,6,-5,-5.0,31.0
SER,Serbia,1901,1,6,-5,-5.0,32.0
SER,Serbia,1902,1,6,-5,-5.0,33.0
SER,Serbia,1903,5,1,4,4.0,0.0
SER,Serbia,1904,5,1,4,4.0,1.0
SER,Serbia,1905,5,1,4,4.0,2.0
SER,Serbia,1906,5,1,4,4.0,3.0
SER,Serbia,1907,5,1,4,4.0,4.0
SER,Serbia,1908,5,1,4,4.0,5.0
SER,Serbia,1909,5,1,4,4.0,6.0
SER,Serbia,1910,5,1,4,4.0,7.0
SER,Serbia,1911,5,1,4,4.0,8.0
SER,Serbia,1912,5,1,4,4.0,9.0
SER,Serbia,1913,5,1,4,4.0,10.0
SER,Serbia,1914,5,1,4,4.0,11.0
SER,Serbia,1915,-66,-66,-66,,0.0
SER,Serbia,1916,-66,-66,-66,,0.0
SER,Serbia,1917,-88,-88,-88,4.0,0.0
SER,Serbia,1918,-88,-88,-88,5.0,0.0
SER,Serbia,1919,-88,-88,-88,6.0,0.0
SER,Serbia,1920,-88,-88,-88,7.0,0.0
SER,Serbia,2006,9,1,8,8.0,0.0
SER,Serbia,2007,9,1,8,8.0,1.0
SER,Serbia,2008,9,1,8,8.0,2.0
SER,Serbia,2009,9,1,8,8.0,3.0
SER,Serbia,2010,9,1,8,8.0,4.0
SER,Serbia,2011,9,1,8,8.0,5.0
SER,Serbia,2012,9,1,8,8.0,6.0
SER,Serbia,2013,9,1,8,8.0,7.0
SER,Serbia,2014,9,1,8,8.0,8.0
SER,Serbia,2015,9,1,8,8.0,9.0
SER,Serbia,2016,9,1,8,8.0,10.0
SER,Serbia,2017,9,1,8,8.0,11.0
SER,Serbia,2018,9,1,8,8.0,12.0
SIC,Two Sicilies,1816,0,10,-10,-10.0,0.0
SIC,Two Sicilies,1817,0,10,-10,-10.0,1.0
SIC,Two Sicilies,1818,0,10,-10,-10.0,2.0
SIC,Two Sicilies,1819,0,10,-10,-10.0,3.0
SIC,Two Sicilies,1820,1,7,-6,-6.0,0.0
SIC,Two Sicilies,1821,0,10,-10,-10.0,0.0
SIC,Two Sicilies,1822,0,10,-10,-10.0,1.0
SIC,Two Sicilies,1823,0,10,-10,-10.0,2.0
SIC,Two Sicilies,1824,0,10,-10,-10.0,3.0
SIC,Two Sicilies,1825,0,10,-10,-10.0,4.0
SIC,Two Sicilies,1826,0,10,-10,-10.0,5.0
SIC,Two Sicilies,1827,0,10,-10,-10.0,6.0
SIC,Two Sicilies,1828,0,10,-10,-10.0,7.0
SIC,Two Sicilies,1829,0,10,-10,-10.0,8.0
SIC,Two Sicilies,1830,0,10,-10,-10.0,9.0
SIC,Two Sicilies,1831,0,10,-10,-10.0,10.0
SIC,Two Sicilies,1832,0,10,-10,-10.0,11.0
SIC,Two Sicilies,1833,0,10,-10,-10.0,12.0
SIC,Two Sicilies,1834,0,10,-10,-10.0,13.0
SIC,Two Sicilies,1835,0,10,-10,-10.0,14.0
SIC,Two Sicilies,1836,0,10,-10,-10.0,15.0
SIC,Two Sicilies,1837,0,10,-10,-10.0,16.0
SIC,Two Sicilies,1838,0,10,-10,-10.0,17.0
SIC,Two Sicilies,1839,0,10,-10,-10.0,18.0
SIC,Two Sicilies,1840,0,10,-10,-10.0,19.0
SIC,Two Sicilies,1841,0,10,-10,-10.0,20.0
SIC,Two Sicilies,1842,0,10,-10,-10.0,21.0
SIC,Two Sicilies,1843,0,10,-10,-10.0,22.0
SIC,Two Sicilies,1844,0,10,-10,-10.0,23.0
SIC,Two Sicilies,1845,0,10,-10,-10.0,24.0
SIC,Two Sicilies,1846,0,10,-10,-10.0,25.0
SIC,Two Sicilies,1847,0,10,-10,-10.0,26.0
SIC,Two Sicilies,1848,0,10,-10,-10.0,27.0
SIC,Two Sicilies,1849,0,10,-10,-10.0,28.0
SIC,Two Sicilies,1850,0,10,-10,-10.0,29.0
SIC,Two Sicilies,1851,0,10,-10,-10.0,30.0
SIC,Two Sicilies,1852,0,10,-10,-10.0,31.0
SIC,Two Sicilies,1853,0,10,-10,-10.0,32.0
SIC,Two Sicilies,1854,0,10,-10,-10.0,33.0
SIC,Two Sicilies,1855,0,10,-10,-10.0,34.0
SIC,Two Sicilies,1856,0,10,-10,-10.0,35.0
SIC,Two Sicilies,1857,0,10,-10,-10.0,36.0
SIC,Two Sicilies,1858,0,10,-10,-10.0,37.0
SIC,Two Sicilies,1859,0,10,-10,-10.0,38.0
SIC,Two Sicilies,1860,0,10,-10,-10.0,39.0
SIE,Sierra Leone,1961,6,0,6,6.0,0.0
SIE,Sierra Leone,1962,6,0,6,6.0,1.0
SIE,Sierra Leone,1963,6,0,6,6.0,2.0
SIE,Sierra Leone,1964,6,0,6,6.0,3.0
SIE,Sierra Leone,1965,6,0,6,6.0,4.0
SIE,Sierra Leone,1966,6,0,6,6.0,5.0
SIE,Sierra Leone,1967,0,7,-7,-7.0,0.0
SIE,Sierra Leone,1968,3,2,1,1.0,0.0
SIE,Sierra Leone,1969,3,2,1,1.0,1.0
SIE,Sierra Leone,1970,3,2,1,1.0,2.0
SIE,Sierra Leone,1971,0,6,-6,-6.0,0.0
SIE,Sierra Leone,1972,0,6,-6,-6.0,1.0
SIE,Sierra Leone,1973,0,6,-6,-6.0,2.0
SIE,Sierra Leone,1974,0,6,-6,-6.0,3.0
SIE,Sierra Leone,1975,0,6,-6,-6.0,4.0
SIE,Sierra Leone,1976,0,6,-6,-6.0,5.0
SIE,Sierra Leone,1977,0,6,-6,-6.0,6.0
SIE,Sierra Leone,1978,0,7,-7,-7.0,7.0
SIE,Sierra Leone,1979,0,7,-7,-7.0,8.0
SIE,Sierra Leone,1980,0,7,-7,-7.0,9.0
SIE,Sierra Leone,1981,0,7,-7,-7.0,10.0
SIE,Sierra Leone,1982,0,7,-7,-7.0,11.0
SIE,Sierra Leone,1983,0,7,-7,-7.0,12.0
SIE,Sierra Leone,1984,0,7,-7,-7.0,13.0
SIE,Sierra Leone,1985,0,7,-7,-7.0,14.0
SIE,Sierra Leone,1986,0,7,-7,-7.0,15.0
SIE,Sierra Leone,1987,0,7,-7,-7.0,16.0
SIE,Sierra Leone,1988,0,7,-7,-7.0,17.0
SIE,Sierra Leone,1989,0,7,-7,-7.0,18.0
SIE,Sierra Leone,1990,0,7,-7,-7.0,19.0
SIE,Sierra Leone,1991,0,6,-6,-6.0,20.0
SIE,Sierra Leone,1992,0,7,-7,-7.0,21.0
SIE,Sierra Leone,1993,0,7,-7,-7.0,22.0
SIE,Sierra Leone,1994,0,7,-7,-7.0,23.0
SIE,Sierra Leone,1995,0,7,-7,-7.0,24.0
SIE,Sierra Leone,1996,5,1,4,4.0,0.0
SIE,Sierra Leone,1997,-77,-77,-77,0.0,0.0
SIE,Sierra Leone,1998,-77,-77,-77,0.0,0.0
SIE,Sierra Leone,1999,-77,-77,-77,0.0,0.0
SIE,Sierra Leone,2000,-77,-77,-77,0.0,0.0
SIE,Sierra Leone,2001,-88,-88,-88,2.0,0.0
SIE,Sierra Leone,2002,5,0,5,5.0,0.0
SIE,Sierra Leone,2003,5,0,5,5.0,1.0
SIE,Sierra Leone,2004,5,0,5,5.0,2.0
SIE,Sierra Leone,2005,5,0,5,5.0,3.0
SIE,Sierra Leone,2006,5,0,5,5.0,4.0
SIE,Sierra Leone,2007,8,1,7,7.0,5.0
SIE,Sierra Leone,2008,8,1,7,7.0,6.0
SIE,Sierra Leone,2009,8,1,7,7.0,7.0
SIE,Sierra Leone,2010,8,1,7,7.0,8.0
SIE,Sierra Leone,2011,8,1,7,7.0,9.0
SIE,Sierra Leone,2012,8,1,7,7.0,10.0
SIE,Sierra Leone,2013,8,1,7,7.0,11.0
SIE,Sierra Leone,2014,8,1,7,7.0,12.0
SIE,Sierra Leone,2015,8,1,7,7.0,13.0
SIE,Sierra Leone,2016,8,1,7,7.0,14.0
SIE,Sierra Leone,2017,8,1,7,7.0,15.0
SIE,Sierra Leone,2018,8,1,7,7.0,16.0
SIN,Singapore,1965,0,4,-4,-4.0,0.0
SIN,Singapore,1966,0,4,-4,-4.0,1.0
SIN,Singapore,1967,0,4,-4,-4.0,2.0
SIN,Singapore,1968,0,4,-4,-4.0,3.0
SIN,Singapore,1969,0,4,-4,-4.0,4.0
SIN,Singapore,1970,0,4,-4,-4.0,5.0
SIN,Singapore,1971,0,4,-4,-4.0,6.0
SIN,Singapore,1972,0,4,-4,-4.0,7.0
SIN,Singapore,1973,0,4,-4,-4.0,8.0
SIN,Singapore,1974,0,4,-4,-4.0,9.0
SIN,Singapore,1975,0,4,-4,-4.0,10.0
SIN,Singapore,1976,0,4,-4,-4.0,11.0
SIN,Singapore,1977,0,4,-4,-4.0,12.0
SIN,Singapore,1978,0,4,-4,-4.0,13.0
SIN,Singapore,1979,0,4,-4,-4.0,14.0
SIN,Singapore,1980,0,4,-4,-4.0,15.0
SIN,Singapore,1981,0,4,-4,-4.0,16.0
SIN,Singapore,1982,0,4,-4,-4.0,17.0
SIN,Singapore,1983,0,4,-4,-4.0,18.0
SIN,Singapore,1984,0,4,-4,-4.0,19.0
SIN,Singapore,1985,0,4,-4,-4.0,20.0
SIN,Singapore,1986,0,4,-4,-4.0,21.0
SIN,Singapore,1987,0,4,-4,-4.0,22.0
SIN,Singapore,1988,0,4,-4,-4.0,23.0
SIN,Singapore,1989,0,4,-4,-4.0,24.0
SIN,Singapore,1990,0,4,-4,-4.0,25.0
SIN,Singapore,1991,0,4,-4,-4.0,26.0
SIN,Singapore,1992,0,4,-4,-4.0,27.0
SIN,Singapore,1993,0,4,-4,-4.0,28.0
SIN,Singapore,1994,0,4,-4,-4.0,29.0
SIN,Singapore,1995,0,4,-4,-4.0,30.0
SIN,Singapore,1996,0,4,-4,-4.0,31.0
SIN,Singapore,1997,0,4,-4,-4.0,32.0
SIN,Singapore,1998,0,4,-4,-4.0,33.0
SIN,Singapore,1999,0,4,-4,-4.0,34.0
SIN,Singapore,2000,0,4,-4,-4.0,35.0
SIN,Singapore,2001,0,4,-4,-4.0,36.0
SIN,Singapore,2002,0,4,-4,-4.0,37.0
SIN,Singapore,2003,0,4,-4,-4.0,38.0
SIN,Singapore,2004,0,4,-4,-4.0,39.0
SIN,Singapore,2005,2,4,-2,-2.0,40.0
SIN,Singapore,2006,2,4,-2,-2.0,41.0
SIN,Singapore,2007,2,4,-2,-2.0,42.0
SIN,Singapore,2008,2,4,-2,-2.0,43.0
SIN,Singapore,2009,2,4,-2,-2.0,44.0
SIN,Singapore,2010,2,4,-2,-2.0,45.0
SIN,Singapore,2011,2,4,-2,-2.0,46.0
SIN,Singapore,2012,2,4,-2,-2.0,47.0
SIN,Singapore,2013,2,4,-2,-2.0,48.0
SIN,Singapore,2014,2,4,-2,-2.0,49.0
SIN,Singapore,2015,2,4,-2,-2.0,50.0
SIN,Singapore,2016,2,4,-2,-2.0,51.0
SIN,Singapore,2017,2,4,-2,-2.0,52.0
SIN,Singapore,2018,2,4,-2,-2.0,53.0
SLO,Slovak Republic,1993,7,0,7,7.0,0.0
SLO,Slovak Republic,1994,7,0,7,7.0,1.0
SLO,Slovak Republic,1995,7,0,7,7.0,2.0
SLO,Slovak Republic,1996,7,0,7,7.0,3.0
SLO,Slovak Republic,1997,7,0,7,7.0,4.0
SLO,Slovak Republic,1998,9,0,9,9.0,5.0
SLO,Slovak Republic,1999,9,0,9,9.0,6.0
SLO,Slovak Republic,2000,9,0,9,9.0,7.0
SLO,Slovak Republic,2001,9,0,9,9.0,8.0
SLO,Slovak Republic,2002,9,0,9,9.0,9.0
SLO,Slovak Republic,2003,9,0,9,9.0,10.0
SLO,Slovak Republic,2004,9,0,9,9.0,11.0
SLO,Slovak Republic,2005,9,0,9,9.0,12.0
SLO,Slovak Republic,2006,10,0,10,10.0,13.0
SLO,Slovak Republic,2007,10,0,10,10.0,14.0
SLO,Slovak Republic,2008,10,0,10,10.0,15.0
SLO,Slovak Republic,2009,10,0,10,10.0,16.0
SLO,Slovak Republic,2010,10,0,10,10.0,17.0
SLO,Slovak Republic,2011,10,0,10,10.0,18.0
SLO,Slovak Republic,2012,10,0,10,10.0,19.0
SLO,Slovak Republic,2013,10,0,10,10.0,20.0
SLO,Slovak Republic,2014,10,0,10,10.0,21.0
SLO,Slovak Republic,2015,10,0,10,10.0,22.0
SLO,Slovak Republic,2016,10,0,10,10.0,23.0
SLO,Slovak Republic,2017,10,0,10,10.0,24.0
SLO,Slovak Republic,2018,10,0,10,10.0,25.0
SLV,Slovenia,1991,10,0,10,10.0,0.0
SLV,Slovenia,1992,10,0,10,10.0,1.0
SLV,Slovenia,1993,10,0,10,10.0,2.0
SLV,Slovenia,1994,10,0,10,10.0,3.0
SLV,Slovenia,1995,10,0,10,10.0,4.0
SLV,Slovenia,1996,10,0,10,10.0,5.0
SLV,Slovenia,1997,10,0,10,10.0,6.0
SLV,Slovenia,1998,10,0,10,10.0,7.0
SLV,Slovenia,1999,10,0,10,10.0,8.0
SLV,Slovenia,2000,10,0,10,10.0,9.0
SLV,Slovenia,2001,10,0,10,10.0,10.0
SLV,Slovenia,2002,10,0,10,10.0,11.0
SLV,Slovenia,2003,10,0,10,10.0,12.0
SLV,Slovenia,2004,10,0,10,10.0,13.0
SLV,Slovenia,2005,10,0,10,10.0,14.0
SLV,Slovenia,2006,10,0,10,10.0,15.0
SLV,Slovenia,2007,10,0,10,10.0,16.0
SLV,Slovenia,2008,10,0,10,10.0,17.0
SLV,Slovenia,2009,10,0,10,10.0,18.0
SLV,Slovenia,2010,10,0,10,10.0,19.0
SLV,Slovenia,2011,10,0,10,10.0,20.0
SLV,Slovenia,2012,10,0,10,10.0,21.0
SLV,Slovenia,2013,10,0,10,10.0,22.0
SLV,Slovenia,2014,10,0,10,10.0,23.0
SLV,Slovenia,2015,10,0,10,10.0,24.0
SLV,Slovenia,2016,10,0,10,10.0,25.0
SLV,Slovenia,2017,10,0,10,10.0,26.0
SLV,Slovenia,2018,10,0,10,10.0,27.0
SOL,Solomon Islands,1978,7,0,7,7.0,0.0
SOL,Solomon Islands,1979,7,0,7,7.0,1.0
SOL,Solomon Islands,1980,7,0,7,7.0,2.0
SOL,Solomon Islands,1981,7,0,7,7.0,3.0
SOL,Solomon Islands,1982,7,0,7,7.0,4.0
SOL,Solomon Islands,1983,7,0,7,7.0,5.0
SOL,Solomon Islands,1984,7,0,7,7.0,6.0
SOL,Solomon Islands,1985,7,0,7,7.0,7.0
SOL,Solomon Islands,1986,7,0,7,7.0,8.0
SOL,Solomon Islands,1987,7,0,7,7.0,9.0
SOL,Solomon Islands,1988,7,0,7,7.0,10.0
SOL,Solomon Islands,1989,7,0,7,7.0,11.0
SOL,Solomon Islands,1990,8,0,8,8.0,12.0
SOL,Solomon Islands,1991,8,0,8,8.0,13.0
SOL,Solomon Islands,1992,8,0,8,8.0,14.0
SOL,Solomon Islands,1993,8,0,8,8.0,15.0
SOL,Solomon Islands,1994,8,0,8,8.0,16.0
SOL,Solomon Islands,1995,8,0,8,8.0,17.0
SOL,Solomon Islands,1996,8,0,8,8.0,18.0
SOL,Solomon Islands,1997,8,0,8,8.0,19.0
SOL,Solomon Islands,1998,8,0,8,8.0,20.0
SOL,Solomon Islands,1999,8,0,8,8.0,21.0
SOL,Solomon Islands,2000,-77,-77,-77,0.0,0.0
SOL,Solomon Islands,2001,-77,-77,-77,0.0,0.0
SOL,Solomon Islands,2002,-77,-77,-77,0.0,0.0
SOL,Solomon Islands,2003,-66,-66,-66,,0.0
SOL,Solomon Islands,2004,9,1,8,8.0,0.0
SOL,Solomon Islands,2005,9,1,8,8.0,1.0
SOL,Solomon Islands,2006,9,1,8,8.0,2.0
SOL,Solomon Islands,2007,9,1,8,8.0,3.0
SOL,Solomon Islands,2008,9,1,8,8.0,4.0
SOL,Solomon Islands,2009,9,1,8,8.0,5.0
SOL,Solomon Islands,2010,9,1,8,8.0,6.0
SOL,Solomon Islands,2011,9,1,8,8.0,7.0
SOL,Solomon Islands,2012,9,1,8,8.0,8.0
SOL,Solomon Islands,2013,9,1,8,8.0,9.0
SOL,Solomon Islands,2014,9,1,8,8.0,10.0
SOL,Solomon Islands,2015,9,1,8,8.0,11.0
SOL,Solomon Islands,2016,9,1,8,8.0,12.0
SOL,Solomon Islands,2017,9,1,8,8.0,13.0
SOL,Solomon Islands,2018,9,1,8,8.0,14.0
SOM,Somalia,1960,7,0,7,7.0,0.0
SOM,Somalia,1961,7,0,7,7.0,1.0
SOM,Somalia,1962,7,0,7,7.0,2.0
SOM,Somalia,1963,7,0,7,7.0,3.0
SOM,Somalia,1964,7,0,7,7.0,4.0
SOM,Somalia,1965,7,0,7,7.0,5.0
SOM,Somalia,1966,7,0,7,7.0,6.0
SOM,Somalia,1967,7,0,7,7.0,7.0
SOM,Somalia,1968,7,0,7,7.0,8.0
SOM,Somalia,1969,0,7,-7,-7.0,0.0
SOM,Somalia,1970,0,7,-7,-7.0,1.0
SOM,Somalia,1971,0,7,-7,-7.0,2.0
SOM,Somalia,1972,0,7,-7,-7.0,3.0
SOM,Somalia,1973,0,7,-7,-7.0,4.0
SOM,Somalia,1974,0,7,-7,-7.0,5.0
SOM,Somalia,1975,0,7,-7,-7.0,6.0
SOM,Somalia,1976,0,7,-7,-7.0,7.0
SOM,Somalia,1977,0,7,-7,-7.0,8.0
SOM,Somalia,1978,0,7,-7,-7.0,9.0
SOM,Somalia,1979,0,7,-7,-7.0,10.0
SOM,Somalia,1980,0,7,-7,-7.0,11.0
SOM,Somalia,1981,0,7,-7,-7.0,12.0
SOM,Somalia,1982,0,7,-7,-7.0,13.0
SOM,Somalia,1983,0,7,-7,-7.0,14.0
SOM,Somalia,1984,0,7,-7,-7.0,15.0
SOM,Somalia,1985,0,7,-7,-7.0,16.0
SOM,Somalia,1986,0,7,-7,-7.0,17.0
SOM,Somalia,1987,0,7,-7,-7.0,18.0
SOM,Somalia,1988,0,7,-7,-7.0,19.0
SOM,Somalia,1989,0,7,-7,-7.0,20.0
SOM,Somalia,1990,0,7,-7,-7.0,21.0
SOM,Somalia,1991,-77,-77,-77,0.0,0.0
SOM,Somalia,1992,-77,-77,-77,0.0,0.0
SOM,Somalia,1993,-77,-77,-77,0.0,0.0
SOM,Somalia,1994,-77,-77,-77,0.0,0.0
SOM,Somalia,1995,-77,-77,-77,0.0,0.0
SOM,Somalia,1996,-77,-77,-77,0.0,0.0
SOM,Somalia,1997,-77,-77,-77,0.0,0.0
SOM,Somalia,1998,-77,-77,-77,0.0,0.0
SOM,Somalia,1999,-77,-77,-77,0.0,0.0
SOM,Somalia,2000,-77,-77,-77,0.0,0.0
SOM,Somalia,2001,-77,-77,-77,0.0,0.0
SOM,Somalia,2002,-77,-77,-77,0.0,0.0
SOM,Somalia,2003,-77,-77,-77,0.0,0.0
SOM,Somalia,2004,-77,-77,-77,0.0,0.0
SOM,Somalia,2005,-77,-77,-77,0.0,0.0
SOM,Somalia,2006,-77,-77,-77,0.0,0.0
SOM,Somalia,2007,-77,-77,-77,0.0,0.0
SOM,Somalia,2008,-77,-77,-77,0.0,0.0
SOM,Somalia,2009,-77,-77,-77,0.0,0.0
SOM,Somalia,2010,-77,-77,-77,0.0,0.0
SOM,Somalia,2011,-66,-66,-66,,0.0
SOM,Somalia,2012,5,0,5,5.0,0.0
SOM,Somalia,2013,5,0,5,5.0,1.0
SOM,Somalia,2014,5,0,5,5.0,2.0
SOM,Somalia,2015,5,0,5,5.0,3.0
SOM,Somalia,2016,5,0,5,5.0,4.0
SOM,Somalia,2017,5,0,5,5.0,5.0
SOM,Somalia,2018,5,0,5,5.0,6.0
SPN,Spain,1800,0,10,-10,-10.0,
SPN,Spain,1801,0,10,-10,-10.0,
SPN,Spain,1802,0,10,-10,-10.0,
SPN,Spain,1803,0,10,-10,-10.0,
SPN,Spain,1804,0,10,-10,-10.0,
SPN,Spain,1805,0,10,-10,-10.0,
SPN,Spain,1806,0,10,-10,-10.0,
SPN,Spain,1807,0,10,-10,-10.0,
SPN,Spain,1808,-66,-66,-66,,0.0
SPN,Spain,1809,-66,-66,-66,,0.0
SPN,Spain,1810,-66,-66,-66,,0.0
SPN,Spain,1811,-66,-66,-66,,0.0
SPN,Spain,1812,-66,-66,-66,,0.0
SPN,Spain,1813,-66,-66,-66,,0.0
SPN,Spain,1814,0,9,-9,-9.0,0.0
SPN,Spain,1815,0,9,-9,-9.0,1.0
SPN,Spain,1816,0,9,-9,-9.0,2.0
SPN,Spain,1817,0,9,-9,-9.0,3.0
SPN,Spain,1818,0,9,-9,-9.0,4.0
SPN,Spain,1819,0,9,-9,-9.0,5.0
SPN,Spain,1820,1,5,-4,-4.0,0.0
SPN,Spain,1821,1,5,-4,-4.0,1.0
SPN,Spain,1822,1,5,-4,-4.0,2.0
SPN,Spain,1823,1,7,-6,-6.0,3.0
SPN,Spain,1824,1,7,-6,-6.0,4.0
SPN,Spain,1825,1,7,-6,-6.0,5.0
SPN,Spain,1826,1,7,-6,-6.0,6.0
SPN,Spain,1827,1,7,-6,-6.0,7.0
SPN,Spain,1828,1,7,-6,-6.0,8.0
SPN,Spain,1829,1,7,-6,-6.0,9.0
SPN,Spain,1830,1,7,-6,-6.0,10.0
SPN,Spain,1831,1,7,-6,-6.0,11.0
SPN,Spain,1832,1,7,-6,-6.0,12.0
SPN,Spain,1833,1,7,-6,-6.0,13.0
SPN,Spain,1834,1,7,-6,-6.0,14.0
SPN,Spain,1835,1,7,-6,-6.0,15.0
SPN,Spain,1836,-88,-88,-88,-3.0,0.0
SPN,Spain,1837,3,4,-1,-1.0,0.0
SPN,Spain,1838,3,4,-1,-1.0,1.0
SPN,Spain,1839,3,4,-1,-1.0,2.0
SPN,Spain,1840,3,4,-1,-1.0,3.0
SPN,Spain,1841,3,4,-1,-1.0,4.0
SPN,Spain,1842,3,4,-1,-1.0,5.0
SPN,Spain,1843,3,4,-1,-1.0,6.0
SPN,Spain,1844,3,4,-1,-1.0,7.0
SPN,Spain,1845,2,4,-2,-2.0,8.0
SPN,Spain,1846,2,4,-2,-2.0,9.0
SPN,Spain,1847,2,4,-2,-2.0,10.0
SPN,Spain,1848,2,4,-2,-2.0,11.0
SPN,Spain,1849,2,4,-2,-2.0,12.0
SPN,Spain,1850,2,4,-2,-2.0,13.0
SPN,Spain,1851,2,4,-2,-2.0,14.0
SPN,Spain,1852,1,6,-5,-5.0,0.0
SPN,Spain,1853,1,6,-5,-5.0,1.0
SPN,Spain,1854,1,6,-5,-5.0,2.0
SPN,Spain,1855,1,6,-5,-5.0,3.0
SPN,Spain,1856,1,6,-5,-5.0,4.0
SPN,Spain,1857,1,6,-5,-5.0,5.0
SPN,Spain,1858,1,6,-5,-5.0,6.0
SPN,Spain,1859,1,7,-6,-6.0,7.0
SPN,Spain,1860,1,7,-6,-6.0,8.0
SPN,Spain,1861,1,7,-6,-6.0,9.0
SPN,Spain,1862,1,7,-6,-6.0,10.0
SPN,Spain,1863,1,7,-6,-6.0,11.0
SPN,Spain,1864,1,7,-6,-6.0,12.0
SPN,Spain,1865,1,7,-6,-6.0,13.0
SPN,Spain,1866,1,7,-6,-6.0,14.0
SPN,Spain,1867,1,7,-6,-6.0,15.0
SPN,Spain,1868,-88,-88,-88,-4.0,0.0
SPN,Spain,1869,-88,-88,-88,-2.0,0.0
SPN,Spain,1870,-88,-88,-88,-1.0,0.0
SPN,Spain,1871,5,4,1,1.0,0.0
SPN,Spain,1872,5,4,1,1.0,1.0
SPN,Spain,1873,1,6,-5,-5.0,0.0
SPN,Spain,1874,-88,-88,-88,-4.0,0.0
SPN,Spain,1875,-88,-88,-88,-2.0,0.0
SPN,Spain,1876,4,5,-1,-1.0,0.0
SPN,Spain,1877,4,5,-1,-1.0,0.0
SPN,Spain,1878,4,5,-1,-1.0,0.0
SPN,Spain,1879,6,2,4,4.0,0.0
SPN,Spain,1880,6,2,4,4.0,1.0
SPN,Spain,1881,6,2,4,4.0,2.0
SPN,Spain,1882,6,2,4,4.0,3.0
SPN,Spain,1883,6,2,4,4.0,4.0
SPN,Spain,1884,6,2,4,4.0,5.0
SPN,Spain,1885,6,2,4,4.0,6.0
SPN,Spain,1886,6,2,4,4.0,7.0
SPN,Spain,1887,6,2,4,4.0,8.0
SPN,Spain,1888,6,2,4,4.0,9.0
SPN,Spain,1889,6,2,4,4.0,10.0
SPN,Spain,1890,7,2,5,5.0,11.0
SPN,Spain,1891,7,2,5,5.0,12.0
SPN,Spain,1892,7,2,5,5.0,13.0
SPN,Spain,1893,7,2,5,5.0,14.0
SPN,Spain,1894,7,2,5,5.0,15.0
SPN,Spain,1895,6,2,4,4.0,16.0
SPN,Spain,1896,6,2,4,4.0,17.0
SPN,Spain,1897,6,2,4,4.0,18.0
SPN,Spain,1898,6,2,4,4.0,19.0
SPN,Spain,1899,6,2,4,4.0,20.0
SPN,Spain,1900,6,0,6,6.0,21.0
SPN,Spain,1901,6,0,6,6.0,22.0
SPN,Spain,1902,6,0,6,6.0,23.0
SPN,Spain,1903,6,0,6,6.0,24.0
SPN,Spain,1904,6,0,6,6.0,25.0
SPN,Spain,1905,6,0,6,6.0,26.0
SPN,Spain,1906,6,0,6,6.0,27.0
SPN,Spain,1907,6,0,6,6.0,28.0
SPN,Spain,1908,6,0,6,6.0,29.0
SPN,Spain,1909,6,0,6,6.0,30.0
SPN,Spain,1910,6,0,6,6.0,31.0
SPN,Spain,1911,6,0,6,6.0,32.0
SPN,Spain,1912,6,0,6,6.0,33.0
SPN,Spain,1913,6,0,6,6.0,34.0
SPN,Spain,1914,6,0,6,6.0,35.0
SPN,Spain,1915,6,0,6,6.0,36.0
SPN,Spain,1916,6,0,6,6.0,37.0
SPN,Spain,1917,6,0,6,6.0,38.0
SPN,Spain,1918,6,0,6,6.0,39.0
SPN,Spain,1919,6,0,6,6.0,40.0
SPN,Spain,1920,6,0,6,6.0,41.0
SPN,Spain,1921,6,0,6,6.0,42.0
SPN,Spain,1922,6,0,6,6.0,43.0
SPN,Spain,1923,0,7,-7,-7.0,0.0
SPN,Spain,1924,0,7,-7,-7.0,1.0
SPN,Spain,1925,0,6,-6,-6.0,2.0
SPN,Spain,1926,0,6,-6,-6.0,3.0
SPN,Spain,1927,0,6,-6,-6.0,4.0
SPN,Spain,1928,0,6,-6,-6.0,5.0
SPN,Spain,1929,0,6,-6,-6.0,6.0
SPN,Spain,1930,-88,-88,-88,1.0,0.0
SPN,Spain,1931,8,1,7,7.0,0.0
SPN,Spain,1932,8,1,7,7.0,1.0
SPN,Spain,1933,8,1,7,7.0,2.0
SPN,Spain,1934,8,1,7,7.0,3.0
SPN,Spain,1935,8,1,7,7.0,4.0
SPN,Spain,1936,8,1,7,7.0,5.0
SPN,Spain,1937,8,1,7,7.0,6.0
SPN,Spain,1938,8,1,7,7.0,7.0
SPN,Spain,1939,0,7,-7,-7.0,0.0
SPN,Spain,1940,0,7,-7,-7.0,1.0
SPN,Spain,1941,0,7,-7,-7.0,2.0
SPN,Spain,1942,0,7,-7,-7.0,3.0
SPN,Spain,1943,0,7,-7,-7.0,4.0
SPN,Spain,1944,0,7,-7,-7.0,5.0
SPN,Spain,1945,0,7,-7,-7.0,6.0
SPN,Spain,1946,0,7,-7,-7.0,7.0
SPN,Spain,1947,0,7,-7,-7.0,8.0
SPN,Spain,1948,0,7,-7,-7.0,9.0
SPN,Spain,1949,0,7,-7,-7.0,10.0
SPN,Spain,1950,0,7,-7,-7.0,11.0
SPN,Spain,1951,0,7,-7,-7.0,12.0
SPN,Spain,1952,0,7,-7,-7.0,13.0
SPN,Spain,1953,0,7,-7,-7.0,14.0
SPN,Spain,1954,0,7,-7,-7.0,15.0
SPN,Spain,1955,0,7,-7,-7.0,16.0
SPN,Spain,1956,0,7,-7,-7.0,17.0
SPN,Spain,1957,0,7,-7,-7.0,18.0
SPN,Spain,1958,0,7,-7,-7.0,19.0
SPN,Spain,1959,0,7,-7,-7.0,20.0
SPN,Spain,1960,0,7,-7,-7.0,21.0
SPN,Spain,1961,0,7,-7,-7.0,22.0
SPN,Spain,1962,0,7,-7,-7.0,23.0
SPN,Spain,1963,0,7,-7,-7.0,24.0
SPN,Spain,1964,0,7,-7,-7.0,25.0
SPN,Spain,1965,0,7,-7,-7.0,26.0
SPN,Spain,1966,0,7,-7,-7.0,27.0
SPN,Spain,1967,0,7,-7,-7.0,28.0
SPN,Spain,1968,0,7,-7,-7.0,29.0
SPN,Spain,1969,0,7,-7,-7.0,30.0
SPN,Spain,1970,0,7,-7,-7.0,31.0
SPN,Spain,1971,0,7,-7,-7.0,32.0
SPN,Spain,1972,0,7,-7,-7.0,33.0
SPN,Spain,1973,0,7,-7,-7.0,34.0
SPN,Spain,1974,0,7,-7,-7.0,35.0
SPN,Spain,1975,-88,-88,-88,-3.0,0.0
SPN,Spain,1976,-88,-88,-88,1.0,0.0
SPN,Spain,1977,-88,-88,-88,5.0,0.0
SPN,Spain,1978,9,0,9,9.0,0.0
SPN,Spain,1979,9,0,9,9.0,1.0
SPN,Spain,1980,9,0,9,9.0,2.0
SPN,Spain,1981,9,0,9,9.0,3.0
SPN,Spain,1982,10,0,10,10.0,4.0
SPN,Spain,1983,10,0,10,10.0,5.0
SPN,Spain,1984,10,0,10,10.0,6.0
SPN,Spain,1985,10,0,10,10.0,7.0
SPN,Spain,1986,10,0,10,10.0,8.0
SPN,Spain,1987,10,0,10,10.0,9.0
SPN,Spain,1988,10,0,10,10.0,10.0
SPN,Spain,1989,10,0,10,10.0,11.0
SPN,Spain,1990,10,0,10,10.0,12.0
SPN,Spain,1991,10,0,10,10.0,13.0
SPN,Spain,1992,10,0,10,10.0,14.0
SPN,Spain,1993,10,0,10,10.0,15.0
SPN,Spain,1994,10,0,10,10.0,16.0
SPN,Spain,1995,10,0,10,10.0,17.0
SPN,Spain,1996,10,0,10,10.0,18.0
SPN,Spain,1997,10,0,10,10.0,19.0
SPN,Spain,1998,10,0,10,10.0,20.0
SPN,Spain,1999,10,0,10,10.0,21.0
SPN,Spain,2000,10,0,10,10.0,22.0
SPN,Spain,2001,10,0,10,10.0,23.0
SPN,Spain,2002,10,0,10,10.0,24.0
SPN,Spain,2003,10,0,10,10.0,25.0
SPN,Spain,2004,10,0,10,10.0,26.0
SPN,Spain,2005,10,0,10,10.0,27.0
SPN,Spain,2006,10,0,10,10.0,28.0
SPN,Spain,2007,10,0,10,10.0,29.0
SPN,Spain,2008,10,0,10,10.0,30.0
SPN,Spain,2009,10,0,10,10.0,31.0
SPN,Spain,2010,10,0,10,10.0,32.0
SPN,Spain,2011,10,0,10,10.0,33.0
SPN,Spain,2012,10,0,10,10.0,34.0
SPN,Spain,2013,10,0,10,10.0,35.0
SPN,Spain,2014,10,0,10,10.0,36.0
SPN,Spain,2015,10,0,10,10.0,37.0
SPN,Spain,2016,10,0,10,10.0,38.0
SPN,Spain,2017,10,0,10,10.0,39.0
SPN,Spain,2018,10,0,10,10.0,40.0
SRI,Sri Lanka,1948,7,0,7,7.0,0.0
SRI,Sri Lanka,1949,7,0,7,7.0,1.0
SRI,Sri Lanka,1950,7,0,7,7.0,2.0
SRI,Sri Lanka,1951,7,0,7,7.0,3.0
SRI,Sri Lanka,1952,7,0,7,7.0,4.0
SRI,Sri Lanka,1953,7,0,7,7.0,5.0
SRI,Sri Lanka,1954,7,0,7,7.0,6.0
SRI,Sri Lanka,1955,7,0,7,7.0,7.0
SRI,Sri Lanka,1956,7,0,7,7.0,8.0
SRI,Sri Lanka,1957,7,0,7,7.0,9.0
SRI,Sri Lanka,1958,7,0,7,7.0,10.0
SRI,Sri Lanka,1959,7,0,7,7.0,11.0
SRI,Sri Lanka,1960,7,0,7,7.0,12.0
SRI,Sri Lanka,1961,7,0,7,7.0,13.0
SRI,Sri Lanka,1962,7,0,7,7.0,14.0
SRI,Sri Lanka,1963,7,0,7,7.0,15.0
SRI,Sri Lanka,1964,7,0,7,7.0,16.0
SRI,Sri Lanka,1965,7,0,7,7.0,17.0
SRI,Sri Lanka,1966,7,0,7,7.0,18.0
SRI,Sri Lanka,1967,7,0,7,7.0,19.0
SRI,Sri Lanka,1968,7,0,7,7.0,20.0
SRI,Sri Lanka,1969,7,0,7,7.0,21.0
SRI,Sri Lanka,1970,8,0,8,8.0,22.0
SRI,Sri Lanka,1971,8,0,8,8.0,23.0
SRI,Sri Lanka,1972,8,0,8,8.0,24.0
SRI,Sri Lanka,1973,8,0,8,8.0,25.0
SRI,Sri Lanka,1974,8,0,8,8.0,26.0
SRI,Sri Lanka,1975,8,0,8,8.0,27.0
SRI,Sri Lanka,1976,8,0,8,8.0,28.0
SRI,Sri Lanka,1977,8,0,8,8.0,29.0
SRI,Sri Lanka,1978,6,0,6,6.0,30.0
SRI,Sri Lanka,1979,6,0,6,6.0,31.0
SRI,Sri Lanka,1980,6,0,6,6.0,32.0
SRI,Sri Lanka,1981,6,0,6,6.0,33.0
SRI,Sri Lanka,1982,6,1,5,5.0,34.0
SRI,Sri Lanka,1983,6,1,5,5.0,35.0
SRI,Sri Lanka,1984,6,1,5,5.0,36.0
SRI,Sri Lanka,1985,6,1,5,5.0,37.0
SRI,Sri Lanka,1986,6,1,5,5.0,38.0
SRI,Sri Lanka,1987,6,1,5,5.0,39.0
SRI,Sri Lanka,1988,6,1,5,5.0,40.0
SRI,Sri Lanka,1989,6,1,5,5.0,41.0
SRI,Sri Lanka,1990,6,1,5,5.0,42.0
SRI,Sri Lanka,1991,6,1,5,5.0,43.0
SRI,Sri Lanka,1992,6,1,5,5.0,44.0
SRI,Sri Lanka,1993,6,1,5,5.0,45.0
SRI,Sri Lanka,1994,6,1,5,5.0,46.0
SRI,Sri Lanka,1995,6,1,5,5.0,47.0
SRI,Sri Lanka,1996,6,1,5,5.0,48.0
SRI,Sri Lanka,1997,6,1,5,5.0,49.0
SRI,Sri Lanka,1998,6,1,5,5.0,50.0
SRI,Sri Lanka,1999,6,1,5,5.0,51.0
SRI,Sri Lanka,2000,6,1,5,5.0,52.0
SRI,Sri Lanka,2001,7,1,6,6.0,53.0
SRI,Sri Lanka,2002,7,1,6,6.0,54.0
SRI,Sri Lanka,2003,6,1,5,5.0,55.0
SRI,Sri Lanka,2004,6,1,5,5.0,56.0
SRI,Sri Lanka,2005,6,1,5,5.0,57.0
SRI,Sri Lanka,2006,7,1,6,6.0,58.0
SRI,Sri Lanka,2007,7,1,6,6.0,59.0
SRI,Sri Lanka,2008,7,1,6,6.0,60.0
SRI,Sri Lanka,2009,6,1,5,5.0,61.0
SRI,Sri Lanka,2010,4,1,3,3.0,0.0
SRI,Sri Lanka,2011,4,1,3,3.0,1.0
SRI,Sri Lanka,2012,4,1,3,3.0,2.0
SRI,Sri Lanka,2013,4,1,3,3.0,3.0
SRI,Sri Lanka,2014,4,1,3,3.0,4.0
SRI,Sri Lanka,2015,7,1,6,6.0,0.0
SRI,Sri Lanka,2016,7,1,6,6.0,1.0
SRI,Sri Lanka,2017,7,1,6,6.0,2.0
SRI,Sri Lanka,2018,7,1,6,6.0,0.0
SSU,South Sudan,2011,2,2,0,0.0,0.0
SSU,South Sudan,2012,2,2,0,0.0,1.0
SSU,South Sudan,2013,-77,-77,-77,0.0,0.0
SSU,South Sudan,2014,-77,-77,-77,0.0,0.0
SSU,South Sudan,2015,-77,-77,-77,0.0,0.0
SSU,South Sudan,2016,-77,-77,-77,0.0,0.0
SSU,South Sudan,2017,-77,-77,-77,0.0,0.0
SSU,South Sudan,2018,-77,-77,-77,0.0,0.0
SUD,Sudan,1956,7,0,7,7.0,0.0
SUD,Sudan,1957,7,0,7,7.0,1.0
SUD,Sudan,1958,0,7,-7,-7.0,0.0
SUD,Sudan,1959,0,7,-7,-7.0,1.0
SUD,Sudan,1960,0,7,-7,-7.0,2.0
SUD,Sudan,1961,0,7,-7,-7.0,3.0
SUD,Sudan,1962,0,7,-7,-7.0,4.0
SUD,Sudan,1963,0,4,-4,-4.0,0.0
SUD,Sudan,1964,-88,-88,-88,1.0,0.0
SUD,Sudan,1965,7,1,6,6.0,0.0
SUD,Sudan,1966,7,1,6,6.0,1.0
SUD,Sudan,1967,7,1,6,6.0,2.0
SUD,Sudan,1968,7,1,6,6.0,3.0
SUD,Sudan,1969,0,6,-6,-6.0,0.0
SUD,Sudan,1970,0,6,-6,-6.0,0.0
SUD,Sudan,1971,0,7,-7,-7.0,0.0
SUD,Sudan,1972,0,7,-7,-7.0,1.0
SUD,Sudan,1973,0,6,-6,-6.0,2.0
SUD,Sudan,1974,0,6,-6,-6.0,3.0
SUD,Sudan,1975,0,6,-6,-6.0,4.0
SUD,Sudan,1976,0,6,-6,-6.0,5.0
SUD,Sudan,1977,0,6,-6,-6.0,6.0
SUD,Sudan,1978,0,6,-6,-6.0,7.0
SUD,Sudan,1979,0,6,-6,-6.0,8.0
SUD,Sudan,1980,0,6,-6,-6.0,9.0
SUD,Sudan,1981,0,6,-6,-6.0,10.0
SUD,Sudan,1982,0,6,-6,-6.0,11.0
SUD,Sudan,1983,0,6,-6,-6.0,12.0
SUD,Sudan,1984,0,6,-6,-6.0,13.0
SUD,Sudan,1985,0,3,-3,-3.0,0.0
SUD,Sudan,1986,8,1,7,7.0,0.0
SUD,Sudan,1987,8,1,7,7.0,1.0
SUD,Sudan,1988,8,1,7,7.0,2.0
SUD,Sudan,1989,0,7,-7,-7.0,0.0
SUD,Sudan,1990,0,7,-7,-7.0,1.0
SUD,Sudan,1991,0,7,-7,-7.0,2.0
SUD,Sudan,1992,0,7,-7,-7.0,3.0
SUD,Sudan,1993,0,7,-7,-7.0,4.0
SUD,Sudan,1994,0,7,-7,-7.0,5.0
SUD,Sudan,1995,0,7,-7,-7.0,6.0
SUD,Sudan,1996,0,7,-7,-7.0,7.0
SUD,Sudan,1997,0,7,-7,-7.0,8.0
SUD,Sudan,1998,0,7,-7,-7.0,9.0
SUD,Sudan,1999,0,6,-6,-6.0,0.0
SUD,Sudan,2000,0,6,-6,-6.0,1.0
SUD,Sudan,2001,0,6,-6,-6.0,2.0
SUD,Sudan,2002,0,6,-6,-6.0,3.0
SUD,Sudan,2003,0,6,-6,-6.0,4.0
SUD,Sudan,2004,0,6,-6,-6.0,5.0
SUD,Sudan,2005,0,3,-3,-3.0,0.0
SUD,Sudan,2006,0,3,-3,-3.0,1.0
SUD,Sudan,2007,0,3,-3,-3.0,2.0
SUD,Sudan,2008,0,3,-3,-3.0,3.0
SUD,Sudan,2009,0,3,-3,-3.0,4.0
SUD,Sudan,2010,1,3,-2,-2.0,5.0
SUD,Sudan,2011,1,3,-2,-2.0,0.0
SUR,Suriname,1975,5,0,5,5.0,0.0
SUR,Suriname,1976,5,0,5,5.0,1.0
SUR,Suriname,1977,5,0,5,5.0,2.0
SUR,Suriname,1978,5,0,5,5.0,3.0
SUR,Suriname,1979,5,0,5,5.0,4.0
SUR,Suriname,1980,1,2,-1,-1.0,0.0
SUR,Suriname,1981,1,2,-1,-1.0,1.0
SUR,Suriname,1982,0,6,-6,-6.0,0.0
SUR,Suriname,1983,0,6,-6,-6.0,1.0
SUR,Suriname,1984,0,6,-6,-6.0,2.0
SUR,Suriname,1985,0,6,-6,-6.0,3.0
SUR,Suriname,1986,0,6,-6,-6.0,4.0
SUR,Suriname,1987,2,3,-1,-1.0,0.0
SUR,Suriname,1988,2,3,-1,-1.0,1.0
SUR,Suriname,1989,2,3,-1,-1.0,2.0
SUR,Suriname,1990,3,1,2,2.0,0.0
SUR,Suriname,1991,6,1,5,5.0,0.0
SUR,Suriname,1992,6,1,5,5.0,1.0
SUR,Suriname,1993,6,1,5,5.0,2.0
SUR,Suriname,1994,6,1,5,5.0,3.0
SUR,Suriname,1995,6,1,5,5.0,4.0
SUR,Suriname,1996,6,1,5,5.0,5.0
SUR,Suriname,1997,6,1,5,5.0,6.0
SUR,Suriname,1998,6,1,5,5.0,7.0
SUR,Suriname,1999,6,1,5,5.0,8.0
SUR,Suriname,2000,6,1,5,5.0,9.0
SUR,Suriname,2001,6,1,5,5.0,10.0
SUR,Suriname,2002,6,1,5,5.0,11.0
SUR,Suriname,2003,6,1,5,5.0,12.0
SUR,Suriname,2004,6,1,5,5.0,13.0
SUR,Suriname,2005,6,1,5,5.0,14.0
SUR,Suriname,2006,6,1,5,5.0,15.0
SUR,Suriname,2007,6,1,5,5.0,16.0
SUR,Suriname,2008,6,1,5,5.0,17.0
SUR,Suriname,2009,6,1,5,5.0,18.0
SUR,Suriname,2010,6,1,5,5.0,19.0
SUR,Suriname,2011,6,1,5,5.0,20.0
SUR,Suriname,2012,6,1,5,5.0,21.0
SUR,Suriname,2013,6,1,5,5.0,22.0
SUR,Suriname,2014,6,1,5,5.0,23.0
SUR,Suriname,2015,6,1,5,5.0,24.0
SUR,Suriname,2016,6,1,5,5.0,25.0
SUR,Suriname,2017,6,1,5,5.0,26.0
SUR,Suriname,2018,6,1,5,5.0,27.0
SWA,Swaziland,1968,0,8,-8,-8.0,0.0
SWA,Swaziland,1969,0,8,-8,-8.0,1.0
SWA,Swaziland,1970,0,8,-8,-8.0,2.0
SWA,Swaziland,1971,0,8,-8,-8.0,3.0
SWA,Swaziland,1972,0,8,-8,-8.0,4.0
SWA,Swaziland,1973,0,10,-10,-10.0,5.0
SWA,Swaziland,1974,0,10,-10,-10.0,6.0
SWA,Swaziland,1975,0,10,-10,-10.0,7.0
SWA,Swaziland,1976,0,10,-10,-10.0,8.0
SWA,Swaziland,1977,0,10,-10,-10.0,9.0
SWA,Swaziland,1978,0,10,-10,-10.0,10.0
SWA,Swaziland,1979,0,9,-9,-9.0,11.0
SWA,Swaziland,1980,0,9,-9,-9.0,12.0
SWA,Swaziland,1981,0,9,-9,-9.0,13.0
SWA,Swaziland,1982,0,7,-7,-7.0,14.0
SWA,Swaziland,1983,0,7,-7,-7.0,15.0
SWA,Swaziland,1984,0,7,-7,-7.0,16.0
SWA,Swaziland,1985,0,7,-7,-7.0,17.0
SWA,Swaziland,1986,0,9,-9,-9.0,18.0
SWA,Swaziland,1987,0,9,-9,-9.0,19.0
SWA,Swaziland,1988,0,9,-9,-9.0,20.0
SWA,Swaziland,1989,0,9,-9,-9.0,21.0
SWA,Swaziland,1990,0,9,-9,-9.0,22.0
SWA,Swaziland,1991,0,9,-9,-9.0,23.0
SWA,Swaziland,1992,0,6,-6,-6.0,0.0
SWA,Swaziland,1993,0,7,-7,-7.0,1.0
SWA,Swaziland,1994,0,7,-7,-7.0,2.0
SWA,Swaziland,1995,0,7,-7,-7.0,3.0
SWA,Swaziland,1996,0,7,-7,-7.0,4.0
SWA,Swaziland,1997,0,7,-7,-7.0,5.0
SWA,Swaziland,1998,0,7,-7,-7.0,6.0
SWA,Swaziland,1999,0,7,-7,-7.0,7.0
SWA,Swaziland,2000,0,7,-7,-7.0,8.0
SWA,Swaziland,2001,0,7,-7,-7.0,9.0
SWA,Swaziland,2002,0,7,-7,-7.0,10.0
SWA,Swaziland,2003,0,7,-7,-7.0,11.0
SWA,Swaziland,2004,0,7,-7,-7.0,12.0
SWA,Swaziland,2005,0,7,-7,-7.0,13.0
SWA,Swaziland,2006,0,7,-7,-7.0,14.0
SWA,Swaziland,2007,0,7,-7,-7.0,15.0
SWA,Swaziland,2008,0,7,-7,-7.0,16.0
SWA,Swaziland,2009,0,7,-7,-7.0,17.0
SWA,Swaziland,2010,0,7,-7,-7.0,18.0
SWA,Swaziland,2011,0,7,-7,-7.0,19.0
SWA,Swaziland,2012,0,7,-7,-7.0,20.0
SWA,Swaziland,2013,0,7,-7,-7.0,21.0
SWA,Swaziland,2014,0,7,-7,-7.0,22.0
SWA,Swaziland,2015,0,7,-7,-7.0,23.0
SWA,Swaziland,2016,0,7,-7,-7.0,24.0
SWA,Swaziland,2017,0,7,-7,-7.0,25.0
SWA,Swaziland,2018,0,7,-7,-7.0,26.0
SWD,Sweden,1800,0,10,-10,-10.0,
SWD,Sweden,1801,0,10,-10,-10.0,
SWD,Sweden,1802,0,10,-10,-10.0,
SWD,Sweden,1803,0,10,-10,-10.0,
SWD,Sweden,1804,0,10,-10,-10.0,
SWD,Sweden,1805,0,10,-10,-10.0,
SWD,Sweden,1806,0,10,-10,-10.0,
SWD,Sweden,1807,0,10,-10,-10.0,
SWD,Sweden,1808,0,10,-10,-10.0,
SWD,Sweden,1809,-88,-88,-88,-9.0,0.0
SWD,Sweden,1810,-88,-88,-88,-9.0,0.0
SWD,Sweden,1811,-88,-88,-88,-9.0,0.0
SWD,Sweden,1812,0,8,-8,-8.0,0.0
SWD,Sweden,1813,0,8,-8,-8.0,1.0
SWD,Sweden,1814,0,8,-8,-8.0,2.0
SWD,Sweden,1815,0,8,-8,-8.0,3.0
SWD,Sweden,1816,0,8,-8,-8.0,4.0
SWD,Sweden,1817,0,8,-8,-8.0,5.0
SWD,Sweden,1818,0,8,-8,-8.0,6.0
SWD,Sweden,1819,0,8,-8,-8.0,7.0
SWD,Sweden,1820,0,8,-8,-8.0,8.0
SWD,Sweden,1821,0,8,-8,-8.0,9.0
SWD,Sweden,1822,0,8,-8,-8.0,10.0
SWD,Sweden,1823,0,8,-8,-8.0,11.0
SWD,Sweden,1824,0,8,-8,-8.0,12.0
SWD,Sweden,1825,0,8,-8,-8.0,13.0
SWD,Sweden,1826,0,8,-8,-8.0,14.0
SWD,Sweden,1827,0,8,-8,-8.0,15.0
SWD,Sweden,1828,0,8,-8,-8.0,16.0
SWD,Sweden,1829,0,8,-8,-8.0,17.0
SWD,Sweden,1830,0,8,-8,-8.0,18.0
SWD,Sweden,1831,0,8,-8,-8.0,19.0
SWD,Sweden,1832,0,8,-8,-8.0,20.0
SWD,Sweden,1833,0,8,-8,-8.0,21.0
SWD,Sweden,1834,0,8,-8,-8.0,22.0
SWD,Sweden,1835,0,8,-8,-8.0,23.0
SWD,Sweden,1836,0,8,-8,-8.0,24.0
SWD,Sweden,1837,0,8,-8,-8.0,25.0
SWD,Sweden,1838,0,8,-8,-8.0,26.0
SWD,Sweden,1839,0,8,-8,-8.0,27.0
SWD,Sweden,1840,0,8,-8,-8.0,28.0
SWD,Sweden,1841,0,8,-8,-8.0,29.0
SWD,Sweden,1842,0,7,-7,-7.0,30.0
SWD,Sweden,1843,0,7,-7,-7.0,31.0
SWD,Sweden,1844,0,7,-7,-7.0,32.0
SWD,Sweden,1845,0,7,-7,-7.0,33.0
SWD,Sweden,1846,0,7,-7,-7.0,34.0
SWD,Sweden,1847,0,7,-7,-7.0,35.0
SWD,Sweden,1848,0,7,-7,-7.0,36.0
SWD,Sweden,1849,0,7,-7,-7.0,37.0
SWD,Sweden,1850,0,7,-7,-7.0,38.0
SWD,Sweden,1851,0,7,-7,-7.0,39.0
SWD,Sweden,1852,0,7,-7,-7.0,40.0
SWD,Sweden,1853,0,7,-7,-7.0,41.0
SWD,Sweden,1854,0,7,-7,-7.0,42.0
SWD,Sweden,1855,1,6,-5,-5.0,43.0
SWD,Sweden,1856,1,6,-5,-5.0,44.0
SWD,Sweden,1857,1,6,-5,-5.0,45.0
SWD,Sweden,1858,1,6,-5,-5.0,46.0
SWD,Sweden,1859,1,6,-5,-5.0,47.0
SWD,Sweden,1860,1,6,-5,-5.0,48.0
SWD,Sweden,1861,1,6,-5,-5.0,49.0
SWD,Sweden,1862,1,6,-5,-5.0,50.0
SWD,Sweden,1863,1,6,-5,-5.0,51.0
SWD,Sweden,1864,1,6,-5,-5.0,52.0
SWD,Sweden,1865,1,6,-5,-5.0,53.0
SWD,Sweden,1866,1,6,-5,-5.0,54.0
SWD,Sweden,1867,1,6,-5,-5.0,55.0
SWD,Sweden,1868,1,6,-5,-5.0,56.0
SWD,Sweden,1869,1,6,-5,-5.0,57.0
SWD,Sweden,1870,2,6,-4,-4.0,58.0
SWD,Sweden,1871,2,6,-4,-4.0,59.0
SWD,Sweden,1872,2,6,-4,-4.0,60.0
SWD,Sweden,1873,2,6,-4,-4.0,61.0
SWD,Sweden,1874,2,6,-4,-4.0,62.0
SWD,Sweden,1875,2,6,-4,-4.0,63.0
SWD,Sweden,1876,2,6,-4,-4.0,64.0
SWD,Sweden,1877,2,6,-4,-4.0,65.0
SWD,Sweden,1878,2,6,-4,-4.0,67.0
SWD,Sweden,1879,2,6,-4,-4.0,68.0
SWD,Sweden,1880,2,6,-4,-4.0,69.0
SWD,Sweden,1881,2,6,-4,-4.0,70.0
SWD,Sweden,1882,2,6,-4,-4.0,71.0
SWD,Sweden,1883,2,6,-4,-4.0,72.0
SWD,Sweden,1884,2,6,-4,-4.0,73.0
SWD,Sweden,1885,2,6,-4,-4.0,74.0
SWD,Sweden,1886,2,6,-4,-4.0,75.0
SWD,Sweden,1887,2,6,-4,-4.0,76.0
SWD,Sweden,1888,2,6,-4,-4.0,77.0
SWD,Sweden,1889,2,6,-4,-4.0,78.0
SWD,Sweden,1890,2,6,-4,-4.0,79.0
SWD,Sweden,1891,2,6,-4,-4.0,80.0
SWD,Sweden,1892,2,6,-4,-4.0,81.0
SWD,Sweden,1893,2,6,-4,-4.0,82.0
SWD,Sweden,1894,2,6,-4,-4.0,83.0
SWD,Sweden,1895,2,6,-4,-4.0,84.0
SWD,Sweden,1896,2,6,-4,-4.0,85.0
SWD,Sweden,1897,2,6,-4,-4.0,86.0
SWD,Sweden,1898,2,6,-4,-4.0,87.0
SWD,Sweden,1899,2,6,-4,-4.0,88.0
SWD,Sweden,1900,2,6,-4,-4.0,89.0
SWD,Sweden,1901,2,6,-4,-4.0,90.0
SWD,Sweden,1902,2,6,-4,-4.0,91.0
SWD,Sweden,1903,2,6,-4,-4.0,92.0
SWD,Sweden,1904,2,6,-4,-4.0,93.0
SWD,Sweden,1905,2,6,-4,-4.0,94.0
SWD,Sweden,1906,2,6,-4,-4.0,95.0
SWD,Sweden,1907,-88,-88,-88,-3.0,0.0
SWD,Sweden,1908,-88,-88,-88,-2.0,0.0
SWD,Sweden,1909,-88,-88,-88,0.0,0.0
SWD,Sweden,1910,-88,-88,-88,1.0,0.0
SWD,Sweden,1911,-88,-88,-88,2.0,0.0
SWD,Sweden,1912,-88,-88,-88,4.0,0.0
SWD,Sweden,1913,-88,-88,-88,5.0,0.0
SWD,Sweden,1914,-88,-88,-88,6.0,0.0
SWD,Sweden,1915,-88,-88,-88,8.0,0.0
SWD,Sweden,1916,-88,-88,-88,9.0,0.0
SWD,Sweden,1917,10,0,10,10.0,0.0
SWD,Sweden,1918,10,0,10,10.0,1.0
SWD,Sweden,1919,10,0,10,10.0,2.0
SWD,Sweden,1920,10,0,10,10.0,3.0
SWD,Sweden,1921,10,0,10,10.0,4.0
SWD,Sweden,1922,10,0,10,10.0,5.0
SWD,Sweden,1923,10,0,10,10.0,6.0
SWD,Sweden,1924,10,0,10,10.0,7.0
SWD,Sweden,1925,10,0,10,10.0,8.0
SWD,Sweden,1926,10,0,10,10.0,9.0
SWD,Sweden,1927,10,0,10,10.0,10.0
SWD,Sweden,1928,10,0,10,10.0,11.0
SWD,Sweden,1929,10,0,10,10.0,12.0
SWD,Sweden,1930,10,0,10,10.0,13.0
SWD,Sweden,1931,10,0,10,10.0,14.0
SWD,Sweden,1932,10,0,10,10.0,15.0
SWD,Sweden,1933,10,0,10,10.0,16.0
SWD,Sweden,1934,10,0,10,10.0,17.0
SWD,Sweden,1935,10,0,10,10.0,18.0
SWD,Sweden,1936,10,0,10,10.0,19.0
SWD,Sweden,1937,10,0,10,10.0,20.0
SWD,Sweden,1938,10,0,10,10.0,21.0
SWD,Sweden,1939,10,0,10,10.0,22.0
SWD,Sweden,1940,10,0,10,10.0,23.0
SWD,Sweden,1941,10,0,10,10.0,24.0
SWD,Sweden,1942,10,0,10,10.0,25.0
SWD,Sweden,1943,10,0,10,10.0,26.0
SWD,Sweden,1944,10,0,10,10.0,27.0
SWD,Sweden,1945,10,0,10,10.0,28.0
SWD,Sweden,1946,10,0,10,10.0,29.0
SWD,Sweden,1947,10,0,10,10.0,30.0
SWD,Sweden,1948,10,0,10,10.0,31.0
SWD,Sweden,1949,10,0,10,10.0,32.0
SWD,Sweden,1950,10,0,10,10.0,33.0
SWD,Sweden,1951,10,0,10,10.0,34.0
SWD,Sweden,1952,10,0,10,10.0,35.0
SWD,Sweden,1953,10,0,10,10.0,36.0
SWD,Sweden,1954,10,0,10,10.0,37.0
SWD,Sweden,1955,10,0,10,10.0,38.0
SWD,Sweden,1956,10,0,10,10.0,39.0
SWD,Sweden,1957,10,0,10,10.0,40.0
SWD,Sweden,1958,10,0,10,10.0,41.0
SWD,Sweden,1959,10,0,10,10.0,42.0
SWD,Sweden,1960,10,0,10,10.0,43.0
SWD,Sweden,1961,10,0,10,10.0,44.0
SWD,Sweden,1962,10,0,10,10.0,45.0
SWD,Sweden,1963,10,0,10,10.0,46.0
SWD,Sweden,1964,10,0,10,10.0,47.0
SWD,Sweden,1965,10,0,10,10.0,48.0
SWD,Sweden,1966,10,0,10,10.0,49.0
SWD,Sweden,1967,10,0,10,10.0,50.0
SWD,Sweden,1968,10,0,10,10.0,51.0
SWD,Sweden,1969,10,0,10,10.0,52.0
SWD,Sweden,1970,10,0,10,10.0,53.0
SWD,Sweden,1971,10,0,10,10.0,54.0
SWD,Sweden,1972,10,0,10,10.0,55.0
SWD,Sweden,1973,10,0,10,10.0,56.0
SWD,Sweden,1974,10,0,10,10.0,57.0
SWD,Sweden,1975,10,0,10,10.0,58.0
SWD,Sweden,1976,10,0,10,10.0,59.0
SWD,Sweden,1977,10,0,10,10.0,60.0
SWD,Sweden,1978,10,0,10,10.0,61.0
SWD,Sweden,1979,10,0,10,10.0,62.0
SWD,Sweden,1980,10,0,10,10.0,63.0
SWD,Sweden,1981,10,0,10,10.0,64.0
SWD,Sweden,1982,10,0,10,10.0,65.0
SWD,Sweden,1983,10,0,10,10.0,66.0
SWD,Sweden,1984,10,0,10,10.0,67.0
SWD,Sweden,1985,10,0,10,10.0,68.0
SWD,Sweden,1986,10,0,10,10.0,69.0
SWD,Sweden,1987,10,0,10,10.0,70.0
SWD,Sweden,1988,10,0,10,10.0,71.0
SWD,Sweden,1989,10,0,10,10.0,72.0
SWD,Sweden,1990,10,0,10,10.0,73.0
SWD,Sweden,1991,10,0,10,10.0,74.0
SWD,Sweden,1992,10,0,10,10.0,75.0
SWD,Sweden,1993,10,0,10,10.0,76.0
SWD,Sweden,1994,10,0,10,10.0,77.0
SWD,Sweden,1995,10,0,10,10.0,78.0
SWD,Sweden,1996,10,0,10,10.0,79.0
SWD,Sweden,1997,10,0,10,10.0,80.0
SWD,Sweden,1998,10,0,10,10.0,81.0
SWD,Sweden,1999,10,0,10,10.0,82.0
SWD,Sweden,2000,10,0,10,10.0,83.0
SWD,Sweden,2001,10,0,10,10.0,84.0
SWD,Sweden,2002,10,0,10,10.0,85.0
SWD,Sweden,2003,10,0,10,10.0,86.0
SWD,Sweden,2004,10,0,10,10.0,87.0
SWD,Sweden,2005,10,0,10,10.0,88.0
SWD,Sweden,2006,10,0,10,10.0,89.0
SWD,Sweden,2007,10,0,10,10.0,90.0
SWD,Sweden,2008,10,0,10,10.0,91.0
SWD,Sweden,2009,10,0,10,10.0,92.0
SWD,Sweden,2010,10,0,10,10.0,93.0
SWD,Sweden,2011,10,0,10,10.0,94.0
SWD,Sweden,2012,10,0,10,10.0,95.0
SWD,Sweden,2013,10,0,10,10.0,96.0
SWD,Sweden,2014,10,0,10,10.0,97.0
SWD,Sweden,2015,10,0,10,10.0,98.0
SWD,Sweden,2016,10,0,10,10.0,99.0
SWD,Sweden,2017,10,0,10,10.0,100.0
SWD,Sweden,2018,10,0,10,10.0,101.0
SWZ,Switzerland,1848,10,0,10,10.0,0.0
SWZ,Switzerland,1849,10,0,10,10.0,1.0
SWZ,Switzerland,1850,10,0,10,10.0,2.0
SWZ,Switzerland,1851,10,0,10,10.0,3.0
SWZ,Switzerland,1852,10,0,10,10.0,4.0
SWZ,Switzerland,1853,10,0,10,10.0,5.0
SWZ,Switzerland,1854,10,0,10,10.0,6.0
SWZ,Switzerland,1855,10,0,10,10.0,7.0
SWZ,Switzerland,1856,10,0,10,10.0,8.0
SWZ,Switzerland,1857,10,0,10,10.0,9.0
SWZ,Switzerland,1858,10,0,10,10.0,10.0
SWZ,Switzerland,1859,10,0,10,10.0,11.0
SWZ,Switzerland,1860,10,0,10,10.0,12.0
SWZ,Switzerland,1861,10,0,10,10.0,13.0
SWZ,Switzerland,1862,10,0,10,10.0,14.0
SWZ,Switzerland,1863,10,0,10,10.0,15.0
SWZ,Switzerland,1864,10,0,10,10.0,16.0
SWZ,Switzerland,1865,10,0,10,10.0,17.0
SWZ,Switzerland,1866,10,0,10,10.0,18.0
SWZ,Switzerland,1867,10,0,10,10.0,19.0
SWZ,Switzerland,1868,10,0,10,10.0,20.0
SWZ,Switzerland,1869,10,0,10,10.0,21.0
SWZ,Switzerland,1870,10,0,10,10.0,22.0
SWZ,Switzerland,1871,10,0,10,10.0,23.0
SWZ,Switzerland,1872,10,0,10,10.0,24.0
SWZ,Switzerland,1873,10,0,10,10.0,25.0
SWZ,Switzerland,1874,10,0,10,10.0,26.0
SWZ,Switzerland,1875,10,0,10,10.0,27.0
SWZ,Switzerland,1876,10,0,10,10.0,28.0
SWZ,Switzerland,1877,10,0,10,10.0,29.0
SWZ,Switzerland,1878,10,0,10,10.0,30.0
SWZ,Switzerland,1879,10,0,10,10.0,31.0
SWZ,Switzerland,1880,10,0,10,10.0,32.0
SWZ,Switzerland,1881,10,0,10,10.0,33.0
SWZ,Switzerland,1882,10,0,10,10.0,34.0
SWZ,Switzerland,1883,10,0,10,10.0,35.0
SWZ,Switzerland,1884,10,0,10,10.0,36.0
SWZ,Switzerland,1885,10,0,10,10.0,37.0
SWZ,Switzerland,1886,10,0,10,10.0,38.0
SWZ,Switzerland,1887,10,0,10,10.0,39.0
SWZ,Switzerland,1888,10,0,10,10.0,40.0
SWZ,Switzerland,1889,10,0,10,10.0,41.0
SWZ,Switzerland,1890,10,0,10,10.0,42.0
SWZ,Switzerland,1891,10,0,10,10.0,43.0
SWZ,Switzerland,1892,10,0,10,10.0,44.0
SWZ,Switzerland,1893,10,0,10,10.0,45.0
SWZ,Switzerland,1894,10,0,10,10.0,46.0
SWZ,Switzerland,1895,10,0,10,10.0,47.0
SWZ,Switzerland,1896,10,0,10,10.0,48.0
SWZ,Switzerland,1897,10,0,10,10.0,49.0
SWZ,Switzerland,1898,10,0,10,10.0,50.0
SWZ,Switzerland,1899,10,0,10,10.0,51.0
SWZ,Switzerland,1900,10,0,10,10.0,52.0
SWZ,Switzerland,1901,10,0,10,10.0,53.0
SWZ,Switzerland,1902,10,0,10,10.0,54.0
SWZ,Switzerland,1903,10,0,10,10.0,55.0
SWZ,Switzerland,1904,10,0,10,10.0,56.0
SWZ,Switzerland,1905,10,0,10,10.0,57.0
SWZ,Switzerland,1906,10,0,10,10.0,58.0
SWZ,Switzerland,1907,10,0,10,10.0,59.0
SWZ,Switzerland,1908,10,0,10,10.0,60.0
SWZ,Switzerland,1909,10,0,10,10.0,61.0
SWZ,Switzerland,1910,10,0,10,10.0,62.0
SWZ,Switzerland,1911,10,0,10,10.0,63.0
SWZ,Switzerland,1912,10,0,10,10.0,64.0
SWZ,Switzerland,1913,10,0,10,10.0,65.0
SWZ,Switzerland,1914,10,0,10,10.0,66.0
SWZ,Switzerland,1915,10,0,10,10.0,67.0
SWZ,Switzerland,1916,10,0,10,10.0,68.0
SWZ,Switzerland,1917,10,0,10,10.0,69.0
SWZ,Switzerland,1918,10,0,10,10.0,70.0
SWZ,Switzerland,1919,10,0,10,10.0,71.0
SWZ,Switzerland,1920,10,0,10,10.0,72.0
SWZ,Switzerland,1921,10,0,10,10.0,73.0
SWZ,Switzerland,1922,10,0,10,10.0,74.0
SWZ,Switzerland,1923,10,0,10,10.0,75.0
SWZ,Switzerland,1924,10,0,10,10.0,76.0
SWZ,Switzerland,1925,10,0,10,10.0,77.0
SWZ,Switzerland,1926,10,0,10,10.0,78.0
SWZ,Switzerland,1927,10,0,10,10.0,79.0
SWZ,Switzerland,1928,10,0,10,10.0,80.0
SWZ,Switzerland,1929,10,0,10,10.0,81.0
SWZ,Switzerland,1930,10,0,10,10.0,82.0
SWZ,Switzerland,1931,10,0,10,10.0,83.0
SWZ,Switzerland,1932,10,0,10,10.0,84.0
SWZ,Switzerland,1933,10,0,10,10.0,85.0
SWZ,Switzerland,1934,10,0,10,10.0,86.0
SWZ,Switzerland,1935,10,0,10,10.0,87.0
SWZ,Switzerland,1936,10,0,10,10.0,88.0
SWZ,Switzerland,1937,10,0,10,10.0,89.0
SWZ,Switzerland,1938,10,0,10,10.0,90.0
SWZ,Switzerland,1939,10,0,10,10.0,91.0
SWZ,Switzerland,1940,10,0,10,10.0,92.0
SWZ,Switzerland,1941,10,0,10,10.0,93.0
SWZ,Switzerland,1942,10,0,10,10.0,94.0
SWZ,Switzerland,1943,10,0,10,10.0,95.0
SWZ,Switzerland,1944,10,0,10,10.0,96.0
SWZ,Switzerland,1945,10,0,10,10.0,97.0
SWZ,Switzerland,1946,10,0,10,10.0,98.0
SWZ,Switzerland,1947,10,0,10,10.0,99.0
SWZ,Switzerland,1948,10,0,10,10.0,100.0
SWZ,Switzerland,1949,10,0,10,10.0,101.0
SWZ,Switzerland,1950,10,0,10,10.0,102.0
SWZ,Switzerland,1951,10,0,10,10.0,103.0
SWZ,Switzerland,1952,10,0,10,10.0,104.0
SWZ,Switzerland,1953,10,0,10,10.0,105.0
SWZ,Switzerland,1954,10,0,10,10.0,106.0
SWZ,Switzerland,1955,10,0,10,10.0,107.0
SWZ,Switzerland,1956,10,0,10,10.0,108.0
SWZ,Switzerland,1957,10,0,10,10.0,109.0
SWZ,Switzerland,1958,10,0,10,10.0,110.0
SWZ,Switzerland,1959,10,0,10,10.0,111.0
SWZ,Switzerland,1960,10,0,10,10.0,112.0
SWZ,Switzerland,1961,10,0,10,10.0,113.0
SWZ,Switzerland,1962,10,0,10,10.0,114.0
SWZ,Switzerland,1963,10,0,10,10.0,115.0
SWZ,Switzerland,1964,10,0,10,10.0,116.0
SWZ,Switzerland,1965,10,0,10,10.0,117.0
SWZ,Switzerland,1966,10,0,10,10.0,118.0
SWZ,Switzerland,1967,10,0,10,10.0,119.0
SWZ,Switzerland,1968,10,0,10,10.0,120.0
SWZ,Switzerland,1969,10,0,10,10.0,121.0
SWZ,Switzerland,1970,10,0,10,10.0,122.0
SWZ,Switzerland,1971,10,0,10,10.0,123.0
SWZ,Switzerland,1972,10,0,10,10.0,124.0
SWZ,Switzerland,1973,10,0,10,10.0,125.0
SWZ,Switzerland,1974,10,0,10,10.0,126.0
SWZ,Switzerland,1975,10,0,10,10.0,127.0
SWZ,Switzerland,1976,10,0,10,10.0,128.0
SWZ,Switzerland,1977,10,0,10,10.0,129.0
SWZ,Switzerland,1978,10,0,10,10.0,130.0
SWZ,Switzerland,1979,10,0,10,10.0,131.0
SWZ,Switzerland,1980,10,0,10,10.0,132.0
SWZ,Switzerland,1981,10,0,10,10.0,133.0
SWZ,Switzerland,1982,10,0,10,10.0,134.0
SWZ,Switzerland,1983,10,0,10,10.0,135.0
SWZ,Switzerland,1984,10,0,10,10.0,136.0
SWZ,Switzerland,1985,10,0,10,10.0,137.0
SWZ,Switzerland,1986,10,0,10,10.0,138.0
SWZ,Switzerland,1987,10,0,10,10.0,139.0
SWZ,Switzerland,1988,10,0,10,10.0,140.0
SWZ,Switzerland,1989,10,0,10,10.0,141.0
SWZ,Switzerland,1990,10,0,10,10.0,142.0
SWZ,Switzerland,1991,10,0,10,10.0,143.0
SWZ,Switzerland,1992,10,0,10,10.0,144.0
SWZ,Switzerland,1993,10,0,10,10.0,145.0
SWZ,Switzerland,1994,10,0,10,10.0,146.0
SWZ,Switzerland,1995,10,0,10,10.0,147.0
SWZ,Switzerland,1996,10,0,10,10.0,148.0
SWZ,Switzerland,1997,10,0,10,10.0,149.0
SWZ,Switzerland,1998,10,0,10,10.0,150.0
SWZ,Switzerland,1999,10,0,10,10.0,151.0
SWZ,Switzerland,2000,10,0,10,10.0,152.0
SWZ,Switzerland,2001,10,0,10,10.0,153.0
SWZ,Switzerland,2002,10,0,10,10.0,154.0
SWZ,Switzerland,2003,10,0,10,10.0,155.0
SWZ,Switzerland,2004,10,0,10,10.0,156.0
SWZ,Switzerland,2005,10,0,10,10.0,157.0
SWZ,Switzerland,2006,10,0,10,10.0,158.0
SWZ,Switzerland,2007,10,0,10,10.0,159.0
SWZ,Switzerland,2008,10,0,10,10.0,160.0
SWZ,Switzerland,2009,10,0,10,10.0,161.0
SWZ,Switzerland,2010,10,0,10,10.0,162.0
SWZ,Switzerland,2011,10,0,10,10.0,163.0
SWZ,Switzerland,2012,10,0,10,10.0,164.0
SWZ,Switzerland,2013,10,0,10,10.0,165.0
SWZ,Switzerland,2014,10,0,10,10.0,166.0
SWZ,Switzerland,2015,10,0,10,10.0,167.0
SWZ,Switzerland,2016,10,0,10,10.0,168.0
SWZ,Switzerland,2017,10,0,10,10.0,169.0
SWZ,Switzerland,2018,10,0,10,10.0,170.0
SYR,Syria,1944,5,0,5,5.0,0.0
SYR,Syria,1945,5,0,5,5.0,1.0
SYR,Syria,1946,4,0,4,4.0,0.0
SYR,Syria,1947,4,0,4,4.0,1.0
SYR,Syria,1948,4,0,4,4.0,2.0
SYR,Syria,1949,-88,-88,-88,1.0,0.0
SYR,Syria,1950,-88,-88,-88,-3.0,0.0
SYR,Syria,1951,0,6,-6,-6.0,0.0
SYR,Syria,1952,0,6,-6,-6.0,1.0
SYR,Syria,1953,0,6,-6,-6.0,2.0
SYR,Syria,1954,4,0,4,4.0,0.0
SYR,Syria,1955,7,0,7,7.0,0.0
SYR,Syria,1956,7,0,7,7.0,1.0
SYR,Syria,1957,7,0,7,7.0,2.0
SYR,Syria,1958,-66,-66,-66,,0.0
SYR,Syria,1959,-66,-66,-66,,0.0
SYR,Syria,1960,-66,-66,-66,,0.0
SYR,Syria,1961,-88,-88,-88,2.0,0.0
SYR,Syria,1962,-88,-88,-88,-3.0,0.0
SYR,Syria,1963,0,8,-8,-8.0,0.0
SYR,Syria,1964,0,8,-8,-8.0,1.0
SYR,Syria,1965,0,8,-8,-8.0,2.0
SYR,Syria,1966,0,8,-8,-8.0,3.0
SYR,Syria,1967,0,8,-8,-8.0,4.0
SYR,Syria,1968,0,8,-8,-8.0,5.0
SYR,Syria,1969,0,8,-8,-8.0,6.0
SYR,Syria,1970,0,9,-9,-9.0,7.0
SYR,Syria,1971,0,9,-9,-9.0,8.0
SYR,Syria,1972,0,9,-9,-9.0,9.0
SYR,Syria,1973,0,9,-9,-9.0,10.0
SYR,Syria,1974,0,9,-9,-9.0,11.0
SYR,Syria,1975,0,9,-9,-9.0,12.0
SYR,Syria,1976,0,9,-9,-9.0,13.0
SYR,Syria,1977,0,9,-9,-9.0,14.0
SYR,Syria,1978,0,9,-9,-9.0,15.0
SYR,Syria,1979,0,9,-9,-9.0,16.0
SYR,Syria,1980,0,9,-9,-9.0,17.0
SYR,Syria,1981,0,9,-9,-9.0,18.0
SYR,Syria,1982,0,9,-9,-9.0,19.0
SYR,Syria,1983,0,9,-9,-9.0,20.0
SYR,Syria,1984,0,9,-9,-9.0,21.0
SYR,Syria,1985,0,9,-9,-9.0,22.0
SYR,Syria,1986,0,9,-9,-9.0,23.0
SYR,Syria,1987,0,9,-9,-9.0,24.0
SYR,Syria,1988,0,9,-9,-9.0,25.0
SYR,Syria,1989,0,9,-9,-9.0,26.0
SYR,Syria,1990,0,9,-9,-9.0,27.0
SYR,Syria,1991,0,9,-9,-9.0,28.0
SYR,Syria,1992,0,9,-9,-9.0,29.0
SYR,Syria,1993,0,9,-9,-9.0,30.0
SYR,Syria,1994,0,9,-9,-9.0,31.0
SYR,Syria,1995,0,9,-9,-9.0,32.0
SYR,Syria,1996,0,9,-9,-9.0,33.0
SYR,Syria,1997,0,9,-9,-9.0,34.0
SYR,Syria,1998,0,9,-9,-9.0,35.0
SYR,Syria,1999,0,9,-9,-9.0,36.0
SYR,Syria,2000,0,6,-6,-6.0,0.0
SYR,Syria,2001,0,6,-6,-6.0,1.0
SYR,Syria,2002,0,6,-6,-6.0,2.0
SYR,Syria,2003,0,6,-6,-6.0,3.0
SYR,Syria,2004,0,6,-6,-6.0,4.0
SYR,Syria,2005,0,6,-6,-6.0,5.0
SYR,Syria,2006,0,6,-6,-6.0,6.0
SYR,Syria,2007,0,6,-6,-6.0,7.0
SYR,Syria,2008,0,6,-6,-6.0,8.0
SYR,Syria,2009,0,6,-6,-6.0,9.0
SYR,Syria,2010,0,6,-6,-6.0,10.0
SYR,Syria,2011,0,6,-6,-6.0,11.0
SYR,Syria,2012,0,9,-9,-9.0,0.0
SYR,Syria,2013,0,9,-9,-9.0,1.0
SYR,Syria,2014,0,9,-9,-9.0,2.0
SYR,Syria,2015,0,9,-9,-9.0,3.0
SYR,Syria,2016,0,9,-9,-9.0,4.0
SYR,Syria,2017,0,9,-9,-9.0,5.0
SYR,Syria,2018,0,9,-9,-9.0,6.0
TAJ,Tajikistan,1991,1,3,-2,-2.0,0.0
TAJ,Tajikistan,1992,0,6,-6,-6.0,0.0
TAJ,Tajikistan,1993,0,6,-6,-6.0,1.0
TAJ,Tajikistan,1994,0,6,-6,-6.0,2.0
TAJ,Tajikistan,1995,0,6,-6,-6.0,3.0
TAJ,Tajikistan,1996,0,6,-6,-6.0,4.0
TAJ,Tajikistan,1997,0,5,-5,-5.0,0.0
TAJ,Tajikistan,1998,2,3,-1,-1.0,0.0
TAJ,Tajikistan,1999,2,3,-1,-1.0,1.0
TAJ,Tajikistan,2000,2,3,-1,-1.0,2.0
TAJ,Tajikistan,2001,2,3,-1,-1.0,3.0
TAJ,Tajikistan,2002,2,3,-1,-1.0,4.0
TAJ,Tajikistan,2003,1,4,-3,-3.0,5.0
TAJ,Tajikistan,2004,1,4,-3,-3.0,6.0
TAJ,Tajikistan,2005,1,4,-3,-3.0,7.0
TAJ,Tajikistan,2006,1,4,-3,-3.0,8.0
TAJ,Tajikistan,2007,1,4,-3,-3.0,9.0
TAJ,Tajikistan,2008,1,4,-3,-3.0,10.0
TAJ,Tajikistan,2009,1,4,-3,-3.0,11.0
TAJ,Tajikistan,2010,1,4,-3,-3.0,12.0
TAJ,Tajikistan,2011,1,4,-3,-3.0,13.0
TAJ,Tajikistan,2012,1,4,-3,-3.0,14.0
TAJ,Tajikistan,2013,1,4,-3,-3.0,15.0
TAJ,Tajikistan,2014,1,4,-3,-3.0,16.0
TAJ,Tajikistan,2015,1,4,-3,-3.0,17.0
TAJ,Tajikistan,2016,1,4,-3,-3.0,18.0
TAJ,Tajikistan,2017,1,4,-3,-3.0,19.0
TAJ,Tajikistan,2018,1,4,-3,-3.0,20.0
TAW,Taiwan,1949,0,8,-8,-8.0,0.0
TAW,Taiwan,1950,0,8,-8,-8.0,1.0
TAW,Taiwan,1951,0,8,-8,-8.0,2.0
TAW,Taiwan,1952,0,8,-8,-8.0,3.0
TAW,Taiwan,1953,0,8,-8,-8.0,4.0
TAW,Taiwan,1954,0,8,-8,-8.0,5.0
TAW,Taiwan,1955,0,8,-8,-8.0,6.0
TAW,Taiwan,1956,0,8,-8,-8.0,7.0
TAW,Taiwan,1957,0,8,-8,-8.0,8.0
TAW,Taiwan,1958,0,8,-8,-8.0,9.0
TAW,Taiwan,1959,0,8,-8,-8.0,10.0
TAW,Taiwan,1960,0,8,-8,-8.0,11.0
TAW,Taiwan,1961,0,8,-8,-8.0,12.0
TAW,Taiwan,1962,0,8,-8,-8.0,13.0
TAW,Taiwan,1963,0,8,-8,-8.0,14.0
TAW,Taiwan,1964,0,8,-8,-8.0,15.0
TAW,Taiwan,1965,0,8,-8,-8.0,16.0
TAW,Taiwan,1966,0,8,-8,-8.0,17.0
TAW,Taiwan,1967,0,8,-8,-8.0,18.0
TAW,Taiwan,1968,0,8,-8,-8.0,19.0
TAW,Taiwan,1969,0,8,-8,-8.0,20.0
TAW,Taiwan,1970,0,8,-8,-8.0,21.0
TAW,Taiwan,1971,0,8,-8,-8.0,22.0
TAW,Taiwan,1972,0,8,-8,-8.0,23.0
TAW,Taiwan,1973,0,8,-8,-8.0,24.0
TAW,Taiwan,1974,0,8,-8,-8.0,25.0
TAW,Taiwan,1975,0,7,-7,-7.0,26.0
TAW,Taiwan,1976,0,7,-7,-7.0,27.0
TAW,Taiwan,1977,0,7,-7,-7.0,28.0
TAW,Taiwan,1978,0,7,-7,-7.0,29.0
TAW,Taiwan,1979,0,7,-7,-7.0,30.0
TAW,Taiwan,1980,0,7,-7,-7.0,31.0
TAW,Taiwan,1981,0,7,-7,-7.0,32.0
TAW,Taiwan,1982,0,7,-7,-7.0,33.0
TAW,Taiwan,1983,0,7,-7,-7.0,34.0
TAW,Taiwan,1984,0,7,-7,-7.0,35.0
TAW,Taiwan,1985,0,7,-7,-7.0,36.0
TAW,Taiwan,1986,0,7,-7,-7.0,37.0
TAW,Taiwan,1987,2,3,-1,-1.0,0.0
TAW,Taiwan,1988,2,3,-1,-1.0,1.0
TAW,Taiwan,1989,2,3,-1,-1.0,2.0
TAW,Taiwan,1990,2,3,-1,-1.0,3.0
TAW,Taiwan,1991,2,3,-1,-1.0,4.0
TAW,Taiwan,1992,7,0,7,7.0,0.0
TAW,Taiwan,1993,7,0,7,7.0,1.0
TAW,Taiwan,1994,7,0,7,7.0,2.0
TAW,Taiwan,1995,7,0,7,7.0,3.0
TAW,Taiwan,1996,8,0,8,8.0,4.0
TAW,Taiwan,1997,9,0,9,9.0,5.0
TAW,Taiwan,1998,9,0,9,9.0,6.0
TAW,Taiwan,1999,9,0,9,9.0,7.0
TAW,Taiwan,2000,9,0,9,9.0,8.0
TAW,Taiwan,2001,9,0,9,9.0,9.0
TAW,Taiwan,2002,9,0,9,9.0,10.0
TAW,Taiwan,2003,9,0,9,9.0,11.0
TAW,Taiwan,2004,10,0,10,10.0,12.0
TAW,Taiwan,2005,10,0,10,10.0,13.0
TAW,Taiwan,2006,10,0,10,10.0,14.0
TAW,Taiwan,2007,10,0,10,10.0,15.0
TAW,Taiwan,2008,10,0,10,10.0,16.0
TAW,Taiwan,2009,10,0,10,10.0,17.0
TAW,Taiwan,2010,10,0,10,10.0,18.0
TAW,Taiwan,2011,10,0,10,10.0,19.0
TAW,Taiwan,2012,10,0,10,10.0,20.0
TAW,Taiwan,2013,10,0,10,10.0,21.0
TAW,Taiwan,2014,10,0,10,10.0,22.0
TAW,Taiwan,2015,10,0,10,10.0,23.0
TAW,Taiwan,2016,10,0,10,10.0,24.0
TAW,Taiwan,2017,10,0,10,10.0,25.0
TAW,Taiwan,2018,10,0,10,10.0,26.0
TAZ,Tanzania,1961,0,6,-6,-6.0,0.0
TAZ,Tanzania,1962,0,6,-6,-6.0,1.0
TAZ,Tanzania,1963,0,6,-6,-6.0,2.0
TAZ,Tanzania,1964,0,6,-6,-6.0,3.0
TAZ,Tanzania,1965,0,6,-6,-6.0,4.0
TAZ,Tanzania,1966,0,6,-6,-6.0,5.0
TAZ,Tanzania,1967,0,6,-6,-6.0,6.0
TAZ,Tanzania,1968,0,6,-6,-6.0,7.0
TAZ,Tanzania,1969,0,6,-6,-6.0,8.0
TAZ,Tanzania,1970,0,6,-6,-6.0,9.0
TAZ,Tanzania,1971,0,6,-6,-6.0,10.0
TAZ,Tanzania,1972,0,6,-6,-6.0,11.0
TAZ,Tanzania,1973,0,6,-6,-6.0,12.0
TAZ,Tanzania,1974,0,6,-6,-6.0,13.0
TAZ,Tanzania,1975,0,6,-6,-6.0,14.0
TAZ,Tanzania,1976,0,6,-6,-6.0,15.0
TAZ,Tanzania,1977,0,6,-6,-6.0,16.0
TAZ,Tanzania,1978,0,6,-6,-6.0,17.0
TAZ,Tanzania,1979,0,6,-6,-6.0,18.0
TAZ,Tanzania,1980,0,6,-6,-6.0,19.0
TAZ,Tanzania,1981,0,6,-6,-6.0,20.0
TAZ,Tanzania,1982,0,6,-6,-6.0,21.0
TAZ,Tanzania,1983,0,6,-6,-6.0,22.0
TAZ,Tanzania,1984,0,6,-6,-6.0,23.0
TAZ,Tanzania,1985,0,6,-6,-6.0,24.0
TAZ,Tanzania,1986,0,6,-6,-6.0,25.0
TAZ,Tanzania,1987,0,6,-6,-6.0,26.0
TAZ,Tanzania,1988,0,6,-6,-6.0,27.0
TAZ,Tanzania,1989,0,6,-6,-6.0,28.0
TAZ,Tanzania,1990,0,6,-6,-6.0,29.0
TAZ,Tanzania,1991,0,6,-6,-6.0,30.0
TAZ,Tanzania,1992,0,5,-5,-5.0,31.0
TAZ,Tanzania,1993,0,5,-5,-5.0,32.0
TAZ,Tanzania,1994,0,5,-5,-5.0,33.0
TAZ,Tanzania,1995,2,3,-1,-1.0,0.0
TAZ,Tanzania,1996,2,3,-1,-1.0,1.0
TAZ,Tanzania,1997,2,3,-1,-1.0,2.0
TAZ,Tanzania,1998,2,3,-1,-1.0,3.0
TAZ,Tanzania,1999,2,3,-1,-1.0,4.0
TAZ,Tanzania,2000,2,3,-1,-1.0,5.0
TAZ,Tanzania,2001,2,3,-1,-1.0,6.0
TAZ,Tanzania,2002,2,3,-1,-1.0,7.0
TAZ,Tanzania,2003,2,3,-1,-1.0,8.0
TAZ,Tanzania,2004,2,3,-1,-1.0,9.0
TAZ,Tanzania,2005,2,3,-1,-1.0,10.0
TAZ,Tanzania,2006,2,3,-1,-1.0,11.0
TAZ,Tanzania,2007,2,3,-1,-1.0,12.0
TAZ,Tanzania,2008,2,3,-1,-1.0,13.0
TAZ,Tanzania,2009,2,3,-1,-1.0,14.0
TAZ,Tanzania,2010,2,3,-1,-1.0,15.0
TAZ,Tanzania,2011,2,3,-1,-1.0,16.0
TAZ,Tanzania,2012,2,3,-1,-1.0,17.0
TAZ,Tanzania,2013,2,3,-1,-1.0,18.0
TAZ,Tanzania,2014,2,3,-1,-1.0,19.0
TAZ,Tanzania,2015,4,1,3,3.0,0.0
TAZ,Tanzania,2016,4,1,3,3.0,1.0
TAZ,Tanzania,2017,4,1,3,3.0,2.0
TAZ,Tanzania,2018,4,1,3,3.0,3.0
THI,Thailand,1800,0,10,-10,-10.0,
THI,Thailand,1801,0,10,-10,-10.0,
THI,Thailand,1802,0,10,-10,-10.0,
THI,Thailand,1803,0,10,-10,-10.0,
THI,Thailand,1804,0,10,-10,-10.0,
THI,Thailand,1805,0,10,-10,-10.0,
THI,Thailand,1806,0,10,-10,-10.0,
THI,Thailand,1807,0,10,-10,-10.0,
THI,Thailand,1808,0,10,-10,-10.0,
THI,Thailand,1809,0,10,-10,-10.0,
THI,Thailand,1810,0,10,-10,-10.0,
THI,Thailand,1811,0,10,-10,-10.0,
THI,Thailand,1812,0,10,-10,-10.0,
THI,Thailand,1813,0,10,-10,-10.0,
THI,Thailand,1814,0,10,-10,-10.0,
THI,Thailand,1815,0,10,-10,-10.0,
THI,Thailand,1816,0,10,-10,-10.0,
THI,Thailand,1817,0,10,-10,-10.0,
THI,Thailand,1818,0,10,-10,-10.0,
THI,Thailand,1819,0,10,-10,-10.0,
THI,Thailand,1820,0,10,-10,-10.0,
THI,Thailand,1821,0,10,-10,-10.0,
THI,Thailand,1822,0,10,-10,-10.0,
THI,Thailand,1823,0,10,-10,-10.0,
THI,Thailand,1824,0,10,-10,-10.0,
THI,Thailand,1825,0,10,-10,-10.0,
THI,Thailand,1826,0,10,-10,-10.0,
THI,Thailand,1827,0,10,-10,-10.0,
THI,Thailand,1828,0,10,-10,-10.0,
THI,Thailand,1829,0,10,-10,-10.0,
THI,Thailand,1830,0,10,-10,-10.0,
THI,Thailand,1831,0,10,-10,-10.0,
THI,Thailand,1832,0,10,-10,-10.0,
THI,Thailand,1833,0,10,-10,-10.0,
THI,Thailand,1834,0,10,-10,-10.0,
THI,Thailand,1835,0,10,-10,-10.0,
THI,Thailand,1836,0,10,-10,-10.0,
THI,Thailand,1837,0,10,-10,-10.0,
THI,Thailand,1838,0,10,-10,-10.0,
THI,Thailand,1839,0,10,-10,-10.0,
THI,Thailand,1840,0,10,-10,-10.0,
THI,Thailand,1841,0,10,-10,-10.0,
THI,Thailand,1842,0,10,-10,-10.0,
THI,Thailand,1843,0,10,-10,-10.0,
THI,Thailand,1844,0,10,-10,-10.0,
THI,Thailand,1845,0,10,-10,-10.0,
THI,Thailand,1846,0,10,-10,-10.0,
THI,Thailand,1847,0,10,-10,-10.0,
THI,Thailand,1848,0,10,-10,-10.0,
THI,Thailand,1849,0,10,-10,-10.0,
THI,Thailand,1850,0,10,-10,-10.0,
THI,Thailand,1851,0,10,-10,-10.0,
THI,Thailand,1852,0,10,-10,-10.0,
THI,Thailand,1853,0,10,-10,-10.0,
THI,Thailand,1854,0,10,-10,-10.0,
THI,Thailand,1855,0,10,-10,-10.0,
THI,Thailand,1856,0,10,-10,-10.0,
THI,Thailand,1857,0,10,-10,-10.0,
THI,Thailand,1858,0,10,-10,-10.0,
THI,Thailand,1859,0,10,-10,-10.0,
THI,Thailand,1860,0,10,-10,-10.0,
THI,Thailand,1861,0,10,-10,-10.0,
THI,Thailand,1862,0,10,-10,-10.0,
THI,Thailand,1863,0,10,-10,-10.0,
THI,Thailand,1864,0,10,-10,-10.0,
THI,Thailand,1865,0,10,-10,-10.0,
THI,Thailand,1866,0,10,-10,-10.0,
THI,Thailand,1867,0,10,-10,-10.0,
THI,Thailand,1868,0,10,-10,-10.0,
THI,Thailand,1869,0,10,-10,-10.0,
THI,Thailand,1870,0,10,-10,-10.0,
THI,Thailand,1871,0,10,-10,-10.0,
THI,Thailand,1872,0,10,-10,-10.0,
THI,Thailand,1873,0,10,-10,-10.0,
THI,Thailand,1874,0,10,-10,-10.0,
THI,Thailand,1875,0,10,-10,-10.0,
THI,Thailand,1876,0,10,-10,-10.0,
THI,Thailand,1877,0,10,-10,-10.0,
THI,Thailand,1878,0,10,-10,-10.0,
THI,Thailand,1879,0,10,-10,-10.0,
THI,Thailand,1880,0,10,-10,-10.0,
THI,Thailand,1881,0,10,-10,-10.0,
THI,Thailand,1882,0,10,-10,-10.0,
THI,Thailand,1883,0,10,-10,-10.0,
THI,Thailand,1884,0,10,-10,-10.0,
THI,Thailand,1885,0,10,-10,-10.0,
THI,Thailand,1886,0,10,-10,-10.0,
THI,Thailand,1887,0,10,-10,-10.0,
THI,Thailand,1888,0,10,-10,-10.0,
THI,Thailand,1889,0,10,-10,-10.0,
THI,Thailand,1890,0,10,-10,-10.0,
THI,Thailand,1891,0,10,-10,-10.0,
THI,Thailand,1892,0,10,-10,-10.0,
THI,Thailand,1893,0,10,-10,-10.0,
THI,Thailand,1894,0,10,-10,-10.0,
THI,Thailand,1895,0,10,-10,-10.0,
THI,Thailand,1896,0,10,-10,-10.0,
THI,Thailand,1897,0,10,-10,-10.0,
THI,Thailand,1898,0,10,-10,-10.0,
THI,Thailand,1899,0,10,-10,-10.0,
THI,Thailand,1900,0,10,-10,-10.0,
THI,Thailand,1901,0,10,-10,-10.0,
THI,Thailand,1902,0,10,-10,-10.0,
THI,Thailand,1903,0,10,-10,-10.0,
THI,Thailand,1904,0,10,-10,-10.0,
THI,Thailand,1905,0,10,-10,-10.0,
THI,Thailand,1906,0,10,-10,-10.0,
THI,Thailand,1907,0,10,-10,-10.0,
THI,Thailand,1908,0,10,-10,-10.0,
THI,Thailand,1909,0,10,-10,-10.0,
THI,Thailand,1910,0,10,-10,-10.0,
THI,Thailand,1911,0,10,-10,-10.0,
THI,Thailand,1912,0,10,-10,-10.0,
THI,Thailand,1913,0,10,-10,-10.0,
THI,Thailand,1914,0,10,-10,-10.0,
THI,Thailand,1915,0,10,-10,-10.0,
THI,Thailand,1916,0,10,-10,-10.0,
THI,Thailand,1917,0,10,-10,-10.0,
THI,Thailand,1918,0,10,-10,-10.0,
THI,Thailand,1919,0,10,-10,-10.0,
THI,Thailand,1920,0,10,-10,-10.0,
THI,Thailand,1921,0,10,-10,-10.0,
THI,Thailand,1922,0,10,-10,-10.0,
THI,Thailand,1923,0,10,-10,-10.0,
THI,Thailand,1924,0,10,-10,-10.0,
THI,Thailand,1925,0,10,-10,-10.0,
THI,Thailand,1926,0,10,-10,-10.0,
THI,Thailand,1927,0,10,-10,-10.0,
THI,Thailand,1928,0,10,-10,-10.0,
THI,Thailand,1929,0,10,-10,-10.0,
THI,Thailand,1930,0,10,-10,-10.0,
THI,Thailand,1931,0,10,-10,-10.0,
THI,Thailand,1932,-88,-88,-88,-8.0,0.0
THI,Thailand,1933,-88,-88,-88,-6.0,0.0
THI,Thailand,1934,-88,-88,-88,-4.0,0.0
THI,Thailand,1935,1,4,-3,-3.0,0.0
THI,Thailand,1936,1,4,-3,-3.0,1.0
THI,Thailand,1937,1,4,-3,-3.0,2.0
THI,Thailand,1938,1,4,-3,-3.0,3.0
THI,Thailand,1939,1,4,-3,-3.0,4.0
THI,Thailand,1940,1,4,-3,-3.0,5.0
THI,Thailand,1941,-66,-66,-66,,0.0
THI,Thailand,1942,1,4,-3,-3.0,0.0
THI,Thailand,1943,1,4,-3,-3.0,0.0
THI,Thailand,1944,1,4,-3,-3.0,1.0
THI,Thailand,1945,1,4,-3,-3.0,2.0
THI,Thailand,1946,1,4,-3,-3.0,3.0
THI,Thailand,1947,1,4,-3,-3.0,4.0
THI,Thailand,1948,1,4,-3,-3.0,5.0
THI,Thailand,1949,1,4,-3,-3.0,6.0
THI,Thailand,1950,1,4,-3,-3.0,7.0
THI,Thailand,1951,1,4,-3,-3.0,8.0
THI,Thailand,1952,0,6,-6,-6.0,0.0
THI,Thailand,1953,0,6,-6,-6.0,1.0
THI,Thailand,1954,0,6,-6,-6.0,2.0
THI,Thailand,1955,1,4,-3,-3.0,0.0
THI,Thailand,1956,1,4,-3,-3.0,1.0
THI,Thailand,1957,1,4,-3,-3.0,2.0
THI,Thailand,1958,0,7,-7,-7.0,0.0
THI,Thailand,1959,0,7,-7,-7.0,1.0
THI,Thailand,1960,0,7,-7,-7.0,2.0
THI,Thailand,1961,0,7,-7,-7.0,3.0
THI,Thailand,1962,0,7,-7,-7.0,4.0
THI,Thailand,1963,0,7,-7,-7.0,5.0
THI,Thailand,1964,0,7,-7,-7.0,6.0
THI,Thailand,1965,0,7,-7,-7.0,7.0
THI,Thailand,1966,0,7,-7,-7.0,8.0
THI,Thailand,1967,0,7,-7,-7.0,9.0
THI,Thailand,1968,-88,-88,-88,-2.0,0.0
THI,Thailand,1969,4,2,2,2.0,0.0
THI,Thailand,1970,4,2,2,2.0,1.0
THI,Thailand,1971,0,7,-7,-7.0,0.0
THI,Thailand,1972,0,7,-7,-7.0,1.0
THI,Thailand,1973,-88,-88,-88,-2.0,0.0
THI,Thailand,1974,4,1,3,3.0,0.0
THI,Thailand,1975,4,1,3,3.0,1.0
THI,Thailand,1976,0,7,-7,-7.0,0.0
THI,Thailand,1977,-88,-88,-88,-2.0,0.0
THI,Thailand,1978,3,1,2,2.0,0.0
THI,Thailand,1979,3,1,2,2.0,1.0
THI,Thailand,1980,3,1,2,2.0,2.0
THI,Thailand,1981,3,1,2,2.0,3.0
THI,Thailand,1982,3,1,2,2.0,4.0
THI,Thailand,1983,3,1,2,2.0,5.0
THI,Thailand,1984,3,1,2,2.0,6.0
THI,Thailand,1985,3,1,2,2.0,7.0
THI,Thailand,1986,3,1,2,2.0,8.0
THI,Thailand,1987,3,1,2,2.0,9.0
THI,Thailand,1988,4,1,3,3.0,10.0
THI,Thailand,1989,4,1,3,3.0,11.0
THI,Thailand,1990,4,1,3,3.0,12.0
THI,Thailand,1991,1,2,-1,-1.0,0.0
THI,Thailand,1992,9,0,9,9.0,0.0
THI,Thailand,1993,9,0,9,9.0,1.0
THI,Thailand,1994,9,0,9,9.0,2.0
THI,Thailand,1995,9,0,9,9.0,3.0
THI,Thailand,1996,9,0,9,9.0,4.0
THI,Thailand,1997,9,0,9,9.0,5.0
THI,Thailand,1998,9,0,9,9.0,6.0
THI,Thailand,1999,9,0,9,9.0,7.0
THI,Thailand,2000,9,0,9,9.0,8.0
THI,Thailand,2001,9,0,9,9.0,9.0
THI,Thailand,2002,9,0,9,9.0,10.0
THI,Thailand,2003,9,0,9,9.0,11.0
THI,Thailand,2004,9,0,9,9.0,12.0
THI,Thailand,2005,9,0,9,9.0,13.0
THI,Thailand,2006,0,5,-5,-5.0,0.0
THI,Thailand,2007,2,3,-1,-1.0,0.0
THI,Thailand,2008,5,1,4,4.0,0.0
THI,Thailand,2009,5,1,4,4.0,1.0
THI,Thailand,2010,5,1,4,4.0,2.0
THI,Thailand,2011,7,0,7,7.0,0.0
THI,Thailand,2012,7,0,7,7.0,1.0
THI,Thailand,2013,7,0,7,7.0,2.0
THI,Thailand,2014,0,3,-3,-3.0,0.0
THI,Thailand,2015,0,3,-3,-3.0,1.0
THI,Thailand,2016,0,3,-3,-3.0,2.0
THI,Thailand,2017,0,3,-3,-3.0,3.0
THI,Thailand,2018,0,3,-3,-3.0,4.0
TKM,Turkmenistan,1991,0,8,-8,-8.0,0.0
TKM,Turkmenistan,1992,0,9,-9,-9.0,1.0
TKM,Turkmenistan,1993,0,9,-9,-9.0,2.0
TKM,Turkmenistan,1994,0,9,-9,-9.0,3.0
TKM,Turkmenistan,1995,0,9,-9,-9.0,4.0
TKM,Turkmenistan,1996,0,9,-9,-9.0,5.0
TKM,Turkmenistan,1997,0,9,-9,-9.0,6.0
TKM,Turkmenistan,1998,0,9,-9,-9.0,7.0
TKM,Turkmenistan,1999,0,9,-9,-9.0,8.0
TKM,Turkmenistan,2000,0,9,-9,-9.0,9.0
TKM,Turkmenistan,2001,0,9,-9,-9.0,10.0
TKM,Turkmenistan,2002,0,9,-9,-9.0,11.0
TKM,Turkmenistan,2003,0,9,-9,-9.0,12.0
TKM,Turkmenistan,2004,0,9,-9,-9.0,13.0
TKM,Turkmenistan,2005,0,9,-9,-9.0,14.0
TKM,Turkmenistan,2006,0,9,-9,-9.0,15.0
TKM,Turkmenistan,2007,0,9,-9,-9.0,16.0
TKM,Turkmenistan,2008,0,9,-9,-9.0,17.0
TKM,Turkmenistan,2009,0,9,-9,-9.0,18.0
TKM,Turkmenistan,2010,0,9,-9,-9.0,19.0
TKM,Turkmenistan,2011,0,9,-9,-9.0,20.0
TKM,Turkmenistan,2012,0,9,-9,-9.0,21.0
TKM,Turkmenistan,2013,0,8,-8,-8.0,22.0
TKM,Turkmenistan,2014,0,8,-8,-8.0,23.0
TKM,Turkmenistan,2015,0,8,-8,-8.0,24.0
TKM,Turkmenistan,2016,0,8,-8,-8.0,25.0
TKM,Turkmenistan,2017,0,8,-8,-8.0,26.0
TKM,Turkmenistan,2018,0,8,-8,-8.0,27.0
TOG,Togo,1960,0,6,-6,-6.0,0.0
TOG,Togo,1961,0,6,-6,-6.0,1.0
TOG,Togo,1962,0,6,-6,-6.0,2.0
TOG,Togo,1963,0,6,-6,-6.0,3.0
TOG,Togo,1964,0,6,-6,-6.0,4.0
TOG,Togo,1965,0,6,-6,-6.0,5.0
TOG,Togo,1966,0,6,-6,-6.0,6.0
TOG,Togo,1967,0,7,-7,-7.0,7.0
TOG,Togo,1968,0,7,-7,-7.0,8.0
TOG,Togo,1969,0,7,-7,-7.0,9.0
TOG,Togo,1970,0,7,-7,-7.0,10.0
TOG,Togo,1971,0,7,-7,-7.0,11.0
TOG,Togo,1972,0,7,-7,-7.0,12.0
TOG,Togo,1973,0,7,-7,-7.0,13.0
TOG,Togo,1974,0,7,-7,-7.0,14.0
TOG,Togo,1975,0,7,-7,-7.0,15.0
TOG,Togo,1976,0,7,-7,-7.0,16.0
TOG,Togo,1977,0,7,-7,-7.0,17.0
TOG,Togo,1978,0,7,-7,-7.0,18.0
TOG,Togo,1979,0,7,-7,-7.0,19.0
TOG,Togo,1980,0,7,-7,-7.0,20.0
TOG,Togo,1981,0,7,-7,-7.0,21.0
TOG,Togo,1982,0,7,-7,-7.0,22.0
TOG,Togo,1983,0,7,-7,-7.0,23.0
TOG,Togo,1984,0,7,-7,-7.0,24.0
TOG,Togo,1985,0,7,-7,-7.0,25.0
TOG,Togo,1986,0,7,-7,-7.0,26.0
TOG,Togo,1987,0,7,-7,-7.0,27.0
TOG,Togo,1988,0,7,-7,-7.0,28.0
TOG,Togo,1989,0,7,-7,-7.0,29.0
TOG,Togo,1990,0,7,-7,-7.0,30.0
TOG,Togo,1991,0,5,-5,-5.0,0.0
TOG,Togo,1992,0,5,-5,-5.0,0.0
TOG,Togo,1993,1,3,-2,-2.0,0.0
TOG,Togo,1994,1,3,-2,-2.0,1.0
TOG,Togo,1995,1,3,-2,-2.0,2.0
TOG,Togo,1996,1,3,-2,-2.0,3.0
TOG,Togo,1997,1,3,-2,-2.0,4.0
TOG,Togo,1998,1,3,-2,-2.0,5.0
TOG,Togo,1999,1,3,-2,-2.0,6.0
TOG,Togo,2000,1,3,-2,-2.0,7.0
TOG,Togo,2001,1,3,-2,-2.0,8.0
TOG,Togo,2002,1,3,-2,-2.0,9.0
TOG,Togo,2003,1,3,-2,-2.0,10.0
TOG,Togo,2004,1,3,-2,-2.0,11.0
TOG,Togo,2005,1,5,-4,-4.0,12.0
TOG,Togo,2006,1,5,-4,-4.0,13.0
TOG,Togo,2007,1,5,-4,-4.0,14.0
TOG,Togo,2008,1,5,-4,-4.0,15.0
TOG,Togo,2009,1,5,-4,-4.0,16.0
TOG,Togo,2010,1,3,-2,-2.0,17.0
TOG,Togo,2011,1,3,-2,-2.0,18.0
TOG,Togo,2012,1,3,-2,-2.0,19.0
TOG,Togo,2013,1,3,-2,-2.0,20.0
TOG,Togo,2014,1,3,-2,-2.0,21.0
TOG,Togo,2015,1,3,-2,-2.0,22.0
TOG,Togo,2016,1,3,-2,-2.0,23.0
TOG,Togo,2017,1,3,-2,-2.0,24.0
TOG,Togo,2018,1,3,-2,-2.0,25.0
TRI,Trinidad and Tobago,1962,4,0,4,4.0,0.0
TRI,Trinidad and Tobago,1963,4,0,4,4.0,1.0
TRI,Trinidad and Tobago,1964,4,0,4,4.0,2.0
TRI,Trinidad and Tobago,1965,4,0,4,4.0,3.0
TRI,Trinidad and Tobago,1966,4,0,4,4.0,4.0
TRI,Trinidad and Tobago,1967,4,0,4,4.0,5.0
TRI,Trinidad and Tobago,1968,4,0,4,4.0,6.0
TRI,Trinidad and Tobago,1969,4,0,4,4.0,7.0
TRI,Trinidad and Tobago,1970,4,0,4,4.0,8.0
TRI,Trinidad and Tobago,1971,4,0,4,4.0,9.0
TRI,Trinidad and Tobago,1972,4,0,4,4.0,10.0
TRI,Trinidad and Tobago,1973,4,0,4,4.0,11.0
TRI,Trinidad and Tobago,1974,4,0,4,4.0,12.0
TRI,Trinidad and Tobago,1975,4,0,4,4.0,13.0
TRI,Trinidad and Tobago,1976,4,0,4,4.0,14.0
TRI,Trinidad and Tobago,1977,4,0,4,4.0,15.0
TRI,Trinidad and Tobago,1978,4,0,4,4.0,16.0
TRI,Trinidad and Tobago,1979,4,0,4,4.0,17.0
TRI,Trinidad and Tobago,1980,4,0,4,4.0,18.0
TRI,Trinidad and Tobago,1981,8,1,7,7.0,0.0
TRI,Trinidad and Tobago,1982,8,1,7,7.0,1.0
TRI,Trinidad and Tobago,1983,8,1,7,7.0,2.0
TRI,Trinidad and Tobago,1984,8,1,7,7.0,3.0
TRI,Trinidad and Tobago,1985,8,1,7,7.0,4.0
TRI,Trinidad and Tobago,1986,9,1,8,8.0,5.0
TRI,Trinidad and Tobago,1987,9,1,8,8.0,6.0
TRI,Trinidad and Tobago,1988,9,1,8,8.0,7.0
TRI,Trinidad and Tobago,1989,9,1,8,8.0,8.0
TRI,Trinidad and Tobago,1990,9,1,8,8.0,9.0
TRI,Trinidad and Tobago,1991,9,1,8,8.0,10.0
TRI,Trinidad and Tobago,1992,9,1,8,8.0,11.0
TRI,Trinidad and Tobago,1993,9,1,8,8.0,12.0
TRI,Trinidad and Tobago,1994,9,1,8,8.0,13.0
TRI,Trinidad and Tobago,1995,9,0,9,9.0,14.0
TRI,Trinidad and Tobago,1996,9,0,9,9.0,15.0
TRI,Trinidad and Tobago,1997,9,0,9,9.0,16.0
TRI,Trinidad and Tobago,1998,9,0,9,9.0,17.0
TRI,Trinidad and Tobago,1999,9,0,9,9.0,18.0
TRI,Trinidad and Tobago,2000,9,0,9,9.0,19.0
TRI,Trinidad and Tobago,2001,9,0,9,9.0,20.0
TRI,Trinidad and Tobago,2002,9,0,9,9.0,21.0
TRI,Trinidad and Tobago,2003,9,0,9,9.0,22.0
TRI,Trinidad and Tobago,2004,9,0,9,9.0,23.0
TRI,Trinidad and Tobago,2005,9,0,9,9.0,24.0
TRI,Trinidad and Tobago,2006,9,0,9,9.0,25.0
TRI,Trinidad and Tobago,2007,9,0,9,9.0,26.0
TRI,Trinidad and Tobago,2008,9,0,9,9.0,27.0
TRI,Trinidad and Tobago,2009,9,0,9,9.0,28.0
TRI,Trinidad and Tobago,2010,9,0,9,9.0,29.0
TRI,Trinidad and Tobago,2011,9,0,9,9.0,30.0
TRI,Trinidad and Tobago,2012,9,0,9,9.0,31.0
TRI,Trinidad and Tobago,2013,9,0,9,9.0,32.0
TRI,Trinidad and Tobago,2014,9,0,9,9.0,33.0
TRI,Trinidad and Tobago,2015,9,0,9,9.0,34.0
TRI,Trinidad and Tobago,2016,9,0,9,9.0,35.0
TRI,Trinidad and Tobago,2017,9,0,9,9.0,36.0
TRI,Trinidad and Tobago,2018,9,0,9,9.0,37.0
TUN,Tunisia,1956,1,5,-4,-4.0,0.0
TUN,Tunisia,1957,0,9,-9,-9.0,0.0
TUN,Tunisia,1958,0,9,-9,-9.0,1.0
TUN,Tunisia,1959,0,9,-9,-9.0,2.0
TUN,Tunisia,1960,0,9,-9,-9.0,3.0
TUN,Tunisia,1961,0,9,-9,-9.0,4.0
TUN,Tunisia,1962,0,9,-9,-9.0,5.0
TUN,Tunisia,1963,0,9,-9,-9.0,6.0
TUN,Tunisia,1964,0,9,-9,-9.0,7.0
TUN,Tunisia,1965,0,9,-9,-9.0,8.0
TUN,Tunisia,1966,0,9,-9,-9.0,9.0
TUN,Tunisia,1967,0,9,-9,-9.0,10.0
TUN,Tunisia,1968,0,9,-9,-9.0,11.0
TUN,Tunisia,1969,0,9,-9,-9.0,12.0
TUN,Tunisia,1970,0,9,-9,-9.0,13.0
TUN,Tunisia,1971,0,9,-9,-9.0,14.0
TUN,Tunisia,1972,0,9,-9,-9.0,15.0
TUN,Tunisia,1973,0,9,-9,-9.0,16.0
TUN,Tunisia,1974,0,9,-9,-9.0,17.0
TUN,Tunisia,1975,0,9,-9,-9.0,18.0
TUN,Tunisia,1976,0,9,-9,-9.0,19.0
TUN,Tunisia,1977,0,8,-8,-8.0,20.0
TUN,Tunisia,1978,0,8,-8,-8.0,21.0
TUN,Tunisia,1979,0,8,-8,-8.0,22.0
TUN,Tunisia,1980,0,8,-8,-8.0,23.0
TUN,Tunisia,1981,0,8,-8,-8.0,24.0
TUN,Tunisia,1982,0,8,-8,-8.0,25.0
TUN,Tunisia,1983,0,8,-8,-8.0,26.0
TUN,Tunisia,1984,0,8,-8,-8.0,27.0
TUN,Tunisia,1985,0,8,-8,-8.0,28.0
TUN,Tunisia,1986,0,8,-8,-8.0,29.0
TUN,Tunisia,1987,0,6,-6,-6.0,30.0
TUN,Tunisia,1988,0,6,-6,-6.0,31.0
TUN,Tunisia,1989,0,6,-6,-6.0,32.0
TUN,Tunisia,1990,0,6,-6,-6.0,33.0
TUN,Tunisia,1991,0,6,-6,-6.0,34.0
TUN,Tunisia,1992,0,6,-6,-6.0,35.0
TUN,Tunisia,1993,1,4,-3,-3.0,0.0
TUN,Tunisia,1994,1,4,-3,-3.0,1.0
TUN,Tunisia,1995,1,4,-3,-3.0,2.0
TUN,Tunisia,1996,1,4,-3,-3.0,3.0
TUN,Tunisia,1997,1,4,-3,-3.0,4.0
TUN,Tunisia,1998,1,4,-3,-3.0,5.0
TUN,Tunisia,1999,1,4,-3,-3.0,6.0
TUN,Tunisia,2000,1,4,-3,-3.0,7.0
TUN,Tunisia,2001,1,4,-3,-3.0,8.0
TUN,Tunisia,2002,1,5,-4,-4.0,9.0
TUN,Tunisia,2003,1,5,-4,-4.0,10.0
TUN,Tunisia,2004,1,5,-4,-4.0,11.0
TUN,Tunisia,2005,1,5,-4,-4.0,12.0
TUN,Tunisia,2006,1,5,-4,-4.0,13.0
TUN,Tunisia,2007,1,5,-4,-4.0,14.0
TUN,Tunisia,2008,1,5,-4,-4.0,15.0
TUN,Tunisia,2009,1,5,-4,-4.0,16.0
TUN,Tunisia,2010,1,5,-4,-4.0,17.0
TUN,Tunisia,2011,-88,-88,-88,4.0,0.0
TUN,Tunisia,2012,-88,-88,-88,5.0,0.0
TUN,Tunisia,2013,-88,-88,-88,6.0,0.0
TUN,Tunisia,2014,7,0,7,7.0,0.0
TUN,Tunisia,2015,7,0,7,7.0,1.0
TUN,Tunisia,2016,7,0,7,7.0,2.0
TUN,Tunisia,2017,7,0,7,7.0,3.0
TUN,Tunisia,2018,7,0,7,7.0,4.0
TUR,Turkey,1800,0,10,-10,-10.0,
TUR,Turkey,1801,0,10,-10,-10.0,
TUR,Turkey,1802,0,10,-10,-10.0,
TUR,Turkey,1803,0,10,-10,-10.0,
TUR,Turkey,1804,0,10,-10,-10.0,
TUR,Turkey,1805,0,10,-10,-10.0,
TUR,Turkey,1806,0,10,-10,-10.0,
TUR,Turkey,1807,0,10,-10,-10.0,
TUR,Turkey,1808,0,10,-10,-10.0,
TUR,Turkey,1809,0,10,-10,-10.0,
TUR,Turkey,1810,0,10,-10,-10.0,
TUR,Turkey,1811,0,10,-10,-10.0,
TUR,Turkey,1812,0,10,-10,-10.0,
TUR,Turkey,1813,0,10,-10,-10.0,
TUR,Turkey,1814,0,10,-10,-10.0,
TUR,Turkey,1815,0,10,-10,-10.0,
TUR,Turkey,1816,0,10,-10,-10.0,
TUR,Turkey,1817,0,10,-10,-10.0,
TUR,Turkey,1818,0,10,-10,-10.0,
TUR,Turkey,1819,0,10,-10,-10.0,
TUR,Turkey,1820,0,10,-10,-10.0,
TUR,Turkey,1821,0,10,-10,-10.0,
TUR,Turkey,1822,0,10,-10,-10.0,
TUR,Turkey,1823,0,10,-10,-10.0,
TUR,Turkey,1824,0,10,-10,-10.0,
TUR,Turkey,1825,0,10,-10,-10.0,
TUR,Turkey,1826,0,10,-10,-10.0,
TUR,Turkey,1827,0,10,-10,-10.0,
TUR,Turkey,1828,0,10,-10,-10.0,
TUR,Turkey,1829,0,10,-10,-10.0,
TUR,Turkey,1830,0,10,-10,-10.0,
TUR,Turkey,1831,0,10,-10,-10.0,
TUR,Turkey,1832,0,10,-10,-10.0,
TUR,Turkey,1833,0,10,-10,-10.0,
TUR,Turkey,1834,0,10,-10,-10.0,
TUR,Turkey,1835,0,10,-10,-10.0,
TUR,Turkey,1836,0,10,-10,-10.0,
TUR,Turkey,1837,0,10,-10,-10.0,
TUR,Turkey,1838,0,10,-10,-10.0,
TUR,Turkey,1839,0,10,-10,-10.0,
TUR,Turkey,1840,0,10,-10,-10.0,
TUR,Turkey,1841,0,10,-10,-10.0,
TUR,Turkey,1842,0,10,-10,-10.0,
TUR,Turkey,1843,0,10,-10,-10.0,
TUR,Turkey,1844,0,10,-10,-10.0,
TUR,Turkey,1845,0,10,-10,-10.0,
TUR,Turkey,1846,0,10,-10,-10.0,
TUR,Turkey,1847,0,10,-10,-10.0,
TUR,Turkey,1848,0,10,-10,-10.0,
TUR,Turkey,1849,0,10,-10,-10.0,
TUR,Turkey,1850,0,10,-10,-10.0,
TUR,Turkey,1851,0,10,-10,-10.0,
TUR,Turkey,1852,0,10,-10,-10.0,
TUR,Turkey,1853,0,10,-10,-10.0,
TUR,Turkey,1854,0,10,-10,-10.0,
TUR,Turkey,1855,0,10,-10,-10.0,
TUR,Turkey,1856,0,10,-10,-10.0,
TUR,Turkey,1857,0,10,-10,-10.0,
TUR,Turkey,1858,0,10,-10,-10.0,
TUR,Turkey,1859,0,10,-10,-10.0,
TUR,Turkey,1860,0,10,-10,-10.0,
TUR,Turkey,1861,0,10,-10,-10.0,
TUR,Turkey,1862,0,10,-10,-10.0,
TUR,Turkey,1863,0,10,-10,-10.0,
TUR,Turkey,1864,0,10,-10,-10.0,
TUR,Turkey,1865,0,10,-10,-10.0,
TUR,Turkey,1866,0,10,-10,-10.0,
TUR,Turkey,1867,0,10,-10,-10.0,
TUR,Turkey,1868,0,10,-10,-10.0,
TUR,Turkey,1869,0,10,-10,-10.0,
TUR,Turkey,1870,0,10,-10,-10.0,
TUR,Turkey,1871,0,10,-10,-10.0,
TUR,Turkey,1872,0,10,-10,-10.0,
TUR,Turkey,1873,0,10,-10,-10.0,
TUR,Turkey,1874,0,10,-10,-10.0,
TUR,Turkey,1875,0,10,-10,-10.0,
TUR,Turkey,1876,1,5,-4,-4.0,0.0
TUR,Turkey,1877,0,10,-10,-10.0,0.0
TUR,Turkey,1878,0,10,-10,-10.0,1.0
TUR,Turkey,1879,0,10,-10,-10.0,2.0
TUR,Turkey,1880,0,10,-10,-10.0,3.0
TUR,Turkey,1881,0,10,-10,-10.0,4.0
TUR,Turkey,1882,0,10,-10,-10.0,5.0
TUR,Turkey,1883,0,10,-10,-10.0,6.0
TUR,Turkey,1884,0,10,-10,-10.0,7.0
TUR,Turkey,1885,0,10,-10,-10.0,8.0
TUR,Turkey,1886,0,10,-10,-10.0,9.0
TUR,Turkey,1887,0,10,-10,-10.0,10.0
TUR,Turkey,1888,0,10,-10,-10.0,11.0
TUR,Turkey,1889,0,10,-10,-10.0,12.0
TUR,Turkey,1890,0,10,-10,-10.0,13.0
TUR,Turkey,1891,0,10,-10,-10.0,14.0
TUR,Turkey,1892,0,10,-10,-10.0,15.0
TUR,Turkey,1893,0,10,-10,-10.0,16.0
TUR,Turkey,1894,0,10,-10,-10.0,17.0
TUR,Turkey,1895,0,10,-10,-10.0,18.0
TUR,Turkey,1896,0,10,-10,-10.0,19.0
TUR,Turkey,1897,0,10,-10,-10.0,20.0
TUR,Turkey,1898,0,10,-10,-10.0,21.0
TUR,Turkey,1899,0,10,-10,-10.0,22.0
TUR,Turkey,1900,0,10,-10,-10.0,23.0
TUR,Turkey,1901,0,10,-10,-10.0,24.0
TUR,Turkey,1902,0,10,-10,-10.0,25.0
TUR,Turkey,1903,0,10,-10,-10.0,26.0
TUR,Turkey,1904,0,10,-10,-10.0,27.0
TUR,Turkey,1905,0,10,-10,-10.0,28.0
TUR,Turkey,1906,0,10,-10,-10.0,29.0
TUR,Turkey,1907,0,10,-10,-10.0,30.0
TUR,Turkey,1908,1,5,-4,-4.0,0.0
TUR,Turkey,1909,3,4,-1,-1.0,0.0
TUR,Turkey,1910,3,4,-1,-1.0,1.0
TUR,Turkey,1911,3,4,-1,-1.0,2.0
TUR,Turkey,1912,3,4,-1,-1.0,3.0
TUR,Turkey,1913,3,4,-1,-1.0,4.0
TUR,Turkey,1914,3,4,-1,-1.0,5.0
TUR,Turkey,1915,3,4,-1,-1.0,6.0
TUR,Turkey,1916,3,4,-1,-1.0,7.0
TUR,Turkey,1917,3,4,-1,-1.0,8.0
TUR,Turkey,1918,-66,-66,-66,,0.0
TUR,Turkey,1919,-66,-66,-66,,0.0
TUR,Turkey,1920,-66,-66,-66,,0.0
TUR,Turkey,1921,-66,-66,-66,,0.0
TUR,Turkey,1922,-77,-77,-77,0.0,0.0
TUR,Turkey,1923,0,6,-6,-6.0,0.0
TUR,Turkey,1924,0,6,-6,-6.0,1.0
TUR,Turkey,1925,0,6,-6,-6.0,2.0
TUR,Turkey,1926,0,6,-6,-6.0,3.0
TUR,Turkey,1927,0,6,-6,-6.0,4.0
TUR,Turkey,1928,0,6,-6,-6.0,5.0
TUR,Turkey,1929,0,6,-6,-6.0,6.0
TUR,Turkey,1930,0,6,-6,-6.0,7.0
TUR,Turkey,1931,0,6,-6,-6.0,8.0
TUR,Turkey,1932,0,6,-6,-6.0,9.0
TUR,Turkey,1933,0,6,-6,-6.0,10.0
TUR,Turkey,1934,0,7,-7,-7.0,11.0
TUR,Turkey,1935,0,7,-7,-7.0,12.0
TUR,Turkey,1936,0,7,-7,-7.0,13.0
TUR,Turkey,1937,0,7,-7,-7.0,14.0
TUR,Turkey,1938,0,7,-7,-7.0,15.0
TUR,Turkey,1939,0,7,-7,-7.0,16.0
TUR,Turkey,1940,0,7,-7,-7.0,17.0
TUR,Turkey,1941,0,7,-7,-7.0,18.0
TUR,Turkey,1942,0,7,-7,-7.0,19.0
TUR,Turkey,1943,0,7,-7,-7.0,20.0
TUR,Turkey,1944,0,7,-7,-7.0,21.0
TUR,Turkey,1945,0,7,-7,-7.0,22.0
TUR,Turkey,1946,7,0,7,7.0,0.0
TUR,Turkey,1947,7,0,7,7.0,1.0
TUR,Turkey,1948,7,0,7,7.0,2.0
TUR,Turkey,1949,7,0,7,7.0,3.0
TUR,Turkey,1950,7,0,7,7.0,4.0
TUR,Turkey,1951,7,0,7,7.0,5.0
TUR,Turkey,1952,7,0,7,7.0,6.0
TUR,Turkey,1953,7,0,7,7.0,7.0
TUR,Turkey,1954,5,1,4,4.0,0.0
TUR,Turkey,1955,5,1,4,4.0,1.0
TUR,Turkey,1956,5,1,4,4.0,2.0
TUR,Turkey,1957,5,1,4,4.0,3.0
TUR,Turkey,1958,5,1,4,4.0,4.0
TUR,Turkey,1959,5,1,4,4.0,5.0
TUR,Turkey,1960,-88,-88,-88,7.0,0.0
TUR,Turkey,1961,9,0,9,9.0,0.0
TUR,Turkey,1962,9,0,9,9.0,1.0
TUR,Turkey,1963,9,0,9,9.0,2.0
TUR,Turkey,1964,9,0,9,9.0,3.0
TUR,Turkey,1965,8,0,8,8.0,4.0
TUR,Turkey,1966,8,0,8,8.0,5.0
TUR,Turkey,1967,8,0,8,8.0,6.0
TUR,Turkey,1968,8,0,8,8.0,7.0
TUR,Turkey,1969,8,0,8,8.0,8.0
TUR,Turkey,1970,8,0,8,8.0,9.0
TUR,Turkey,1971,2,4,-2,-2.0,0.0
TUR,Turkey,1972,2,4,-2,-2.0,1.0
TUR,Turkey,1973,9,0,9,9.0,0.0
TUR,Turkey,1974,9,0,9,9.0,1.0
TUR,Turkey,1975,9,0,9,9.0,2.0
TUR,Turkey,1976,9,0,9,9.0,3.0
TUR,Turkey,1977,9,0,9,9.0,4.0
TUR,Turkey,1978,9,0,9,9.0,5.0
TUR,Turkey,1979,9,0,9,9.0,6.0
TUR,Turkey,1980,2,7,-5,-5.0,0.0
TUR,Turkey,1981,2,7,-5,-5.0,1.0
TUR,Turkey,1982,2,7,-5,-5.0,2.0
TUR,Turkey,1983,7,0,7,7.0,0.0
TUR,Turkey,1984,7,0,7,7.0,1.0
TUR,Turkey,1985,7,0,7,7.0,2.0
TUR,Turkey,1986,7,0,7,7.0,3.0
TUR,Turkey,1987,7,0,7,7.0,4.0
TUR,Turkey,1988,7,0,7,7.0,5.0
TUR,Turkey,1989,9,0,9,9.0,6.0
TUR,Turkey,1990,9,0,9,9.0,7.0
TUR,Turkey,1991,9,0,9,9.0,8.0
TUR,Turkey,1992,9,0,9,9.0,9.0
TUR,Turkey,1993,9,1,8,8.0,10.0
TUR,Turkey,1994,9,1,8,8.0,11.0
TUR,Turkey,1995,9,1,8,8.0,12.0
TUR,Turkey,1996,9,1,8,8.0,13.0
TUR,Turkey,1997,8,1,7,7.0,14.0
TUR,Turkey,1998,8,1,7,7.0,15.0
TUR,Turkey,1999,8,1,7,7.0,16.0
TUR,Turkey,2000,8,1,7,7.0,17.0
TUR,Turkey,2001,8,1,7,7.0,18.0
TUR,Turkey,2002,8,1,7,7.0,19.0
TUR,Turkey,2003,8,1,7,7.0,20.0
TUR,Turkey,2004,8,1,7,7.0,21.0
TUR,Turkey,2005,8,1,7,7.0,22.0
TUR,Turkey,2006,8,1,7,7.0,23.0
TUR,Turkey,2007,8,1,7,7.0,24.0
TUR,Turkey,2008,8,1,7,7.0,25.0
TUR,Turkey,2009,8,1,7,7.0,26.0
TUR,Turkey,2010,8,1,7,7.0,27.0
TUR,Turkey,2011,9,0,9,9.0,28.0
TUR,Turkey,2012,9,0,9,9.0,29.0
TUR,Turkey,2013,9,0,9,9.0,30.0
TUR,Turkey,2014,4,1,3,3.0,0.0
TUR,Turkey,2015,4,1,3,3.0,0.0
TUR,Turkey,2016,0,4,-4,-4.0,0.0
TUR,Turkey,2017,0,4,-4,-4.0,1.0
TUR,Turkey,2018,0,4,-4,-4.0,2.0
TUS,Tuscany,1815,0,10,-10,-10.0,0.0
TUS,Tuscany,1816,0,10,-10,-10.0,1.0
TUS,Tuscany,1817,0,10,-10,-10.0,2.0
TUS,Tuscany,1818,0,10,-10,-10.0,3.0
TUS,Tuscany,1819,0,10,-10,-10.0,4.0
TUS,Tuscany,1820,0,10,-10,-10.0,5.0
TUS,Tuscany,1821,0,10,-10,-10.0,6.0
TUS,Tuscany,1822,0,10,-10,-10.0,7.0
TUS,Tuscany,1823,0,10,-10,-10.0,8.0
TUS,Tuscany,1824,0,10,-10,-10.0,9.0
TUS,Tuscany,1825,0,10,-10,-10.0,10.0
TUS,Tuscany,1826,0,10,-10,-10.0,11.0
TUS,Tuscany,1827,0,10,-10,-10.0,12.0
TUS,Tuscany,1828,0,10,-10,-10.0,13.0
TUS,Tuscany,1829,0,10,-10,-10.0,14.0
TUS,Tuscany,1830,0,10,-10,-10.0,15.0
TUS,Tuscany,1831,0,10,-10,-10.0,16.0
TUS,Tuscany,1832,0,10,-10,-10.0,17.0
TUS,Tuscany,1833,0,10,-10,-10.0,18.0
TUS,Tuscany,1834,0,10,-10,-10.0,19.0
TUS,Tuscany,1835,0,10,-10,-10.0,20.0
TUS,Tuscany,1836,0,10,-10,-10.0,21.0
TUS,Tuscany,1837,0,10,-10,-10.0,22.0
TUS,Tuscany,1838,0,10,-10,-10.0,23.0
TUS,Tuscany,1839,0,10,-10,-10.0,24.0
TUS,Tuscany,1840,0,10,-10,-10.0,25.0
TUS,Tuscany,1841,0,10,-10,-10.0,26.0
TUS,Tuscany,1842,0,10,-10,-10.0,27.0
TUS,Tuscany,1843,0,10,-10,-10.0,28.0
TUS,Tuscany,1844,0,10,-10,-10.0,29.0
TUS,Tuscany,1845,0,10,-10,-10.0,30.0
TUS,Tuscany,1846,0,10,-10,-10.0,31.0
TUS,Tuscany,1847,0,10,-10,-10.0,32.0
TUS,Tuscany,1848,0,7,-7,-7.0,0.0
TUS,Tuscany,1849,0,10,-10,-10.0,0.0
TUS,Tuscany,1850,0,10,-10,-10.0,1.0
TUS,Tuscany,1851,0,10,-10,-10.0,2.0
TUS,Tuscany,1852,0,10,-10,-10.0,3.0
TUS,Tuscany,1853,0,10,-10,-10.0,4.0
TUS,Tuscany,1854,0,10,-10,-10.0,5.0
TUS,Tuscany,1855,0,10,-10,-10.0,6.0
TUS,Tuscany,1856,0,10,-10,-10.0,7.0
TUS,Tuscany,1857,0,10,-10,-10.0,8.0
TUS,Tuscany,1858,0,10,-10,-10.0,9.0
TUS,Tuscany,1859,0,10,-10,-10.0,10.0
TUS,Tuscany,1860,0,10,-10,-10.0,11.0
UAE,UAE,1971,0,8,-8,-8.0,0.0
UAE,UAE,1972,0,8,-8,-8.0,1.0
UAE,UAE,1973,0,8,-8,-8.0,2.0
UAE,UAE,1974,0,8,-8,-8.0,3.0
UAE,UAE,1975,0,8,-8,-8.0,4.0
UAE,UAE,1976,0,8,-8,-8.0,5.0
UAE,UAE,1977,0,8,-8,-8.0,6.0
UAE,UAE,1978,0,8,-8,-8.0,7.0
UAE,UAE,1979,0,8,-8,-8.0,8.0
UAE,UAE,1980,0,8,-8,-8.0,9.0
UAE,UAE,1981,0,8,-8,-8.0,10.0
UAE,UAE,1982,0,8,-8,-8.0,11.0
UAE,UAE,1983,0,8,-8,-8.0,12.0
UAE,UAE,1984,0,8,-8,-8.0,13.0
UAE,UAE,1985,0,8,-8,-8.0,14.0
UAE,UAE,1986,0,8,-8,-8.0,15.0
UAE,UAE,1987,0,8,-8,-8.0,16.0
UAE,UAE,1988,0,8,-8,-8.0,17.0
UAE,UAE,1989,0,8,-8,-8.0,18.0
UAE,UAE,1990,0,8,-8,-8.0,19.0
UAE,UAE,1991,0,8,-8,-8.0,20.0
UAE,UAE,1992,0,8,-8,-8.0,21.0
UAE,UAE,1993,0,8,-8,-8.0,22.0
UAE,UAE,1994,0,8,-8,-8.0,23.0
UAE,UAE,1995,0,8,-8,-8.0,24.0
UAE,UAE,1996,0,8,-8,-8.0,25.0
UAE,UAE,1997,0,8,-8,-8.0,26.0
UAE,UAE,1998,0,8,-8,-8.0,27.0
UAE,UAE,1999,0,8,-8,-8.0,28.0
UAE,UAE,2000,0,8,-8,-8.0,29.0
UAE,UAE,2001,0,8,-8,-8.0,30.0
UAE,UAE,2002,0,8,-8,-8.0,31.0
UAE,UAE,2003,0,8,-8,-8.0,32.0
UAE,UAE,2004,0,8,-8,-8.0,33.0
UAE,UAE,2005,0,8,-8,-8.0,34.0
UAE,UAE,2006,0,8,-8,-8.0,35.0
UAE,UAE,2007,0,8,-8,-8.0,36.0
UAE,UAE,2008,0,8,-8,-8.0,37.0
UAE,UAE,2009,0,8,-8,-8.0,38.0
UAE,UAE,2010,0,8,-8,-8.0,39.0
UAE,UAE,2011,0,8,-8,-8.0,40.0
UAE,UAE,2012,0,8,-8,-8.0,41.0
UAE,UAE,2013,0,8,-8,-8.0,42.0
UAE,UAE,2014,0,8,-8,-8.0,43.0
UAE,UAE,2015,0,8,-8,-8.0,44.0
UAE,UAE,2016,0,8,-8,-8.0,45.0
UAE,UAE,2017,0,8,-8,-8.0,46.0
UAE,UAE,2018,0,8,-8,-8.0,47.0
UGA,Uganda,1962,7,0,7,7.0,0.0
UGA,Uganda,1963,7,0,7,7.0,1.0
UGA,Uganda,1964,7,0,7,7.0,2.0
UGA,Uganda,1965,7,0,7,7.0,3.0
UGA,Uganda,1966,-88,-88,-88,0.0,0.0
UGA,Uganda,1967,0,6,-6,-6.0,0.0
UGA,Uganda,1968,0,6,-6,-6.0,0.0
UGA,Uganda,1969,0,7,-7,-7.0,0.0
UGA,Uganda,1970,0,7,-7,-7.0,1.0
UGA,Uganda,1971,0,7,-7,-7.0,2.0
UGA,Uganda,1972,0,7,-7,-7.0,3.0
UGA,Uganda,1973,0,7,-7,-7.0,4.0
UGA,Uganda,1974,0,7,-7,-7.0,5.0
UGA,Uganda,1975,0,7,-7,-7.0,6.0
UGA,Uganda,1976,0,7,-7,-7.0,7.0
UGA,Uganda,1977,0,7,-7,-7.0,8.0
UGA,Uganda,1978,0,7,-7,-7.0,9.0
UGA,Uganda,1979,-66,-66,-66,,0.0
UGA,Uganda,1980,4,1,3,3.0,0.0
UGA,Uganda,1981,4,1,3,3.0,1.0
UGA,Uganda,1982,4,1,3,3.0,2.0
UGA,Uganda,1983,4,1,3,3.0,3.0
UGA,Uganda,1984,4,1,3,3.0,4.0
UGA,Uganda,1985,-77,-77,-77,0.0,0.0
UGA,Uganda,1986,0,7,-7,-7.0,0.0
UGA,Uganda,1987,0,7,-7,-7.0,1.0
UGA,Uganda,1988,0,7,-7,-7.0,2.0
UGA,Uganda,1989,0,7,-7,-7.0,3.0
UGA,Uganda,1990,0,7,-7,-7.0,4.0
UGA,Uganda,1991,0,7,-7,-7.0,5.0
UGA,Uganda,1992,0,7,-7,-7.0,6.0
UGA,Uganda,1993,0,4,-4,-4.0,0.0
UGA,Uganda,1994,0,4,-4,-4.0,1.0
UGA,Uganda,1995,0,4,-4,-4.0,2.0
UGA,Uganda,1996,0,4,-4,-4.0,3.0
UGA,Uganda,1997,0,4,-4,-4.0,4.0
UGA,Uganda,1998,0,4,-4,-4.0,5.0
UGA,Uganda,1999,0,4,-4,-4.0,6.0
UGA,Uganda,2000,0,4,-4,-4.0,7.0
UGA,Uganda,2001,0,4,-4,-4.0,8.0
UGA,Uganda,2002,0,4,-4,-4.0,9.0
UGA,Uganda,2003,0,4,-4,-4.0,10.0
UGA,Uganda,2004,0,4,-4,-4.0,11.0
UGA,Uganda,2005,1,2,-1,-1.0,0.0
UGA,Uganda,2006,1,2,-1,-1.0,1.0
UGA,Uganda,2007,1,2,-1,-1.0,2.0
UGA,Uganda,2008,1,2,-1,-1.0,3.0
UGA,Uganda,2009,1,2,-1,-1.0,4.0
UGA,Uganda,2010,1,2,-1,-1.0,5.0
UGA,Uganda,2011,1,2,-1,-1.0,6.0
UGA,Uganda,2012,1,2,-1,-1.0,7.0
UGA,Uganda,2013,1,2,-1,-1.0,8.0
UGA,Uganda,2014,1,2,-1,-1.0,9.0
UGA,Uganda,2015,1,2,-1,-1.0,10.0
UGA,Uganda,2016,1,2,-1,-1.0,11.0
UGA,Uganda,2017,1,2,-1,-1.0,12.0
UGA,Uganda,2018,1,2,-1,-1.0,13.0
UKG,United Kingdom,1800,4,6,-2,-2.0,
UKG,United Kingdom,1801,4,6,-2,-2.0,
UKG,United Kingdom,1802,4,6,-2,-2.0,
UKG,United Kingdom,1803,4,6,-2,-2.0,
UKG,United Kingdom,1804,4,6,-2,-2.0,
UKG,United Kingdom,1805,4,6,-2,-2.0,
UKG,United Kingdom,1806,4,6,-2,-2.0,
UKG,United Kingdom,1807,4,6,-2,-2.0,
UKG,United Kingdom,1808,4,6,-2,-2.0,
UKG,United Kingdom,1809,4,6,-2,-2.0,
UKG,United Kingdom,1810,4,6,-2,-2.0,
UKG,United Kingdom,1811,4,6,-2,-2.0,
UKG,United Kingdom,1812,4,6,-2,-2.0,
UKG,United Kingdom,1813,4,6,-2,-2.0,
UKG,United Kingdom,1814,4,6,-2,-2.0,
UKG,United Kingdom,1815,4,6,-2,-2.0,
UKG,United Kingdom,1816,4,6,-2,-2.0,
UKG,United Kingdom,1817,4,6,-2,-2.0,
UKG,United Kingdom,1818,4,6,-2,-2.0,
UKG,United Kingdom,1819,4,6,-2,-2.0,
UKG,United Kingdom,1820,4,6,-2,-2.0,
UKG,United Kingdom,1821,4,6,-2,-2.0,
UKG,United Kingdom,1822,4,6,-2,-2.0,
UKG,United Kingdom,1823,4,6,-2,-2.0,
UKG,United Kingdom,1824,4,6,-2,-2.0,
UKG,United Kingdom,1825,4,6,-2,-2.0,
UKG,United Kingdom,1826,4,6,-2,-2.0,
UKG,United Kingdom,1827,4,6,-2,-2.0,
UKG,United Kingdom,1828,4,6,-2,-2.0,
UKG,United Kingdom,1829,4,6,-2,-2.0,
UKG,United Kingdom,1830,4,6,-2,-2.0,
UKG,United Kingdom,1831,4,6,-2,-2.0,
UKG,United Kingdom,1832,4,6,-2,-2.0,
UKG,United Kingdom,1833,4,6,-2,-2.0,
UKG,United Kingdom,1834,4,6,-2,-2.0,
UKG,United Kingdom,1835,4,6,-2,-2.0,
UKG,United Kingdom,1836,4,6,-2,-2.0,
UKG,United Kingdom,1837,6,3,3,3.0,0.0
UKG,United Kingdom,1838,6,3,3,3.0,1.0
UKG,United Kingdom,1839,6,3,3,3.0,2.0
UKG,United Kingdom,1840,6,3,3,3.0,3.0
UKG,United Kingdom,1841,6,3,3,3.0,4.0
UKG,United Kingdom,1842,6,3,3,3.0,5.0
UKG,United Kingdom,1843,6,3,3,3.0,6.0
UKG,United Kingdom,1844,6,3,3,3.0,7.0
UKG,United Kingdom,1845,6,3,3,3.0,8.0
UKG,United Kingdom,1846,6,3,3,3.0,9.0
UKG,United Kingdom,1847,6,3,3,3.0,10.0
UKG,United Kingdom,1848,6,3,3,3.0,11.0
UKG,United Kingdom,1849,6,3,3,3.0,12.0
UKG,United Kingdom,1850,6,3,3,3.0,13.0
UKG,United Kingdom,1851,6,3,3,3.0,14.0
UKG,United Kingdom,1852,6,3,3,3.0,15.0
UKG,United Kingdom,1853,6,3,3,3.0,16.0
UKG,United Kingdom,1854,6,3,3,3.0,17.0
UKG,United Kingdom,1855,6,3,3,3.0,18.0
UKG,United Kingdom,1856,6,3,3,3.0,19.0
UKG,United Kingdom,1857,6,3,3,3.0,20.0
UKG,United Kingdom,1858,6,3,3,3.0,21.0
UKG,United Kingdom,1859,6,3,3,3.0,22.0
UKG,United Kingdom,1860,6,3,3,3.0,23.0
UKG,United Kingdom,1861,6,3,3,3.0,24.0
UKG,United Kingdom,1862,6,3,3,3.0,25.0
UKG,United Kingdom,1863,6,3,3,3.0,26.0
UKG,United Kingdom,1864,6,3,3,3.0,27.0
UKG,United Kingdom,1865,6,3,3,3.0,28.0
UKG,United Kingdom,1866,6,3,3,3.0,29.0
UKG,United Kingdom,1867,6,3,3,3.0,30.0
UKG,United Kingdom,1868,6,3,3,3.0,31.0
UKG,United Kingdom,1869,6,3,3,3.0,32.0
UKG,United Kingdom,1870,6,3,3,3.0,33.0
UKG,United Kingdom,1871,6,3,3,3.0,34.0
UKG,United Kingdom,1872,6,3,3,3.0,35.0
UKG,United Kingdom,1873,6,3,3,3.0,36.0
UKG,United Kingdom,1874,6,3,3,3.0,37.0
UKG,United Kingdom,1875,6,3,3,3.0,38.0
UKG,United Kingdom,1876,6,3,3,3.0,39.0
UKG,United Kingdom,1877,6,3,3,3.0,40.0
UKG,United Kingdom,1878,6,3,3,3.0,41.0
UKG,United Kingdom,1879,6,3,3,3.0,42.0
UKG,United Kingdom,1880,7,0,7,7.0,0.0
UKG,United Kingdom,1881,7,0,7,7.0,1.0
UKG,United Kingdom,1882,7,0,7,7.0,2.0
UKG,United Kingdom,1883,7,0,7,7.0,3.0
UKG,United Kingdom,1884,7,0,7,7.0,4.0
UKG,United Kingdom,1885,7,0,7,7.0,5.0
UKG,United Kingdom,1886,7,0,7,7.0,6.0
UKG,United Kingdom,1887,7,0,7,7.0,7.0
UKG,United Kingdom,1888,7,0,7,7.0,8.0
UKG,United Kingdom,1889,7,0,7,7.0,9.0
UKG,United Kingdom,1890,7,0,7,7.0,10.0
UKG,United Kingdom,1891,7,0,7,7.0,11.0
UKG,United Kingdom,1892,7,0,7,7.0,12.0
UKG,United Kingdom,1893,7,0,7,7.0,13.0
UKG,United Kingdom,1894,7,0,7,7.0,14.0
UKG,United Kingdom,1895,7,0,7,7.0,15.0
UKG,United Kingdom,1896,7,0,7,7.0,16.0
UKG,United Kingdom,1897,7,0,7,7.0,17.0
UKG,United Kingdom,1898,7,0,7,7.0,18.0
UKG,United Kingdom,1899,7,0,7,7.0,19.0
UKG,United Kingdom,1900,7,0,7,7.0,20.0
UKG,United Kingdom,1901,8,0,8,8.0,21.0
UKG,United Kingdom,1902,8,0,8,8.0,22.0
UKG,United Kingdom,1903,8,0,8,8.0,23.0
UKG,United Kingdom,1904,8,0,8,8.0,24.0
UKG,United Kingdom,1905,8,0,8,8.0,25.0
UKG,United Kingdom,1906,8,0,8,8.0,26.0
UKG,United Kingdom,1907,8,0,8,8.0,27.0
UKG,United Kingdom,1908,8,0,8,8.0,28.0
UKG,United Kingdom,1909,8,0,8,8.0,29.0
UKG,United Kingdom,1910,8,0,8,8.0,30.0
UKG,United Kingdom,1911,8,0,8,8.0,31.0
UKG,United Kingdom,1912,8,0,8,8.0,32.0
UKG,United Kingdom,1913,8,0,8,8.0,33.0
UKG,United Kingdom,1914,8,0,8,8.0,34.0
UKG,United Kingdom,1915,8,0,8,8.0,35.0
UKG,United Kingdom,1916,8,0,8,8.0,36.0
UKG,United Kingdom,1917,8,0,8,8.0,37.0
UKG,United Kingdom,1918,8,0,8,8.0,38.0
UKG,United Kingdom,1919,8,0,8,8.0,39.0
UKG,United Kingdom,1920,8,0,8,8.0,40.0
UKG,United Kingdom,1921,8,0,8,8.0,41.0
UKG,United Kingdom,1922,10,0,10,10.0,42.0
UKG,United Kingdom,1923,10,0,10,10.0,43.0
UKG,United Kingdom,1924,10,0,10,10.0,44.0
UKG,United Kingdom,1925,10,0,10,10.0,45.0
UKG,United Kingdom,1926,10,0,10,10.0,46.0
UKG,United Kingdom,1927,10,0,10,10.0,47.0
UKG,United Kingdom,1928,10,0,10,10.0,48.0
UKG,United Kingdom,1929,10,0,10,10.0,49.0
UKG,United Kingdom,1930,10,0,10,10.0,50.0
UKG,United Kingdom,1931,10,0,10,10.0,51.0
UKG,United Kingdom,1932,10,0,10,10.0,52.0
UKG,United Kingdom,1933,10,0,10,10.0,53.0
UKG,United Kingdom,1934,10,0,10,10.0,54.0
UKG,United Kingdom,1935,10,0,10,10.0,55.0
UKG,United Kingdom,1936,10,0,10,10.0,56.0
UKG,United Kingdom,1937,10,0,10,10.0,57.0
UKG,United Kingdom,1938,10,0,10,10.0,58.0
UKG,United Kingdom,1939,10,0,10,10.0,59.0
UKG,United Kingdom,1940,10,0,10,10.0,60.0
UKG,United Kingdom,1941,10,0,10,10.0,61.0
UKG,United Kingdom,1942,10,0,10,10.0,62.0
UKG,United Kingdom,1943,10,0,10,10.0,63.0
UKG,United Kingdom,1944,10,0,10,10.0,64.0
UKG,United Kingdom,1945,10,0,10,10.0,65.0
UKG,United Kingdom,1946,10,0,10,10.0,66.0
UKG,United Kingdom,1947,10,0,10,10.0,67.0
UKG,United Kingdom,1948,10,0,10,10.0,68.0
UKG,United Kingdom,1949,10,0,10,10.0,69.0
UKG,United Kingdom,1950,10,0,10,10.0,70.0
UKG,United Kingdom,1951,10,0,10,10.0,71.0
UKG,United Kingdom,1952,10,0,10,10.0,72.0
UKG,United Kingdom,1953,10,0,10,10.0,73.0
UKG,United Kingdom,1954,10,0,10,10.0,74.0
UKG,United Kingdom,1955,10,0,10,10.0,75.0
UKG,United Kingdom,1956,10,0,10,10.0,76.0
UKG,United Kingdom,1957,10,0,10,10.0,77.0
UKG,United Kingdom,1958,10,0,10,10.0,78.0
UKG,United Kingdom,1959,10,0,10,10.0,79.0
UKG,United Kingdom,1960,10,0,10,10.0,80.0
UKG,United Kingdom,1961,10,0,10,10.0,81.0
UKG,United Kingdom,1962,10,0,10,10.0,82.0
UKG,United Kingdom,1963,10,0,10,10.0,83.0
UKG,United Kingdom,1964,10,0,10,10.0,84.0
UKG,United Kingdom,1965,10,0,10,10.0,85.0
UKG,United Kingdom,1966,10,0,10,10.0,86.0
UKG,United Kingdom,1967,10,0,10,10.0,87.0
UKG,United Kingdom,1968,10,0,10,10.0,88.0
UKG,United Kingdom,1969,10,0,10,10.0,89.0
UKG,United Kingdom,1970,10,0,10,10.0,90.0
UKG,United Kingdom,1971,10,0,10,10.0,91.0
UKG,United Kingdom,1972,10,0,10,10.0,92.0
UKG,United Kingdom,1973,10,0,10,10.0,93.0
UKG,United Kingdom,1974,10,0,10,10.0,94.0
UKG,United Kingdom,1975,10,0,10,10.0,95.0
UKG,United Kingdom,1976,10,0,10,10.0,96.0
UKG,United Kingdom,1977,10,0,10,10.0,97.0
UKG,United Kingdom,1978,10,0,10,10.0,98.0
UKG,United Kingdom,1979,10,0,10,10.0,99.0
UKG,United Kingdom,1980,10,0,10,10.0,100.0
UKG,United Kingdom,1981,10,0,10,10.0,101.0
UKG,United Kingdom,1982,10,0,10,10.0,102.0
UKG,United Kingdom,1983,10,0,10,10.0,103.0
UKG,United Kingdom,1984,10,0,10,10.0,104.0
UKG,United Kingdom,1985,10,0,10,10.0,105.0
UKG,United Kingdom,1986,10,0,10,10.0,106.0
UKG,United Kingdom,1987,10,0,10,10.0,107.0
UKG,United Kingdom,1988,10,0,10,10.0,108.0
UKG,United Kingdom,1989,10,0,10,10.0,109.0
UKG,United Kingdom,1990,10,0,10,10.0,110.0
UKG,United Kingdom,1991,10,0,10,10.0,111.0
UKG,United Kingdom,1992,10,0,10,10.0,112.0
UKG,United Kingdom,1993,10,0,10,10.0,113.0
UKG,United Kingdom,1994,10,0,10,10.0,114.0
UKG,United Kingdom,1995,10,0,10,10.0,115.0
UKG,United Kingdom,1996,10,0,10,10.0,116.0
UKG,United Kingdom,1997,10,0,10,10.0,117.0
UKG,United Kingdom,1998,10,0,10,10.0,118.0
UKG,United Kingdom,1999,10,0,10,10.0,119.0
UKG,United Kingdom,2000,10,0,10,10.0,120.0
UKG,United Kingdom,2001,10,0,10,10.0,121.0
UKG,United Kingdom,2002,10,0,10,10.0,122.0
UKG,United Kingdom,2003,10,0,10,10.0,123.0
UKG,United Kingdom,2004,10,0,10,10.0,124.0
UKG,United Kingdom,2005,10,0,10,10.0,125.0
UKG,United Kingdom,2006,10,0,10,10.0,126.0
UKG,United Kingdom,2007,10,0,10,10.0,127.0
UKG,United Kingdom,2008,10,0,10,10.0,128.0
UKG,United Kingdom,2009,10,0,10,10.0,129.0
UKG,United Kingdom,2010,10,0,10,10.0,130.0
UKG,United Kingdom,2011,10,0,10,10.0,131.0
UKG,United Kingdom,2012,10,0,10,10.0,132.0
UKG,United Kingdom,2013,10,0,10,10.0,133.0
UKG,United Kingdom,2014,10,0,10,10.0,134.0
UKG,United Kingdom,2015,10,0,10,10.0,135.0
UKG,United Kingdom,2016,8,0,8,8.0,136.0
UKG,United Kingdom,2017,8,0,8,8.0,137.0
UKG,United Kingdom,2018,8,0,8,8.0,138.0
UKR,Ukraine,1991,6,0,6,6.0,0.0
UKR,Ukraine,1992,6,0,6,6.0,1.0
UKR,Ukraine,1993,5,0,5,5.0,2.0
UKR,Ukraine,1994,7,0,7,7.0,3.0
UKR,Ukraine,1995,7,0,7,7.0,4.0
UKR,Ukraine,1996,7,0,7,7.0,5.0
UKR,Ukraine,1997,7,0,7,7.0,6.0
UKR,Ukraine,1998,7,0,7,7.0,7.0
UKR,Ukraine,1999,7,0,7,7.0,8.0
UKR,Ukraine,2000,6,0,6,6.0,9.0
UKR,Ukraine,2001,6,0,6,6.0,10.0
UKR,Ukraine,2002,6,0,6,6.0,11.0
UKR,Ukraine,2003,6,0,6,6.0,12.0
UKR,Ukraine,2004,6,0,6,6.0,13.0
UKR,Ukraine,2005,6,0,6,6.0,14.0
UKR,Ukraine,2006,7,0,7,7.0,15.0
UKR,Ukraine,2007,7,0,7,7.0,16.0
UKR,Ukraine,2008,7,0,7,7.0,17.0
UKR,Ukraine,2009,7,0,7,7.0,18.0
UKR,Ukraine,2010,6,0,6,6.0,19.0
UKR,Ukraine,2011,6,0,6,6.0,20.0
UKR,Ukraine,2012,6,0,6,6.0,21.0
UKR,Ukraine,2013,6,0,6,6.0,22.0
UKR,Ukraine,2014,5,1,4,4.0,23.0
UKR,Ukraine,2015,5,1,4,4.0,24.0
UKR,Ukraine,2016,5,1,4,4.0,25.0
UKR,Ukraine,2017,5,1,4,4.0,26.0
UKR,Ukraine,2018,5,1,4,4.0,27.0
UPC,United Province CA,1824,5,3,2,2.0,0.0
UPC,United Province CA,1825,5,3,2,2.0,1.0
UPC,United Province CA,1826,5,3,2,2.0,2.0
UPC,United Province CA,1827,5,3,2,2.0,3.0
UPC,United Province CA,1828,5,3,2,2.0,4.0
UPC,United Province CA,1829,5,3,2,2.0,5.0
UPC,United Province CA,1830,5,3,2,2.0,6.0
UPC,United Province CA,1831,5,3,2,2.0,7.0
UPC,United Province CA,1832,5,3,2,2.0,8.0
UPC,United Province CA,1833,5,3,2,2.0,9.0
UPC,United Province CA,1834,5,3,2,2.0,10.0
UPC,United Province CA,1835,5,3,2,2.0,11.0
UPC,United Province CA,1836,5,3,2,2.0,12.0
UPC,United Province CA,1837,5,3,2,2.0,13.0
UPC,United Province CA,1838,5,3,2,2.0,14.0
URU,Uruguay,1830,1,4,-3,-3.0,0.0
URU,Uruguay,1831,1,4,-3,-3.0,1.0
URU,Uruguay,1832,1,4,-3,-3.0,2.0
URU,Uruguay,1833,1,4,-3,-3.0,3.0
URU,Uruguay,1834,1,4,-3,-3.0,4.0
URU,Uruguay,1835,1,4,-3,-3.0,5.0
URU,Uruguay,1836,1,4,-3,-3.0,6.0
URU,Uruguay,1837,1,4,-3,-3.0,7.0
URU,Uruguay,1838,1,4,-3,-3.0,8.0
URU,Uruguay,1839,1,4,-3,-3.0,9.0
URU,Uruguay,1840,1,4,-3,-3.0,10.0
URU,Uruguay,1841,1,4,-3,-3.0,11.0
URU,Uruguay,1842,1,4,-3,-3.0,12.0
URU,Uruguay,1843,1,4,-3,-3.0,13.0
URU,Uruguay,1844,1,4,-3,-3.0,14.0
URU,Uruguay,1845,1,4,-3,-3.0,15.0
URU,Uruguay,1846,1,4,-3,-3.0,16.0
URU,Uruguay,1847,1,4,-3,-3.0,17.0
URU,Uruguay,1848,1,4,-3,-3.0,18.0
URU,Uruguay,1849,1,4,-3,-3.0,19.0
URU,Uruguay,1850,1,4,-3,-3.0,20.0
URU,Uruguay,1851,1,4,-3,-3.0,21.0
URU,Uruguay,1852,1,4,-3,-3.0,22.0
URU,Uruguay,1853,1,4,-3,-3.0,23.0
URU,Uruguay,1854,1,4,-3,-3.0,24.0
URU,Uruguay,1855,1,4,-3,-3.0,25.0
URU,Uruguay,1856,1,4,-3,-3.0,26.0
URU,Uruguay,1857,1,4,-3,-3.0,27.0
URU,Uruguay,1858,1,4,-3,-3.0,28.0
URU,Uruguay,1859,1,4,-3,-3.0,29.0
URU,Uruguay,1860,1,4,-3,-3.0,30.0
URU,Uruguay,1861,1,4,-3,-3.0,31.0
URU,Uruguay,1862,1,4,-3,-3.0,32.0
URU,Uruguay,1863,1,4,-3,-3.0,33.0
URU,Uruguay,1864,1,4,-3,-3.0,34.0
URU,Uruguay,1865,1,4,-3,-3.0,35.0
URU,Uruguay,1866,1,4,-3,-3.0,36.0
URU,Uruguay,1867,1,4,-3,-3.0,37.0
URU,Uruguay,1868,1,4,-3,-3.0,38.0
URU,Uruguay,1869,1,4,-3,-3.0,39.0
URU,Uruguay,1870,1,4,-3,-3.0,40.0
URU,Uruguay,1871,1,4,-3,-3.0,41.0
URU,Uruguay,1872,1,4,-3,-3.0,42.0
URU,Uruguay,1873,1,4,-3,-3.0,43.0
URU,Uruguay,1874,1,4,-3,-3.0,44.0
URU,Uruguay,1875,1,4,-3,-3.0,45.0
URU,Uruguay,1876,1,4,-3,-3.0,46.0
URU,Uruguay,1877,1,4,-3,-3.0,47.0
URU,Uruguay,1878,1,4,-3,-3.0,48.0
URU,Uruguay,1879,1,4,-3,-3.0,49.0
URU,Uruguay,1880,1,4,-3,-3.0,50.0
URU,Uruguay,1881,1,4,-3,-3.0,51.0
URU,Uruguay,1882,1,4,-3,-3.0,52.0
URU,Uruguay,1883,1,4,-3,-3.0,53.0
URU,Uruguay,1884,1,4,-3,-3.0,54.0
URU,Uruguay,1885,1,4,-3,-3.0,55.0
URU,Uruguay,1886,1,4,-3,-3.0,56.0
URU,Uruguay,1887,1,4,-3,-3.0,57.0
URU,Uruguay,1888,1,4,-3,-3.0,58.0
URU,Uruguay,1889,1,4,-3,-3.0,59.0
URU,Uruguay,1890,1,4,-3,-3.0,60.0
URU,Uruguay,1891,1,4,-3,-3.0,61.0
URU,Uruguay,1892,1,4,-3,-3.0,62.0
URU,Uruguay,1893,1,4,-3,-3.0,63.0
URU,Uruguay,1894,1,4,-3,-3.0,64.0
URU,Uruguay,1895,1,4,-3,-3.0,65.0
URU,Uruguay,1896,1,4,-3,-3.0,66.0
URU,Uruguay,1897,1,4,-3,-3.0,67.0
URU,Uruguay,1898,1,4,-3,-3.0,68.0
URU,Uruguay,1899,1,4,-3,-3.0,69.0
URU,Uruguay,1900,1,4,-3,-3.0,70.0
URU,Uruguay,1901,1,4,-3,-3.0,71.0
URU,Uruguay,1902,1,4,-3,-3.0,72.0
URU,Uruguay,1903,1,4,-3,-3.0,73.0
URU,Uruguay,1904,3,3,0,0.0,0.0
URU,Uruguay,1905,3,3,0,0.0,1.0
URU,Uruguay,1906,3,3,0,0.0,2.0
URU,Uruguay,1907,3,3,0,0.0,3.0
URU,Uruguay,1908,3,3,0,0.0,4.0
URU,Uruguay,1909,3,3,0,0.0,5.0
URU,Uruguay,1910,4,2,2,2.0,6.0
URU,Uruguay,1911,4,2,2,2.0,7.0
URU,Uruguay,1912,4,2,2,2.0,8.0
URU,Uruguay,1913,4,2,2,2.0,9.0
URU,Uruguay,1914,4,2,2,2.0,10.0
URU,Uruguay,1915,4,2,2,2.0,11.0
URU,Uruguay,1916,4,2,2,2.0,12.0
URU,Uruguay,1917,4,2,2,2.0,13.0
URU,Uruguay,1918,4,2,2,2.0,14.0
URU,Uruguay,1919,5,2,3,3.0,15.0
URU,Uruguay,1920,5,2,3,3.0,16.0
URU,Uruguay,1921,5,2,3,3.0,17.0
URU,Uruguay,1922,5,2,3,3.0,18.0
URU,Uruguay,1923,5,2,3,3.0,19.0
URU,Uruguay,1924,5,2,3,3.0,20.0
URU,Uruguay,1925,5,2,3,3.0,21.0
URU,Uruguay,1926,5,2,3,3.0,22.0
URU,Uruguay,1927,5,2,3,3.0,23.0
URU,Uruguay,1928,5,2,3,3.0,24.0
URU,Uruguay,1929,5,2,3,3.0,25.0
URU,Uruguay,1930,5,2,3,3.0,26.0
URU,Uruguay,1931,5,2,3,3.0,27.0
URU,Uruguay,1932,5,2,3,3.0,28.0
URU,Uruguay,1933,5,2,3,3.0,29.0
URU,Uruguay,1934,3,3,0,0.0,0.0
URU,Uruguay,1935,3,3,0,0.0,1.0
URU,Uruguay,1936,3,3,0,0.0,2.0
URU,Uruguay,1937,3,3,0,0.0,3.0
URU,Uruguay,1938,3,3,0,0.0,4.0
URU,Uruguay,1939,3,3,0,0.0,5.0
URU,Uruguay,1940,3,3,0,0.0,6.0
URU,Uruguay,1941,3,3,0,0.0,7.0
URU,Uruguay,1942,3,3,0,0.0,8.0
URU,Uruguay,1943,3,3,0,0.0,9.0
URU,Uruguay,1944,3,3,0,0.0,10.0
URU,Uruguay,1945,3,3,0,0.0,11.0
URU,Uruguay,1946,3,3,0,0.0,12.0
URU,Uruguay,1947,3,3,0,0.0,13.0
URU,Uruguay,1948,3,3,0,0.0,14.0
URU,Uruguay,1949,3,3,0,0.0,15.0
URU,Uruguay,1950,3,3,0,0.0,16.0
URU,Uruguay,1951,3,3,0,0.0,17.0
URU,Uruguay,1952,8,0,8,8.0,0.0
URU,Uruguay,1953,8,0,8,8.0,1.0
URU,Uruguay,1954,8,0,8,8.0,2.0
URU,Uruguay,1955,8,0,8,8.0,3.0
URU,Uruguay,1956,8,0,8,8.0,4.0
URU,Uruguay,1957,8,0,8,8.0,5.0
URU,Uruguay,1958,8,0,8,8.0,6.0
URU,Uruguay,1959,8,0,8,8.0,7.0
URU,Uruguay,1960,8,0,8,8.0,8.0
URU,Uruguay,1961,8,0,8,8.0,9.0
URU,Uruguay,1962,8,0,8,8.0,10.0
URU,Uruguay,1963,8,0,8,8.0,11.0
URU,Uruguay,1964,8,0,8,8.0,12.0
URU,Uruguay,1965,8,0,8,8.0,13.0
URU,Uruguay,1966,8,0,8,8.0,14.0
URU,Uruguay,1967,8,0,8,8.0,15.0
URU,Uruguay,1968,8,0,8,8.0,16.0
URU,Uruguay,1969,8,0,8,8.0,17.0
URU,Uruguay,1970,8,0,8,8.0,18.0
URU,Uruguay,1971,-88,-88,-88,3.0,0.0
URU,Uruguay,1972,-88,-88,-88,-3.0,0.0
URU,Uruguay,1973,0,8,-8,-8.0,0.0
URU,Uruguay,1974,0,8,-8,-8.0,1.0
URU,Uruguay,1975,0,8,-8,-8.0,2.0
URU,Uruguay,1976,0,8,-8,-8.0,3.0
URU,Uruguay,1977,0,8,-8,-8.0,4.0
URU,Uruguay,1978,0,7,-7,-7.0,5.0
URU,Uruguay,1979,0,7,-7,-7.0,6.0
URU,Uruguay,1980,0,7,-7,-7.0,7.0
URU,Uruguay,1981,0,7,-7,-7.0,8.0
URU,Uruguay,1982,0,7,-7,-7.0,9.0
URU,Uruguay,1983,0,7,-7,-7.0,10.0
URU,Uruguay,1984,0,7,-7,-7.0,11.0
URU,Uruguay,1985,9,0,9,9.0,0.0
URU,Uruguay,1986,9,0,9,9.0,1.0
URU,Uruguay,1987,9,0,9,9.0,2.0
URU,Uruguay,1988,9,0,9,9.0,3.0
URU,Uruguay,1989,10,0,10,10.0,4.0
URU,Uruguay,1990,10,0,10,10.0,5.0
URU,Uruguay,1991,10,0,10,10.0,6.0
URU,Uruguay,1992,10,0,10,10.0,7.0
URU,Uruguay,1993,10,0,10,10.0,8.0
URU,Uruguay,1994,10,0,10,10.0,9.0
URU,Uruguay,1995,10,0,10,10.0,10.0
URU,Uruguay,1996,10,0,10,10.0,11.0
URU,Uruguay,1997,10,0,10,10.0,12.0
URU,Uruguay,1998,10,0,10,10.0,13.0
URU,Uruguay,1999,10,0,10,10.0,14.0
URU,Uruguay,2000,10,0,10,10.0,15.0
URU,Uruguay,2001,10,0,10,10.0,16.0
URU,Uruguay,2002,10,0,10,10.0,17.0
URU,Uruguay,2003,10,0,10,10.0,18.0
URU,Uruguay,2004,10,0,10,10.0,19.0
URU,Uruguay,2005,10,0,10,10.0,20.0
URU,Uruguay,2006,10,0,10,10.0,21.0
URU,Uruguay,2007,10,0,10,10.0,22.0
URU,Uruguay,2008,10,0,10,10.0,23.0
URU,Uruguay,2009,10,0,10,10.0,24.0
URU,Uruguay,2010,10,0,10,10.0,25.0
URU,Uruguay,2011,10,0,10,10.0,26.0
URU,Uruguay,2012,10,0,10,10.0,27.0
URU,Uruguay,2013,10,0,10,10.0,28.0
URU,Uruguay,2014,10,0,10,10.0,29.0
URU,Uruguay,2015,10,0,10,10.0,30.0
URU,Uruguay,2016,10,0,10,10.0,31.0
URU,Uruguay,2017,10,0,10,10.0,32.0
URU,Uruguay,2018,10,0,10,10.0,33.0
USA,United States,1776,-77,-77,-77,0.0,0.0
USA,United States,1777,-77,-77,-77,0.0,0.0
USA,United States,1778,-77,-77,-77,0.0,0.0
USA,United States,1779,-77,-77,-77,0.0,0.0
USA,United States,1780,-77,-77,-77,0.0,0.0
USA,United States,1781,-77,-77,-77,0.0,0.0
USA,United States,1782,-77,-77,-77,0.0,0.0
USA,United States,1783,-88,-88,-88,0.0,0.0
USA,United States,1784,-88,-88,-88,0.0,0.0
USA,United States,1785,-88,-88,-88,0.0,0.0
USA,United States,1786,-88,-88,-88,0.0,0.0
USA,United States,1787,-88,-88,-88,0.0,0.0
USA,United States,1788,-88,-88,-88,0.0,0.0
USA,United States,1789,2,2,0,0.0,0.0
USA,United States,1790,2,2,0,0.0,1.0
USA,United States,1791,2,2,0,0.0,2.0
USA,United States,1792,2,2,0,0.0,3.0
USA,United States,1793,2,2,0,0.0,4.0
USA,United States,1794,2,2,0,0.0,5.0
USA,United States,1795,2,2,0,0.0,6.0
USA,United States,1796,2,2,0,0.0,7.0
USA,United States,1797,5,0,5,5.0,0.0
USA,United States,1798,5,0,5,5.0,1.0
USA,United States,1799,5,0,5,5.0,2.0
USA,United States,1800,5,0,5,5.0,3.0
USA,United States,1801,6,0,6,6.0,4.0
USA,United States,1802,6,0,6,6.0,5.0
USA,United States,1803,6,0,6,6.0,6.0
USA,United States,1804,6,0,6,6.0,7.0
USA,United States,1805,6,0,6,6.0,8.0
USA,United States,1806,6,0,6,6.0,9.0
USA,United States,1807,6,0,6,6.0,10.0
USA,United States,1808,6,0,6,6.0,11.0
USA,United States,1809,6,0,6,6.0,12.0
USA,United States,1810,6,0,6,6.0,13.0
USA,United States,1811,6,0,6,6.0,14.0
USA,United States,1812,6,0,6,6.0,15.0
USA,United States,1813,6,0,6,6.0,16.0
USA,United States,1814,6,0,6,6.0,17.0
USA,United States,1815,6,0,6,6.0,18.0
USA,United States,1816,6,0,6,6.0,19.0
USA,United States,1817,6,0,6,6.0,20.0
USA,United States,1818,6,0,6,6.0,21.0
USA,United States,1819,6,0,6,6.0,22.0
USA,United States,1820,6,0,6,6.0,23.0
USA,United States,1821,6,0,6,6.0,24.0
USA,United States,1822,6,0,6,6.0,25.0
USA,United States,1823,6,0,6,6.0,26.0
USA,United States,1824,6,0,6,6.0,27.0
USA,United States,1825,7,0,7,7.0,28.0
USA,United States,1826,7,0,7,7.0,29.0
USA,United States,1827,7,0,7,7.0,30.0
USA,United States,1828,7,0,7,7.0,31.0
USA,United States,1829,10,0,10,10.0,0.0
USA,United States,1830,10,0,10,10.0,1.0
USA,United States,1831,10,0,10,10.0,2.0
USA,United States,1832,10,0,10,10.0,3.0
USA,United States,1833,10,0,10,10.0,4.0
USA,United States,1834,10,0,10,10.0,5.0
USA,United States,1835,10,0,10,10.0,6.0
USA,United States,1836,10,0,10,10.0,7.0
USA,United States,1837,10,0,10,10.0,8.0
USA,United States,1838,10,0,10,10.0,9.0
USA,United States,1839,10,0,10,10.0,10.0
USA,United States,1840,10,0,10,10.0,11.0
USA,United States,1841,10,0,10,10.0,12.0
USA,United States,1842,10,0,10,10.0,13.0
USA,United States,1843,10,0,10,10.0,14.0
USA,United States,1844,10,0,10,10.0,15.0
USA,United States,1845,10,0,10,10.0,16.0
USA,United States,1846,10,0,10,10.0,17.0
USA,United States,1847,10,0,10,10.0,18.0
USA,United States,1848,10,0,10,10.0,19.0
USA,United States,1849,10,0,10,10.0,20.0
USA,United States,1850,9,0,9,9.0,21.0
USA,United States,1851,9,0,9,9.0,22.0
USA,United States,1852,9,0,9,9.0,23.0
USA,United States,1853,9,0,9,9.0,24.0
USA,United States,1854,8,0,8,8.0,25.0
USA,United States,1855,8,0,8,8.0,26.0
USA,United States,1856,8,0,8,8.0,27.0
USA,United States,1857,8,0,8,8.0,28.0
USA,United States,1858,8,0,8,8.0,29.0
USA,United States,1859,8,0,8,8.0,30.0
USA,United States,1860,-77,-77,-77,0.0,0.0
USA,United States,1861,-77,-77,-77,0.0,0.0
USA,United States,1862,-77,-77,-77,0.0,0.0
USA,United States,1863,-77,-77,-77,0.0,0.0
USA,United States,1864,-77,-77,-77,0.0,0.0
USA,United States,1865,8,1,7,7.0,0.0
USA,United States,1866,8,1,7,7.0,1.0
USA,United States,1867,8,1,7,7.0,2.0
USA,United States,1868,8,1,7,7.0,3.0
USA,United States,1869,8,1,7,7.0,4.0
USA,United States,1870,8,1,7,7.0,5.0
USA,United States,1871,8,1,7,7.0,6.0
USA,United States,1872,9,1,8,8.0,7.0
USA,United States,1873,9,1,8,8.0,8.0
USA,United States,1874,9,1,8,8.0,9.0
USA,United States,1875,9,1,8,8.0,10.0
USA,United States,1876,9,1,8,8.0,11.0
USA,United States,1877,9,0,9,9.0,12.0
USA,United States,1878,9,0,9,9.0,13.0
USA,United States,1879,9,0,9,9.0,14.0
USA,United States,1880,9,0,9,9.0,15.0
USA,United States,1881,9,0,9,9.0,16.0
USA,United States,1882,9,0,9,9.0,17.0
USA,United States,1883,9,0,9,9.0,18.0
USA,United States,1884,9,0,9,9.0,19.0
USA,United States,1885,9,0,9,9.0,20.0
USA,United States,1886,9,0,9,9.0,21.0
USA,United States,1887,9,0,9,9.0,22.0
USA,United States,1888,9,0,9,9.0,23.0
USA,United States,1889,9,0,9,9.0,24.0
USA,United States,1890,9,0,9,9.0,25.0
USA,United States,1891,9,0,9,9.0,26.0
USA,United States,1892,9,0,9,9.0,27.0
USA,United States,1893,9,0,9,9.0,28.0
USA,United States,1894,9,0,9,9.0,29.0
USA,United States,1895,9,0,9,9.0,30.0
USA,United States,1896,9,0,9,9.0,31.0
USA,United States,1897,9,0,9,9.0,32.0
USA,United States,1898,9,0,9,9.0,33.0
USA,United States,1899,9,0,9,9.0,34.0
USA,United States,1900,9,0,9,9.0,35.0
USA,United States,1901,9,0,9,9.0,36.0
USA,United States,1902,9,0,9,9.0,37.0
USA,United States,1903,9,0,9,9.0,38.0
USA,United States,1904,9,0,9,9.0,39.0
USA,United States,1905,9,0,9,9.0,40.0
USA,United States,1906,9,0,9,9.0,41.0
USA,United States,1907,9,0,9,9.0,42.0
USA,United States,1908,9,0,9,9.0,43.0
USA,United States,1909,9,0,9,9.0,44.0
USA,United States,1910,9,0,9,9.0,45.0
USA,United States,1911,9,0,9,9.0,46.0
USA,United States,1912,9,0,9,9.0,47.0
USA,United States,1913,9,0,9,9.0,48.0
USA,United States,1914,9,0,9,9.0,49.0
USA,United States,1915,9,0,9,9.0,50.0
USA,United States,1916,9,0,9,9.0,51.0
USA,United States,1917,9,0,9,9.0,52.0
USA,United States,1918,9,0,9,9.0,53.0
USA,United States,1919,9,0,9,9.0,54.0
USA,United States,1920,9,0,9,9.0,55.0
USA,United States,1921,9,0,9,9.0,56.0
USA,United States,1922,9,0,9,9.0,57.0
USA,United States,1923,9,0,9,9.0,58.0
USA,United States,1924,9,0,9,9.0,59.0
USA,United States,1925,9,0,9,9.0,60.0
USA,United States,1926,9,0,9,9.0,61.0
USA,United States,1927,9,0,9,9.0,62.0
USA,United States,1928,9,0,9,9.0,63.0
USA,United States,1929,9,0,9,9.0,64.0
USA,United States,1930,9,0,9,9.0,65.0
USA,United States,1931,9,0,9,9.0,66.0
USA,United States,1932,9,0,9,9.0,67.0
USA,United States,1933,9,0,9,9.0,68.0
USA,United States,1934,9,0,9,9.0,69.0
USA,United States,1935,9,0,9,9.0,70.0
USA,United States,1936,9,0,9,9.0,71.0
USA,United States,1937,9,0,9,9.0,72.0
USA,United States,1938,9,0,9,9.0,73.0
USA,United States,1939,9,0,9,9.0,74.0
USA,United States,1940,9,0,9,9.0,75.0
USA,United States,1941,9,0,9,9.0,76.0
USA,United States,1942,9,0,9,9.0,77.0
USA,United States,1943,9,0,9,9.0,78.0
USA,United States,1944,9,0,9,9.0,79.0
USA,United States,1945,9,0,9,9.0,80.0
USA,United States,1946,9,0,9,9.0,81.0
USA,United States,1947,9,0,9,9.0,82.0
USA,United States,1948,9,0,9,9.0,83.0
USA,United States,1949,9,0,9,9.0,84.0
USA,United States,1950,9,0,9,9.0,85.0
USA,United States,1951,9,0,9,9.0,86.0
USA,United States,1952,9,0,9,9.0,87.0
USA,United States,1953,9,0,9,9.0,88.0
USA,United States,1954,9,0,9,9.0,89.0
USA,United States,1955,9,0,9,9.0,90.0
USA,United States,1956,9,0,9,9.0,91.0
USA,United States,1957,9,0,9,9.0,92.0
USA,United States,1958,9,0,9,9.0,93.0
USA,United States,1959,9,0,9,9.0,94.0
USA,United States,1960,9,0,9,9.0,95.0
USA,United States,1961,9,0,9,9.0,96.0
USA,United States,1962,9,0,9,9.0,97.0
USA,United States,1963,9,0,9,9.0,98.0
USA,United States,1964,9,0,9,9.0,99.0
USA,United States,1965,9,0,9,9.0,100.0
USA,United States,1966,9,0,9,9.0,101.0
USA,United States,1967,8,0,8,8.0,102.0
USA,United States,1968,8,0,8,8.0,103.0
USA,United States,1969,8,0,8,8.0,104.0
USA,United States,1970,8,0,8,8.0,105.0
USA,United States,1971,8,0,8,8.0,106.0
USA,United States,1972,8,0,8,8.0,107.0
USA,United States,1973,8,0,8,8.0,108.0
USA,United States,1974,10,0,10,10.0,109.0
USA,United States,1975,10,0,10,10.0,110.0
USA,United States,1976,10,0,10,10.0,111.0
USA,United States,1977,10,0,10,10.0,112.0
USA,United States,1978,10,0,10,10.0,113.0
USA,United States,1979,10,0,10,10.0,114.0
USA,United States,1980,10,0,10,10.0,115.0
USA,United States,1981,10,0,10,10.0,116.0
USA,United States,1982,10,0,10,10.0,117.0
USA,United States,1983,10,0,10,10.0,118.0
USA,United States,1984,10,0,10,10.0,119.0
USA,United States,1985,10,0,10,10.0,120.0
USA,United States,1986,10,0,10,10.0,121.0
USA,United States,1987,10,0,10,10.0,122.0
USA,United States,1988,10,0,10,10.0,123.0
USA,United States,1989,10,0,10,10.0,124.0
USA,United States,1990,10,0,10,10.0,125.0
USA,United States,1991,10,0,10,10.0,126.0
USA,United States,1992,10,0,10,10.0,127.0
USA,United States,1993,10,0,10,10.0,128.0
USA,United States,1994,10,0,10,10.0,129.0
USA,United States,1995,10,0,10,10.0,130.0
USA,United States,1996,10,0,10,10.0,131.0
USA,United States,1997,10,0,10,10.0,132.0
USA,United States,1998,10,0,10,10.0,133.0
USA,United States,1999,10,0,10,10.0,134.0
USA,United States,2000,10,0,10,10.0,135.0
USA,United States,2001,10,0,10,10.0,136.0
USA,United States,2002,10,0,10,10.0,137.0
USA,United States,2003,10,0,10,10.0,138.0
USA,United States,2004,10,0,10,10.0,139.0
USA,United States,2005,10,0,10,10.0,140.0
USA,United States,2006,10,0,10,10.0,140.0
USA,United States,2007,10,0,10,10.0,142.0
USA,United States,2008,10,0,10,10.0,143.0
USA,United States,2009,10,0,10,10.0,144.0
USA,United States,2010,10,0,10,10.0,145.0
USA,United States,2011,10,0,10,10.0,146.0
USA,United States,2012,10,0,10,10.0,147.0
USA,United States,2013,10,0,10,10.0,148.0
USA,United States,2014,10,0,10,10.0,149.0
USA,United States,2015,10,0,10,10.0,150.0
USA,United States,2016,8,0,8,8.0,
USA,United States,2017,8,0,8,8.0,
USA,United States,2018,8,0,8,8.0,
USA,United States,2019,7,0,7,7.0,
USA,United States,2020,5,0,5,5.0,
USR,USSR,1922,0,7,-7,-7.0,0.0
USR,USSR,1923,0,7,-7,-7.0,1.0
USR,USSR,1924,0,7,-7,-7.0,2.0
USR,USSR,1925,0,7,-7,-7.0,3.0
USR,USSR,1926,0,7,-7,-7.0,4.0
USR,USSR,1927,0,8,-8,-8.0,5.0
USR,USSR,1928,0,8,-8,-8.0,6.0
USR,USSR,1929,0,8,-8,-8.0,7.0
USR,USSR,1930,0,8,-8,-8.0,8.0
USR,USSR,1931,0,8,-8,-8.0,9.0
USR,USSR,1932,0,8,-8,-8.0,10.0
USR,USSR,1933,0,9,-9,-9.0,11.0
USR,USSR,1934,0,9,-9,-9.0,12.0
USR,USSR,1935,0,9,-9,-9.0,13.0
USR,USSR,1936,0,9,-9,-9.0,14.0
USR,USSR,1937,0,9,-9,-9.0,15.0
USR,USSR,1938,0,9,-9,-9.0,16.0
USR,USSR,1939,0,9,-9,-9.0,17.0
USR,USSR,1940,0,9,-9,-9.0,18.0
USR,USSR,1941,0,9,-9,-9.0,19.0
USR,USSR,1942,0,9,-9,-9.0,20.0
USR,USSR,1943,0,9,-9,-9.0,21.0
USR,USSR,1944,0,9,-9,-9.0,22.0
USR,USSR,1945,0,9,-9,-9.0,23.0
USR,USSR,1946,0,9,-9,-9.0,24.0
USR,USSR,1947,0,9,-9,-9.0,25.0
USR,USSR,1948,0,9,-9,-9.0,26.0
USR,USSR,1949,0,9,-9,-9.0,27.0
USR,USSR,1950,0,9,-9,-9.0,28.0
USR,USSR,1951,0,9,-9,-9.0,29.0
USR,USSR,1952,0,9,-9,-9.0,30.0
USR,USSR,1953,0,7,-7,-7.0,31.0
USR,USSR,1954,0,7,-7,-7.0,32.0
USR,USSR,1955,0,7,-7,-7.0,33.0
USR,USSR,1956,0,7,-7,-7.0,34.0
USR,USSR,1957,0,7,-7,-7.0,35.0
USR,USSR,1958,0,7,-7,-7.0,36.0
USR,USSR,1959,0,7,-7,-7.0,37.0
USR,USSR,1960,0,7,-7,-7.0,38.0
USR,USSR,1961,0,7,-7,-7.0,39.0
USR,USSR,1962,0,7,-7,-7.0,40.0
USR,USSR,1963,0,7,-7,-7.0,41.0
USR,USSR,1964,0,7,-7,-7.0,42.0
USR,USSR,1965,0,7,-7,-7.0,43.0
USR,USSR,1966,0,7,-7,-7.0,44.0
USR,USSR,1967,0,7,-7,-7.0,45.0
USR,USSR,1968,0,7,-7,-7.0,46.0
USR,USSR,1969,0,7,-7,-7.0,47.0
USR,USSR,1970,0,7,-7,-7.0,48.0
USR,USSR,1971,0,7,-7,-7.0,49.0
USR,USSR,1972,0,7,-7,-7.0,50.0
USR,USSR,1973,0,7,-7,-7.0,51.0
USR,USSR,1974,0,7,-7,-7.0,52.0
USR,USSR,1975,0,7,-7,-7.0,53.0
USR,USSR,1976,0,7,-7,-7.0,54.0
USR,USSR,1977,0,7,-7,-7.0,55.0
USR,USSR,1978,0,7,-7,-7.0,56.0
USR,USSR,1979,0,7,-7,-7.0,57.0
USR,USSR,1980,0,7,-7,-7.0,58.0
USR,USSR,1981,0,7,-7,-7.0,59.0
USR,USSR,1982,0,7,-7,-7.0,60.0
USR,USSR,1983,0,7,-7,-7.0,61.0
USR,USSR,1984,0,7,-7,-7.0,62.0
USR,USSR,1985,0,7,-7,-7.0,63.0
USR,USSR,1986,0,7,-7,-7.0,64.0
USR,USSR,1987,0,7,-7,-7.0,65.0
USR,USSR,1988,0,6,-6,-6.0,0.0
USR,USSR,1989,1,5,-4,-4.0,0.0
USR,USSR,1990,3,3,0,0.0,0.0
USR,USSR,1991,3,3,0,0.0,0.0
UZB,Uzbekistan,1991,0,9,-9,-9.0,0.0
UZB,Uzbekistan,1992,0,9,-9,-9.0,1.0
UZB,Uzbekistan,1993,0,9,-9,-9.0,2.0
UZB,Uzbekistan,1994,0,9,-9,-9.0,3.0
UZB,Uzbekistan,1995,0,9,-9,-9.0,4.0
UZB,Uzbekistan,1996,0,9,-9,-9.0,5.0
UZB,Uzbekistan,1997,0,9,-9,-9.0,6.0
UZB,Uzbekistan,1998,0,9,-9,-9.0,7.0
UZB,Uzbekistan,1999,0,9,-9,-9.0,8.0
UZB,Uzbekistan,2000,0,9,-9,-9.0,9.0
UZB,Uzbekistan,2001,0,9,-9,-9.0,10.0
UZB,Uzbekistan,2002,0,9,-9,-9.0,11.0
UZB,Uzbekistan,2003,0,9,-9,-9.0,12.0
UZB,Uzbekistan,2004,0,9,-9,-9.0,13.0
UZB,Uzbekistan,2005,0,9,-9,-9.0,14.0
UZB,Uzbekistan,2006,0,9,-9,-9.0,15.0
UZB,Uzbekistan,2007,0,9,-9,-9.0,16.0
UZB,Uzbekistan,2008,0,9,-9,-9.0,17.0
UZB,Uzbekistan,2009,0,9,-9,-9.0,18.0
UZB,Uzbekistan,2010,0,9,-9,-9.0,19.0
UZB,Uzbekistan,2011,0,9,-9,-9.0,20.0
UZB,Uzbekistan,2012,0,9,-9,-9.0,21.0
UZB,Uzbekistan,2013,0,9,-9,-9.0,22.0
UZB,Uzbekistan,2014,0,9,-9,-9.0,23.0
UZB,Uzbekistan,2015,0,9,-9,-9.0,24.0
UZB,Uzbekistan,2016,0,9,-9,-9.0,25.0
UZB,Uzbekistan,2017,0,9,-9,-9.0,26.0
UZB,Uzbekistan,2018,0,9,-9,-9.0,27.0
VEN,Venezuela,1830,1,6,-5,-5.0,0.0
VEN,Venezuela,1831,1,6,-5,-5.0,1.0
VEN,Venezuela,1832,1,6,-5,-5.0,2.0
VEN,Venezuela,1833,1,6,-5,-5.0,3.0
VEN,Venezuela,1834,1,6,-5,-5.0,4.0
VEN,Venezuela,1835,1,6,-5,-5.0,5.0
VEN,Venezuela,1836,1,6,-5,-5.0,6.0
VEN,Venezuela,1837,1,6,-5,-5.0,7.0
VEN,Venezuela,1838,1,6,-5,-5.0,8.0
VEN,Venezuela,1839,1,6,-5,-5.0,9.0
VEN,Venezuela,1840,1,6,-5,-5.0,10.0
VEN,Venezuela,1841,1,6,-5,-5.0,11.0
VEN,Venezuela,1842,1,6,-5,-5.0,12.0
VEN,Venezuela,1843,1,6,-5,-5.0,13.0
VEN,Venezuela,1844,1,6,-5,-5.0,14.0
VEN,Venezuela,1845,1,6,-5,-5.0,15.0
VEN,Venezuela,1846,1,6,-5,-5.0,16.0
VEN,Venezuela,1847,1,6,-5,-5.0,17.0
VEN,Venezuela,1848,1,6,-5,-5.0,18.0
VEN,Venezuela,1849,1,6,-5,-5.0,19.0
VEN,Venezuela,1850,1,6,-5,-5.0,20.0
VEN,Venezuela,1851,1,6,-5,-5.0,21.0
VEN,Venezuela,1852,1,6,-5,-5.0,22.0
VEN,Venezuela,1853,1,6,-5,-5.0,23.0
VEN,Venezuela,1854,1,6,-5,-5.0,24.0
VEN,Venezuela,1855,1,6,-5,-5.0,25.0
VEN,Venezuela,1856,1,6,-5,-5.0,26.0
VEN,Venezuela,1857,1,6,-5,-5.0,27.0
VEN,Venezuela,1858,1,6,-5,-5.0,28.0
VEN,Venezuela,1859,1,6,-5,-5.0,29.0
VEN,Venezuela,1860,1,6,-5,-5.0,30.0
VEN,Venezuela,1861,1,6,-5,-5.0,31.0
VEN,Venezuela,1862,1,6,-5,-5.0,32.0
VEN,Venezuela,1863,1,6,-5,-5.0,33.0
VEN,Venezuela,1864,1,6,-5,-5.0,34.0
VEN,Venezuela,1865,1,6,-5,-5.0,35.0
VEN,Venezuela,1866,1,6,-5,-5.0,36.0
VEN,Venezuela,1867,1,6,-5,-5.0,37.0
VEN,Venezuela,1868,1,6,-5,-5.0,38.0
VEN,Venezuela,1869,1,6,-5,-5.0,39.0
VEN,Venezuela,1870,1,6,-5,-5.0,40.0
VEN,Venezuela,1871,1,6,-5,-5.0,41.0
VEN,Venezuela,1872,1,6,-5,-5.0,42.0
VEN,Venezuela,1873,1,6,-5,-5.0,43.0
VEN,Venezuela,1874,1,6,-5,-5.0,44.0
VEN,Venezuela,1875,1,6,-5,-5.0,45.0
VEN,Venezuela,1876,1,6,-5,-5.0,46.0
VEN,Venezuela,1877,1,6,-5,-5.0,47.0
VEN,Venezuela,1878,1,6,-5,-5.0,48.0
VEN,Venezuela,1879,1,6,-5,-5.0,49.0
VEN,Venezuela,1880,1,6,-5,-5.0,50.0
VEN,Venezuela,1881,1,5,-4,-4.0,51.0
VEN,Venezuela,1882,1,5,-4,-4.0,52.0
VEN,Venezuela,1883,1,5,-4,-4.0,53.0
VEN,Venezuela,1884,1,5,-4,-4.0,54.0
VEN,Venezuela,1885,1,5,-4,-4.0,55.0
VEN,Venezuela,1886,1,5,-4,-4.0,56.0
VEN,Venezuela,1887,1,5,-4,-4.0,57.0
VEN,Venezuela,1888,1,5,-4,-4.0,58.0
VEN,Venezuela,1889,1,5,-4,-4.0,59.0
VEN,Venezuela,1890,1,5,-4,-4.0,60.0
VEN,Venezuela,1891,1,5,-4,-4.0,61.0
VEN,Venezuela,1892,1,4,-3,-3.0,62.0
VEN,Venezuela,1893,1,4,-3,-3.0,63.0
VEN,Venezuela,1894,1,4,-3,-3.0,64.0
VEN,Venezuela,1895,1,4,-3,-3.0,65.0
VEN,Venezuela,1896,1,4,-3,-3.0,66.0
VEN,Venezuela,1897,1,4,-3,-3.0,67.0
VEN,Venezuela,1898,1,4,-3,-3.0,68.0
VEN,Venezuela,1899,1,4,-3,-3.0,69.0
VEN,Venezuela,1900,1,4,-3,-3.0,70.0
VEN,Venezuela,1901,1,4,-3,-3.0,71.0
VEN,Venezuela,1902,1,4,-3,-3.0,72.0
VEN,Venezuela,1903,1,4,-3,-3.0,73.0
VEN,Venezuela,1904,1,4,-3,-3.0,74.0
VEN,Venezuela,1905,1,4,-3,-3.0,75.0
VEN,Venezuela,1906,1,4,-3,-3.0,76.0
VEN,Venezuela,1907,1,4,-3,-3.0,77.0
VEN,Venezuela,1908,1,4,-3,-3.0,78.0
VEN,Venezuela,1909,0,6,-6,-6.0,0.0
VEN,Venezuela,1910,0,6,-6,-6.0,1.0
VEN,Venezuela,1911,0,6,-6,-6.0,2.0
VEN,Venezuela,1912,0,6,-6,-6.0,3.0
VEN,Venezuela,1913,0,6,-6,-6.0,4.0
VEN,Venezuela,1914,0,6,-6,-6.0,5.0
VEN,Venezuela,1915,0,6,-6,-6.0,6.0
VEN,Venezuela,1916,0,6,-6,-6.0,7.0
VEN,Venezuela,1917,0,6,-6,-6.0,8.0
VEN,Venezuela,1918,0,6,-6,-6.0,9.0
VEN,Venezuela,1919,0,6,-6,-6.0,10.0
VEN,Venezuela,1920,0,9,-9,-9.0,0.0
VEN,Venezuela,1921,0,9,-9,-9.0,1.0
VEN,Venezuela,1922,0,9,-9,-9.0,2.0
VEN,Venezuela,1923,0,9,-9,-9.0,3.0
VEN,Venezuela,1924,0,9,-9,-9.0,4.0
VEN,Venezuela,1925,0,9,-9,-9.0,5.0
VEN,Venezuela,1926,0,9,-9,-9.0,6.0
VEN,Venezuela,1927,0,9,-9,-9.0,7.0
VEN,Venezuela,1928,0,9,-9,-9.0,8.0
VEN,Venezuela,1929,0,9,-9,-9.0,9.0
VEN,Venezuela,1930,0,9,-9,-9.0,10.0
VEN,Venezuela,1931,0,9,-9,-9.0,11.0
VEN,Venezuela,1932,0,9,-9,-9.0,12.0
VEN,Venezuela,1933,0,9,-9,-9.0,13.0
VEN,Venezuela,1934,0,9,-9,-9.0,14.0
VEN,Venezuela,1935,-88,-88,-88,-7.0,0.0
VEN,Venezuela,1936,0,6,-6,-6.0,0.0
VEN,Venezuela,1937,0,5,-5,-5.0,0.0
VEN,Venezuela,1938,0,5,-5,-5.0,1.0
VEN,Venezuela,1939,0,5,-5,-5.0,2.0
VEN,Venezuela,1940,0,5,-5,-5.0,3.0
VEN,Venezuela,1941,1,4,-3,-3.0,4.0
VEN,Venezuela,1942,1,4,-3,-3.0,5.0
VEN,Venezuela,1943,1,4,-3,-3.0,6.0
VEN,Venezuela,1944,1,4,-3,-3.0,7.0
VEN,Venezuela,1945,1,4,-3,-3.0,8.0
VEN,Venezuela,1946,1,4,-3,-3.0,9.0
VEN,Venezuela,1947,1,4,-3,-3.0,10.0
VEN,Venezuela,1948,1,4,-3,-3.0,11.0
VEN,Venezuela,1949,1,4,-3,-3.0,12.0
VEN,Venezuela,1950,1,4,-3,-3.0,13.0
VEN,Venezuela,1951,1,4,-3,-3.0,14.0
VEN,Venezuela,1952,1,4,-3,-3.0,15.0
VEN,Venezuela,1953,1,4,-3,-3.0,16.0
VEN,Venezuela,1954,1,4,-3,-3.0,17.0
VEN,Venezuela,1955,1,4,-3,-3.0,18.0
VEN,Venezuela,1956,1,4,-3,-3.0,19.0
VEN,Venezuela,1957,1,4,-3,-3.0,20.0
VEN,Venezuela,1958,7,1,6,6.0,0.0
VEN,Venezuela,1959,7,1,6,6.0,1.0
VEN,Venezuela,1960,7,1,6,6.0,2.0
VEN,Venezuela,1961,7,1,6,6.0,3.0
VEN,Venezuela,1962,7,1,6,6.0,4.0
VEN,Venezuela,1963,7,1,6,6.0,5.0
VEN,Venezuela,1964,7,1,6,6.0,6.0
VEN,Venezuela,1965,7,1,6,6.0,7.0
VEN,Venezuela,1966,7,1,6,6.0,8.0
VEN,Venezuela,1967,7,1,6,6.0,9.0
VEN,Venezuela,1968,8,1,7,7.0,0.0
VEN,Venezuela,1969,9,0,9,9.0,0.0
VEN,Venezuela,1970,9,0,9,9.0,1.0
VEN,Venezuela,1971,9,0,9,9.0,2.0
VEN,Venezuela,1972,9,0,9,9.0,3.0
VEN,Venezuela,1973,9,0,9,9.0,4.0
VEN,Venezuela,1974,9,0,9,9.0,5.0
VEN,Venezuela,1975,9,0,9,9.0,6.0
VEN,Venezuela,1976,9,0,9,9.0,7.0
VEN,Venezuela,1977,9,0,9,9.0,8.0
VEN,Venezuela,1978,9,0,9,9.0,9.0
VEN,Venezuela,1979,9,0,9,9.0,10.0
VEN,Venezuela,1980,9,0,9,9.0,11.0
VEN,Venezuela,1981,9,0,9,9.0,12.0
VEN,Venezuela,1982,9,0,9,9.0,13.0
VEN,Venezuela,1983,9,0,9,9.0,14.0
VEN,Venezuela,1984,9,0,9,9.0,15.0
VEN,Venezuela,1985,9,0,9,9.0,16.0
VEN,Venezuela,1986,9,0,9,9.0,17.0
VEN,Venezuela,1987,9,0,9,9.0,18.0
VEN,Venezuela,1988,9,0,9,9.0,19.0
VEN,Venezuela,1989,9,0,9,9.0,20.0
VEN,Venezuela,1990,9,0,9,9.0,21.0
VEN,Venezuela,1991,9,0,9,9.0,22.0
VEN,Venezuela,1992,8,0,8,8.0,23.0
VEN,Venezuela,1993,8,0,8,8.0,24.0
VEN,Venezuela,1994,8,0,8,8.0,25.0
VEN,Venezuela,1995,8,0,8,8.0,26.0
VEN,Venezuela,1996,8,0,8,8.0,27.0
VEN,Venezuela,1997,8,0,8,8.0,28.0
VEN,Venezuela,1998,8,0,8,8.0,29.0
VEN,Venezuela,1999,7,0,7,7.0,30.0
VEN,Venezuela,2000,7,0,7,7.0,31.0
VEN,Venezuela,2001,6,0,6,6.0,32.0
VEN,Venezuela,2002,6,0,6,6.0,33.0
VEN,Venezuela,2003,6,0,6,6.0,34.0
VEN,Venezuela,2004,6,0,6,6.0,35.0
VEN,Venezuela,2005,6,0,6,6.0,36.0
VEN,Venezuela,2006,5,0,5,5.0,37.0
VEN,Venezuela,2007,5,0,5,5.0,38.0
VEN,Venezuela,2008,5,0,5,5.0,39.0
VEN,Venezuela,2009,1,4,-3,-3.0,0.0
VEN,Venezuela,2010,1,4,-3,-3.0,1.0
VEN,Venezuela,2011,1,4,-3,-3.0,2.0
VEN,Venezuela,2012,1,4,-3,-3.0,3.0
VEN,Venezuela,2013,4,0,4,4.0,0.0
VEN,Venezuela,2014,4,0,4,4.0,1.0
VEN,Venezuela,2015,4,0,4,4.0,2.0
VEN,Venezuela,2016,4,0,4,4.0,3.0
VEN,Venezuela,2017,1,4,-3,-3.0,0.0
VEN,Venezuela,2018,1,4,-3,-3.0,1.0
VIE,Vietnam,1976,0,7,-7,-7.0,22.0
VIE,Vietnam,1977,0,7,-7,-7.0,23.0
VIE,Vietnam,1978,0,7,-7,-7.0,24.0
VIE,Vietnam,1979,0,7,-7,-7.0,25.0
VIE,Vietnam,1980,0,7,-7,-7.0,26.0
VIE,Vietnam,1981,0,7,-7,-7.0,27.0
VIE,Vietnam,1982,0,7,-7,-7.0,28.0
VIE,Vietnam,1983,0,7,-7,-7.0,29.0
VIE,Vietnam,1984,0,7,-7,-7.0,30.0
VIE,Vietnam,1985,0,7,-7,-7.0,31.0
VIE,Vietnam,1986,0,7,-7,-7.0,32.0
VIE,Vietnam,1987,0,7,-7,-7.0,33.0
VIE,Vietnam,1988,0,7,-7,-7.0,34.0
VIE,Vietnam,1989,0,7,-7,-7.0,35.0
VIE,Vietnam,1990,0,7,-7,-7.0,36.0
VIE,Vietnam,1991,0,7,-7,-7.0,37.0
VIE,Vietnam,1992,0,7,-7,-7.0,38.0
VIE,Vietnam,1993,0,7,-7,-7.0,39.0
VIE,Vietnam,1994,0,7,-7,-7.0,40.0
VIE,Vietnam,1995,0,7,-7,-7.0,41.0
VIE,Vietnam,1996,0,7,-7,-7.0,42.0
VIE,Vietnam,1997,0,7,-7,-7.0,43.0
VIE,Vietnam,1998,0,7,-7,-7.0,44.0
VIE,Vietnam,1999,0,7,-7,-7.0,45.0
VIE,Vietnam,2000,0,7,-7,-7.0,46.0
VIE,Vietnam,2001,0,7,-7,-7.0,47.0
VIE,Vietnam,2002,0,7,-7,-7.0,48.0
VIE,Vietnam,2003,0,7,-7,-7.0,49.0
VIE,Vietnam,2004,0,7,-7,-7.0,50.0
VIE,Vietnam,2005,0,7,-7,-7.0,51.0
VIE,Vietnam,2006,0,7,-7,-7.0,52.0
VIE,Vietnam,2007,0,7,-7,-7.0,53.0
VIE,Vietnam,2008,0,7,-7,-7.0,54.0
VIE,Vietnam,2009,0,7,-7,-7.0,55.0
VIE,Vietnam,2010,0,7,-7,-7.0,56.0
VIE,Vietnam,2011,0,7,-7,-7.0,57.0
VIE,Vietnam,2012,0,7,-7,-7.0,58.0
VIE,Vietnam,2013,0,7,-7,-7.0,59.0
VIE,Vietnam,2014,0,7,-7,-7.0,60.0
VIE,Vietnam,2015,0,7,-7,-7.0,61.0
VIE,Vietnam,2016,0,7,-7,-7.0,62.0
VIE,Vietnam,2017,0,7,-7,-7.0,63.0
VIE,Vietnam,2018,0,7,-7,-7.0,64.0
WRT,Wuerttemburg,1800,0,7,-7,-7.0,
WRT,Wuerttemburg,1801,0,7,-7,-7.0,
WRT,Wuerttemburg,1802,0,7,-7,-7.0,
WRT,Wuerttemburg,1803,0,7,-7,-7.0,
WRT,Wuerttemburg,1804,0,7,-7,-7.0,
WRT,Wuerttemburg,1805,0,7,-7,-7.0,
WRT,Wuerttemburg,1806,0,7,-7,-7.0,
WRT,Wuerttemburg,1807,0,7,-7,-7.0,
WRT,Wuerttemburg,1808,0,7,-7,-7.0,
WRT,Wuerttemburg,1809,0,7,-7,-7.0,
WRT,Wuerttemburg,1810,0,7,-7,-7.0,
WRT,Wuerttemburg,1811,0,7,-7,-7.0,
WRT,Wuerttemburg,1812,0,7,-7,-7.0,
WRT,Wuerttemburg,1813,0,7,-7,-7.0,
WRT,Wuerttemburg,1814,0,7,-7,-7.0,
WRT,Wuerttemburg,1815,0,7,-7,-7.0,
WRT,Wuerttemburg,1816,0,7,-7,-7.0,
WRT,Wuerttemburg,1817,0,7,-7,-7.0,
WRT,Wuerttemburg,1818,0,7,-7,-7.0,
WRT,Wuerttemburg,1819,2,6,-4,-4.0,0.0
WRT,Wuerttemburg,1820,2,6,-4,-4.0,1.0
WRT,Wuerttemburg,1821,2,6,-4,-4.0,2.0
WRT,Wuerttemburg,1822,2,6,-4,-4.0,3.0
WRT,Wuerttemburg,1823,2,6,-4,-4.0,4.0
WRT,Wuerttemburg,1824,2,6,-4,-4.0,5.0
WRT,Wuerttemburg,1825,2,6,-4,-4.0,6.0
WRT,Wuerttemburg,1826,2,6,-4,-4.0,7.0
WRT,Wuerttemburg,1827,2,6,-4,-4.0,8.0
WRT,Wuerttemburg,1828,2,6,-4,-4.0,9.0
WRT,Wuerttemburg,1829,2,6,-4,-4.0,10.0
WRT,Wuerttemburg,1830,2,6,-4,-4.0,11.0
WRT,Wuerttemburg,1831,2,6,-4,-4.0,12.0
WRT,Wuerttemburg,1832,2,6,-4,-4.0,13.0
WRT,Wuerttemburg,1833,2,6,-4,-4.0,14.0
WRT,Wuerttemburg,1834,2,6,-4,-4.0,15.0
WRT,Wuerttemburg,1835,2,6,-4,-4.0,16.0
WRT,Wuerttemburg,1836,2,6,-4,-4.0,17.0
WRT,Wuerttemburg,1837,2,6,-4,-4.0,18.0
WRT,Wuerttemburg,1838,2,6,-4,-4.0,19.0
WRT,Wuerttemburg,1839,2,6,-4,-4.0,20.0
WRT,Wuerttemburg,1840,2,6,-4,-4.0,21.0
WRT,Wuerttemburg,1841,2,6,-4,-4.0,22.0
WRT,Wuerttemburg,1842,2,6,-4,-4.0,23.0
WRT,Wuerttemburg,1843,2,6,-4,-4.0,24.0
WRT,Wuerttemburg,1844,2,6,-4,-4.0,25.0
WRT,Wuerttemburg,1845,2,6,-4,-4.0,26.0
WRT,Wuerttemburg,1846,2,6,-4,-4.0,27.0
WRT,Wuerttemburg,1847,2,6,-4,-4.0,28.0
WRT,Wuerttemburg,1848,2,6,-4,-4.0,29.0
WRT,Wuerttemburg,1849,2,6,-4,-4.0,30.0
WRT,Wuerttemburg,1850,2,6,-4,-4.0,31.0
WRT,Wuerttemburg,1851,2,6,-4,-4.0,32.0
WRT,Wuerttemburg,1852,2,6,-4,-4.0,33.0
WRT,Wuerttemburg,1853,2,6,-4,-4.0,34.0
WRT,Wuerttemburg,1854,2,6,-4,-4.0,35.0
WRT,Wuerttemburg,1855,2,6,-4,-4.0,36.0
WRT,Wuerttemburg,1856,2,6,-4,-4.0,37.0
WRT,Wuerttemburg,1857,2,6,-4,-4.0,38.0
WRT,Wuerttemburg,1858,2,6,-4,-4.0,39.0
WRT,Wuerttemburg,1859,2,6,-4,-4.0,40.0
WRT,Wuerttemburg,1860,2,6,-4,-4.0,41.0
WRT,Wuerttemburg,1861,2,6,-4,-4.0,42.0
WRT,Wuerttemburg,1862,2,6,-4,-4.0,43.0
WRT,Wuerttemburg,1863,2,6,-4,-4.0,44.0
WRT,Wuerttemburg,1864,2,6,-4,-4.0,45.0
WRT,Wuerttemburg,1865,2,6,-4,-4.0,46.0
WRT,Wuerttemburg,1866,2,6,-4,-4.0,47.0
WRT,Wuerttemburg,1867,2,6,-4,-4.0,48.0
WRT,Wuerttemburg,1868,2,6,-4,-4.0,49.0
WRT,Wuerttemburg,1869,2,6,-4,-4.0,50.0
WRT,Wuerttemburg,1870,2,6,-4,-4.0,51.0
WRT,Wuerttemburg,1871,2,6,-4,-4.0,52.0
YAR,Yemen North,1918,0,10,-10,-10.0,0.0
YAR,Yemen North,1919,0,10,-10,-10.0,1.0
YAR,Yemen North,1920,0,10,-10,-10.0,2.0
YAR,Yemen North,1921,0,10,-10,-10.0,3.0
YAR,Yemen North,1922,0,10,-10,-10.0,4.0
YAR,Yemen North,1923,0,10,-10,-10.0,5.0
YAR,Yemen North,1924,0,10,-10,-10.0,6.0
YAR,Yemen North,1925,0,10,-10,-10.0,7.0
YAR,Yemen North,1926,0,10,-10,-10.0,8.0
YAR,Yemen North,1927,0,10,-10,-10.0,9.0
YAR,Yemen North,1928,0,10,-10,-10.0,10.0
YAR,Yemen North,1929,0,10,-10,-10.0,11.0
YAR,Yemen North,1930,0,10,-10,-10.0,12.0
YAR,Yemen North,1931,0,10,-10,-10.0,13.0
YAR,Yemen North,1932,0,10,-10,-10.0,14.0
YAR,Yemen North,1933,0,10,-10,-10.0,15.0
YAR,Yemen North,1934,0,10,-10,-10.0,16.0
YAR,Yemen North,1935,0,10,-10,-10.0,17.0
YAR,Yemen North,1936,0,10,-10,-10.0,18.0
YAR,Yemen North,1937,0,10,-10,-10.0,19.0
YAR,Yemen North,1938,0,10,-10,-10.0,20.0
YAR,Yemen North,1939,0,10,-10,-10.0,21.0
YAR,Yemen North,1940,0,10,-10,-10.0,22.0
YAR,Yemen North,1941,0,10,-10,-10.0,23.0
YAR,Yemen North,1942,0,10,-10,-10.0,24.0
YAR,Yemen North,1943,0,10,-10,-10.0,25.0
YAR,Yemen North,1944,0,10,-10,-10.0,26.0
YAR,Yemen North,1945,0,10,-10,-10.0,27.0
YAR,Yemen North,1946,-88,-88,-88,-9.0,0.0
YAR,Yemen North,1947,-88,-88,-88,-7.0,0.0
YAR,Yemen North,1948,1,7,-6,-6.0,0.0
YAR,Yemen North,1949,1,7,-6,-6.0,1.0
YAR,Yemen North,1950,1,7,-6,-6.0,2.0
YAR,Yemen North,1951,1,7,-6,-6.0,3.0
YAR,Yemen North,1952,1,7,-6,-6.0,4.0
YAR,Yemen North,1953,1,7,-6,-6.0,5.0
YAR,Yemen North,1954,1,7,-6,-6.0,6.0
YAR,Yemen North,1955,1,7,-6,-6.0,7.0
YAR,Yemen North,1956,1,7,-6,-6.0,8.0
YAR,Yemen North,1957,1,7,-6,-6.0,9.0
YAR,Yemen North,1958,1,7,-6,-6.0,10.0
YAR,Yemen North,1959,1,7,-6,-6.0,11.0
YAR,Yemen North,1960,1,7,-6,-6.0,12.0
YAR,Yemen North,1961,1,7,-6,-6.0,13.0
YAR,Yemen North,1962,2,2,0,0.0,0.0
YAR,Yemen North,1963,2,2,0,0.0,1.0
YAR,Yemen North,1964,2,2,0,0.0,2.0
YAR,Yemen North,1965,2,2,0,0.0,3.0
YAR,Yemen North,1966,0,3,-3,-3.0,0.0
YAR,Yemen North,1967,0,3,-3,-3.0,1.0
YAR,Yemen North,1968,0,3,-3,-3.0,2.0
YAR,Yemen North,1969,0,3,-3,-3.0,3.0
YAR,Yemen North,1970,0,3,-3,-3.0,4.0
YAR,Yemen North,1971,0,3,-3,-3.0,5.0
YAR,Yemen North,1972,0,3,-3,-3.0,6.0
YAR,Yemen North,1973,0,3,-3,-3.0,7.0
YAR,Yemen North,1974,0,4,-4,-4.0,8.0
YAR,Yemen North,1975,0,4,-4,-4.0,9.0
YAR,Yemen North,1976,0,4,-4,-4.0,10.0
YAR,Yemen North,1977,0,6,-6,-6.0,11.0
YAR,Yemen North,1978,0,6,-6,-6.0,12.0
YAR,Yemen North,1979,0,6,-6,-6.0,13.0
YAR,Yemen North,1980,0,6,-6,-6.0,14.0
YAR,Yemen North,1981,0,6,-6,-6.0,15.0
YAR,Yemen North,1982,0,6,-6,-6.0,16.0
YAR,Yemen North,1983,0,6,-6,-6.0,17.0
YAR,Yemen North,1984,0,6,-6,-6.0,18.0
YAR,Yemen North,1985,0,6,-6,-6.0,19.0
YAR,Yemen North,1986,0,6,-6,-6.0,20.0
YAR,Yemen North,1987,0,6,-6,-6.0,21.0
YAR,Yemen North,1988,0,5,-5,-5.0,22.0
YAR,Yemen North,1989,0,5,-5,-5.0,23.0
YAR,Yemen North,1990,0,5,-5,-5.0,24.0
YEM,Yemen,1990,-88,-88,-88,0.0,0.0
YEM,Yemen,1991,-88,-88,-88,0.0,0.0
YEM,Yemen,1992,-88,-88,-88,0.0,0.0
YEM,Yemen,1993,1,3,-2,-2.0,0.0
YEM,Yemen,1994,1,3,-2,-2.0,1.0
YEM,Yemen,1995,1,3,-2,-2.0,2.0
YEM,Yemen,1996,1,3,-2,-2.0,3.0
YEM,Yemen,1997,1,3,-2,-2.0,4.0
YEM,Yemen,1998,1,3,-2,-2.0,5.0
YEM,Yemen,1999,1,3,-2,-2.0,6.0
YEM,Yemen,2000,1,3,-2,-2.0,7.0
YEM,Yemen,2001,1,3,-2,-2.0,8.0
YEM,Yemen,2002,1,3,-2,-2.0,9.0
YEM,Yemen,2003,1,3,-2,-2.0,10.0
YEM,Yemen,2004,1,3,-2,-2.0,11.0
YEM,Yemen,2005,1,3,-2,-2.0,12.0
YEM,Yemen,2006,1,3,-2,-2.0,13.0
YEM,Yemen,2007,1,3,-2,-2.0,14.0
YEM,Yemen,2008,1,3,-2,-2.0,15.0
YEM,Yemen,2009,1,3,-2,-2.0,16.0
YEM,Yemen,2010,1,3,-2,-2.0,17.0
YEM,Yemen,2011,1,3,-2,-2.0,18.0
YEM,Yemen,2012,3,0,3,3.0,0.0
YEM,Yemen,2013,3,0,3,3.0,1.0
YEM,Yemen,2014,-77,-77,-77,0.0,0.0
YEM,Yemen,2015,-77,-77,-77,0.0,0.0
YEM,Yemen,2016,-77,-77,-77,0.0,0.0
YEM,Yemen,2017,-77,-77,-77,0.0,0.0
YEM,Yemen,2018,-77,-77,-77,0.0,0.0
YGS,Yugoslavia,1991,0,5,-5,-5.0,0.0
YGS,Yugoslavia,1992,0,5,-5,-5.0,1.0
YGS,Yugoslavia,1993,0,7,-7,-7.0,2.0
YGS,Yugoslavia,1994,0,7,-7,-7.0,3.0
YGS,Yugoslavia,1995,0,7,-7,-7.0,4.0
YGS,Yugoslavia,1996,0,7,-7,-7.0,5.0
YGS,Yugoslavia,1997,0,6,-6,-6.0,6.0
YGS,Yugoslavia,1998,0,6,-6,-6.0,7.0
YGS,Yugoslavia,1999,0,6,-6,-6.0,8.0
YGS,Yugoslavia,2000,7,0,7,7.0,0.0
YGS,Yugoslavia,2001,7,0,7,7.0,1.0
YGS,Yugoslavia,2002,7,0,7,7.0,2.0
YGS,Serbia and Montenegro,2003,6,0,6,6.0,3.0
YGS,Serbia and Montenegro,2004,6,0,6,6.0,4.0
YGS,Serbia and Montenegro,2005,6,0,6,6.0,5.0
YGS,Serbia and Montenegro,2006,6,0,6,6.0,5.0
YPR,Yemen South,1967,0,5,-5,-5.0,0.0
YPR,Yemen South,1968,0,5,-5,-5.0,1.0
YPR,Yemen South,1969,0,5,-5,-5.0,2.0
YPR,Yemen South,1970,0,6,-6,-6.0,3.0
YPR,Yemen South,1971,0,6,-6,-6.0,4.0
YPR,Yemen South,1972,0,6,-6,-6.0,5.0
YPR,Yemen South,1973,0,6,-6,-6.0,6.0
YPR,Yemen South,1974,0,7,-7,-7.0,7.0
YPR,Yemen South,1975,0,7,-7,-7.0,8.0
YPR,Yemen South,1976,0,7,-7,-7.0,9.0
YPR,Yemen South,1977,0,7,-7,-7.0,10.0
YPR,Yemen South,1978,0,8,-8,-8.0,11.0
YPR,Yemen South,1979,0,8,-8,-8.0,12.0
YPR,Yemen South,1980,0,8,-8,-8.0,13.0
YPR,Yemen South,1981,0,8,-8,-8.0,14.0
YPR,Yemen South,1982,0,8,-8,-8.0,15.0
YPR,Yemen South,1983,0,8,-8,-8.0,16.0
YPR,Yemen South,1984,0,8,-8,-8.0,17.0
YPR,Yemen South,1985,0,8,-8,-8.0,18.0
YPR,Yemen South,1986,0,7,-7,-7.0,19.0
YPR,Yemen South,1987,0,7,-7,-7.0,20.0
YPR,Yemen South,1988,0,7,-7,-7.0,21.0
YPR,Yemen South,1989,0,7,-7,-7.0,22.0
YPR,Yemen South,1990,0,7,-7,-7.0,23.0
YUG,Yugoslavia,1921,3,3,0,0.0,0.0
YUG,Yugoslavia,1922,3,3,0,0.0,1.0
YUG,Yugoslavia,1923,3,3,0,0.0,2.0
YUG,Yugoslavia,1924,3,3,0,0.0,3.0
YUG,Yugoslavia,1925,3,3,0,0.0,4.0
YUG,Yugoslavia,1926,3,3,0,0.0,5.0
YUG,Yugoslavia,1927,3,3,0,0.0,6.0
YUG,Yugoslavia,1928,3,3,0,0.0,7.0
YUG,Yugoslavia,1929,0,10,-10,-10.0,0.0
YUG,Yugoslavia,1930,0,10,-10,-10.0,1.0
YUG,Yugoslavia,1931,0,10,-10,-10.0,2.0
YUG,Yugoslavia,1932,0,10,-10,-10.0,3.0
YUG,Yugoslavia,1933,0,10,-10,-10.0,4.0
YUG,Yugoslavia,1934,0,10,-10,-10.0,5.0
YUG,Yugoslavia,1935,0,9,-9,-9.0,6.0
YUG,Yugoslavia,1936,0,9,-9,-9.0,7.0
YUG,Yugoslavia,1937,-88,-88,-88,-5.0,0.0
YUG,Yugoslavia,1938,-88,-88,-88,-2.0,0.0
YUG,Yugoslavia,1939,5,3,2,2.0,0.0
YUG,Yugoslavia,1940,5,3,2,2.0,1.0
YUG,Yugoslavia,1941,-77,-77,-77,0.0,0.0
YUG,Yugoslavia,1942,-77,-77,-77,0.0,0.0
YUG,Yugoslavia,1943,-77,-77,-77,0.0,0.0
YUG,Yugoslavia,1944,-88,-88,-88,-4.0,0.0
YUG,Yugoslavia,1945,0,7,-7,-7.0,0.0
YUG,Yugoslavia,1946,0,7,-7,-7.0,1.0
YUG,Yugoslavia,1947,0,7,-7,-7.0,2.0
YUG,Yugoslavia,1948,0,7,-7,-7.0,3.0
YUG,Yugoslavia,1949,0,7,-7,-7.0,4.0
YUG,Yugoslavia,1950,0,7,-7,-7.0,5.0
YUG,Yugoslavia,1951,-88,-88,-88,-7.0,0.0
YUG,Yugoslavia,1952,-88,-88,-88,-7.0,0.0
YUG,Yugoslavia,1953,0,7,-7,-7.0,0.0
YUG,Yugoslavia,1954,0,7,-7,-7.0,0.0
YUG,Yugoslavia,1955,0,7,-7,-7.0,1.0
YUG,Yugoslavia,1956,0,7,-7,-7.0,2.0
YUG,Yugoslavia,1957,0,7,-7,-7.0,3.0
YUG,Yugoslavia,1958,0,7,-7,-7.0,4.0
YUG,Yugoslavia,1959,0,7,-7,-7.0,5.0
YUG,Yugoslavia,1960,0,7,-7,-7.0,6.0
YUG,Yugoslavia,1961,0,7,-7,-7.0,7.0
YUG,Yugoslavia,1962,0,7,-7,-7.0,8.0
YUG,Yugoslavia,1963,0,7,-7,-7.0,9.0
YUG,Yugoslavia,1964,0,7,-7,-7.0,10.0
YUG,Yugoslavia,1965,0,7,-7,-7.0,11.0
YUG,Yugoslavia,1966,0,7,-7,-7.0,12.0
YUG,Yugoslavia,1967,0,7,-7,-7.0,13.0
YUG,Yugoslavia,1968,0,7,-7,-7.0,14.0
YUG,Yugoslavia,1969,0,7,-7,-7.0,15.0
YUG,Yugoslavia,1970,0,7,-7,-7.0,16.0
YUG,Yugoslavia,1971,0,7,-7,-7.0,17.0
YUG,Yugoslavia,1972,0,7,-7,-7.0,18.0
YUG,Yugoslavia,1973,0,7,-7,-7.0,19.0
YUG,Yugoslavia,1974,0,7,-7,-7.0,20.0
YUG,Yugoslavia,1975,0,7,-7,-7.0,21.0
YUG,Yugoslavia,1976,0,7,-7,-7.0,22.0
YUG,Yugoslavia,1977,0,7,-7,-7.0,23.0
YUG,Yugoslavia,1978,0,7,-7,-7.0,24.0
YUG,Yugoslavia,1979,0,7,-7,-7.0,25.0
YUG,Yugoslavia,1980,1,6,-5,-5.0,26.0
YUG,Yugoslavia,1981,1,6,-5,-5.0,27.0
YUG,Yugoslavia,1982,1,6,-5,-5.0,28.0
YUG,Yugoslavia,1983,1,6,-5,-5.0,29.0
YUG,Yugoslavia,1984,1,6,-5,-5.0,30.0
YUG,Yugoslavia,1985,1,6,-5,-5.0,31.0
YUG,Yugoslavia,1986,1,6,-5,-5.0,32.0
YUG,Yugoslavia,1987,1,6,-5,-5.0,33.0
YUG,Yugoslavia,1988,1,6,-5,-5.0,34.0
YUG,Yugoslavia,1989,1,6,-5,-5.0,35.0
YUG,Yugoslavia,1990,0,5,-5,-5.0,36.0
YUG,Yugoslavia,1991,0,5,-5,-5.0,37.0
ZAI,Congo Kinshasa,1960,-77,-77,-77,0.0,0.0
ZAI,Congo Kinshasa,1961,-77,-77,-77,0.0,0.0
ZAI,Congo Kinshasa,1962,-77,-77,-77,0.0,0.0
ZAI,Congo Kinshasa,1963,-88,-88,-88,-3.0,0.0
ZAI,Congo Kinshasa,1964,-88,-88,-88,-6.0,0.0
ZAI,Congo Kinshasa,1965,0,9,-9,-9.0,0.0
ZAI,Congo Kinshasa,1966,0,9,-9,-9.0,0.0
ZAI,Congo Kinshasa,1967,0,9,-9,-9.0,1.0
ZAI,Congo Kinshasa,1968,0,9,-9,-9.0,2.0
ZAI,Congo Kinshasa,1969,0,9,-9,-9.0,3.0
ZAI,Congo Kinshasa,1970,0,9,-9,-9.0,4.0
ZAI,Congo Kinshasa,1971,0,9,-9,-9.0,5.0
ZAI,Congo Kinshasa,1972,0,9,-9,-9.0,6.0
ZAI,Congo Kinshasa,1973,0,9,-9,-9.0,7.0
ZAI,Congo Kinshasa,1974,0,9,-9,-9.0,8.0
ZAI,Congo Kinshasa,1975,0,9,-9,-9.0,9.0
ZAI,Congo Kinshasa,1976,0,9,-9,-9.0,10.0
ZAI,Congo Kinshasa,1977,0,9,-9,-9.0,11.0
ZAI,Congo Kinshasa,1978,0,9,-9,-9.0,12.0
ZAI,Congo Kinshasa,1979,0,9,-9,-9.0,13.0
ZAI,Congo Kinshasa,1980,0,9,-9,-9.0,14.0
ZAI,Congo Kinshasa,1981,0,9,-9,-9.0,15.0
ZAI,Congo Kinshasa,1982,0,9,-9,-9.0,16.0
ZAI,Congo Kinshasa,1983,0,9,-9,-9.0,17.0
ZAI,Congo Kinshasa,1984,0,9,-9,-9.0,18.0
ZAI,Congo Kinshasa,1985,0,9,-9,-9.0,19.0
ZAI,Congo Kinshasa,1986,0,9,-9,-9.0,20.0
ZAI,Congo Kinshasa,1987,0,9,-9,-9.0,21.0
ZAI,Congo Kinshasa,1988,0,9,-9,-9.0,22.0
ZAI,Congo Kinshasa,1989,0,9,-9,-9.0,23.0
ZAI,Congo Kinshasa,1990,0,8,-8,-8.0,24.0
ZAI,Congo Kinshasa,1991,0,8,-8,-8.0,25.0
ZAI,Congo Kinshasa,1992,-77,-77,-77,0.0,0.0
ZAI,Congo Kinshasa,1993,-77,-77,-77,0.0,0.0
ZAI,Congo Kinshasa,1994,-77,-77,-77,0.0,0.0
ZAI,Congo Kinshasa,1995,-77,-77,-77,0.0,0.0
ZAI,Congo Kinshasa,1996,-77,-77,-77,0.0,0.0
ZAI,Congo Kinshasa,1997,-77,-77,-77,0.0,0.0
ZAI,Congo Kinshasa,1998,-77,-77,-77,0.0,0.0
ZAI,Congo Kinshasa,1999,-77,-77,-77,0.0,0.0
ZAI,Congo Kinshasa,2000,-77,-77,-77,0.0,0.0
ZAI,Congo Kinshasa,2001,-77,-77,-77,0.0,0.0
ZAI,Congo Kinshasa,2002,-77,-77,-77,0.0,0.0
ZAI,Congo Kinshasa,2003,-88,-88,-88,1.0,0.0
ZAI,Congo Kinshasa,2004,-88,-88,-88,3.0,0.0
ZAI,Congo Kinshasa,2005,-88,-88,-88,4.0,0.0
ZAI,Congo Kinshasa,2006,6,1,5,5.0,0.0
ZAI,Congo Kinshasa,2007,6,1,5,5.0,1.0
ZAI,Congo Kinshasa,2008,6,1,5,5.0,2.0
ZAI,Congo Kinshasa,2009,6,1,5,5.0,3.0
ZAI,Congo Kinshasa,2010,6,1,5,5.0,4.0
ZAI,Congo Kinshasa,2011,6,1,5,5.0,5.0
ZAI,Congo Kinshasa,2012,6,1,5,5.0,6.0
ZAI,Congo Kinshasa,2013,6,1,5,5.0,7.0
ZAI,Congo Kinshasa,2014,6,1,5,5.0,8.0
ZAI,Congo Kinshasa,2015,6,1,5,5.0,9.0
ZAI,Congo Kinshasa,2016,1,4,-3,-3.0,0.0
ZAI,Congo Kinshasa,2017,1,4,-3,-3.0,1.0
ZAI,Congo Kinshasa,2018,1,4,-3,-3.0,2.0
ZAM,Zambia,1964,4,2,2,2.0,0.0
ZAM,Zambia,1965,4,2,2,2.0,1.0
ZAM,Zambia,1966,4,2,2,2.0,2.0
ZAM,Zambia,1967,4,2,2,2.0,3.0
ZAM,Zambia,1968,3,3,0,0.0,4.0
ZAM,Zambia,1969,3,3,0,0.0,5.0
ZAM,Zambia,1970,3,3,0,0.0,6.0
ZAM,Zambia,1971,3,3,0,0.0,7.0
ZAM,Zambia,1972,0,9,-9,-9.0,0.0
ZAM,Zambia,1973,0,9,-9,-9.0,1.0
ZAM,Zambia,1974,0,9,-9,-9.0,2.0
ZAM,Zambia,1975,0,9,-9,-9.0,3.0
ZAM,Zambia,1976,0,9,-9,-9.0,4.0
ZAM,Zambia,1977,0,9,-9,-9.0,5.0
ZAM,Zambia,1978,0,9,-9,-9.0,6.0
ZAM,Zambia,1979,0,9,-9,-9.0,7.0
ZAM,Zambia,1980,0,9,-9,-9.0,8.0
ZAM,Zambia,1981,0,9,-9,-9.0,9.0
ZAM,Zambia,1982,0,9,-9,-9.0,10.0
ZAM,Zambia,1983,0,9,-9,-9.0,11.0
ZAM,Zambia,1984,0,9,-9,-9.0,12.0
ZAM,Zambia,1985,0,9,-9,-9.0,13.0
ZAM,Zambia,1986,0,9,-9,-9.0,14.0
ZAM,Zambia,1987,0,9,-9,-9.0,15.0
ZAM,Zambia,1988,0,9,-9,-9.0,16.0
ZAM,Zambia,1989,0,9,-9,-9.0,17.0
ZAM,Zambia,1990,0,9,-9,-9.0,18.0
ZAM,Zambia,1991,6,0,6,6.0,0.0
ZAM,Zambia,1992,6,0,6,6.0,1.0
ZAM,Zambia,1993,6,0,6,6.0,2.0
ZAM,Zambia,1994,6,0,6,6.0,3.0
ZAM,Zambia,1995,6,0,6,6.0,4.0
ZAM,Zambia,1996,3,2,1,1.0,0.0
ZAM,Zambia,1997,3,2,1,1.0,1.0
ZAM,Zambia,1998,3,2,1,1.0,2.0
ZAM,Zambia,1999,3,2,1,1.0,3.0
ZAM,Zambia,2000,3,2,1,1.0,4.0
ZAM,Zambia,2001,5,0,5,5.0,0.0
ZAM,Zambia,2002,5,0,5,5.0,1.0
ZAM,Zambia,2003,5,0,5,5.0,2.0
ZAM,Zambia,2004,5,0,5,5.0,3.0
ZAM,Zambia,2005,5,0,5,5.0,4.0
ZAM,Zambia,2006,5,0,5,5.0,5.0
ZAM,Zambia,2007,5,0,5,5.0,6.0
ZAM,Zambia,2008,7,0,7,7.0,7.0
ZAM,Zambia,2009,7,0,7,7.0,8.0
ZAM,Zambia,2010,7,0,7,7.0,9.0
ZAM,Zambia,2011,7,0,7,7.0,10.0
ZAM,Zambia,2012,7,0,7,7.0,11.0
ZAM,Zambia,2013,7,0,7,7.0,12.0
ZAM,Zambia,2014,7,0,7,7.0,13.0
ZAM,Zambia,2015,7,0,7,7.0,14.0
ZAM,Zambia,2016,6,0,6,6.0,15.0
ZAM,Zambia,2017,6,0,6,6.0,16.0
ZAM,Zambia,2018,6,0,6,6.0,17.0
ZIM,Zimbabwe,1980,5,1,4,4.0,0.0
ZIM,Zimbabwe,1981,5,1,4,4.0,1.0
ZIM,Zimbabwe,1982,5,1,4,4.0,2.0
ZIM,Zimbabwe,1983,3,2,1,1.0,0.0
ZIM,Zimbabwe,1984,3,2,1,1.0,1.0
ZIM,Zimbabwe,1985,3,2,1,1.0,2.0
ZIM,Zimbabwe,1986,3,2,1,1.0,3.0
ZIM,Zimbabwe,1987,0,6,-6,-6.0,0.0
ZIM,Zimbabwe,1988,0,6,-6,-6.0,1.0
ZIM,Zimbabwe,1989,0,6,-6,-6.0,2.0
ZIM,Zimbabwe,1990,0,6,-6,-6.0,3.0
ZIM,Zimbabwe,1991,0,6,-6,-6.0,4.0
ZIM,Zimbabwe,1992,0,6,-6,-6.0,5.0
ZIM,Zimbabwe,1993,0,6,-6,-6.0,6.0
ZIM,Zimbabwe,1994,0,6,-6,-6.0,7.0
ZIM,Zimbabwe,1995,0,6,-6,-6.0,8.0
ZIM,Zimbabwe,1996,0,6,-6,-6.0,9.0
ZIM,Zimbabwe,1997,0,6,-6,-6.0,10.0
ZIM,Zimbabwe,1998,0,6,-6,-6.0,11.0
ZIM,Zimbabwe,1999,1,4,-3,-3.0,0.0
ZIM,Zimbabwe,2000,1,4,-3,-3.0,1.0
ZIM,Zimbabwe,2001,1,5,-4,-4.0,2.0
ZIM,Zimbabwe,2002,1,5,-4,-4.0,3.0
ZIM,Zimbabwe,2003,1,5,-4,-4.0,4.0
ZIM,Zimbabwe,2004,1,5,-4,-4.0,5.0
ZIM,Zimbabwe,2005,1,5,-4,-4.0,6.0
ZIM,Zimbabwe,2006,1,5,-4,-4.0,7.0
ZIM,Zimbabwe,2007,1,5,-4,-4.0,8.0
ZIM,Zimbabwe,2008,1,5,-4,-4.0,9.0
ZIM,Zimbabwe,2009,3,2,1,1.0,0.0
ZIM,Zimbabwe,2010,3,2,1,1.0,1.0
ZIM,Zimbabwe,2011,3,2,1,1.0,2.0
ZIM,Zimbabwe,2012,3,2,1,1.0,3.0
ZIM,Zimbabwe,2013,5,1,4,4.0,0.0
ZIM,Zimbabwe,2014,5,1,4,4.0,1.0
ZIM,Zimbabwe,2015,5,1,4,4.0,2.0
ZIM,Zimbabwe,2016,5,1,4,4.0,3.0
ZIM,Zimbabwe,2017,5,1,4,4.0,4.0
ZIM,Zimbabwe,2018,5,1,4,4.0,5.0
